# Guoshui 2026 collection-frame diagonal net.
# Units: metres. White 3 mm-diameter rods, matching the target-rack lattice.
# The net is visual only; collision is provided separately by the thin box plane.
o Guoshui2026CollectionNetDiagonal
v 0.143000 -0.140500 -0.140000
v 0.188000 -0.140500 -0.095000
v 0.143919 -0.139750 -0.140919
v 0.188919 -0.139750 -0.095919
v 0.143919 -0.138250 -0.140919
v 0.188919 -0.138250 -0.095919
v 0.143000 -0.137500 -0.140000
v 0.188000 -0.137500 -0.095000
v 0.142081 -0.138250 -0.139081
v 0.187081 -0.138250 -0.094081
v 0.142081 -0.139750 -0.139081
v 0.187081 -0.139750 -0.094081
v 0.143000 -0.139000 -0.140000
v 0.188000 -0.139000 -0.095000
v 0.098000 -0.140500 -0.140000
v 0.188000 -0.140500 -0.050000
v 0.098919 -0.139750 -0.140919
v 0.188919 -0.139750 -0.050919
v 0.098919 -0.138250 -0.140919
v 0.188919 -0.138250 -0.050919
v 0.098000 -0.137500 -0.140000
v 0.188000 -0.137500 -0.050000
v 0.097081 -0.138250 -0.139081
v 0.187081 -0.138250 -0.049081
v 0.097081 -0.139750 -0.139081
v 0.187081 -0.139750 -0.049081
v 0.098000 -0.139000 -0.140000
v 0.188000 -0.139000 -0.050000
v 0.053000 -0.140500 -0.140000
v 0.188000 -0.140500 -0.005000
v 0.053919 -0.139750 -0.140919
v 0.188919 -0.139750 -0.005919
v 0.053919 -0.138250 -0.140919
v 0.188919 -0.138250 -0.005919
v 0.053000 -0.137500 -0.140000
v 0.188000 -0.137500 -0.005000
v 0.052081 -0.138250 -0.139081
v 0.187081 -0.138250 -0.004081
v 0.052081 -0.139750 -0.139081
v 0.187081 -0.139750 -0.004081
v 0.053000 -0.139000 -0.140000
v 0.188000 -0.139000 -0.005000
v 0.008000 -0.140500 -0.140000
v 0.188000 -0.140500 0.040000
v 0.008919 -0.139750 -0.140919
v 0.188919 -0.139750 0.039081
v 0.008919 -0.138250 -0.140919
v 0.188919 -0.138250 0.039081
v 0.008000 -0.137500 -0.140000
v 0.188000 -0.137500 0.040000
v 0.007081 -0.138250 -0.139081
v 0.187081 -0.138250 0.040919
v 0.007081 -0.139750 -0.139081
v 0.187081 -0.139750 0.040919
v 0.008000 -0.139000 -0.140000
v 0.188000 -0.139000 0.040000
v -0.037000 -0.140500 -0.140000
v 0.188000 -0.140500 0.085000
v -0.036081 -0.139750 -0.140919
v 0.188919 -0.139750 0.084081
v -0.036081 -0.138250 -0.140919
v 0.188919 -0.138250 0.084081
v -0.037000 -0.137500 -0.140000
v 0.188000 -0.137500 0.085000
v -0.037919 -0.138250 -0.139081
v 0.187081 -0.138250 0.085919
v -0.037919 -0.139750 -0.139081
v 0.187081 -0.139750 0.085919
v -0.037000 -0.139000 -0.140000
v 0.188000 -0.139000 0.085000
v -0.082000 -0.140500 -0.140000
v 0.188000 -0.140500 0.130000
v -0.081081 -0.139750 -0.140919
v 0.188919 -0.139750 0.129081
v -0.081081 -0.138250 -0.140919
v 0.188919 -0.138250 0.129081
v -0.082000 -0.137500 -0.140000
v 0.188000 -0.137500 0.130000
v -0.082919 -0.138250 -0.139081
v 0.187081 -0.138250 0.130919
v -0.082919 -0.139750 -0.139081
v 0.187081 -0.139750 0.130919
v -0.082000 -0.139000 -0.140000
v 0.188000 -0.139000 0.130000
v -0.127000 -0.140500 -0.140000
v 0.153000 -0.140500 0.140000
v -0.126081 -0.139750 -0.140919
v 0.153919 -0.139750 0.139081
v -0.126081 -0.138250 -0.140919
v 0.153919 -0.138250 0.139081
v -0.127000 -0.137500 -0.140000
v 0.153000 -0.137500 0.140000
v -0.127919 -0.138250 -0.139081
v 0.152081 -0.138250 0.140919
v -0.127919 -0.139750 -0.139081
v 0.152081 -0.139750 0.140919
v -0.127000 -0.139000 -0.140000
v 0.153000 -0.139000 0.140000
v -0.172000 -0.140500 -0.140000
v 0.108000 -0.140500 0.140000
v -0.171081 -0.139750 -0.140919
v 0.108919 -0.139750 0.139081
v -0.171081 -0.138250 -0.140919
v 0.108919 -0.138250 0.139081
v -0.172000 -0.137500 -0.140000
v 0.108000 -0.137500 0.140000
v -0.172919 -0.138250 -0.139081
v 0.107081 -0.138250 0.140919
v -0.172919 -0.139750 -0.139081
v 0.107081 -0.139750 0.140919
v -0.172000 -0.139000 -0.140000
v 0.108000 -0.139000 0.140000
v -0.188000 -0.140500 -0.111000
v 0.063000 -0.140500 0.140000
v -0.187081 -0.139750 -0.111919
v 0.063919 -0.139750 0.139081
v -0.187081 -0.138250 -0.111919
v 0.063919 -0.138250 0.139081
v -0.188000 -0.137500 -0.111000
v 0.063000 -0.137500 0.140000
v -0.188919 -0.138250 -0.110081
v 0.062081 -0.138250 0.140919
v -0.188919 -0.139750 -0.110081
v 0.062081 -0.139750 0.140919
v -0.188000 -0.139000 -0.111000
v 0.063000 -0.139000 0.140000
v -0.188000 -0.140500 -0.066000
v 0.018000 -0.140500 0.140000
v -0.187081 -0.139750 -0.066919
v 0.018919 -0.139750 0.139081
v -0.187081 -0.138250 -0.066919
v 0.018919 -0.138250 0.139081
v -0.188000 -0.137500 -0.066000
v 0.018000 -0.137500 0.140000
v -0.188919 -0.138250 -0.065081
v 0.017081 -0.138250 0.140919
v -0.188919 -0.139750 -0.065081
v 0.017081 -0.139750 0.140919
v -0.188000 -0.139000 -0.066000
v 0.018000 -0.139000 0.140000
v -0.188000 -0.140500 -0.021000
v -0.027000 -0.140500 0.140000
v -0.187081 -0.139750 -0.021919
v -0.026081 -0.139750 0.139081
v -0.187081 -0.138250 -0.021919
v -0.026081 -0.138250 0.139081
v -0.188000 -0.137500 -0.021000
v -0.027000 -0.137500 0.140000
v -0.188919 -0.138250 -0.020081
v -0.027919 -0.138250 0.140919
v -0.188919 -0.139750 -0.020081
v -0.027919 -0.139750 0.140919
v -0.188000 -0.139000 -0.021000
v -0.027000 -0.139000 0.140000
v -0.188000 -0.140500 0.024000
v -0.072000 -0.140500 0.140000
v -0.187081 -0.139750 0.023081
v -0.071081 -0.139750 0.139081
v -0.187081 -0.138250 0.023081
v -0.071081 -0.138250 0.139081
v -0.188000 -0.137500 0.024000
v -0.072000 -0.137500 0.140000
v -0.188919 -0.138250 0.024919
v -0.072919 -0.138250 0.140919
v -0.188919 -0.139750 0.024919
v -0.072919 -0.139750 0.140919
v -0.188000 -0.139000 0.024000
v -0.072000 -0.139000 0.140000
v -0.188000 -0.140500 0.069000
v -0.117000 -0.140500 0.140000
v -0.187081 -0.139750 0.068081
v -0.116081 -0.139750 0.139081
v -0.187081 -0.138250 0.068081
v -0.116081 -0.138250 0.139081
v -0.188000 -0.137500 0.069000
v -0.117000 -0.137500 0.140000
v -0.188919 -0.138250 0.069919
v -0.117919 -0.138250 0.140919
v -0.188919 -0.139750 0.069919
v -0.117919 -0.139750 0.140919
v -0.188000 -0.139000 0.069000
v -0.117000 -0.139000 0.140000
v -0.188000 -0.140500 0.114000
v -0.162000 -0.140500 0.140000
v -0.187081 -0.139750 0.113081
v -0.161081 -0.139750 0.139081
v -0.187081 -0.138250 0.113081
v -0.161081 -0.138250 0.139081
v -0.188000 -0.137500 0.114000
v -0.162000 -0.137500 0.140000
v -0.188919 -0.138250 0.114919
v -0.162919 -0.138250 0.140919
v -0.188919 -0.139750 0.114919
v -0.162919 -0.139750 0.140919
v -0.188000 -0.139000 0.114000
v -0.162000 -0.139000 0.140000
v -0.188000 -0.140500 -0.095000
v -0.143000 -0.140500 -0.140000
v -0.188919 -0.139750 -0.095919
v -0.143919 -0.139750 -0.140919
v -0.188919 -0.138250 -0.095919
v -0.143919 -0.138250 -0.140919
v -0.188000 -0.137500 -0.095000
v -0.143000 -0.137500 -0.140000
v -0.187081 -0.138250 -0.094081
v -0.142081 -0.138250 -0.139081
v -0.187081 -0.139750 -0.094081
v -0.142081 -0.139750 -0.139081
v -0.188000 -0.139000 -0.095000
v -0.143000 -0.139000 -0.140000
v -0.188000 -0.140500 -0.050000
v -0.098000 -0.140500 -0.140000
v -0.188919 -0.139750 -0.050919
v -0.098919 -0.139750 -0.140919
v -0.188919 -0.138250 -0.050919
v -0.098919 -0.138250 -0.140919
v -0.188000 -0.137500 -0.050000
v -0.098000 -0.137500 -0.140000
v -0.187081 -0.138250 -0.049081
v -0.097081 -0.138250 -0.139081
v -0.187081 -0.139750 -0.049081
v -0.097081 -0.139750 -0.139081
v -0.188000 -0.139000 -0.050000
v -0.098000 -0.139000 -0.140000
v -0.188000 -0.140500 -0.005000
v -0.053000 -0.140500 -0.140000
v -0.188919 -0.139750 -0.005919
v -0.053919 -0.139750 -0.140919
v -0.188919 -0.138250 -0.005919
v -0.053919 -0.138250 -0.140919
v -0.188000 -0.137500 -0.005000
v -0.053000 -0.137500 -0.140000
v -0.187081 -0.138250 -0.004081
v -0.052081 -0.138250 -0.139081
v -0.187081 -0.139750 -0.004081
v -0.052081 -0.139750 -0.139081
v -0.188000 -0.139000 -0.005000
v -0.053000 -0.139000 -0.140000
v -0.188000 -0.140500 0.040000
v -0.008000 -0.140500 -0.140000
v -0.188919 -0.139750 0.039081
v -0.008919 -0.139750 -0.140919
v -0.188919 -0.138250 0.039081
v -0.008919 -0.138250 -0.140919
v -0.188000 -0.137500 0.040000
v -0.008000 -0.137500 -0.140000
v -0.187081 -0.138250 0.040919
v -0.007081 -0.138250 -0.139081
v -0.187081 -0.139750 0.040919
v -0.007081 -0.139750 -0.139081
v -0.188000 -0.139000 0.040000
v -0.008000 -0.139000 -0.140000
v -0.188000 -0.140500 0.085000
v 0.037000 -0.140500 -0.140000
v -0.188919 -0.139750 0.084081
v 0.036081 -0.139750 -0.140919
v -0.188919 -0.138250 0.084081
v 0.036081 -0.138250 -0.140919
v -0.188000 -0.137500 0.085000
v 0.037000 -0.137500 -0.140000
v -0.187081 -0.138250 0.085919
v 0.037919 -0.138250 -0.139081
v -0.187081 -0.139750 0.085919
v 0.037919 -0.139750 -0.139081
v -0.188000 -0.139000 0.085000
v 0.037000 -0.139000 -0.140000
v -0.188000 -0.140500 0.130000
v 0.082000 -0.140500 -0.140000
v -0.188919 -0.139750 0.129081
v 0.081081 -0.139750 -0.140919
v -0.188919 -0.138250 0.129081
v 0.081081 -0.138250 -0.140919
v -0.188000 -0.137500 0.130000
v 0.082000 -0.137500 -0.140000
v -0.187081 -0.138250 0.130919
v 0.082919 -0.138250 -0.139081
v -0.187081 -0.139750 0.130919
v 0.082919 -0.139750 -0.139081
v -0.188000 -0.139000 0.130000
v 0.082000 -0.139000 -0.140000
v -0.153000 -0.140500 0.140000
v 0.127000 -0.140500 -0.140000
v -0.153919 -0.139750 0.139081
v 0.126081 -0.139750 -0.140919
v -0.153919 -0.138250 0.139081
v 0.126081 -0.138250 -0.140919
v -0.153000 -0.137500 0.140000
v 0.127000 -0.137500 -0.140000
v -0.152081 -0.138250 0.140919
v 0.127919 -0.138250 -0.139081
v -0.152081 -0.139750 0.140919
v 0.127919 -0.139750 -0.139081
v -0.153000 -0.139000 0.140000
v 0.127000 -0.139000 -0.140000
v -0.108000 -0.140500 0.140000
v 0.172000 -0.140500 -0.140000
v -0.108919 -0.139750 0.139081
v 0.171081 -0.139750 -0.140919
v -0.108919 -0.138250 0.139081
v 0.171081 -0.138250 -0.140919
v -0.108000 -0.137500 0.140000
v 0.172000 -0.137500 -0.140000
v -0.107081 -0.138250 0.140919
v 0.172919 -0.138250 -0.139081
v -0.107081 -0.139750 0.140919
v 0.172919 -0.139750 -0.139081
v -0.108000 -0.139000 0.140000
v 0.172000 -0.139000 -0.140000
v -0.063000 -0.140500 0.140000
v 0.188000 -0.140500 -0.111000
v -0.063919 -0.139750 0.139081
v 0.187081 -0.139750 -0.111919
v -0.063919 -0.138250 0.139081
v 0.187081 -0.138250 -0.111919
v -0.063000 -0.137500 0.140000
v 0.188000 -0.137500 -0.111000
v -0.062081 -0.138250 0.140919
v 0.188919 -0.138250 -0.110081
v -0.062081 -0.139750 0.140919
v 0.188919 -0.139750 -0.110081
v -0.063000 -0.139000 0.140000
v 0.188000 -0.139000 -0.111000
v -0.018000 -0.140500 0.140000
v 0.188000 -0.140500 -0.066000
v -0.018919 -0.139750 0.139081
v 0.187081 -0.139750 -0.066919
v -0.018919 -0.138250 0.139081
v 0.187081 -0.138250 -0.066919
v -0.018000 -0.137500 0.140000
v 0.188000 -0.137500 -0.066000
v -0.017081 -0.138250 0.140919
v 0.188919 -0.138250 -0.065081
v -0.017081 -0.139750 0.140919
v 0.188919 -0.139750 -0.065081
v -0.018000 -0.139000 0.140000
v 0.188000 -0.139000 -0.066000
v 0.027000 -0.140500 0.140000
v 0.188000 -0.140500 -0.021000
v 0.026081 -0.139750 0.139081
v 0.187081 -0.139750 -0.021919
v 0.026081 -0.138250 0.139081
v 0.187081 -0.138250 -0.021919
v 0.027000 -0.137500 0.140000
v 0.188000 -0.137500 -0.021000
v 0.027919 -0.138250 0.140919
v 0.188919 -0.138250 -0.020081
v 0.027919 -0.139750 0.140919
v 0.188919 -0.139750 -0.020081
v 0.027000 -0.139000 0.140000
v 0.188000 -0.139000 -0.021000
v 0.072000 -0.140500 0.140000
v 0.188000 -0.140500 0.024000
v 0.071081 -0.139750 0.139081
v 0.187081 -0.139750 0.023081
v 0.071081 -0.138250 0.139081
v 0.187081 -0.138250 0.023081
v 0.072000 -0.137500 0.140000
v 0.188000 -0.137500 0.024000
v 0.072919 -0.138250 0.140919
v 0.188919 -0.138250 0.024919
v 0.072919 -0.139750 0.140919
v 0.188919 -0.139750 0.024919
v 0.072000 -0.139000 0.140000
v 0.188000 -0.139000 0.024000
v 0.117000 -0.140500 0.140000
v 0.188000 -0.140500 0.069000
v 0.116081 -0.139750 0.139081
v 0.187081 -0.139750 0.068081
v 0.116081 -0.138250 0.139081
v 0.187081 -0.138250 0.068081
v 0.117000 -0.137500 0.140000
v 0.188000 -0.137500 0.069000
v 0.117919 -0.138250 0.140919
v 0.188919 -0.138250 0.069919
v 0.117919 -0.139750 0.140919
v 0.188919 -0.139750 0.069919
v 0.117000 -0.139000 0.140000
v 0.188000 -0.139000 0.069000
v 0.162000 -0.140500 0.140000
v 0.188000 -0.140500 0.114000
v 0.161081 -0.139750 0.139081
v 0.187081 -0.139750 0.113081
v 0.161081 -0.138250 0.139081
v 0.187081 -0.138250 0.113081
v 0.162000 -0.137500 0.140000
v 0.188000 -0.137500 0.114000
v 0.162919 -0.138250 0.140919
v 0.188919 -0.138250 0.114919
v 0.162919 -0.139750 0.140919
v 0.188919 -0.139750 0.114919
v 0.162000 -0.139000 0.140000
v 0.188000 -0.139000 0.114000
v 0.143000 0.137500 -0.140000
v 0.188000 0.137500 -0.095000
v 0.143919 0.138250 -0.140919
v 0.188919 0.138250 -0.095919
v 0.143919 0.139750 -0.140919
v 0.188919 0.139750 -0.095919
v 0.143000 0.140500 -0.140000
v 0.188000 0.140500 -0.095000
v 0.142081 0.139750 -0.139081
v 0.187081 0.139750 -0.094081
v 0.142081 0.138250 -0.139081
v 0.187081 0.138250 -0.094081
v 0.143000 0.139000 -0.140000
v 0.188000 0.139000 -0.095000
v 0.098000 0.137500 -0.140000
v 0.188000 0.137500 -0.050000
v 0.098919 0.138250 -0.140919
v 0.188919 0.138250 -0.050919
v 0.098919 0.139750 -0.140919
v 0.188919 0.139750 -0.050919
v 0.098000 0.140500 -0.140000
v 0.188000 0.140500 -0.050000
v 0.097081 0.139750 -0.139081
v 0.187081 0.139750 -0.049081
v 0.097081 0.138250 -0.139081
v 0.187081 0.138250 -0.049081
v 0.098000 0.139000 -0.140000
v 0.188000 0.139000 -0.050000
v 0.053000 0.137500 -0.140000
v 0.188000 0.137500 -0.005000
v 0.053919 0.138250 -0.140919
v 0.188919 0.138250 -0.005919
v 0.053919 0.139750 -0.140919
v 0.188919 0.139750 -0.005919
v 0.053000 0.140500 -0.140000
v 0.188000 0.140500 -0.005000
v 0.052081 0.139750 -0.139081
v 0.187081 0.139750 -0.004081
v 0.052081 0.138250 -0.139081
v 0.187081 0.138250 -0.004081
v 0.053000 0.139000 -0.140000
v 0.188000 0.139000 -0.005000
v 0.008000 0.137500 -0.140000
v 0.188000 0.137500 0.040000
v 0.008919 0.138250 -0.140919
v 0.188919 0.138250 0.039081
v 0.008919 0.139750 -0.140919
v 0.188919 0.139750 0.039081
v 0.008000 0.140500 -0.140000
v 0.188000 0.140500 0.040000
v 0.007081 0.139750 -0.139081
v 0.187081 0.139750 0.040919
v 0.007081 0.138250 -0.139081
v 0.187081 0.138250 0.040919
v 0.008000 0.139000 -0.140000
v 0.188000 0.139000 0.040000
v -0.037000 0.137500 -0.140000
v 0.188000 0.137500 0.085000
v -0.036081 0.138250 -0.140919
v 0.188919 0.138250 0.084081
v -0.036081 0.139750 -0.140919
v 0.188919 0.139750 0.084081
v -0.037000 0.140500 -0.140000
v 0.188000 0.140500 0.085000
v -0.037919 0.139750 -0.139081
v 0.187081 0.139750 0.085919
v -0.037919 0.138250 -0.139081
v 0.187081 0.138250 0.085919
v -0.037000 0.139000 -0.140000
v 0.188000 0.139000 0.085000
v -0.082000 0.137500 -0.140000
v 0.188000 0.137500 0.130000
v -0.081081 0.138250 -0.140919
v 0.188919 0.138250 0.129081
v -0.081081 0.139750 -0.140919
v 0.188919 0.139750 0.129081
v -0.082000 0.140500 -0.140000
v 0.188000 0.140500 0.130000
v -0.082919 0.139750 -0.139081
v 0.187081 0.139750 0.130919
v -0.082919 0.138250 -0.139081
v 0.187081 0.138250 0.130919
v -0.082000 0.139000 -0.140000
v 0.188000 0.139000 0.130000
v -0.127000 0.137500 -0.140000
v 0.153000 0.137500 0.140000
v -0.126081 0.138250 -0.140919
v 0.153919 0.138250 0.139081
v -0.126081 0.139750 -0.140919
v 0.153919 0.139750 0.139081
v -0.127000 0.140500 -0.140000
v 0.153000 0.140500 0.140000
v -0.127919 0.139750 -0.139081
v 0.152081 0.139750 0.140919
v -0.127919 0.138250 -0.139081
v 0.152081 0.138250 0.140919
v -0.127000 0.139000 -0.140000
v 0.153000 0.139000 0.140000
v -0.172000 0.137500 -0.140000
v 0.108000 0.137500 0.140000
v -0.171081 0.138250 -0.140919
v 0.108919 0.138250 0.139081
v -0.171081 0.139750 -0.140919
v 0.108919 0.139750 0.139081
v -0.172000 0.140500 -0.140000
v 0.108000 0.140500 0.140000
v -0.172919 0.139750 -0.139081
v 0.107081 0.139750 0.140919
v -0.172919 0.138250 -0.139081
v 0.107081 0.138250 0.140919
v -0.172000 0.139000 -0.140000
v 0.108000 0.139000 0.140000
v -0.188000 0.137500 -0.111000
v 0.063000 0.137500 0.140000
v -0.187081 0.138250 -0.111919
v 0.063919 0.138250 0.139081
v -0.187081 0.139750 -0.111919
v 0.063919 0.139750 0.139081
v -0.188000 0.140500 -0.111000
v 0.063000 0.140500 0.140000
v -0.188919 0.139750 -0.110081
v 0.062081 0.139750 0.140919
v -0.188919 0.138250 -0.110081
v 0.062081 0.138250 0.140919
v -0.188000 0.139000 -0.111000
v 0.063000 0.139000 0.140000
v -0.188000 0.137500 -0.066000
v 0.018000 0.137500 0.140000
v -0.187081 0.138250 -0.066919
v 0.018919 0.138250 0.139081
v -0.187081 0.139750 -0.066919
v 0.018919 0.139750 0.139081
v -0.188000 0.140500 -0.066000
v 0.018000 0.140500 0.140000
v -0.188919 0.139750 -0.065081
v 0.017081 0.139750 0.140919
v -0.188919 0.138250 -0.065081
v 0.017081 0.138250 0.140919
v -0.188000 0.139000 -0.066000
v 0.018000 0.139000 0.140000
v -0.188000 0.137500 -0.021000
v -0.027000 0.137500 0.140000
v -0.187081 0.138250 -0.021919
v -0.026081 0.138250 0.139081
v -0.187081 0.139750 -0.021919
v -0.026081 0.139750 0.139081
v -0.188000 0.140500 -0.021000
v -0.027000 0.140500 0.140000
v -0.188919 0.139750 -0.020081
v -0.027919 0.139750 0.140919
v -0.188919 0.138250 -0.020081
v -0.027919 0.138250 0.140919
v -0.188000 0.139000 -0.021000
v -0.027000 0.139000 0.140000
v -0.188000 0.137500 0.024000
v -0.072000 0.137500 0.140000
v -0.187081 0.138250 0.023081
v -0.071081 0.138250 0.139081
v -0.187081 0.139750 0.023081
v -0.071081 0.139750 0.139081
v -0.188000 0.140500 0.024000
v -0.072000 0.140500 0.140000
v -0.188919 0.139750 0.024919
v -0.072919 0.139750 0.140919
v -0.188919 0.138250 0.024919
v -0.072919 0.138250 0.140919
v -0.188000 0.139000 0.024000
v -0.072000 0.139000 0.140000
v -0.188000 0.137500 0.069000
v -0.117000 0.137500 0.140000
v -0.187081 0.138250 0.068081
v -0.116081 0.138250 0.139081
v -0.187081 0.139750 0.068081
v -0.116081 0.139750 0.139081
v -0.188000 0.140500 0.069000
v -0.117000 0.140500 0.140000
v -0.188919 0.139750 0.069919
v -0.117919 0.139750 0.140919
v -0.188919 0.138250 0.069919
v -0.117919 0.138250 0.140919
v -0.188000 0.139000 0.069000
v -0.117000 0.139000 0.140000
v -0.188000 0.137500 0.114000
v -0.162000 0.137500 0.140000
v -0.187081 0.138250 0.113081
v -0.161081 0.138250 0.139081
v -0.187081 0.139750 0.113081
v -0.161081 0.139750 0.139081
v -0.188000 0.140500 0.114000
v -0.162000 0.140500 0.140000
v -0.188919 0.139750 0.114919
v -0.162919 0.139750 0.140919
v -0.188919 0.138250 0.114919
v -0.162919 0.138250 0.140919
v -0.188000 0.139000 0.114000
v -0.162000 0.139000 0.140000
v -0.188000 0.137500 -0.095000
v -0.143000 0.137500 -0.140000
v -0.188919 0.138250 -0.095919
v -0.143919 0.138250 -0.140919
v -0.188919 0.139750 -0.095919
v -0.143919 0.139750 -0.140919
v -0.188000 0.140500 -0.095000
v -0.143000 0.140500 -0.140000
v -0.187081 0.139750 -0.094081
v -0.142081 0.139750 -0.139081
v -0.187081 0.138250 -0.094081
v -0.142081 0.138250 -0.139081
v -0.188000 0.139000 -0.095000
v -0.143000 0.139000 -0.140000
v -0.188000 0.137500 -0.050000
v -0.098000 0.137500 -0.140000
v -0.188919 0.138250 -0.050919
v -0.098919 0.138250 -0.140919
v -0.188919 0.139750 -0.050919
v -0.098919 0.139750 -0.140919
v -0.188000 0.140500 -0.050000
v -0.098000 0.140500 -0.140000
v -0.187081 0.139750 -0.049081
v -0.097081 0.139750 -0.139081
v -0.187081 0.138250 -0.049081
v -0.097081 0.138250 -0.139081
v -0.188000 0.139000 -0.050000
v -0.098000 0.139000 -0.140000
v -0.188000 0.137500 -0.005000
v -0.053000 0.137500 -0.140000
v -0.188919 0.138250 -0.005919
v -0.053919 0.138250 -0.140919
v -0.188919 0.139750 -0.005919
v -0.053919 0.139750 -0.140919
v -0.188000 0.140500 -0.005000
v -0.053000 0.140500 -0.140000
v -0.187081 0.139750 -0.004081
v -0.052081 0.139750 -0.139081
v -0.187081 0.138250 -0.004081
v -0.052081 0.138250 -0.139081
v -0.188000 0.139000 -0.005000
v -0.053000 0.139000 -0.140000
v -0.188000 0.137500 0.040000
v -0.008000 0.137500 -0.140000
v -0.188919 0.138250 0.039081
v -0.008919 0.138250 -0.140919
v -0.188919 0.139750 0.039081
v -0.008919 0.139750 -0.140919
v -0.188000 0.140500 0.040000
v -0.008000 0.140500 -0.140000
v -0.187081 0.139750 0.040919
v -0.007081 0.139750 -0.139081
v -0.187081 0.138250 0.040919
v -0.007081 0.138250 -0.139081
v -0.188000 0.139000 0.040000
v -0.008000 0.139000 -0.140000
v -0.188000 0.137500 0.085000
v 0.037000 0.137500 -0.140000
v -0.188919 0.138250 0.084081
v 0.036081 0.138250 -0.140919
v -0.188919 0.139750 0.084081
v 0.036081 0.139750 -0.140919
v -0.188000 0.140500 0.085000
v 0.037000 0.140500 -0.140000
v -0.187081 0.139750 0.085919
v 0.037919 0.139750 -0.139081
v -0.187081 0.138250 0.085919
v 0.037919 0.138250 -0.139081
v -0.188000 0.139000 0.085000
v 0.037000 0.139000 -0.140000
v -0.188000 0.137500 0.130000
v 0.082000 0.137500 -0.140000
v -0.188919 0.138250 0.129081
v 0.081081 0.138250 -0.140919
v -0.188919 0.139750 0.129081
v 0.081081 0.139750 -0.140919
v -0.188000 0.140500 0.130000
v 0.082000 0.140500 -0.140000
v -0.187081 0.139750 0.130919
v 0.082919 0.139750 -0.139081
v -0.187081 0.138250 0.130919
v 0.082919 0.138250 -0.139081
v -0.188000 0.139000 0.130000
v 0.082000 0.139000 -0.140000
v -0.153000 0.137500 0.140000
v 0.127000 0.137500 -0.140000
v -0.153919 0.138250 0.139081
v 0.126081 0.138250 -0.140919
v -0.153919 0.139750 0.139081
v 0.126081 0.139750 -0.140919
v -0.153000 0.140500 0.140000
v 0.127000 0.140500 -0.140000
v -0.152081 0.139750 0.140919
v 0.127919 0.139750 -0.139081
v -0.152081 0.138250 0.140919
v 0.127919 0.138250 -0.139081
v -0.153000 0.139000 0.140000
v 0.127000 0.139000 -0.140000
v -0.108000 0.137500 0.140000
v 0.172000 0.137500 -0.140000
v -0.108919 0.138250 0.139081
v 0.171081 0.138250 -0.140919
v -0.108919 0.139750 0.139081
v 0.171081 0.139750 -0.140919
v -0.108000 0.140500 0.140000
v 0.172000 0.140500 -0.140000
v -0.107081 0.139750 0.140919
v 0.172919 0.139750 -0.139081
v -0.107081 0.138250 0.140919
v 0.172919 0.138250 -0.139081
v -0.108000 0.139000 0.140000
v 0.172000 0.139000 -0.140000
v -0.063000 0.137500 0.140000
v 0.188000 0.137500 -0.111000
v -0.063919 0.138250 0.139081
v 0.187081 0.138250 -0.111919
v -0.063919 0.139750 0.139081
v 0.187081 0.139750 -0.111919
v -0.063000 0.140500 0.140000
v 0.188000 0.140500 -0.111000
v -0.062081 0.139750 0.140919
v 0.188919 0.139750 -0.110081
v -0.062081 0.138250 0.140919
v 0.188919 0.138250 -0.110081
v -0.063000 0.139000 0.140000
v 0.188000 0.139000 -0.111000
v -0.018000 0.137500 0.140000
v 0.188000 0.137500 -0.066000
v -0.018919 0.138250 0.139081
v 0.187081 0.138250 -0.066919
v -0.018919 0.139750 0.139081
v 0.187081 0.139750 -0.066919
v -0.018000 0.140500 0.140000
v 0.188000 0.140500 -0.066000
v -0.017081 0.139750 0.140919
v 0.188919 0.139750 -0.065081
v -0.017081 0.138250 0.140919
v 0.188919 0.138250 -0.065081
v -0.018000 0.139000 0.140000
v 0.188000 0.139000 -0.066000
v 0.027000 0.137500 0.140000
v 0.188000 0.137500 -0.021000
v 0.026081 0.138250 0.139081
v 0.187081 0.138250 -0.021919
v 0.026081 0.139750 0.139081
v 0.187081 0.139750 -0.021919
v 0.027000 0.140500 0.140000
v 0.188000 0.140500 -0.021000
v 0.027919 0.139750 0.140919
v 0.188919 0.139750 -0.020081
v 0.027919 0.138250 0.140919
v 0.188919 0.138250 -0.020081
v 0.027000 0.139000 0.140000
v 0.188000 0.139000 -0.021000
v 0.072000 0.137500 0.140000
v 0.188000 0.137500 0.024000
v 0.071081 0.138250 0.139081
v 0.187081 0.138250 0.023081
v 0.071081 0.139750 0.139081
v 0.187081 0.139750 0.023081
v 0.072000 0.140500 0.140000
v 0.188000 0.140500 0.024000
v 0.072919 0.139750 0.140919
v 0.188919 0.139750 0.024919
v 0.072919 0.138250 0.140919
v 0.188919 0.138250 0.024919
v 0.072000 0.139000 0.140000
v 0.188000 0.139000 0.024000
v 0.117000 0.137500 0.140000
v 0.188000 0.137500 0.069000
v 0.116081 0.138250 0.139081
v 0.187081 0.138250 0.068081
v 0.116081 0.139750 0.139081
v 0.187081 0.139750 0.068081
v 0.117000 0.140500 0.140000
v 0.188000 0.140500 0.069000
v 0.117919 0.139750 0.140919
v 0.188919 0.139750 0.069919
v 0.117919 0.138250 0.140919
v 0.188919 0.138250 0.069919
v 0.117000 0.139000 0.140000
v 0.188000 0.139000 0.069000
v 0.162000 0.137500 0.140000
v 0.188000 0.137500 0.114000
v 0.161081 0.138250 0.139081
v 0.187081 0.138250 0.113081
v 0.161081 0.139750 0.139081
v 0.187081 0.139750 0.113081
v 0.162000 0.140500 0.140000
v 0.188000 0.140500 0.114000
v 0.162919 0.139750 0.140919
v 0.188919 0.139750 0.114919
v 0.162919 0.138250 0.140919
v 0.188919 0.138250 0.114919
v 0.162000 0.139000 0.140000
v 0.188000 0.139000 0.114000
v -0.187500 0.089000 -0.140000
v -0.187500 0.134000 -0.095000
v -0.188250 0.089919 -0.140919
v -0.188250 0.134919 -0.095919
v -0.189750 0.089919 -0.140919
v -0.189750 0.134919 -0.095919
v -0.190500 0.089000 -0.140000
v -0.190500 0.134000 -0.095000
v -0.189750 0.088081 -0.139081
v -0.189750 0.133081 -0.094081
v -0.188250 0.088081 -0.139081
v -0.188250 0.133081 -0.094081
v -0.189000 0.089000 -0.140000
v -0.189000 0.134000 -0.095000
v -0.187500 0.044000 -0.140000
v -0.187500 0.134000 -0.050000
v -0.188250 0.044919 -0.140919
v -0.188250 0.134919 -0.050919
v -0.189750 0.044919 -0.140919
v -0.189750 0.134919 -0.050919
v -0.190500 0.044000 -0.140000
v -0.190500 0.134000 -0.050000
v -0.189750 0.043081 -0.139081
v -0.189750 0.133081 -0.049081
v -0.188250 0.043081 -0.139081
v -0.188250 0.133081 -0.049081
v -0.189000 0.044000 -0.140000
v -0.189000 0.134000 -0.050000
v -0.187500 -0.001000 -0.140000
v -0.187500 0.134000 -0.005000
v -0.188250 -0.000081 -0.140919
v -0.188250 0.134919 -0.005919
v -0.189750 -0.000081 -0.140919
v -0.189750 0.134919 -0.005919
v -0.190500 -0.001000 -0.140000
v -0.190500 0.134000 -0.005000
v -0.189750 -0.001919 -0.139081
v -0.189750 0.133081 -0.004081
v -0.188250 -0.001919 -0.139081
v -0.188250 0.133081 -0.004081
v -0.189000 -0.001000 -0.140000
v -0.189000 0.134000 -0.005000
v -0.187500 -0.046000 -0.140000
v -0.187500 0.134000 0.040000
v -0.188250 -0.045081 -0.140919
v -0.188250 0.134919 0.039081
v -0.189750 -0.045081 -0.140919
v -0.189750 0.134919 0.039081
v -0.190500 -0.046000 -0.140000
v -0.190500 0.134000 0.040000
v -0.189750 -0.046919 -0.139081
v -0.189750 0.133081 0.040919
v -0.188250 -0.046919 -0.139081
v -0.188250 0.133081 0.040919
v -0.189000 -0.046000 -0.140000
v -0.189000 0.134000 0.040000
v -0.187500 -0.091000 -0.140000
v -0.187500 0.134000 0.085000
v -0.188250 -0.090081 -0.140919
v -0.188250 0.134919 0.084081
v -0.189750 -0.090081 -0.140919
v -0.189750 0.134919 0.084081
v -0.190500 -0.091000 -0.140000
v -0.190500 0.134000 0.085000
v -0.189750 -0.091919 -0.139081
v -0.189750 0.133081 0.085919
v -0.188250 -0.091919 -0.139081
v -0.188250 0.133081 0.085919
v -0.189000 -0.091000 -0.140000
v -0.189000 0.134000 0.085000
v -0.187500 -0.134000 -0.138000
v -0.187500 0.134000 0.130000
v -0.188250 -0.133081 -0.138919
v -0.188250 0.134919 0.129081
v -0.189750 -0.133081 -0.138919
v -0.189750 0.134919 0.129081
v -0.190500 -0.134000 -0.138000
v -0.190500 0.134000 0.130000
v -0.189750 -0.134919 -0.137081
v -0.189750 0.133081 0.130919
v -0.188250 -0.134919 -0.137081
v -0.188250 0.133081 0.130919
v -0.189000 -0.134000 -0.138000
v -0.189000 0.134000 0.130000
v -0.187500 -0.134000 -0.093000
v -0.187500 0.099000 0.140000
v -0.188250 -0.133081 -0.093919
v -0.188250 0.099919 0.139081
v -0.189750 -0.133081 -0.093919
v -0.189750 0.099919 0.139081
v -0.190500 -0.134000 -0.093000
v -0.190500 0.099000 0.140000
v -0.189750 -0.134919 -0.092081
v -0.189750 0.098081 0.140919
v -0.188250 -0.134919 -0.092081
v -0.188250 0.098081 0.140919
v -0.189000 -0.134000 -0.093000
v -0.189000 0.099000 0.140000
v -0.187500 -0.134000 -0.048000
v -0.187500 0.054000 0.140000
v -0.188250 -0.133081 -0.048919
v -0.188250 0.054919 0.139081
v -0.189750 -0.133081 -0.048919
v -0.189750 0.054919 0.139081
v -0.190500 -0.134000 -0.048000
v -0.190500 0.054000 0.140000
v -0.189750 -0.134919 -0.047081
v -0.189750 0.053081 0.140919
v -0.188250 -0.134919 -0.047081
v -0.188250 0.053081 0.140919
v -0.189000 -0.134000 -0.048000
v -0.189000 0.054000 0.140000
v -0.187500 -0.134000 -0.003000
v -0.187500 0.009000 0.140000
v -0.188250 -0.133081 -0.003919
v -0.188250 0.009919 0.139081
v -0.189750 -0.133081 -0.003919
v -0.189750 0.009919 0.139081
v -0.190500 -0.134000 -0.003000
v -0.190500 0.009000 0.140000
v -0.189750 -0.134919 -0.002081
v -0.189750 0.008081 0.140919
v -0.188250 -0.134919 -0.002081
v -0.188250 0.008081 0.140919
v -0.189000 -0.134000 -0.003000
v -0.189000 0.009000 0.140000
v -0.187500 -0.134000 0.042000
v -0.187500 -0.036000 0.140000
v -0.188250 -0.133081 0.041081
v -0.188250 -0.035081 0.139081
v -0.189750 -0.133081 0.041081
v -0.189750 -0.035081 0.139081
v -0.190500 -0.134000 0.042000
v -0.190500 -0.036000 0.140000
v -0.189750 -0.134919 0.042919
v -0.189750 -0.036919 0.140919
v -0.188250 -0.134919 0.042919
v -0.188250 -0.036919 0.140919
v -0.189000 -0.134000 0.042000
v -0.189000 -0.036000 0.140000
v -0.187500 -0.134000 0.087000
v -0.187500 -0.081000 0.140000
v -0.188250 -0.133081 0.086081
v -0.188250 -0.080081 0.139081
v -0.189750 -0.133081 0.086081
v -0.189750 -0.080081 0.139081
v -0.190500 -0.134000 0.087000
v -0.190500 -0.081000 0.140000
v -0.189750 -0.134919 0.087919
v -0.189750 -0.081919 0.140919
v -0.188250 -0.134919 0.087919
v -0.188250 -0.081919 0.140919
v -0.189000 -0.134000 0.087000
v -0.189000 -0.081000 0.140000
v -0.187500 -0.134000 0.132000
v -0.187500 -0.126000 0.140000
v -0.188250 -0.133081 0.131081
v -0.188250 -0.125081 0.139081
v -0.189750 -0.133081 0.131081
v -0.189750 -0.125081 0.139081
v -0.190500 -0.134000 0.132000
v -0.190500 -0.126000 0.140000
v -0.189750 -0.134919 0.132919
v -0.189750 -0.126919 0.140919
v -0.188250 -0.134919 0.132919
v -0.188250 -0.126919 0.140919
v -0.189000 -0.134000 0.132000
v -0.189000 -0.126000 0.140000
v -0.187500 -0.134000 -0.095000
v -0.187500 -0.089000 -0.140000
v -0.188250 -0.134919 -0.095919
v -0.188250 -0.089919 -0.140919
v -0.189750 -0.134919 -0.095919
v -0.189750 -0.089919 -0.140919
v -0.190500 -0.134000 -0.095000
v -0.190500 -0.089000 -0.140000
v -0.189750 -0.133081 -0.094081
v -0.189750 -0.088081 -0.139081
v -0.188250 -0.133081 -0.094081
v -0.188250 -0.088081 -0.139081
v -0.189000 -0.134000 -0.095000
v -0.189000 -0.089000 -0.140000
v -0.187500 -0.134000 -0.050000
v -0.187500 -0.044000 -0.140000
v -0.188250 -0.134919 -0.050919
v -0.188250 -0.044919 -0.140919
v -0.189750 -0.134919 -0.050919
v -0.189750 -0.044919 -0.140919
v -0.190500 -0.134000 -0.050000
v -0.190500 -0.044000 -0.140000
v -0.189750 -0.133081 -0.049081
v -0.189750 -0.043081 -0.139081
v -0.188250 -0.133081 -0.049081
v -0.188250 -0.043081 -0.139081
v -0.189000 -0.134000 -0.050000
v -0.189000 -0.044000 -0.140000
v -0.187500 -0.134000 -0.005000
v -0.187500 0.001000 -0.140000
v -0.188250 -0.134919 -0.005919
v -0.188250 0.000081 -0.140919
v -0.189750 -0.134919 -0.005919
v -0.189750 0.000081 -0.140919
v -0.190500 -0.134000 -0.005000
v -0.190500 0.001000 -0.140000
v -0.189750 -0.133081 -0.004081
v -0.189750 0.001919 -0.139081
v -0.188250 -0.133081 -0.004081
v -0.188250 0.001919 -0.139081
v -0.189000 -0.134000 -0.005000
v -0.189000 0.001000 -0.140000
v -0.187500 -0.134000 0.040000
v -0.187500 0.046000 -0.140000
v -0.188250 -0.134919 0.039081
v -0.188250 0.045081 -0.140919
v -0.189750 -0.134919 0.039081
v -0.189750 0.045081 -0.140919
v -0.190500 -0.134000 0.040000
v -0.190500 0.046000 -0.140000
v -0.189750 -0.133081 0.040919
v -0.189750 0.046919 -0.139081
v -0.188250 -0.133081 0.040919
v -0.188250 0.046919 -0.139081
v -0.189000 -0.134000 0.040000
v -0.189000 0.046000 -0.140000
v -0.187500 -0.134000 0.085000
v -0.187500 0.091000 -0.140000
v -0.188250 -0.134919 0.084081
v -0.188250 0.090081 -0.140919
v -0.189750 -0.134919 0.084081
v -0.189750 0.090081 -0.140919
v -0.190500 -0.134000 0.085000
v -0.190500 0.091000 -0.140000
v -0.189750 -0.133081 0.085919
v -0.189750 0.091919 -0.139081
v -0.188250 -0.133081 0.085919
v -0.188250 0.091919 -0.139081
v -0.189000 -0.134000 0.085000
v -0.189000 0.091000 -0.140000
v -0.187500 -0.134000 0.130000
v -0.187500 0.134000 -0.138000
v -0.188250 -0.134919 0.129081
v -0.188250 0.133081 -0.138919
v -0.189750 -0.134919 0.129081
v -0.189750 0.133081 -0.138919
v -0.190500 -0.134000 0.130000
v -0.190500 0.134000 -0.138000
v -0.189750 -0.133081 0.130919
v -0.189750 0.134919 -0.137081
v -0.188250 -0.133081 0.130919
v -0.188250 0.134919 -0.137081
v -0.189000 -0.134000 0.130000
v -0.189000 0.134000 -0.138000
v -0.187500 -0.099000 0.140000
v -0.187500 0.134000 -0.093000
v -0.188250 -0.099919 0.139081
v -0.188250 0.133081 -0.093919
v -0.189750 -0.099919 0.139081
v -0.189750 0.133081 -0.093919
v -0.190500 -0.099000 0.140000
v -0.190500 0.134000 -0.093000
v -0.189750 -0.098081 0.140919
v -0.189750 0.134919 -0.092081
v -0.188250 -0.098081 0.140919
v -0.188250 0.134919 -0.092081
v -0.189000 -0.099000 0.140000
v -0.189000 0.134000 -0.093000
v -0.187500 -0.054000 0.140000
v -0.187500 0.134000 -0.048000
v -0.188250 -0.054919 0.139081
v -0.188250 0.133081 -0.048919
v -0.189750 -0.054919 0.139081
v -0.189750 0.133081 -0.048919
v -0.190500 -0.054000 0.140000
v -0.190500 0.134000 -0.048000
v -0.189750 -0.053081 0.140919
v -0.189750 0.134919 -0.047081
v -0.188250 -0.053081 0.140919
v -0.188250 0.134919 -0.047081
v -0.189000 -0.054000 0.140000
v -0.189000 0.134000 -0.048000
v -0.187500 -0.009000 0.140000
v -0.187500 0.134000 -0.003000
v -0.188250 -0.009919 0.139081
v -0.188250 0.133081 -0.003919
v -0.189750 -0.009919 0.139081
v -0.189750 0.133081 -0.003919
v -0.190500 -0.009000 0.140000
v -0.190500 0.134000 -0.003000
v -0.189750 -0.008081 0.140919
v -0.189750 0.134919 -0.002081
v -0.188250 -0.008081 0.140919
v -0.188250 0.134919 -0.002081
v -0.189000 -0.009000 0.140000
v -0.189000 0.134000 -0.003000
v -0.187500 0.036000 0.140000
v -0.187500 0.134000 0.042000
v -0.188250 0.035081 0.139081
v -0.188250 0.133081 0.041081
v -0.189750 0.035081 0.139081
v -0.189750 0.133081 0.041081
v -0.190500 0.036000 0.140000
v -0.190500 0.134000 0.042000
v -0.189750 0.036919 0.140919
v -0.189750 0.134919 0.042919
v -0.188250 0.036919 0.140919
v -0.188250 0.134919 0.042919
v -0.189000 0.036000 0.140000
v -0.189000 0.134000 0.042000
v -0.187500 0.081000 0.140000
v -0.187500 0.134000 0.087000
v -0.188250 0.080081 0.139081
v -0.188250 0.133081 0.086081
v -0.189750 0.080081 0.139081
v -0.189750 0.133081 0.086081
v -0.190500 0.081000 0.140000
v -0.190500 0.134000 0.087000
v -0.189750 0.081919 0.140919
v -0.189750 0.134919 0.087919
v -0.188250 0.081919 0.140919
v -0.188250 0.134919 0.087919
v -0.189000 0.081000 0.140000
v -0.189000 0.134000 0.087000
v -0.187500 0.126000 0.140000
v -0.187500 0.134000 0.132000
v -0.188250 0.125081 0.139081
v -0.188250 0.133081 0.131081
v -0.189750 0.125081 0.139081
v -0.189750 0.133081 0.131081
v -0.190500 0.126000 0.140000
v -0.190500 0.134000 0.132000
v -0.189750 0.126919 0.140919
v -0.189750 0.134919 0.132919
v -0.188250 0.126919 0.140919
v -0.188250 0.134919 0.132919
v -0.189000 0.126000 0.140000
v -0.189000 0.134000 0.132000
v 0.190500 0.089000 -0.140000
v 0.190500 0.134000 -0.095000
v 0.189750 0.089919 -0.140919
v 0.189750 0.134919 -0.095919
v 0.188250 0.089919 -0.140919
v 0.188250 0.134919 -0.095919
v 0.187500 0.089000 -0.140000
v 0.187500 0.134000 -0.095000
v 0.188250 0.088081 -0.139081
v 0.188250 0.133081 -0.094081
v 0.189750 0.088081 -0.139081
v 0.189750 0.133081 -0.094081
v 0.189000 0.089000 -0.140000
v 0.189000 0.134000 -0.095000
v 0.190500 0.044000 -0.140000
v 0.190500 0.134000 -0.050000
v 0.189750 0.044919 -0.140919
v 0.189750 0.134919 -0.050919
v 0.188250 0.044919 -0.140919
v 0.188250 0.134919 -0.050919
v 0.187500 0.044000 -0.140000
v 0.187500 0.134000 -0.050000
v 0.188250 0.043081 -0.139081
v 0.188250 0.133081 -0.049081
v 0.189750 0.043081 -0.139081
v 0.189750 0.133081 -0.049081
v 0.189000 0.044000 -0.140000
v 0.189000 0.134000 -0.050000
v 0.190500 -0.001000 -0.140000
v 0.190500 0.134000 -0.005000
v 0.189750 -0.000081 -0.140919
v 0.189750 0.134919 -0.005919
v 0.188250 -0.000081 -0.140919
v 0.188250 0.134919 -0.005919
v 0.187500 -0.001000 -0.140000
v 0.187500 0.134000 -0.005000
v 0.188250 -0.001919 -0.139081
v 0.188250 0.133081 -0.004081
v 0.189750 -0.001919 -0.139081
v 0.189750 0.133081 -0.004081
v 0.189000 -0.001000 -0.140000
v 0.189000 0.134000 -0.005000
v 0.190500 -0.046000 -0.140000
v 0.190500 0.134000 0.040000
v 0.189750 -0.045081 -0.140919
v 0.189750 0.134919 0.039081
v 0.188250 -0.045081 -0.140919
v 0.188250 0.134919 0.039081
v 0.187500 -0.046000 -0.140000
v 0.187500 0.134000 0.040000
v 0.188250 -0.046919 -0.139081
v 0.188250 0.133081 0.040919
v 0.189750 -0.046919 -0.139081
v 0.189750 0.133081 0.040919
v 0.189000 -0.046000 -0.140000
v 0.189000 0.134000 0.040000
v 0.190500 -0.091000 -0.140000
v 0.190500 0.134000 0.085000
v 0.189750 -0.090081 -0.140919
v 0.189750 0.134919 0.084081
v 0.188250 -0.090081 -0.140919
v 0.188250 0.134919 0.084081
v 0.187500 -0.091000 -0.140000
v 0.187500 0.134000 0.085000
v 0.188250 -0.091919 -0.139081
v 0.188250 0.133081 0.085919
v 0.189750 -0.091919 -0.139081
v 0.189750 0.133081 0.085919
v 0.189000 -0.091000 -0.140000
v 0.189000 0.134000 0.085000
v 0.190500 -0.134000 -0.138000
v 0.190500 0.134000 0.130000
v 0.189750 -0.133081 -0.138919
v 0.189750 0.134919 0.129081
v 0.188250 -0.133081 -0.138919
v 0.188250 0.134919 0.129081
v 0.187500 -0.134000 -0.138000
v 0.187500 0.134000 0.130000
v 0.188250 -0.134919 -0.137081
v 0.188250 0.133081 0.130919
v 0.189750 -0.134919 -0.137081
v 0.189750 0.133081 0.130919
v 0.189000 -0.134000 -0.138000
v 0.189000 0.134000 0.130000
v 0.190500 -0.134000 -0.093000
v 0.190500 0.099000 0.140000
v 0.189750 -0.133081 -0.093919
v 0.189750 0.099919 0.139081
v 0.188250 -0.133081 -0.093919
v 0.188250 0.099919 0.139081
v 0.187500 -0.134000 -0.093000
v 0.187500 0.099000 0.140000
v 0.188250 -0.134919 -0.092081
v 0.188250 0.098081 0.140919
v 0.189750 -0.134919 -0.092081
v 0.189750 0.098081 0.140919
v 0.189000 -0.134000 -0.093000
v 0.189000 0.099000 0.140000
v 0.190500 -0.134000 -0.048000
v 0.190500 0.054000 0.140000
v 0.189750 -0.133081 -0.048919
v 0.189750 0.054919 0.139081
v 0.188250 -0.133081 -0.048919
v 0.188250 0.054919 0.139081
v 0.187500 -0.134000 -0.048000
v 0.187500 0.054000 0.140000
v 0.188250 -0.134919 -0.047081
v 0.188250 0.053081 0.140919
v 0.189750 -0.134919 -0.047081
v 0.189750 0.053081 0.140919
v 0.189000 -0.134000 -0.048000
v 0.189000 0.054000 0.140000
v 0.190500 -0.134000 -0.003000
v 0.190500 0.009000 0.140000
v 0.189750 -0.133081 -0.003919
v 0.189750 0.009919 0.139081
v 0.188250 -0.133081 -0.003919
v 0.188250 0.009919 0.139081
v 0.187500 -0.134000 -0.003000
v 0.187500 0.009000 0.140000
v 0.188250 -0.134919 -0.002081
v 0.188250 0.008081 0.140919
v 0.189750 -0.134919 -0.002081
v 0.189750 0.008081 0.140919
v 0.189000 -0.134000 -0.003000
v 0.189000 0.009000 0.140000
v 0.190500 -0.134000 0.042000
v 0.190500 -0.036000 0.140000
v 0.189750 -0.133081 0.041081
v 0.189750 -0.035081 0.139081
v 0.188250 -0.133081 0.041081
v 0.188250 -0.035081 0.139081
v 0.187500 -0.134000 0.042000
v 0.187500 -0.036000 0.140000
v 0.188250 -0.134919 0.042919
v 0.188250 -0.036919 0.140919
v 0.189750 -0.134919 0.042919
v 0.189750 -0.036919 0.140919
v 0.189000 -0.134000 0.042000
v 0.189000 -0.036000 0.140000
v 0.190500 -0.134000 0.087000
v 0.190500 -0.081000 0.140000
v 0.189750 -0.133081 0.086081
v 0.189750 -0.080081 0.139081
v 0.188250 -0.133081 0.086081
v 0.188250 -0.080081 0.139081
v 0.187500 -0.134000 0.087000
v 0.187500 -0.081000 0.140000
v 0.188250 -0.134919 0.087919
v 0.188250 -0.081919 0.140919
v 0.189750 -0.134919 0.087919
v 0.189750 -0.081919 0.140919
v 0.189000 -0.134000 0.087000
v 0.189000 -0.081000 0.140000
v 0.190500 -0.134000 0.132000
v 0.190500 -0.126000 0.140000
v 0.189750 -0.133081 0.131081
v 0.189750 -0.125081 0.139081
v 0.188250 -0.133081 0.131081
v 0.188250 -0.125081 0.139081
v 0.187500 -0.134000 0.132000
v 0.187500 -0.126000 0.140000
v 0.188250 -0.134919 0.132919
v 0.188250 -0.126919 0.140919
v 0.189750 -0.134919 0.132919
v 0.189750 -0.126919 0.140919
v 0.189000 -0.134000 0.132000
v 0.189000 -0.126000 0.140000
v 0.190500 -0.134000 -0.095000
v 0.190500 -0.089000 -0.140000
v 0.189750 -0.134919 -0.095919
v 0.189750 -0.089919 -0.140919
v 0.188250 -0.134919 -0.095919
v 0.188250 -0.089919 -0.140919
v 0.187500 -0.134000 -0.095000
v 0.187500 -0.089000 -0.140000
v 0.188250 -0.133081 -0.094081
v 0.188250 -0.088081 -0.139081
v 0.189750 -0.133081 -0.094081
v 0.189750 -0.088081 -0.139081
v 0.189000 -0.134000 -0.095000
v 0.189000 -0.089000 -0.140000
v 0.190500 -0.134000 -0.050000
v 0.190500 -0.044000 -0.140000
v 0.189750 -0.134919 -0.050919
v 0.189750 -0.044919 -0.140919
v 0.188250 -0.134919 -0.050919
v 0.188250 -0.044919 -0.140919
v 0.187500 -0.134000 -0.050000
v 0.187500 -0.044000 -0.140000
v 0.188250 -0.133081 -0.049081
v 0.188250 -0.043081 -0.139081
v 0.189750 -0.133081 -0.049081
v 0.189750 -0.043081 -0.139081
v 0.189000 -0.134000 -0.050000
v 0.189000 -0.044000 -0.140000
v 0.190500 -0.134000 -0.005000
v 0.190500 0.001000 -0.140000
v 0.189750 -0.134919 -0.005919
v 0.189750 0.000081 -0.140919
v 0.188250 -0.134919 -0.005919
v 0.188250 0.000081 -0.140919
v 0.187500 -0.134000 -0.005000
v 0.187500 0.001000 -0.140000
v 0.188250 -0.133081 -0.004081
v 0.188250 0.001919 -0.139081
v 0.189750 -0.133081 -0.004081
v 0.189750 0.001919 -0.139081
v 0.189000 -0.134000 -0.005000
v 0.189000 0.001000 -0.140000
v 0.190500 -0.134000 0.040000
v 0.190500 0.046000 -0.140000
v 0.189750 -0.134919 0.039081
v 0.189750 0.045081 -0.140919
v 0.188250 -0.134919 0.039081
v 0.188250 0.045081 -0.140919
v 0.187500 -0.134000 0.040000
v 0.187500 0.046000 -0.140000
v 0.188250 -0.133081 0.040919
v 0.188250 0.046919 -0.139081
v 0.189750 -0.133081 0.040919
v 0.189750 0.046919 -0.139081
v 0.189000 -0.134000 0.040000
v 0.189000 0.046000 -0.140000
v 0.190500 -0.134000 0.085000
v 0.190500 0.091000 -0.140000
v 0.189750 -0.134919 0.084081
v 0.189750 0.090081 -0.140919
v 0.188250 -0.134919 0.084081
v 0.188250 0.090081 -0.140919
v 0.187500 -0.134000 0.085000
v 0.187500 0.091000 -0.140000
v 0.188250 -0.133081 0.085919
v 0.188250 0.091919 -0.139081
v 0.189750 -0.133081 0.085919
v 0.189750 0.091919 -0.139081
v 0.189000 -0.134000 0.085000
v 0.189000 0.091000 -0.140000
v 0.190500 -0.134000 0.130000
v 0.190500 0.134000 -0.138000
v 0.189750 -0.134919 0.129081
v 0.189750 0.133081 -0.138919
v 0.188250 -0.134919 0.129081
v 0.188250 0.133081 -0.138919
v 0.187500 -0.134000 0.130000
v 0.187500 0.134000 -0.138000
v 0.188250 -0.133081 0.130919
v 0.188250 0.134919 -0.137081
v 0.189750 -0.133081 0.130919
v 0.189750 0.134919 -0.137081
v 0.189000 -0.134000 0.130000
v 0.189000 0.134000 -0.138000
v 0.190500 -0.099000 0.140000
v 0.190500 0.134000 -0.093000
v 0.189750 -0.099919 0.139081
v 0.189750 0.133081 -0.093919
v 0.188250 -0.099919 0.139081
v 0.188250 0.133081 -0.093919
v 0.187500 -0.099000 0.140000
v 0.187500 0.134000 -0.093000
v 0.188250 -0.098081 0.140919
v 0.188250 0.134919 -0.092081
v 0.189750 -0.098081 0.140919
v 0.189750 0.134919 -0.092081
v 0.189000 -0.099000 0.140000
v 0.189000 0.134000 -0.093000
v 0.190500 -0.054000 0.140000
v 0.190500 0.134000 -0.048000
v 0.189750 -0.054919 0.139081
v 0.189750 0.133081 -0.048919
v 0.188250 -0.054919 0.139081
v 0.188250 0.133081 -0.048919
v 0.187500 -0.054000 0.140000
v 0.187500 0.134000 -0.048000
v 0.188250 -0.053081 0.140919
v 0.188250 0.134919 -0.047081
v 0.189750 -0.053081 0.140919
v 0.189750 0.134919 -0.047081
v 0.189000 -0.054000 0.140000
v 0.189000 0.134000 -0.048000
v 0.190500 -0.009000 0.140000
v 0.190500 0.134000 -0.003000
v 0.189750 -0.009919 0.139081
v 0.189750 0.133081 -0.003919
v 0.188250 -0.009919 0.139081
v 0.188250 0.133081 -0.003919
v 0.187500 -0.009000 0.140000
v 0.187500 0.134000 -0.003000
v 0.188250 -0.008081 0.140919
v 0.188250 0.134919 -0.002081
v 0.189750 -0.008081 0.140919
v 0.189750 0.134919 -0.002081
v 0.189000 -0.009000 0.140000
v 0.189000 0.134000 -0.003000
v 0.190500 0.036000 0.140000
v 0.190500 0.134000 0.042000
v 0.189750 0.035081 0.139081
v 0.189750 0.133081 0.041081
v 0.188250 0.035081 0.139081
v 0.188250 0.133081 0.041081
v 0.187500 0.036000 0.140000
v 0.187500 0.134000 0.042000
v 0.188250 0.036919 0.140919
v 0.188250 0.134919 0.042919
v 0.189750 0.036919 0.140919
v 0.189750 0.134919 0.042919
v 0.189000 0.036000 0.140000
v 0.189000 0.134000 0.042000
v 0.190500 0.081000 0.140000
v 0.190500 0.134000 0.087000
v 0.189750 0.080081 0.139081
v 0.189750 0.133081 0.086081
v 0.188250 0.080081 0.139081
v 0.188250 0.133081 0.086081
v 0.187500 0.081000 0.140000
v 0.187500 0.134000 0.087000
v 0.188250 0.081919 0.140919
v 0.188250 0.134919 0.087919
v 0.189750 0.081919 0.140919
v 0.189750 0.134919 0.087919
v 0.189000 0.081000 0.140000
v 0.189000 0.134000 0.087000
v 0.190500 0.126000 0.140000
v 0.190500 0.134000 0.132000
v 0.189750 0.125081 0.139081
v 0.189750 0.133081 0.131081
v 0.188250 0.125081 0.139081
v 0.188250 0.133081 0.131081
v 0.187500 0.126000 0.140000
v 0.187500 0.134000 0.132000
v 0.188250 0.126919 0.140919
v 0.188250 0.134919 0.132919
v 0.189750 0.126919 0.140919
v 0.189750 0.134919 0.132919
v 0.189000 0.126000 0.140000
v 0.189000 0.134000 0.132000
v 0.144061 -0.135061 0.000000
v 0.189061 -0.090061 0.000000
v 0.143530 -0.134530 -0.001299
v 0.188530 -0.089530 -0.001299
v 0.142470 -0.133470 -0.001299
v 0.187470 -0.088470 -0.001299
v 0.141939 -0.132939 0.000000
v 0.186939 -0.087939 0.000000
v 0.142470 -0.133470 0.001299
v 0.187470 -0.088470 0.001299
v 0.143530 -0.134530 0.001299
v 0.188530 -0.089530 0.001299
v 0.143000 -0.134000 0.000000
v 0.188000 -0.089000 0.000000
v 0.099061 -0.135061 0.000000
v 0.189061 -0.045061 0.000000
v 0.098530 -0.134530 -0.001299
v 0.188530 -0.044530 -0.001299
v 0.097470 -0.133470 -0.001299
v 0.187470 -0.043470 -0.001299
v 0.096939 -0.132939 0.000000
v 0.186939 -0.042939 0.000000
v 0.097470 -0.133470 0.001299
v 0.187470 -0.043470 0.001299
v 0.098530 -0.134530 0.001299
v 0.188530 -0.044530 0.001299
v 0.098000 -0.134000 0.000000
v 0.188000 -0.044000 0.000000
v 0.054061 -0.135061 0.000000
v 0.189061 -0.000061 0.000000
v 0.053530 -0.134530 -0.001299
v 0.188530 0.000470 -0.001299
v 0.052470 -0.133470 -0.001299
v 0.187470 0.001530 -0.001299
v 0.051939 -0.132939 0.000000
v 0.186939 0.002061 0.000000
v 0.052470 -0.133470 0.001299
v 0.187470 0.001530 0.001299
v 0.053530 -0.134530 0.001299
v 0.188530 0.000470 0.001299
v 0.053000 -0.134000 0.000000
v 0.188000 0.001000 0.000000
v 0.009061 -0.135061 0.000000
v 0.189061 0.044939 0.000000
v 0.008530 -0.134530 -0.001299
v 0.188530 0.045470 -0.001299
v 0.007470 -0.133470 -0.001299
v 0.187470 0.046530 -0.001299
v 0.006939 -0.132939 0.000000
v 0.186939 0.047061 0.000000
v 0.007470 -0.133470 0.001299
v 0.187470 0.046530 0.001299
v 0.008530 -0.134530 0.001299
v 0.188530 0.045470 0.001299
v 0.008000 -0.134000 0.000000
v 0.188000 0.046000 0.000000
v -0.035939 -0.135061 0.000000
v 0.189061 0.089939 0.000000
v -0.036470 -0.134530 -0.001299
v 0.188530 0.090470 -0.001299
v -0.037530 -0.133470 -0.001299
v 0.187470 0.091530 -0.001299
v -0.038061 -0.132939 0.000000
v 0.186939 0.092061 0.000000
v -0.037530 -0.133470 0.001299
v 0.187470 0.091530 0.001299
v -0.036470 -0.134530 0.001299
v 0.188530 0.090470 0.001299
v -0.037000 -0.134000 0.000000
v 0.188000 0.091000 0.000000
v -0.080939 -0.135061 0.000000
v 0.187061 0.132939 0.000000
v -0.081470 -0.134530 -0.001299
v 0.186530 0.133470 -0.001299
v -0.082530 -0.133470 -0.001299
v 0.185470 0.134530 -0.001299
v -0.083061 -0.132939 0.000000
v 0.184939 0.135061 0.000000
v -0.082530 -0.133470 0.001299
v 0.185470 0.134530 0.001299
v -0.081470 -0.134530 0.001299
v 0.186530 0.133470 0.001299
v -0.082000 -0.134000 0.000000
v 0.186000 0.134000 0.000000
v -0.125939 -0.135061 0.000000
v 0.142061 0.132939 0.000000
v -0.126470 -0.134530 -0.001299
v 0.141530 0.133470 -0.001299
v -0.127530 -0.133470 -0.001299
v 0.140470 0.134530 -0.001299
v -0.128061 -0.132939 0.000000
v 0.139939 0.135061 0.000000
v -0.127530 -0.133470 0.001299
v 0.140470 0.134530 0.001299
v -0.126470 -0.134530 0.001299
v 0.141530 0.133470 0.001299
v -0.127000 -0.134000 0.000000
v 0.141000 0.134000 0.000000
v -0.170939 -0.135061 0.000000
v 0.097061 0.132939 0.000000
v -0.171470 -0.134530 -0.001299
v 0.096530 0.133470 -0.001299
v -0.172530 -0.133470 -0.001299
v 0.095470 0.134530 -0.001299
v -0.173061 -0.132939 0.000000
v 0.094939 0.135061 0.000000
v -0.172530 -0.133470 0.001299
v 0.095470 0.134530 0.001299
v -0.171470 -0.134530 0.001299
v 0.096530 0.133470 0.001299
v -0.172000 -0.134000 0.000000
v 0.096000 0.134000 0.000000
v -0.186939 -0.106061 0.000000
v 0.052061 0.132939 0.000000
v -0.187470 -0.105530 -0.001299
v 0.051530 0.133470 -0.001299
v -0.188530 -0.104470 -0.001299
v 0.050470 0.134530 -0.001299
v -0.189061 -0.103939 0.000000
v 0.049939 0.135061 0.000000
v -0.188530 -0.104470 0.001299
v 0.050470 0.134530 0.001299
v -0.187470 -0.105530 0.001299
v 0.051530 0.133470 0.001299
v -0.188000 -0.105000 0.000000
v 0.051000 0.134000 0.000000
v -0.186939 -0.061061 0.000000
v 0.007061 0.132939 0.000000
v -0.187470 -0.060530 -0.001299
v 0.006530 0.133470 -0.001299
v -0.188530 -0.059470 -0.001299
v 0.005470 0.134530 -0.001299
v -0.189061 -0.058939 0.000000
v 0.004939 0.135061 0.000000
v -0.188530 -0.059470 0.001299
v 0.005470 0.134530 0.001299
v -0.187470 -0.060530 0.001299
v 0.006530 0.133470 0.001299
v -0.188000 -0.060000 0.000000
v 0.006000 0.134000 0.000000
v -0.186939 -0.016061 0.000000
v -0.037939 0.132939 0.000000
v -0.187470 -0.015530 -0.001299
v -0.038470 0.133470 -0.001299
v -0.188530 -0.014470 -0.001299
v -0.039530 0.134530 -0.001299
v -0.189061 -0.013939 0.000000
v -0.040061 0.135061 0.000000
v -0.188530 -0.014470 0.001299
v -0.039530 0.134530 0.001299
v -0.187470 -0.015530 0.001299
v -0.038470 0.133470 0.001299
v -0.188000 -0.015000 0.000000
v -0.039000 0.134000 0.000000
v -0.186939 0.028939 0.000000
v -0.082939 0.132939 0.000000
v -0.187470 0.029470 -0.001299
v -0.083470 0.133470 -0.001299
v -0.188530 0.030530 -0.001299
v -0.084530 0.134530 -0.001299
v -0.189061 0.031061 0.000000
v -0.085061 0.135061 0.000000
v -0.188530 0.030530 0.001299
v -0.084530 0.134530 0.001299
v -0.187470 0.029470 0.001299
v -0.083470 0.133470 0.001299
v -0.188000 0.030000 0.000000
v -0.084000 0.134000 0.000000
v -0.186939 0.073939 0.000000
v -0.127939 0.132939 0.000000
v -0.187470 0.074470 -0.001299
v -0.128470 0.133470 -0.001299
v -0.188530 0.075530 -0.001299
v -0.129530 0.134530 -0.001299
v -0.189061 0.076061 0.000000
v -0.130061 0.135061 0.000000
v -0.188530 0.075530 0.001299
v -0.129530 0.134530 0.001299
v -0.187470 0.074470 0.001299
v -0.128470 0.133470 0.001299
v -0.188000 0.075000 0.000000
v -0.129000 0.134000 0.000000
v -0.186939 0.118939 0.000000
v -0.172939 0.132939 0.000000
v -0.187470 0.119470 -0.001299
v -0.173470 0.133470 -0.001299
v -0.188530 0.120530 -0.001299
v -0.174530 0.134530 -0.001299
v -0.189061 0.121061 0.000000
v -0.175061 0.135061 0.000000
v -0.188530 0.120530 0.001299
v -0.174530 0.134530 0.001299
v -0.187470 0.119470 0.001299
v -0.173470 0.133470 0.001299
v -0.188000 0.120000 0.000000
v -0.174000 0.134000 0.000000
v -0.189061 -0.090061 0.000000
v -0.144061 -0.135061 0.000000
v -0.188530 -0.089530 -0.001299
v -0.143530 -0.134530 -0.001299
v -0.187470 -0.088470 -0.001299
v -0.142470 -0.133470 -0.001299
v -0.186939 -0.087939 0.000000
v -0.141939 -0.132939 0.000000
v -0.187470 -0.088470 0.001299
v -0.142470 -0.133470 0.001299
v -0.188530 -0.089530 0.001299
v -0.143530 -0.134530 0.001299
v -0.188000 -0.089000 0.000000
v -0.143000 -0.134000 0.000000
v -0.189061 -0.045061 0.000000
v -0.099061 -0.135061 0.000000
v -0.188530 -0.044530 -0.001299
v -0.098530 -0.134530 -0.001299
v -0.187470 -0.043470 -0.001299
v -0.097470 -0.133470 -0.001299
v -0.186939 -0.042939 0.000000
v -0.096939 -0.132939 0.000000
v -0.187470 -0.043470 0.001299
v -0.097470 -0.133470 0.001299
v -0.188530 -0.044530 0.001299
v -0.098530 -0.134530 0.001299
v -0.188000 -0.044000 0.000000
v -0.098000 -0.134000 0.000000
v -0.189061 -0.000061 0.000000
v -0.054061 -0.135061 0.000000
v -0.188530 0.000470 -0.001299
v -0.053530 -0.134530 -0.001299
v -0.187470 0.001530 -0.001299
v -0.052470 -0.133470 -0.001299
v -0.186939 0.002061 0.000000
v -0.051939 -0.132939 0.000000
v -0.187470 0.001530 0.001299
v -0.052470 -0.133470 0.001299
v -0.188530 0.000470 0.001299
v -0.053530 -0.134530 0.001299
v -0.188000 0.001000 0.000000
v -0.053000 -0.134000 0.000000
v -0.189061 0.044939 0.000000
v -0.009061 -0.135061 0.000000
v -0.188530 0.045470 -0.001299
v -0.008530 -0.134530 -0.001299
v -0.187470 0.046530 -0.001299
v -0.007470 -0.133470 -0.001299
v -0.186939 0.047061 0.000000
v -0.006939 -0.132939 0.000000
v -0.187470 0.046530 0.001299
v -0.007470 -0.133470 0.001299
v -0.188530 0.045470 0.001299
v -0.008530 -0.134530 0.001299
v -0.188000 0.046000 0.000000
v -0.008000 -0.134000 0.000000
v -0.189061 0.089939 0.000000
v 0.035939 -0.135061 0.000000
v -0.188530 0.090470 -0.001299
v 0.036470 -0.134530 -0.001299
v -0.187470 0.091530 -0.001299
v 0.037530 -0.133470 -0.001299
v -0.186939 0.092061 0.000000
v 0.038061 -0.132939 0.000000
v -0.187470 0.091530 0.001299
v 0.037530 -0.133470 0.001299
v -0.188530 0.090470 0.001299
v 0.036470 -0.134530 0.001299
v -0.188000 0.091000 0.000000
v 0.037000 -0.134000 0.000000
v -0.187061 0.132939 0.000000
v 0.080939 -0.135061 0.000000
v -0.186530 0.133470 -0.001299
v 0.081470 -0.134530 -0.001299
v -0.185470 0.134530 -0.001299
v 0.082530 -0.133470 -0.001299
v -0.184939 0.135061 0.000000
v 0.083061 -0.132939 0.000000
v -0.185470 0.134530 0.001299
v 0.082530 -0.133470 0.001299
v -0.186530 0.133470 0.001299
v 0.081470 -0.134530 0.001299
v -0.186000 0.134000 0.000000
v 0.082000 -0.134000 0.000000
v -0.142061 0.132939 0.000000
v 0.125939 -0.135061 0.000000
v -0.141530 0.133470 -0.001299
v 0.126470 -0.134530 -0.001299
v -0.140470 0.134530 -0.001299
v 0.127530 -0.133470 -0.001299
v -0.139939 0.135061 0.000000
v 0.128061 -0.132939 0.000000
v -0.140470 0.134530 0.001299
v 0.127530 -0.133470 0.001299
v -0.141530 0.133470 0.001299
v 0.126470 -0.134530 0.001299
v -0.141000 0.134000 0.000000
v 0.127000 -0.134000 0.000000
v -0.097061 0.132939 0.000000
v 0.170939 -0.135061 0.000000
v -0.096530 0.133470 -0.001299
v 0.171470 -0.134530 -0.001299
v -0.095470 0.134530 -0.001299
v 0.172530 -0.133470 -0.001299
v -0.094939 0.135061 0.000000
v 0.173061 -0.132939 0.000000
v -0.095470 0.134530 0.001299
v 0.172530 -0.133470 0.001299
v -0.096530 0.133470 0.001299
v 0.171470 -0.134530 0.001299
v -0.096000 0.134000 0.000000
v 0.172000 -0.134000 0.000000
v -0.052061 0.132939 0.000000
v 0.186939 -0.106061 0.000000
v -0.051530 0.133470 -0.001299
v 0.187470 -0.105530 -0.001299
v -0.050470 0.134530 -0.001299
v 0.188530 -0.104470 -0.001299
v -0.049939 0.135061 0.000000
v 0.189061 -0.103939 0.000000
v -0.050470 0.134530 0.001299
v 0.188530 -0.104470 0.001299
v -0.051530 0.133470 0.001299
v 0.187470 -0.105530 0.001299
v -0.051000 0.134000 0.000000
v 0.188000 -0.105000 0.000000
v -0.007061 0.132939 0.000000
v 0.186939 -0.061061 0.000000
v -0.006530 0.133470 -0.001299
v 0.187470 -0.060530 -0.001299
v -0.005470 0.134530 -0.001299
v 0.188530 -0.059470 -0.001299
v -0.004939 0.135061 0.000000
v 0.189061 -0.058939 0.000000
v -0.005470 0.134530 0.001299
v 0.188530 -0.059470 0.001299
v -0.006530 0.133470 0.001299
v 0.187470 -0.060530 0.001299
v -0.006000 0.134000 0.000000
v 0.188000 -0.060000 0.000000
v 0.037939 0.132939 0.000000
v 0.186939 -0.016061 0.000000
v 0.038470 0.133470 -0.001299
v 0.187470 -0.015530 -0.001299
v 0.039530 0.134530 -0.001299
v 0.188530 -0.014470 -0.001299
v 0.040061 0.135061 0.000000
v 0.189061 -0.013939 0.000000
v 0.039530 0.134530 0.001299
v 0.188530 -0.014470 0.001299
v 0.038470 0.133470 0.001299
v 0.187470 -0.015530 0.001299
v 0.039000 0.134000 0.000000
v 0.188000 -0.015000 0.000000
v 0.082939 0.132939 0.000000
v 0.186939 0.028939 0.000000
v 0.083470 0.133470 -0.001299
v 0.187470 0.029470 -0.001299
v 0.084530 0.134530 -0.001299
v 0.188530 0.030530 -0.001299
v 0.085061 0.135061 0.000000
v 0.189061 0.031061 0.000000
v 0.084530 0.134530 0.001299
v 0.188530 0.030530 0.001299
v 0.083470 0.133470 0.001299
v 0.187470 0.029470 0.001299
v 0.084000 0.134000 0.000000
v 0.188000 0.030000 0.000000
v 0.127939 0.132939 0.000000
v 0.186939 0.073939 0.000000
v 0.128470 0.133470 -0.001299
v 0.187470 0.074470 -0.001299
v 0.129530 0.134530 -0.001299
v 0.188530 0.075530 -0.001299
v 0.130061 0.135061 0.000000
v 0.189061 0.076061 0.000000
v 0.129530 0.134530 0.001299
v 0.188530 0.075530 0.001299
v 0.128470 0.133470 0.001299
v 0.187470 0.074470 0.001299
v 0.129000 0.134000 0.000000
v 0.188000 0.075000 0.000000
v 0.172939 0.132939 0.000000
v 0.186939 0.118939 0.000000
v 0.173470 0.133470 -0.001299
v 0.187470 0.119470 -0.001299
v 0.174530 0.134530 -0.001299
v 0.188530 0.120530 -0.001299
v 0.175061 0.135061 0.000000
v 0.189061 0.121061 0.000000
v 0.174530 0.134530 0.001299
v 0.188530 0.120530 0.001299
v 0.173470 0.133470 0.001299
v 0.187470 0.119470 0.001299
v 0.174000 0.134000 0.000000
v 0.188000 0.120000 0.000000
vn 0.000000 -1.000000 0.000000
vn 0.612372 -0.500000 -0.612372
vn 0.612372 0.500000 -0.612372
vn 0.000000 1.000000 0.000000
vn -0.612372 0.500000 0.612372
vn -0.612372 -0.500000 0.612372
vn -0.707107 0.000000 -0.707107
vn 0.707107 0.000000 0.707107
vn 0.000000 -1.000000 0.000000
vn 0.612372 -0.500000 -0.612372
vn 0.612372 0.500000 -0.612372
vn 0.000000 1.000000 0.000000
vn -0.612372 0.500000 0.612372
vn -0.612372 -0.500000 0.612372
vn -0.707107 0.000000 -0.707107
vn 0.707107 0.000000 0.707107
vn 0.000000 -1.000000 0.000000
vn 0.612372 -0.500000 -0.612372
vn 0.612372 0.500000 -0.612372
vn 0.000000 1.000000 0.000000
vn -0.612372 0.500000 0.612372
vn -0.612372 -0.500000 0.612372
vn -0.707107 0.000000 -0.707107
vn 0.707107 0.000000 0.707107
vn 0.000000 -1.000000 0.000000
vn 0.612372 -0.500000 -0.612372
vn 0.612372 0.500000 -0.612372
vn 0.000000 1.000000 0.000000
vn -0.612372 0.500000 0.612372
vn -0.612372 -0.500000 0.612372
vn -0.707107 0.000000 -0.707107
vn 0.707107 0.000000 0.707107
vn 0.000000 -1.000000 0.000000
vn 0.612372 -0.500000 -0.612372
vn 0.612372 0.500000 -0.612372
vn 0.000000 1.000000 0.000000
vn -0.612372 0.500000 0.612372
vn -0.612372 -0.500000 0.612372
vn -0.707107 0.000000 -0.707107
vn 0.707107 0.000000 0.707107
vn 0.000000 -1.000000 0.000000
vn 0.612372 -0.500000 -0.612372
vn 0.612372 0.500000 -0.612372
vn 0.000000 1.000000 0.000000
vn -0.612372 0.500000 0.612372
vn -0.612372 -0.500000 0.612372
vn -0.707107 0.000000 -0.707107
vn 0.707107 0.000000 0.707107
vn 0.000000 -1.000000 0.000000
vn 0.612372 -0.500000 -0.612372
vn 0.612372 0.500000 -0.612372
vn 0.000000 1.000000 0.000000
vn -0.612372 0.500000 0.612372
vn -0.612372 -0.500000 0.612372
vn -0.707107 0.000000 -0.707107
vn 0.707107 0.000000 0.707107
vn 0.000000 -1.000000 0.000000
vn 0.612372 -0.500000 -0.612372
vn 0.612372 0.500000 -0.612372
vn 0.000000 1.000000 0.000000
vn -0.612372 0.500000 0.612372
vn -0.612372 -0.500000 0.612372
vn -0.707107 0.000000 -0.707107
vn 0.707107 0.000000 0.707107
vn 0.000000 -1.000000 0.000000
vn 0.612372 -0.500000 -0.612372
vn 0.612372 0.500000 -0.612372
vn 0.000000 1.000000 0.000000
vn -0.612372 0.500000 0.612372
vn -0.612372 -0.500000 0.612372
vn -0.707107 0.000000 -0.707107
vn 0.707107 0.000000 0.707107
vn 0.000000 -1.000000 0.000000
vn 0.612372 -0.500000 -0.612372
vn 0.612372 0.500000 -0.612372
vn 0.000000 1.000000 0.000000
vn -0.612372 0.500000 0.612372
vn -0.612372 -0.500000 0.612372
vn -0.707107 0.000000 -0.707107
vn 0.707107 0.000000 0.707107
vn 0.000000 -1.000000 0.000000
vn 0.612372 -0.500000 -0.612372
vn 0.612372 0.500000 -0.612372
vn 0.000000 1.000000 0.000000
vn -0.612372 0.500000 0.612372
vn -0.612372 -0.500000 0.612372
vn -0.707107 0.000000 -0.707107
vn 0.707107 0.000000 0.707107
vn 0.000000 -1.000000 0.000000
vn 0.612372 -0.500000 -0.612372
vn 0.612372 0.500000 -0.612372
vn 0.000000 1.000000 0.000000
vn -0.612372 0.500000 0.612372
vn -0.612372 -0.500000 0.612372
vn -0.707107 0.000000 -0.707107
vn 0.707107 0.000000 0.707107
vn 0.000000 -1.000000 0.000000
vn 0.612372 -0.500000 -0.612372
vn 0.612372 0.500000 -0.612372
vn 0.000000 1.000000 0.000000
vn -0.612372 0.500000 0.612372
vn -0.612372 -0.500000 0.612372
vn -0.707107 0.000000 -0.707107
vn 0.707107 0.000000 0.707107
vn 0.000000 -1.000000 0.000000
vn 0.612372 -0.500000 -0.612372
vn 0.612372 0.500000 -0.612372
vn 0.000000 1.000000 0.000000
vn -0.612372 0.500000 0.612372
vn -0.612372 -0.500000 0.612372
vn -0.707107 0.000000 -0.707107
vn 0.707107 0.000000 0.707107
vn 0.000000 -1.000000 0.000000
vn -0.612372 -0.500000 -0.612372
vn -0.612372 0.500000 -0.612372
vn 0.000000 1.000000 0.000000
vn 0.612372 0.500000 0.612372
vn 0.612372 -0.500000 0.612372
vn -0.707107 0.000000 0.707107
vn 0.707107 0.000000 -0.707107
vn 0.000000 -1.000000 0.000000
vn -0.612372 -0.500000 -0.612372
vn -0.612372 0.500000 -0.612372
vn 0.000000 1.000000 0.000000
vn 0.612372 0.500000 0.612372
vn 0.612372 -0.500000 0.612372
vn -0.707107 0.000000 0.707107
vn 0.707107 0.000000 -0.707107
vn 0.000000 -1.000000 0.000000
vn -0.612372 -0.500000 -0.612372
vn -0.612372 0.500000 -0.612372
vn 0.000000 1.000000 0.000000
vn 0.612372 0.500000 0.612372
vn 0.612372 -0.500000 0.612372
vn -0.707107 0.000000 0.707107
vn 0.707107 0.000000 -0.707107
vn 0.000000 -1.000000 0.000000
vn -0.612372 -0.500000 -0.612372
vn -0.612372 0.500000 -0.612372
vn 0.000000 1.000000 0.000000
vn 0.612372 0.500000 0.612372
vn 0.612372 -0.500000 0.612372
vn -0.707107 0.000000 0.707107
vn 0.707107 0.000000 -0.707107
vn 0.000000 -1.000000 0.000000
vn -0.612372 -0.500000 -0.612372
vn -0.612372 0.500000 -0.612372
vn 0.000000 1.000000 0.000000
vn 0.612372 0.500000 0.612372
vn 0.612372 -0.500000 0.612372
vn -0.707107 0.000000 0.707107
vn 0.707107 0.000000 -0.707107
vn 0.000000 -1.000000 0.000000
vn -0.612372 -0.500000 -0.612372
vn -0.612372 0.500000 -0.612372
vn 0.000000 1.000000 0.000000
vn 0.612372 0.500000 0.612372
vn 0.612372 -0.500000 0.612372
vn -0.707107 0.000000 0.707107
vn 0.707107 0.000000 -0.707107
vn 0.000000 -1.000000 0.000000
vn -0.612372 -0.500000 -0.612372
vn -0.612372 0.500000 -0.612372
vn 0.000000 1.000000 0.000000
vn 0.612372 0.500000 0.612372
vn 0.612372 -0.500000 0.612372
vn -0.707107 0.000000 0.707107
vn 0.707107 0.000000 -0.707107
vn 0.000000 -1.000000 0.000000
vn -0.612372 -0.500000 -0.612372
vn -0.612372 0.500000 -0.612372
vn 0.000000 1.000000 0.000000
vn 0.612372 0.500000 0.612372
vn 0.612372 -0.500000 0.612372
vn -0.707107 0.000000 0.707107
vn 0.707107 0.000000 -0.707107
vn 0.000000 -1.000000 0.000000
vn -0.612372 -0.500000 -0.612372
vn -0.612372 0.500000 -0.612372
vn 0.000000 1.000000 0.000000
vn 0.612372 0.500000 0.612372
vn 0.612372 -0.500000 0.612372
vn -0.707107 0.000000 0.707107
vn 0.707107 0.000000 -0.707107
vn 0.000000 -1.000000 0.000000
vn -0.612372 -0.500000 -0.612372
vn -0.612372 0.500000 -0.612372
vn 0.000000 1.000000 0.000000
vn 0.612372 0.500000 0.612372
vn 0.612372 -0.500000 0.612372
vn -0.707107 0.000000 0.707107
vn 0.707107 0.000000 -0.707107
vn 0.000000 -1.000000 0.000000
vn -0.612372 -0.500000 -0.612372
vn -0.612372 0.500000 -0.612372
vn 0.000000 1.000000 0.000000
vn 0.612372 0.500000 0.612372
vn 0.612372 -0.500000 0.612372
vn -0.707107 0.000000 0.707107
vn 0.707107 0.000000 -0.707107
vn 0.000000 -1.000000 0.000000
vn -0.612372 -0.500000 -0.612372
vn -0.612372 0.500000 -0.612372
vn 0.000000 1.000000 0.000000
vn 0.612372 0.500000 0.612372
vn 0.612372 -0.500000 0.612372
vn -0.707107 0.000000 0.707107
vn 0.707107 0.000000 -0.707107
vn 0.000000 -1.000000 0.000000
vn -0.612372 -0.500000 -0.612372
vn -0.612372 0.500000 -0.612372
vn 0.000000 1.000000 0.000000
vn 0.612372 0.500000 0.612372
vn 0.612372 -0.500000 0.612372
vn -0.707107 0.000000 0.707107
vn 0.707107 0.000000 -0.707107
vn 0.000000 -1.000000 0.000000
vn -0.612372 -0.500000 -0.612372
vn -0.612372 0.500000 -0.612372
vn 0.000000 1.000000 0.000000
vn 0.612372 0.500000 0.612372
vn 0.612372 -0.500000 0.612372
vn -0.707107 0.000000 0.707107
vn 0.707107 0.000000 -0.707107
vn 0.000000 -1.000000 0.000000
vn 0.612372 -0.500000 -0.612372
vn 0.612372 0.500000 -0.612372
vn 0.000000 1.000000 0.000000
vn -0.612372 0.500000 0.612372
vn -0.612372 -0.500000 0.612372
vn -0.707107 0.000000 -0.707107
vn 0.707107 0.000000 0.707107
vn 0.000000 -1.000000 0.000000
vn 0.612372 -0.500000 -0.612372
vn 0.612372 0.500000 -0.612372
vn 0.000000 1.000000 0.000000
vn -0.612372 0.500000 0.612372
vn -0.612372 -0.500000 0.612372
vn -0.707107 0.000000 -0.707107
vn 0.707107 0.000000 0.707107
vn 0.000000 -1.000000 0.000000
vn 0.612372 -0.500000 -0.612372
vn 0.612372 0.500000 -0.612372
vn 0.000000 1.000000 0.000000
vn -0.612372 0.500000 0.612372
vn -0.612372 -0.500000 0.612372
vn -0.707107 0.000000 -0.707107
vn 0.707107 0.000000 0.707107
vn 0.000000 -1.000000 0.000000
vn 0.612372 -0.500000 -0.612372
vn 0.612372 0.500000 -0.612372
vn 0.000000 1.000000 0.000000
vn -0.612372 0.500000 0.612372
vn -0.612372 -0.500000 0.612372
vn -0.707107 0.000000 -0.707107
vn 0.707107 0.000000 0.707107
vn 0.000000 -1.000000 0.000000
vn 0.612372 -0.500000 -0.612372
vn 0.612372 0.500000 -0.612372
vn 0.000000 1.000000 0.000000
vn -0.612372 0.500000 0.612372
vn -0.612372 -0.500000 0.612372
vn -0.707107 0.000000 -0.707107
vn 0.707107 0.000000 0.707107
vn 0.000000 -1.000000 0.000000
vn 0.612372 -0.500000 -0.612372
vn 0.612372 0.500000 -0.612372
vn 0.000000 1.000000 0.000000
vn -0.612372 0.500000 0.612372
vn -0.612372 -0.500000 0.612372
vn -0.707107 0.000000 -0.707107
vn 0.707107 0.000000 0.707107
vn 0.000000 -1.000000 0.000000
vn 0.612372 -0.500000 -0.612372
vn 0.612372 0.500000 -0.612372
vn 0.000000 1.000000 0.000000
vn -0.612372 0.500000 0.612372
vn -0.612372 -0.500000 0.612372
vn -0.707107 0.000000 -0.707107
vn 0.707107 0.000000 0.707107
vn 0.000000 -1.000000 0.000000
vn 0.612372 -0.500000 -0.612372
vn 0.612372 0.500000 -0.612372
vn 0.000000 1.000000 0.000000
vn -0.612372 0.500000 0.612372
vn -0.612372 -0.500000 0.612372
vn -0.707107 0.000000 -0.707107
vn 0.707107 0.000000 0.707107
vn 0.000000 -1.000000 0.000000
vn 0.612372 -0.500000 -0.612372
vn 0.612372 0.500000 -0.612372
vn 0.000000 1.000000 0.000000
vn -0.612372 0.500000 0.612372
vn -0.612372 -0.500000 0.612372
vn -0.707107 0.000000 -0.707107
vn 0.707107 0.000000 0.707107
vn 0.000000 -1.000000 0.000000
vn 0.612372 -0.500000 -0.612372
vn 0.612372 0.500000 -0.612372
vn 0.000000 1.000000 0.000000
vn -0.612372 0.500000 0.612372
vn -0.612372 -0.500000 0.612372
vn -0.707107 0.000000 -0.707107
vn 0.707107 0.000000 0.707107
vn 0.000000 -1.000000 0.000000
vn 0.612372 -0.500000 -0.612372
vn 0.612372 0.500000 -0.612372
vn 0.000000 1.000000 0.000000
vn -0.612372 0.500000 0.612372
vn -0.612372 -0.500000 0.612372
vn -0.707107 0.000000 -0.707107
vn 0.707107 0.000000 0.707107
vn 0.000000 -1.000000 0.000000
vn 0.612372 -0.500000 -0.612372
vn 0.612372 0.500000 -0.612372
vn 0.000000 1.000000 0.000000
vn -0.612372 0.500000 0.612372
vn -0.612372 -0.500000 0.612372
vn -0.707107 0.000000 -0.707107
vn 0.707107 0.000000 0.707107
vn 0.000000 -1.000000 0.000000
vn 0.612372 -0.500000 -0.612372
vn 0.612372 0.500000 -0.612372
vn 0.000000 1.000000 0.000000
vn -0.612372 0.500000 0.612372
vn -0.612372 -0.500000 0.612372
vn -0.707107 0.000000 -0.707107
vn 0.707107 0.000000 0.707107
vn 0.000000 -1.000000 0.000000
vn 0.612372 -0.500000 -0.612372
vn 0.612372 0.500000 -0.612372
vn 0.000000 1.000000 0.000000
vn -0.612372 0.500000 0.612372
vn -0.612372 -0.500000 0.612372
vn -0.707107 0.000000 -0.707107
vn 0.707107 0.000000 0.707107
vn 0.000000 -1.000000 0.000000
vn -0.612372 -0.500000 -0.612372
vn -0.612372 0.500000 -0.612372
vn 0.000000 1.000000 0.000000
vn 0.612372 0.500000 0.612372
vn 0.612372 -0.500000 0.612372
vn -0.707107 0.000000 0.707107
vn 0.707107 0.000000 -0.707107
vn 0.000000 -1.000000 0.000000
vn -0.612372 -0.500000 -0.612372
vn -0.612372 0.500000 -0.612372
vn 0.000000 1.000000 0.000000
vn 0.612372 0.500000 0.612372
vn 0.612372 -0.500000 0.612372
vn -0.707107 0.000000 0.707107
vn 0.707107 0.000000 -0.707107
vn 0.000000 -1.000000 0.000000
vn -0.612372 -0.500000 -0.612372
vn -0.612372 0.500000 -0.612372
vn 0.000000 1.000000 0.000000
vn 0.612372 0.500000 0.612372
vn 0.612372 -0.500000 0.612372
vn -0.707107 0.000000 0.707107
vn 0.707107 0.000000 -0.707107
vn 0.000000 -1.000000 0.000000
vn -0.612372 -0.500000 -0.612372
vn -0.612372 0.500000 -0.612372
vn 0.000000 1.000000 0.000000
vn 0.612372 0.500000 0.612372
vn 0.612372 -0.500000 0.612372
vn -0.707107 0.000000 0.707107
vn 0.707107 0.000000 -0.707107
vn 0.000000 -1.000000 0.000000
vn -0.612372 -0.500000 -0.612372
vn -0.612372 0.500000 -0.612372
vn 0.000000 1.000000 0.000000
vn 0.612372 0.500000 0.612372
vn 0.612372 -0.500000 0.612372
vn -0.707107 0.000000 0.707107
vn 0.707107 0.000000 -0.707107
vn 0.000000 -1.000000 0.000000
vn -0.612372 -0.500000 -0.612372
vn -0.612372 0.500000 -0.612372
vn 0.000000 1.000000 0.000000
vn 0.612372 0.500000 0.612372
vn 0.612372 -0.500000 0.612372
vn -0.707107 0.000000 0.707107
vn 0.707107 0.000000 -0.707107
vn 0.000000 -1.000000 0.000000
vn -0.612372 -0.500000 -0.612372
vn -0.612372 0.500000 -0.612372
vn 0.000000 1.000000 0.000000
vn 0.612372 0.500000 0.612372
vn 0.612372 -0.500000 0.612372
vn -0.707107 0.000000 0.707107
vn 0.707107 0.000000 -0.707107
vn 0.000000 -1.000000 0.000000
vn -0.612372 -0.500000 -0.612372
vn -0.612372 0.500000 -0.612372
vn 0.000000 1.000000 0.000000
vn 0.612372 0.500000 0.612372
vn 0.612372 -0.500000 0.612372
vn -0.707107 0.000000 0.707107
vn 0.707107 0.000000 -0.707107
vn 0.000000 -1.000000 0.000000
vn -0.612372 -0.500000 -0.612372
vn -0.612372 0.500000 -0.612372
vn 0.000000 1.000000 0.000000
vn 0.612372 0.500000 0.612372
vn 0.612372 -0.500000 0.612372
vn -0.707107 0.000000 0.707107
vn 0.707107 0.000000 -0.707107
vn 0.000000 -1.000000 0.000000
vn -0.612372 -0.500000 -0.612372
vn -0.612372 0.500000 -0.612372
vn 0.000000 1.000000 0.000000
vn 0.612372 0.500000 0.612372
vn 0.612372 -0.500000 0.612372
vn -0.707107 0.000000 0.707107
vn 0.707107 0.000000 -0.707107
vn 0.000000 -1.000000 0.000000
vn -0.612372 -0.500000 -0.612372
vn -0.612372 0.500000 -0.612372
vn 0.000000 1.000000 0.000000
vn 0.612372 0.500000 0.612372
vn 0.612372 -0.500000 0.612372
vn -0.707107 0.000000 0.707107
vn 0.707107 0.000000 -0.707107
vn 0.000000 -1.000000 0.000000
vn -0.612372 -0.500000 -0.612372
vn -0.612372 0.500000 -0.612372
vn 0.000000 1.000000 0.000000
vn 0.612372 0.500000 0.612372
vn 0.612372 -0.500000 0.612372
vn -0.707107 0.000000 0.707107
vn 0.707107 0.000000 -0.707107
vn 0.000000 -1.000000 0.000000
vn -0.612372 -0.500000 -0.612372
vn -0.612372 0.500000 -0.612372
vn 0.000000 1.000000 0.000000
vn 0.612372 0.500000 0.612372
vn 0.612372 -0.500000 0.612372
vn -0.707107 0.000000 0.707107
vn 0.707107 0.000000 -0.707107
vn 0.000000 -1.000000 0.000000
vn -0.612372 -0.500000 -0.612372
vn -0.612372 0.500000 -0.612372
vn 0.000000 1.000000 0.000000
vn 0.612372 0.500000 0.612372
vn 0.612372 -0.500000 0.612372
vn -0.707107 0.000000 0.707107
vn 0.707107 0.000000 -0.707107
vn 1.000000 0.000000 0.000000
vn 0.500000 0.612372 -0.612372
vn -0.500000 0.612372 -0.612372
vn -1.000000 0.000000 0.000000
vn -0.500000 -0.612372 0.612372
vn 0.500000 -0.612372 0.612372
vn 0.000000 -0.707107 -0.707107
vn 0.000000 0.707107 0.707107
vn 1.000000 0.000000 0.000000
vn 0.500000 0.612372 -0.612372
vn -0.500000 0.612372 -0.612372
vn -1.000000 0.000000 0.000000
vn -0.500000 -0.612372 0.612372
vn 0.500000 -0.612372 0.612372
vn 0.000000 -0.707107 -0.707107
vn 0.000000 0.707107 0.707107
vn 1.000000 0.000000 0.000000
vn 0.500000 0.612372 -0.612372
vn -0.500000 0.612372 -0.612372
vn -1.000000 0.000000 0.000000
vn -0.500000 -0.612372 0.612372
vn 0.500000 -0.612372 0.612372
vn 0.000000 -0.707107 -0.707107
vn 0.000000 0.707107 0.707107
vn 1.000000 0.000000 0.000000
vn 0.500000 0.612372 -0.612372
vn -0.500000 0.612372 -0.612372
vn -1.000000 0.000000 0.000000
vn -0.500000 -0.612372 0.612372
vn 0.500000 -0.612372 0.612372
vn 0.000000 -0.707107 -0.707107
vn 0.000000 0.707107 0.707107
vn 1.000000 0.000000 0.000000
vn 0.500000 0.612372 -0.612372
vn -0.500000 0.612372 -0.612372
vn -1.000000 0.000000 0.000000
vn -0.500000 -0.612372 0.612372
vn 0.500000 -0.612372 0.612372
vn 0.000000 -0.707107 -0.707107
vn 0.000000 0.707107 0.707107
vn 1.000000 0.000000 0.000000
vn 0.500000 0.612372 -0.612372
vn -0.500000 0.612372 -0.612372
vn -1.000000 0.000000 0.000000
vn -0.500000 -0.612372 0.612372
vn 0.500000 -0.612372 0.612372
vn 0.000000 -0.707107 -0.707107
vn 0.000000 0.707107 0.707107
vn 1.000000 0.000000 0.000000
vn 0.500000 0.612372 -0.612372
vn -0.500000 0.612372 -0.612372
vn -1.000000 0.000000 0.000000
vn -0.500000 -0.612372 0.612372
vn 0.500000 -0.612372 0.612372
vn 0.000000 -0.707107 -0.707107
vn 0.000000 0.707107 0.707107
vn 1.000000 0.000000 0.000000
vn 0.500000 0.612372 -0.612372
vn -0.500000 0.612372 -0.612372
vn -1.000000 0.000000 0.000000
vn -0.500000 -0.612372 0.612372
vn 0.500000 -0.612372 0.612372
vn 0.000000 -0.707107 -0.707107
vn 0.000000 0.707107 0.707107
vn 1.000000 0.000000 0.000000
vn 0.500000 0.612372 -0.612372
vn -0.500000 0.612372 -0.612372
vn -1.000000 0.000000 0.000000
vn -0.500000 -0.612372 0.612372
vn 0.500000 -0.612372 0.612372
vn 0.000000 -0.707107 -0.707107
vn 0.000000 0.707107 0.707107
vn 1.000000 0.000000 0.000000
vn 0.500000 0.612372 -0.612372
vn -0.500000 0.612372 -0.612372
vn -1.000000 0.000000 0.000000
vn -0.500000 -0.612372 0.612372
vn 0.500000 -0.612372 0.612372
vn 0.000000 -0.707107 -0.707107
vn 0.000000 0.707107 0.707107
vn 1.000000 0.000000 0.000000
vn 0.500000 0.612372 -0.612372
vn -0.500000 0.612372 -0.612372
vn -1.000000 0.000000 0.000000
vn -0.500000 -0.612372 0.612372
vn 0.500000 -0.612372 0.612372
vn 0.000000 -0.707107 -0.707107
vn 0.000000 0.707107 0.707107
vn 1.000000 0.000000 0.000000
vn 0.500000 0.612372 -0.612372
vn -0.500000 0.612372 -0.612372
vn -1.000000 0.000000 0.000000
vn -0.500000 -0.612372 0.612372
vn 0.500000 -0.612372 0.612372
vn 0.000000 -0.707107 -0.707107
vn 0.000000 0.707107 0.707107
vn 1.000000 0.000000 0.000000
vn 0.500000 -0.612372 -0.612372
vn -0.500000 -0.612372 -0.612372
vn -1.000000 0.000000 0.000000
vn -0.500000 0.612372 0.612372
vn 0.500000 0.612372 0.612372
vn 0.000000 -0.707107 0.707107
vn 0.000000 0.707107 -0.707107
vn 1.000000 0.000000 0.000000
vn 0.500000 -0.612372 -0.612372
vn -0.500000 -0.612372 -0.612372
vn -1.000000 0.000000 0.000000
vn -0.500000 0.612372 0.612372
vn 0.500000 0.612372 0.612372
vn 0.000000 -0.707107 0.707107
vn 0.000000 0.707107 -0.707107
vn 1.000000 0.000000 0.000000
vn 0.500000 -0.612372 -0.612372
vn -0.500000 -0.612372 -0.612372
vn -1.000000 0.000000 0.000000
vn -0.500000 0.612372 0.612372
vn 0.500000 0.612372 0.612372
vn 0.000000 -0.707107 0.707107
vn 0.000000 0.707107 -0.707107
vn 1.000000 0.000000 0.000000
vn 0.500000 -0.612372 -0.612372
vn -0.500000 -0.612372 -0.612372
vn -1.000000 0.000000 0.000000
vn -0.500000 0.612372 0.612372
vn 0.500000 0.612372 0.612372
vn 0.000000 -0.707107 0.707107
vn 0.000000 0.707107 -0.707107
vn 1.000000 0.000000 0.000000
vn 0.500000 -0.612372 -0.612372
vn -0.500000 -0.612372 -0.612372
vn -1.000000 0.000000 0.000000
vn -0.500000 0.612372 0.612372
vn 0.500000 0.612372 0.612372
vn 0.000000 -0.707107 0.707107
vn 0.000000 0.707107 -0.707107
vn 1.000000 0.000000 0.000000
vn 0.500000 -0.612372 -0.612372
vn -0.500000 -0.612372 -0.612372
vn -1.000000 0.000000 0.000000
vn -0.500000 0.612372 0.612372
vn 0.500000 0.612372 0.612372
vn 0.000000 -0.707107 0.707107
vn 0.000000 0.707107 -0.707107
vn 1.000000 0.000000 0.000000
vn 0.500000 -0.612372 -0.612372
vn -0.500000 -0.612372 -0.612372
vn -1.000000 0.000000 0.000000
vn -0.500000 0.612372 0.612372
vn 0.500000 0.612372 0.612372
vn 0.000000 -0.707107 0.707107
vn 0.000000 0.707107 -0.707107
vn 1.000000 0.000000 0.000000
vn 0.500000 -0.612372 -0.612372
vn -0.500000 -0.612372 -0.612372
vn -1.000000 0.000000 0.000000
vn -0.500000 0.612372 0.612372
vn 0.500000 0.612372 0.612372
vn 0.000000 -0.707107 0.707107
vn 0.000000 0.707107 -0.707107
vn 1.000000 0.000000 0.000000
vn 0.500000 -0.612372 -0.612372
vn -0.500000 -0.612372 -0.612372
vn -1.000000 0.000000 0.000000
vn -0.500000 0.612372 0.612372
vn 0.500000 0.612372 0.612372
vn 0.000000 -0.707107 0.707107
vn 0.000000 0.707107 -0.707107
vn 1.000000 0.000000 0.000000
vn 0.500000 -0.612372 -0.612372
vn -0.500000 -0.612372 -0.612372
vn -1.000000 0.000000 0.000000
vn -0.500000 0.612372 0.612372
vn 0.500000 0.612372 0.612372
vn 0.000000 -0.707107 0.707107
vn 0.000000 0.707107 -0.707107
vn 1.000000 0.000000 0.000000
vn 0.500000 -0.612372 -0.612372
vn -0.500000 -0.612372 -0.612372
vn -1.000000 0.000000 0.000000
vn -0.500000 0.612372 0.612372
vn 0.500000 0.612372 0.612372
vn 0.000000 -0.707107 0.707107
vn 0.000000 0.707107 -0.707107
vn 1.000000 0.000000 0.000000
vn 0.500000 -0.612372 -0.612372
vn -0.500000 -0.612372 -0.612372
vn -1.000000 0.000000 0.000000
vn -0.500000 0.612372 0.612372
vn 0.500000 0.612372 0.612372
vn 0.000000 -0.707107 0.707107
vn 0.000000 0.707107 -0.707107
vn 1.000000 0.000000 0.000000
vn 0.500000 0.612372 -0.612372
vn -0.500000 0.612372 -0.612372
vn -1.000000 0.000000 0.000000
vn -0.500000 -0.612372 0.612372
vn 0.500000 -0.612372 0.612372
vn 0.000000 -0.707107 -0.707107
vn 0.000000 0.707107 0.707107
vn 1.000000 0.000000 0.000000
vn 0.500000 0.612372 -0.612372
vn -0.500000 0.612372 -0.612372
vn -1.000000 0.000000 0.000000
vn -0.500000 -0.612372 0.612372
vn 0.500000 -0.612372 0.612372
vn 0.000000 -0.707107 -0.707107
vn 0.000000 0.707107 0.707107
vn 1.000000 0.000000 0.000000
vn 0.500000 0.612372 -0.612372
vn -0.500000 0.612372 -0.612372
vn -1.000000 0.000000 0.000000
vn -0.500000 -0.612372 0.612372
vn 0.500000 -0.612372 0.612372
vn 0.000000 -0.707107 -0.707107
vn 0.000000 0.707107 0.707107
vn 1.000000 0.000000 0.000000
vn 0.500000 0.612372 -0.612372
vn -0.500000 0.612372 -0.612372
vn -1.000000 0.000000 0.000000
vn -0.500000 -0.612372 0.612372
vn 0.500000 -0.612372 0.612372
vn 0.000000 -0.707107 -0.707107
vn 0.000000 0.707107 0.707107
vn 1.000000 0.000000 0.000000
vn 0.500000 0.612372 -0.612372
vn -0.500000 0.612372 -0.612372
vn -1.000000 0.000000 0.000000
vn -0.500000 -0.612372 0.612372
vn 0.500000 -0.612372 0.612372
vn 0.000000 -0.707107 -0.707107
vn 0.000000 0.707107 0.707107
vn 1.000000 0.000000 0.000000
vn 0.500000 0.612372 -0.612372
vn -0.500000 0.612372 -0.612372
vn -1.000000 0.000000 0.000000
vn -0.500000 -0.612372 0.612372
vn 0.500000 -0.612372 0.612372
vn 0.000000 -0.707107 -0.707107
vn 0.000000 0.707107 0.707107
vn 1.000000 0.000000 0.000000
vn 0.500000 0.612372 -0.612372
vn -0.500000 0.612372 -0.612372
vn -1.000000 0.000000 0.000000
vn -0.500000 -0.612372 0.612372
vn 0.500000 -0.612372 0.612372
vn 0.000000 -0.707107 -0.707107
vn 0.000000 0.707107 0.707107
vn 1.000000 0.000000 0.000000
vn 0.500000 0.612372 -0.612372
vn -0.500000 0.612372 -0.612372
vn -1.000000 0.000000 0.000000
vn -0.500000 -0.612372 0.612372
vn 0.500000 -0.612372 0.612372
vn 0.000000 -0.707107 -0.707107
vn 0.000000 0.707107 0.707107
vn 1.000000 0.000000 0.000000
vn 0.500000 0.612372 -0.612372
vn -0.500000 0.612372 -0.612372
vn -1.000000 0.000000 0.000000
vn -0.500000 -0.612372 0.612372
vn 0.500000 -0.612372 0.612372
vn 0.000000 -0.707107 -0.707107
vn 0.000000 0.707107 0.707107
vn 1.000000 0.000000 0.000000
vn 0.500000 0.612372 -0.612372
vn -0.500000 0.612372 -0.612372
vn -1.000000 0.000000 0.000000
vn -0.500000 -0.612372 0.612372
vn 0.500000 -0.612372 0.612372
vn 0.000000 -0.707107 -0.707107
vn 0.000000 0.707107 0.707107
vn 1.000000 0.000000 0.000000
vn 0.500000 0.612372 -0.612372
vn -0.500000 0.612372 -0.612372
vn -1.000000 0.000000 0.000000
vn -0.500000 -0.612372 0.612372
vn 0.500000 -0.612372 0.612372
vn 0.000000 -0.707107 -0.707107
vn 0.000000 0.707107 0.707107
vn 1.000000 0.000000 0.000000
vn 0.500000 0.612372 -0.612372
vn -0.500000 0.612372 -0.612372
vn -1.000000 0.000000 0.000000
vn -0.500000 -0.612372 0.612372
vn 0.500000 -0.612372 0.612372
vn 0.000000 -0.707107 -0.707107
vn 0.000000 0.707107 0.707107
vn 1.000000 0.000000 0.000000
vn 0.500000 -0.612372 -0.612372
vn -0.500000 -0.612372 -0.612372
vn -1.000000 0.000000 0.000000
vn -0.500000 0.612372 0.612372
vn 0.500000 0.612372 0.612372
vn 0.000000 -0.707107 0.707107
vn 0.000000 0.707107 -0.707107
vn 1.000000 0.000000 0.000000
vn 0.500000 -0.612372 -0.612372
vn -0.500000 -0.612372 -0.612372
vn -1.000000 0.000000 0.000000
vn -0.500000 0.612372 0.612372
vn 0.500000 0.612372 0.612372
vn 0.000000 -0.707107 0.707107
vn 0.000000 0.707107 -0.707107
vn 1.000000 0.000000 0.000000
vn 0.500000 -0.612372 -0.612372
vn -0.500000 -0.612372 -0.612372
vn -1.000000 0.000000 0.000000
vn -0.500000 0.612372 0.612372
vn 0.500000 0.612372 0.612372
vn 0.000000 -0.707107 0.707107
vn 0.000000 0.707107 -0.707107
vn 1.000000 0.000000 0.000000
vn 0.500000 -0.612372 -0.612372
vn -0.500000 -0.612372 -0.612372
vn -1.000000 0.000000 0.000000
vn -0.500000 0.612372 0.612372
vn 0.500000 0.612372 0.612372
vn 0.000000 -0.707107 0.707107
vn 0.000000 0.707107 -0.707107
vn 1.000000 0.000000 0.000000
vn 0.500000 -0.612372 -0.612372
vn -0.500000 -0.612372 -0.612372
vn -1.000000 0.000000 0.000000
vn -0.500000 0.612372 0.612372
vn 0.500000 0.612372 0.612372
vn 0.000000 -0.707107 0.707107
vn 0.000000 0.707107 -0.707107
vn 1.000000 0.000000 0.000000
vn 0.500000 -0.612372 -0.612372
vn -0.500000 -0.612372 -0.612372
vn -1.000000 0.000000 0.000000
vn -0.500000 0.612372 0.612372
vn 0.500000 0.612372 0.612372
vn 0.000000 -0.707107 0.707107
vn 0.000000 0.707107 -0.707107
vn 1.000000 0.000000 0.000000
vn 0.500000 -0.612372 -0.612372
vn -0.500000 -0.612372 -0.612372
vn -1.000000 0.000000 0.000000
vn -0.500000 0.612372 0.612372
vn 0.500000 0.612372 0.612372
vn 0.000000 -0.707107 0.707107
vn 0.000000 0.707107 -0.707107
vn 1.000000 0.000000 0.000000
vn 0.500000 -0.612372 -0.612372
vn -0.500000 -0.612372 -0.612372
vn -1.000000 0.000000 0.000000
vn -0.500000 0.612372 0.612372
vn 0.500000 0.612372 0.612372
vn 0.000000 -0.707107 0.707107
vn 0.000000 0.707107 -0.707107
vn 1.000000 0.000000 0.000000
vn 0.500000 -0.612372 -0.612372
vn -0.500000 -0.612372 -0.612372
vn -1.000000 0.000000 0.000000
vn -0.500000 0.612372 0.612372
vn 0.500000 0.612372 0.612372
vn 0.000000 -0.707107 0.707107
vn 0.000000 0.707107 -0.707107
vn 1.000000 0.000000 0.000000
vn 0.500000 -0.612372 -0.612372
vn -0.500000 -0.612372 -0.612372
vn -1.000000 0.000000 0.000000
vn -0.500000 0.612372 0.612372
vn 0.500000 0.612372 0.612372
vn 0.000000 -0.707107 0.707107
vn 0.000000 0.707107 -0.707107
vn 1.000000 0.000000 0.000000
vn 0.500000 -0.612372 -0.612372
vn -0.500000 -0.612372 -0.612372
vn -1.000000 0.000000 0.000000
vn -0.500000 0.612372 0.612372
vn 0.500000 0.612372 0.612372
vn 0.000000 -0.707107 0.707107
vn 0.000000 0.707107 -0.707107
vn 1.000000 0.000000 0.000000
vn 0.500000 -0.612372 -0.612372
vn -0.500000 -0.612372 -0.612372
vn -1.000000 0.000000 0.000000
vn -0.500000 0.612372 0.612372
vn 0.500000 0.612372 0.612372
vn 0.000000 -0.707107 0.707107
vn 0.000000 0.707107 -0.707107
vn 0.707107 -0.707107 0.000000
vn 0.353553 -0.353553 -0.866025
vn -0.353553 0.353553 -0.866025
vn -0.707107 0.707107 0.000000
vn -0.353553 0.353553 0.866025
vn 0.353553 -0.353553 0.866025
vn -0.707107 -0.707107 0.000000
vn 0.707107 0.707107 0.000000
vn 0.707107 -0.707107 0.000000
vn 0.353553 -0.353553 -0.866025
vn -0.353553 0.353553 -0.866025
vn -0.707107 0.707107 0.000000
vn -0.353553 0.353553 0.866025
vn 0.353553 -0.353553 0.866025
vn -0.707107 -0.707107 0.000000
vn 0.707107 0.707107 0.000000
vn 0.707107 -0.707107 0.000000
vn 0.353553 -0.353553 -0.866025
vn -0.353553 0.353553 -0.866025
vn -0.707107 0.707107 0.000000
vn -0.353553 0.353553 0.866025
vn 0.353553 -0.353553 0.866025
vn -0.707107 -0.707107 0.000000
vn 0.707107 0.707107 0.000000
vn 0.707107 -0.707107 0.000000
vn 0.353553 -0.353553 -0.866025
vn -0.353553 0.353553 -0.866025
vn -0.707107 0.707107 0.000000
vn -0.353553 0.353553 0.866025
vn 0.353553 -0.353553 0.866025
vn -0.707107 -0.707107 0.000000
vn 0.707107 0.707107 0.000000
vn 0.707107 -0.707107 0.000000
vn 0.353553 -0.353553 -0.866025
vn -0.353553 0.353553 -0.866025
vn -0.707107 0.707107 0.000000
vn -0.353553 0.353553 0.866025
vn 0.353553 -0.353553 0.866025
vn -0.707107 -0.707107 0.000000
vn 0.707107 0.707107 0.000000
vn 0.707107 -0.707107 0.000000
vn 0.353553 -0.353553 -0.866025
vn -0.353553 0.353553 -0.866025
vn -0.707107 0.707107 0.000000
vn -0.353553 0.353553 0.866025
vn 0.353553 -0.353553 0.866025
vn -0.707107 -0.707107 0.000000
vn 0.707107 0.707107 0.000000
vn 0.707107 -0.707107 0.000000
vn 0.353553 -0.353553 -0.866025
vn -0.353553 0.353553 -0.866025
vn -0.707107 0.707107 0.000000
vn -0.353553 0.353553 0.866025
vn 0.353553 -0.353553 0.866025
vn -0.707107 -0.707107 0.000000
vn 0.707107 0.707107 0.000000
vn 0.707107 -0.707107 0.000000
vn 0.353553 -0.353553 -0.866025
vn -0.353553 0.353553 -0.866025
vn -0.707107 0.707107 0.000000
vn -0.353553 0.353553 0.866025
vn 0.353553 -0.353553 0.866025
vn -0.707107 -0.707107 0.000000
vn 0.707107 0.707107 0.000000
vn 0.707107 -0.707107 0.000000
vn 0.353553 -0.353553 -0.866025
vn -0.353553 0.353553 -0.866025
vn -0.707107 0.707107 0.000000
vn -0.353553 0.353553 0.866025
vn 0.353553 -0.353553 0.866025
vn -0.707107 -0.707107 0.000000
vn 0.707107 0.707107 0.000000
vn 0.707107 -0.707107 0.000000
vn 0.353553 -0.353553 -0.866025
vn -0.353553 0.353553 -0.866025
vn -0.707107 0.707107 0.000000
vn -0.353553 0.353553 0.866025
vn 0.353553 -0.353553 0.866025
vn -0.707107 -0.707107 0.000000
vn 0.707107 0.707107 0.000000
vn 0.707107 -0.707107 0.000000
vn 0.353553 -0.353553 -0.866025
vn -0.353553 0.353553 -0.866025
vn -0.707107 0.707107 0.000000
vn -0.353553 0.353553 0.866025
vn 0.353553 -0.353553 0.866025
vn -0.707107 -0.707107 0.000000
vn 0.707107 0.707107 0.000000
vn 0.707107 -0.707107 0.000000
vn 0.353553 -0.353553 -0.866025
vn -0.353553 0.353553 -0.866025
vn -0.707107 0.707107 0.000000
vn -0.353553 0.353553 0.866025
vn 0.353553 -0.353553 0.866025
vn -0.707107 -0.707107 0.000000
vn 0.707107 0.707107 0.000000
vn 0.707107 -0.707107 0.000000
vn 0.353553 -0.353553 -0.866025
vn -0.353553 0.353553 -0.866025
vn -0.707107 0.707107 0.000000
vn -0.353553 0.353553 0.866025
vn 0.353553 -0.353553 0.866025
vn -0.707107 -0.707107 0.000000
vn 0.707107 0.707107 0.000000
vn 0.707107 -0.707107 0.000000
vn 0.353553 -0.353553 -0.866025
vn -0.353553 0.353553 -0.866025
vn -0.707107 0.707107 0.000000
vn -0.353553 0.353553 0.866025
vn 0.353553 -0.353553 0.866025
vn -0.707107 -0.707107 0.000000
vn 0.707107 0.707107 0.000000
vn -0.707107 -0.707107 0.000000
vn -0.353553 -0.353553 -0.866025
vn 0.353553 0.353553 -0.866025
vn 0.707107 0.707107 0.000000
vn 0.353553 0.353553 0.866025
vn -0.353553 -0.353553 0.866025
vn -0.707107 0.707107 0.000000
vn 0.707107 -0.707107 0.000000
vn -0.707107 -0.707107 0.000000
vn -0.353553 -0.353553 -0.866025
vn 0.353553 0.353553 -0.866025
vn 0.707107 0.707107 0.000000
vn 0.353553 0.353553 0.866025
vn -0.353553 -0.353553 0.866025
vn -0.707107 0.707107 0.000000
vn 0.707107 -0.707107 0.000000
vn -0.707107 -0.707107 0.000000
vn -0.353553 -0.353553 -0.866025
vn 0.353553 0.353553 -0.866025
vn 0.707107 0.707107 0.000000
vn 0.353553 0.353553 0.866025
vn -0.353553 -0.353553 0.866025
vn -0.707107 0.707107 0.000000
vn 0.707107 -0.707107 0.000000
vn -0.707107 -0.707107 0.000000
vn -0.353553 -0.353553 -0.866025
vn 0.353553 0.353553 -0.866025
vn 0.707107 0.707107 0.000000
vn 0.353553 0.353553 0.866025
vn -0.353553 -0.353553 0.866025
vn -0.707107 0.707107 0.000000
vn 0.707107 -0.707107 0.000000
vn -0.707107 -0.707107 0.000000
vn -0.353553 -0.353553 -0.866025
vn 0.353553 0.353553 -0.866025
vn 0.707107 0.707107 0.000000
vn 0.353553 0.353553 0.866025
vn -0.353553 -0.353553 0.866025
vn -0.707107 0.707107 0.000000
vn 0.707107 -0.707107 0.000000
vn -0.707107 -0.707107 0.000000
vn -0.353553 -0.353553 -0.866025
vn 0.353553 0.353553 -0.866025
vn 0.707107 0.707107 0.000000
vn 0.353553 0.353553 0.866025
vn -0.353553 -0.353553 0.866025
vn -0.707107 0.707107 0.000000
vn 0.707107 -0.707107 0.000000
vn -0.707107 -0.707107 0.000000
vn -0.353553 -0.353553 -0.866025
vn 0.353553 0.353553 -0.866025
vn 0.707107 0.707107 0.000000
vn 0.353553 0.353553 0.866025
vn -0.353553 -0.353553 0.866025
vn -0.707107 0.707107 0.000000
vn 0.707107 -0.707107 0.000000
vn -0.707107 -0.707107 0.000000
vn -0.353553 -0.353553 -0.866025
vn 0.353553 0.353553 -0.866025
vn 0.707107 0.707107 0.000000
vn 0.353553 0.353553 0.866025
vn -0.353553 -0.353553 0.866025
vn -0.707107 0.707107 0.000000
vn 0.707107 -0.707107 0.000000
vn -0.707107 -0.707107 0.000000
vn -0.353553 -0.353553 -0.866025
vn 0.353553 0.353553 -0.866025
vn 0.707107 0.707107 0.000000
vn 0.353553 0.353553 0.866025
vn -0.353553 -0.353553 0.866025
vn -0.707107 0.707107 0.000000
vn 0.707107 -0.707107 0.000000
vn -0.707107 -0.707107 0.000000
vn -0.353553 -0.353553 -0.866025
vn 0.353553 0.353553 -0.866025
vn 0.707107 0.707107 0.000000
vn 0.353553 0.353553 0.866025
vn -0.353553 -0.353553 0.866025
vn -0.707107 0.707107 0.000000
vn 0.707107 -0.707107 0.000000
vn -0.707107 -0.707107 0.000000
vn -0.353553 -0.353553 -0.866025
vn 0.353553 0.353553 -0.866025
vn 0.707107 0.707107 0.000000
vn 0.353553 0.353553 0.866025
vn -0.353553 -0.353553 0.866025
vn -0.707107 0.707107 0.000000
vn 0.707107 -0.707107 0.000000
vn -0.707107 -0.707107 0.000000
vn -0.353553 -0.353553 -0.866025
vn 0.353553 0.353553 -0.866025
vn 0.707107 0.707107 0.000000
vn 0.353553 0.353553 0.866025
vn -0.353553 -0.353553 0.866025
vn -0.707107 0.707107 0.000000
vn 0.707107 -0.707107 0.000000
vn -0.707107 -0.707107 0.000000
vn -0.353553 -0.353553 -0.866025
vn 0.353553 0.353553 -0.866025
vn 0.707107 0.707107 0.000000
vn 0.353553 0.353553 0.866025
vn -0.353553 -0.353553 0.866025
vn -0.707107 0.707107 0.000000
vn 0.707107 -0.707107 0.000000
vn -0.707107 -0.707107 0.000000
vn -0.353553 -0.353553 -0.866025
vn 0.353553 0.353553 -0.866025
vn 0.707107 0.707107 0.000000
vn 0.353553 0.353553 0.866025
vn -0.353553 -0.353553 0.866025
vn -0.707107 0.707107 0.000000
vn 0.707107 -0.707107 0.000000
f 1//1 3//2 4//2
f 1//1 4//2 2//1
f 13//7 3//7 1//7
f 14//8 2//8 4//8
f 3//2 5//3 6//3
f 3//2 6//3 4//2
f 13//7 5//7 3//7
f 14//8 4//8 6//8
f 5//3 7//4 8//4
f 5//3 8//4 6//3
f 13//7 7//7 5//7
f 14//8 6//8 8//8
f 7//4 9//5 10//5
f 7//4 10//5 8//4
f 13//7 9//7 7//7
f 14//8 8//8 10//8
f 9//5 11//6 12//6
f 9//5 12//6 10//5
f 13//7 11//7 9//7
f 14//8 10//8 12//8
f 11//6 1//1 2//1
f 11//6 2//1 12//6
f 13//7 1//7 11//7
f 14//8 12//8 2//8
f 15//9 17//10 18//10
f 15//9 18//10 16//9
f 27//15 17//15 15//15
f 28//16 16//16 18//16
f 17//10 19//11 20//11
f 17//10 20//11 18//10
f 27//15 19//15 17//15
f 28//16 18//16 20//16
f 19//11 21//12 22//12
f 19//11 22//12 20//11
f 27//15 21//15 19//15
f 28//16 20//16 22//16
f 21//12 23//13 24//13
f 21//12 24//13 22//12
f 27//15 23//15 21//15
f 28//16 22//16 24//16
f 23//13 25//14 26//14
f 23//13 26//14 24//13
f 27//15 25//15 23//15
f 28//16 24//16 26//16
f 25//14 15//9 16//9
f 25//14 16//9 26//14
f 27//15 15//15 25//15
f 28//16 26//16 16//16
f 29//17 31//18 32//18
f 29//17 32//18 30//17
f 41//23 31//23 29//23
f 42//24 30//24 32//24
f 31//18 33//19 34//19
f 31//18 34//19 32//18
f 41//23 33//23 31//23
f 42//24 32//24 34//24
f 33//19 35//20 36//20
f 33//19 36//20 34//19
f 41//23 35//23 33//23
f 42//24 34//24 36//24
f 35//20 37//21 38//21
f 35//20 38//21 36//20
f 41//23 37//23 35//23
f 42//24 36//24 38//24
f 37//21 39//22 40//22
f 37//21 40//22 38//21
f 41//23 39//23 37//23
f 42//24 38//24 40//24
f 39//22 29//17 30//17
f 39//22 30//17 40//22
f 41//23 29//23 39//23
f 42//24 40//24 30//24
f 43//25 45//26 46//26
f 43//25 46//26 44//25
f 55//31 45//31 43//31
f 56//32 44//32 46//32
f 45//26 47//27 48//27
f 45//26 48//27 46//26
f 55//31 47//31 45//31
f 56//32 46//32 48//32
f 47//27 49//28 50//28
f 47//27 50//28 48//27
f 55//31 49//31 47//31
f 56//32 48//32 50//32
f 49//28 51//29 52//29
f 49//28 52//29 50//28
f 55//31 51//31 49//31
f 56//32 50//32 52//32
f 51//29 53//30 54//30
f 51//29 54//30 52//29
f 55//31 53//31 51//31
f 56//32 52//32 54//32
f 53//30 43//25 44//25
f 53//30 44//25 54//30
f 55//31 43//31 53//31
f 56//32 54//32 44//32
f 57//33 59//34 60//34
f 57//33 60//34 58//33
f 69//39 59//39 57//39
f 70//40 58//40 60//40
f 59//34 61//35 62//35
f 59//34 62//35 60//34
f 69//39 61//39 59//39
f 70//40 60//40 62//40
f 61//35 63//36 64//36
f 61//35 64//36 62//35
f 69//39 63//39 61//39
f 70//40 62//40 64//40
f 63//36 65//37 66//37
f 63//36 66//37 64//36
f 69//39 65//39 63//39
f 70//40 64//40 66//40
f 65//37 67//38 68//38
f 65//37 68//38 66//37
f 69//39 67//39 65//39
f 70//40 66//40 68//40
f 67//38 57//33 58//33
f 67//38 58//33 68//38
f 69//39 57//39 67//39
f 70//40 68//40 58//40
f 71//41 73//42 74//42
f 71//41 74//42 72//41
f 83//47 73//47 71//47
f 84//48 72//48 74//48
f 73//42 75//43 76//43
f 73//42 76//43 74//42
f 83//47 75//47 73//47
f 84//48 74//48 76//48
f 75//43 77//44 78//44
f 75//43 78//44 76//43
f 83//47 77//47 75//47
f 84//48 76//48 78//48
f 77//44 79//45 80//45
f 77//44 80//45 78//44
f 83//47 79//47 77//47
f 84//48 78//48 80//48
f 79//45 81//46 82//46
f 79//45 82//46 80//45
f 83//47 81//47 79//47
f 84//48 80//48 82//48
f 81//46 71//41 72//41
f 81//46 72//41 82//46
f 83//47 71//47 81//47
f 84//48 82//48 72//48
f 85//49 87//50 88//50
f 85//49 88//50 86//49
f 97//55 87//55 85//55
f 98//56 86//56 88//56
f 87//50 89//51 90//51
f 87//50 90//51 88//50
f 97//55 89//55 87//55
f 98//56 88//56 90//56
f 89//51 91//52 92//52
f 89//51 92//52 90//51
f 97//55 91//55 89//55
f 98//56 90//56 92//56
f 91//52 93//53 94//53
f 91//52 94//53 92//52
f 97//55 93//55 91//55
f 98//56 92//56 94//56
f 93//53 95//54 96//54
f 93//53 96//54 94//53
f 97//55 95//55 93//55
f 98//56 94//56 96//56
f 95//54 85//49 86//49
f 95//54 86//49 96//54
f 97//55 85//55 95//55
f 98//56 96//56 86//56
f 99//57 101//58 102//58
f 99//57 102//58 100//57
f 111//63 101//63 99//63
f 112//64 100//64 102//64
f 101//58 103//59 104//59
f 101//58 104//59 102//58
f 111//63 103//63 101//63
f 112//64 102//64 104//64
f 103//59 105//60 106//60
f 103//59 106//60 104//59
f 111//63 105//63 103//63
f 112//64 104//64 106//64
f 105//60 107//61 108//61
f 105//60 108//61 106//60
f 111//63 107//63 105//63
f 112//64 106//64 108//64
f 107//61 109//62 110//62
f 107//61 110//62 108//61
f 111//63 109//63 107//63
f 112//64 108//64 110//64
f 109//62 99//57 100//57
f 109//62 100//57 110//62
f 111//63 99//63 109//63
f 112//64 110//64 100//64
f 113//65 115//66 116//66
f 113//65 116//66 114//65
f 125//71 115//71 113//71
f 126//72 114//72 116//72
f 115//66 117//67 118//67
f 115//66 118//67 116//66
f 125//71 117//71 115//71
f 126//72 116//72 118//72
f 117//67 119//68 120//68
f 117//67 120//68 118//67
f 125//71 119//71 117//71
f 126//72 118//72 120//72
f 119//68 121//69 122//69
f 119//68 122//69 120//68
f 125//71 121//71 119//71
f 126//72 120//72 122//72
f 121//69 123//70 124//70
f 121//69 124//70 122//69
f 125//71 123//71 121//71
f 126//72 122//72 124//72
f 123//70 113//65 114//65
f 123//70 114//65 124//70
f 125//71 113//71 123//71
f 126//72 124//72 114//72
f 127//73 129//74 130//74
f 127//73 130//74 128//73
f 139//79 129//79 127//79
f 140//80 128//80 130//80
f 129//74 131//75 132//75
f 129//74 132//75 130//74
f 139//79 131//79 129//79
f 140//80 130//80 132//80
f 131//75 133//76 134//76
f 131//75 134//76 132//75
f 139//79 133//79 131//79
f 140//80 132//80 134//80
f 133//76 135//77 136//77
f 133//76 136//77 134//76
f 139//79 135//79 133//79
f 140//80 134//80 136//80
f 135//77 137//78 138//78
f 135//77 138//78 136//77
f 139//79 137//79 135//79
f 140//80 136//80 138//80
f 137//78 127//73 128//73
f 137//78 128//73 138//78
f 139//79 127//79 137//79
f 140//80 138//80 128//80
f 141//81 143//82 144//82
f 141//81 144//82 142//81
f 153//87 143//87 141//87
f 154//88 142//88 144//88
f 143//82 145//83 146//83
f 143//82 146//83 144//82
f 153//87 145//87 143//87
f 154//88 144//88 146//88
f 145//83 147//84 148//84
f 145//83 148//84 146//83
f 153//87 147//87 145//87
f 154//88 146//88 148//88
f 147//84 149//85 150//85
f 147//84 150//85 148//84
f 153//87 149//87 147//87
f 154//88 148//88 150//88
f 149//85 151//86 152//86
f 149//85 152//86 150//85
f 153//87 151//87 149//87
f 154//88 150//88 152//88
f 151//86 141//81 142//81
f 151//86 142//81 152//86
f 153//87 141//87 151//87
f 154//88 152//88 142//88
f 155//89 157//90 158//90
f 155//89 158//90 156//89
f 167//95 157//95 155//95
f 168//96 156//96 158//96
f 157//90 159//91 160//91
f 157//90 160//91 158//90
f 167//95 159//95 157//95
f 168//96 158//96 160//96
f 159//91 161//92 162//92
f 159//91 162//92 160//91
f 167//95 161//95 159//95
f 168//96 160//96 162//96
f 161//92 163//93 164//93
f 161//92 164//93 162//92
f 167//95 163//95 161//95
f 168//96 162//96 164//96
f 163//93 165//94 166//94
f 163//93 166//94 164//93
f 167//95 165//95 163//95
f 168//96 164//96 166//96
f 165//94 155//89 156//89
f 165//94 156//89 166//94
f 167//95 155//95 165//95
f 168//96 166//96 156//96
f 169//97 171//98 172//98
f 169//97 172//98 170//97
f 181//103 171//103 169//103
f 182//104 170//104 172//104
f 171//98 173//99 174//99
f 171//98 174//99 172//98
f 181//103 173//103 171//103
f 182//104 172//104 174//104
f 173//99 175//100 176//100
f 173//99 176//100 174//99
f 181//103 175//103 173//103
f 182//104 174//104 176//104
f 175//100 177//101 178//101
f 175//100 178//101 176//100
f 181//103 177//103 175//103
f 182//104 176//104 178//104
f 177//101 179//102 180//102
f 177//101 180//102 178//101
f 181//103 179//103 177//103
f 182//104 178//104 180//104
f 179//102 169//97 170//97
f 179//102 170//97 180//102
f 181//103 169//103 179//103
f 182//104 180//104 170//104
f 183//105 185//106 186//106
f 183//105 186//106 184//105
f 195//111 185//111 183//111
f 196//112 184//112 186//112
f 185//106 187//107 188//107
f 185//106 188//107 186//106
f 195//111 187//111 185//111
f 196//112 186//112 188//112
f 187//107 189//108 190//108
f 187//107 190//108 188//107
f 195//111 189//111 187//111
f 196//112 188//112 190//112
f 189//108 191//109 192//109
f 189//108 192//109 190//108
f 195//111 191//111 189//111
f 196//112 190//112 192//112
f 191//109 193//110 194//110
f 191//109 194//110 192//109
f 195//111 193//111 191//111
f 196//112 192//112 194//112
f 193//110 183//105 184//105
f 193//110 184//105 194//110
f 195//111 183//111 193//111
f 196//112 194//112 184//112
f 197//113 199//114 200//114
f 197//113 200//114 198//113
f 209//119 199//119 197//119
f 210//120 198//120 200//120
f 199//114 201//115 202//115
f 199//114 202//115 200//114
f 209//119 201//119 199//119
f 210//120 200//120 202//120
f 201//115 203//116 204//116
f 201//115 204//116 202//115
f 209//119 203//119 201//119
f 210//120 202//120 204//120
f 203//116 205//117 206//117
f 203//116 206//117 204//116
f 209//119 205//119 203//119
f 210//120 204//120 206//120
f 205//117 207//118 208//118
f 205//117 208//118 206//117
f 209//119 207//119 205//119
f 210//120 206//120 208//120
f 207//118 197//113 198//113
f 207//118 198//113 208//118
f 209//119 197//119 207//119
f 210//120 208//120 198//120
f 211//121 213//122 214//122
f 211//121 214//122 212//121
f 223//127 213//127 211//127
f 224//128 212//128 214//128
f 213//122 215//123 216//123
f 213//122 216//123 214//122
f 223//127 215//127 213//127
f 224//128 214//128 216//128
f 215//123 217//124 218//124
f 215//123 218//124 216//123
f 223//127 217//127 215//127
f 224//128 216//128 218//128
f 217//124 219//125 220//125
f 217//124 220//125 218//124
f 223//127 219//127 217//127
f 224//128 218//128 220//128
f 219//125 221//126 222//126
f 219//125 222//126 220//125
f 223//127 221//127 219//127
f 224//128 220//128 222//128
f 221//126 211//121 212//121
f 221//126 212//121 222//126
f 223//127 211//127 221//127
f 224//128 222//128 212//128
f 225//129 227//130 228//130
f 225//129 228//130 226//129
f 237//135 227//135 225//135
f 238//136 226//136 228//136
f 227//130 229//131 230//131
f 227//130 230//131 228//130
f 237//135 229//135 227//135
f 238//136 228//136 230//136
f 229//131 231//132 232//132
f 229//131 232//132 230//131
f 237//135 231//135 229//135
f 238//136 230//136 232//136
f 231//132 233//133 234//133
f 231//132 234//133 232//132
f 237//135 233//135 231//135
f 238//136 232//136 234//136
f 233//133 235//134 236//134
f 233//133 236//134 234//133
f 237//135 235//135 233//135
f 238//136 234//136 236//136
f 235//134 225//129 226//129
f 235//134 226//129 236//134
f 237//135 225//135 235//135
f 238//136 236//136 226//136
f 239//137 241//138 242//138
f 239//137 242//138 240//137
f 251//143 241//143 239//143
f 252//144 240//144 242//144
f 241//138 243//139 244//139
f 241//138 244//139 242//138
f 251//143 243//143 241//143
f 252//144 242//144 244//144
f 243//139 245//140 246//140
f 243//139 246//140 244//139
f 251//143 245//143 243//143
f 252//144 244//144 246//144
f 245//140 247//141 248//141
f 245//140 248//141 246//140
f 251//143 247//143 245//143
f 252//144 246//144 248//144
f 247//141 249//142 250//142
f 247//141 250//142 248//141
f 251//143 249//143 247//143
f 252//144 248//144 250//144
f 249//142 239//137 240//137
f 249//142 240//137 250//142
f 251//143 239//143 249//143
f 252//144 250//144 240//144
f 253//145 255//146 256//146
f 253//145 256//146 254//145
f 265//151 255//151 253//151
f 266//152 254//152 256//152
f 255//146 257//147 258//147
f 255//146 258//147 256//146
f 265//151 257//151 255//151
f 266//152 256//152 258//152
f 257//147 259//148 260//148
f 257//147 260//148 258//147
f 265//151 259//151 257//151
f 266//152 258//152 260//152
f 259//148 261//149 262//149
f 259//148 262//149 260//148
f 265//151 261//151 259//151
f 266//152 260//152 262//152
f 261//149 263//150 264//150
f 261//149 264//150 262//149
f 265//151 263//151 261//151
f 266//152 262//152 264//152
f 263//150 253//145 254//145
f 263//150 254//145 264//150
f 265//151 253//151 263//151
f 266//152 264//152 254//152
f 267//153 269//154 270//154
f 267//153 270//154 268//153
f 279//159 269//159 267//159
f 280//160 268//160 270//160
f 269//154 271//155 272//155
f 269//154 272//155 270//154
f 279//159 271//159 269//159
f 280//160 270//160 272//160
f 271//155 273//156 274//156
f 271//155 274//156 272//155
f 279//159 273//159 271//159
f 280//160 272//160 274//160
f 273//156 275//157 276//157
f 273//156 276//157 274//156
f 279//159 275//159 273//159
f 280//160 274//160 276//160
f 275//157 277//158 278//158
f 275//157 278//158 276//157
f 279//159 277//159 275//159
f 280//160 276//160 278//160
f 277//158 267//153 268//153
f 277//158 268//153 278//158
f 279//159 267//159 277//159
f 280//160 278//160 268//160
f 281//161 283//162 284//162
f 281//161 284//162 282//161
f 293//167 283//167 281//167
f 294//168 282//168 284//168
f 283//162 285//163 286//163
f 283//162 286//163 284//162
f 293//167 285//167 283//167
f 294//168 284//168 286//168
f 285//163 287//164 288//164
f 285//163 288//164 286//163
f 293//167 287//167 285//167
f 294//168 286//168 288//168
f 287//164 289//165 290//165
f 287//164 290//165 288//164
f 293//167 289//167 287//167
f 294//168 288//168 290//168
f 289//165 291//166 292//166
f 289//165 292//166 290//165
f 293//167 291//167 289//167
f 294//168 290//168 292//168
f 291//166 281//161 282//161
f 291//166 282//161 292//166
f 293//167 281//167 291//167
f 294//168 292//168 282//168
f 295//169 297//170 298//170
f 295//169 298//170 296//169
f 307//175 297//175 295//175
f 308//176 296//176 298//176
f 297//170 299//171 300//171
f 297//170 300//171 298//170
f 307//175 299//175 297//175
f 308//176 298//176 300//176
f 299//171 301//172 302//172
f 299//171 302//172 300//171
f 307//175 301//175 299//175
f 308//176 300//176 302//176
f 301//172 303//173 304//173
f 301//172 304//173 302//172
f 307//175 303//175 301//175
f 308//176 302//176 304//176
f 303//173 305//174 306//174
f 303//173 306//174 304//173
f 307//175 305//175 303//175
f 308//176 304//176 306//176
f 305//174 295//169 296//169
f 305//174 296//169 306//174
f 307//175 295//175 305//175
f 308//176 306//176 296//176
f 309//177 311//178 312//178
f 309//177 312//178 310//177
f 321//183 311//183 309//183
f 322//184 310//184 312//184
f 311//178 313//179 314//179
f 311//178 314//179 312//178
f 321//183 313//183 311//183
f 322//184 312//184 314//184
f 313//179 315//180 316//180
f 313//179 316//180 314//179
f 321//183 315//183 313//183
f 322//184 314//184 316//184
f 315//180 317//181 318//181
f 315//180 318//181 316//180
f 321//183 317//183 315//183
f 322//184 316//184 318//184
f 317//181 319//182 320//182
f 317//181 320//182 318//181
f 321//183 319//183 317//183
f 322//184 318//184 320//184
f 319//182 309//177 310//177
f 319//182 310//177 320//182
f 321//183 309//183 319//183
f 322//184 320//184 310//184
f 323//185 325//186 326//186
f 323//185 326//186 324//185
f 335//191 325//191 323//191
f 336//192 324//192 326//192
f 325//186 327//187 328//187
f 325//186 328//187 326//186
f 335//191 327//191 325//191
f 336//192 326//192 328//192
f 327//187 329//188 330//188
f 327//187 330//188 328//187
f 335//191 329//191 327//191
f 336//192 328//192 330//192
f 329//188 331//189 332//189
f 329//188 332//189 330//188
f 335//191 331//191 329//191
f 336//192 330//192 332//192
f 331//189 333//190 334//190
f 331//189 334//190 332//189
f 335//191 333//191 331//191
f 336//192 332//192 334//192
f 333//190 323//185 324//185
f 333//190 324//185 334//190
f 335//191 323//191 333//191
f 336//192 334//192 324//192
f 337//193 339//194 340//194
f 337//193 340//194 338//193
f 349//199 339//199 337//199
f 350//200 338//200 340//200
f 339//194 341//195 342//195
f 339//194 342//195 340//194
f 349//199 341//199 339//199
f 350//200 340//200 342//200
f 341//195 343//196 344//196
f 341//195 344//196 342//195
f 349//199 343//199 341//199
f 350//200 342//200 344//200
f 343//196 345//197 346//197
f 343//196 346//197 344//196
f 349//199 345//199 343//199
f 350//200 344//200 346//200
f 345//197 347//198 348//198
f 345//197 348//198 346//197
f 349//199 347//199 345//199
f 350//200 346//200 348//200
f 347//198 337//193 338//193
f 347//198 338//193 348//198
f 349//199 337//199 347//199
f 350//200 348//200 338//200
f 351//201 353//202 354//202
f 351//201 354//202 352//201
f 363//207 353//207 351//207
f 364//208 352//208 354//208
f 353//202 355//203 356//203
f 353//202 356//203 354//202
f 363//207 355//207 353//207
f 364//208 354//208 356//208
f 355//203 357//204 358//204
f 355//203 358//204 356//203
f 363//207 357//207 355//207
f 364//208 356//208 358//208
f 357//204 359//205 360//205
f 357//204 360//205 358//204
f 363//207 359//207 357//207
f 364//208 358//208 360//208
f 359//205 361//206 362//206
f 359//205 362//206 360//205
f 363//207 361//207 359//207
f 364//208 360//208 362//208
f 361//206 351//201 352//201
f 361//206 352//201 362//206
f 363//207 351//207 361//207
f 364//208 362//208 352//208
f 365//209 367//210 368//210
f 365//209 368//210 366//209
f 377//215 367//215 365//215
f 378//216 366//216 368//216
f 367//210 369//211 370//211
f 367//210 370//211 368//210
f 377//215 369//215 367//215
f 378//216 368//216 370//216
f 369//211 371//212 372//212
f 369//211 372//212 370//211
f 377//215 371//215 369//215
f 378//216 370//216 372//216
f 371//212 373//213 374//213
f 371//212 374//213 372//212
f 377//215 373//215 371//215
f 378//216 372//216 374//216
f 373//213 375//214 376//214
f 373//213 376//214 374//213
f 377//215 375//215 373//215
f 378//216 374//216 376//216
f 375//214 365//209 366//209
f 375//214 366//209 376//214
f 377//215 365//215 375//215
f 378//216 376//216 366//216
f 379//217 381//218 382//218
f 379//217 382//218 380//217
f 391//223 381//223 379//223
f 392//224 380//224 382//224
f 381//218 383//219 384//219
f 381//218 384//219 382//218
f 391//223 383//223 381//223
f 392//224 382//224 384//224
f 383//219 385//220 386//220
f 383//219 386//220 384//219
f 391//223 385//223 383//223
f 392//224 384//224 386//224
f 385//220 387//221 388//221
f 385//220 388//221 386//220
f 391//223 387//223 385//223
f 392//224 386//224 388//224
f 387//221 389//222 390//222
f 387//221 390//222 388//221
f 391//223 389//223 387//223
f 392//224 388//224 390//224
f 389//222 379//217 380//217
f 389//222 380//217 390//222
f 391//223 379//223 389//223
f 392//224 390//224 380//224
f 393//225 395//226 396//226
f 393//225 396//226 394//225
f 405//231 395//231 393//231
f 406//232 394//232 396//232
f 395//226 397//227 398//227
f 395//226 398//227 396//226
f 405//231 397//231 395//231
f 406//232 396//232 398//232
f 397//227 399//228 400//228
f 397//227 400//228 398//227
f 405//231 399//231 397//231
f 406//232 398//232 400//232
f 399//228 401//229 402//229
f 399//228 402//229 400//228
f 405//231 401//231 399//231
f 406//232 400//232 402//232
f 401//229 403//230 404//230
f 401//229 404//230 402//229
f 405//231 403//231 401//231
f 406//232 402//232 404//232
f 403//230 393//225 394//225
f 403//230 394//225 404//230
f 405//231 393//231 403//231
f 406//232 404//232 394//232
f 407//233 409//234 410//234
f 407//233 410//234 408//233
f 419//239 409//239 407//239
f 420//240 408//240 410//240
f 409//234 411//235 412//235
f 409//234 412//235 410//234
f 419//239 411//239 409//239
f 420//240 410//240 412//240
f 411//235 413//236 414//236
f 411//235 414//236 412//235
f 419//239 413//239 411//239
f 420//240 412//240 414//240
f 413//236 415//237 416//237
f 413//236 416//237 414//236
f 419//239 415//239 413//239
f 420//240 414//240 416//240
f 415//237 417//238 418//238
f 415//237 418//238 416//237
f 419//239 417//239 415//239
f 420//240 416//240 418//240
f 417//238 407//233 408//233
f 417//238 408//233 418//238
f 419//239 407//239 417//239
f 420//240 418//240 408//240
f 421//241 423//242 424//242
f 421//241 424//242 422//241
f 433//247 423//247 421//247
f 434//248 422//248 424//248
f 423//242 425//243 426//243
f 423//242 426//243 424//242
f 433//247 425//247 423//247
f 434//248 424//248 426//248
f 425//243 427//244 428//244
f 425//243 428//244 426//243
f 433//247 427//247 425//247
f 434//248 426//248 428//248
f 427//244 429//245 430//245
f 427//244 430//245 428//244
f 433//247 429//247 427//247
f 434//248 428//248 430//248
f 429//245 431//246 432//246
f 429//245 432//246 430//245
f 433//247 431//247 429//247
f 434//248 430//248 432//248
f 431//246 421//241 422//241
f 431//246 422//241 432//246
f 433//247 421//247 431//247
f 434//248 432//248 422//248
f 435//249 437//250 438//250
f 435//249 438//250 436//249
f 447//255 437//255 435//255
f 448//256 436//256 438//256
f 437//250 439//251 440//251
f 437//250 440//251 438//250
f 447//255 439//255 437//255
f 448//256 438//256 440//256
f 439//251 441//252 442//252
f 439//251 442//252 440//251
f 447//255 441//255 439//255
f 448//256 440//256 442//256
f 441//252 443//253 444//253
f 441//252 444//253 442//252
f 447//255 443//255 441//255
f 448//256 442//256 444//256
f 443//253 445//254 446//254
f 443//253 446//254 444//253
f 447//255 445//255 443//255
f 448//256 444//256 446//256
f 445//254 435//249 436//249
f 445//254 436//249 446//254
f 447//255 435//255 445//255
f 448//256 446//256 436//256
f 449//257 451//258 452//258
f 449//257 452//258 450//257
f 461//263 451//263 449//263
f 462//264 450//264 452//264
f 451//258 453//259 454//259
f 451//258 454//259 452//258
f 461//263 453//263 451//263
f 462//264 452//264 454//264
f 453//259 455//260 456//260
f 453//259 456//260 454//259
f 461//263 455//263 453//263
f 462//264 454//264 456//264
f 455//260 457//261 458//261
f 455//260 458//261 456//260
f 461//263 457//263 455//263
f 462//264 456//264 458//264
f 457//261 459//262 460//262
f 457//261 460//262 458//261
f 461//263 459//263 457//263
f 462//264 458//264 460//264
f 459//262 449//257 450//257
f 459//262 450//257 460//262
f 461//263 449//263 459//263
f 462//264 460//264 450//264
f 463//265 465//266 466//266
f 463//265 466//266 464//265
f 475//271 465//271 463//271
f 476//272 464//272 466//272
f 465//266 467//267 468//267
f 465//266 468//267 466//266
f 475//271 467//271 465//271
f 476//272 466//272 468//272
f 467//267 469//268 470//268
f 467//267 470//268 468//267
f 475//271 469//271 467//271
f 476//272 468//272 470//272
f 469//268 471//269 472//269
f 469//268 472//269 470//268
f 475//271 471//271 469//271
f 476//272 470//272 472//272
f 471//269 473//270 474//270
f 471//269 474//270 472//269
f 475//271 473//271 471//271
f 476//272 472//272 474//272
f 473//270 463//265 464//265
f 473//270 464//265 474//270
f 475//271 463//271 473//271
f 476//272 474//272 464//272
f 477//273 479//274 480//274
f 477//273 480//274 478//273
f 489//279 479//279 477//279
f 490//280 478//280 480//280
f 479//274 481//275 482//275
f 479//274 482//275 480//274
f 489//279 481//279 479//279
f 490//280 480//280 482//280
f 481//275 483//276 484//276
f 481//275 484//276 482//275
f 489//279 483//279 481//279
f 490//280 482//280 484//280
f 483//276 485//277 486//277
f 483//276 486//277 484//276
f 489//279 485//279 483//279
f 490//280 484//280 486//280
f 485//277 487//278 488//278
f 485//277 488//278 486//277
f 489//279 487//279 485//279
f 490//280 486//280 488//280
f 487//278 477//273 478//273
f 487//278 478//273 488//278
f 489//279 477//279 487//279
f 490//280 488//280 478//280
f 491//281 493//282 494//282
f 491//281 494//282 492//281
f 503//287 493//287 491//287
f 504//288 492//288 494//288
f 493//282 495//283 496//283
f 493//282 496//283 494//282
f 503//287 495//287 493//287
f 504//288 494//288 496//288
f 495//283 497//284 498//284
f 495//283 498//284 496//283
f 503//287 497//287 495//287
f 504//288 496//288 498//288
f 497//284 499//285 500//285
f 497//284 500//285 498//284
f 503//287 499//287 497//287
f 504//288 498//288 500//288
f 499//285 501//286 502//286
f 499//285 502//286 500//285
f 503//287 501//287 499//287
f 504//288 500//288 502//288
f 501//286 491//281 492//281
f 501//286 492//281 502//286
f 503//287 491//287 501//287
f 504//288 502//288 492//288
f 505//289 507//290 508//290
f 505//289 508//290 506//289
f 517//295 507//295 505//295
f 518//296 506//296 508//296
f 507//290 509//291 510//291
f 507//290 510//291 508//290
f 517//295 509//295 507//295
f 518//296 508//296 510//296
f 509//291 511//292 512//292
f 509//291 512//292 510//291
f 517//295 511//295 509//295
f 518//296 510//296 512//296
f 511//292 513//293 514//293
f 511//292 514//293 512//292
f 517//295 513//295 511//295
f 518//296 512//296 514//296
f 513//293 515//294 516//294
f 513//293 516//294 514//293
f 517//295 515//295 513//295
f 518//296 514//296 516//296
f 515//294 505//289 506//289
f 515//294 506//289 516//294
f 517//295 505//295 515//295
f 518//296 516//296 506//296
f 519//297 521//298 522//298
f 519//297 522//298 520//297
f 531//303 521//303 519//303
f 532//304 520//304 522//304
f 521//298 523//299 524//299
f 521//298 524//299 522//298
f 531//303 523//303 521//303
f 532//304 522//304 524//304
f 523//299 525//300 526//300
f 523//299 526//300 524//299
f 531//303 525//303 523//303
f 532//304 524//304 526//304
f 525//300 527//301 528//301
f 525//300 528//301 526//300
f 531//303 527//303 525//303
f 532//304 526//304 528//304
f 527//301 529//302 530//302
f 527//301 530//302 528//301
f 531//303 529//303 527//303
f 532//304 528//304 530//304
f 529//302 519//297 520//297
f 529//302 520//297 530//302
f 531//303 519//303 529//303
f 532//304 530//304 520//304
f 533//305 535//306 536//306
f 533//305 536//306 534//305
f 545//311 535//311 533//311
f 546//312 534//312 536//312
f 535//306 537//307 538//307
f 535//306 538//307 536//306
f 545//311 537//311 535//311
f 546//312 536//312 538//312
f 537//307 539//308 540//308
f 537//307 540//308 538//307
f 545//311 539//311 537//311
f 546//312 538//312 540//312
f 539//308 541//309 542//309
f 539//308 542//309 540//308
f 545//311 541//311 539//311
f 546//312 540//312 542//312
f 541//309 543//310 544//310
f 541//309 544//310 542//309
f 545//311 543//311 541//311
f 546//312 542//312 544//312
f 543//310 533//305 534//305
f 543//310 534//305 544//310
f 545//311 533//311 543//311
f 546//312 544//312 534//312
f 547//313 549//314 550//314
f 547//313 550//314 548//313
f 559//319 549//319 547//319
f 560//320 548//320 550//320
f 549//314 551//315 552//315
f 549//314 552//315 550//314
f 559//319 551//319 549//319
f 560//320 550//320 552//320
f 551//315 553//316 554//316
f 551//315 554//316 552//315
f 559//319 553//319 551//319
f 560//320 552//320 554//320
f 553//316 555//317 556//317
f 553//316 556//317 554//316
f 559//319 555//319 553//319
f 560//320 554//320 556//320
f 555//317 557//318 558//318
f 555//317 558//318 556//317
f 559//319 557//319 555//319
f 560//320 556//320 558//320
f 557//318 547//313 548//313
f 557//318 548//313 558//318
f 559//319 547//319 557//319
f 560//320 558//320 548//320
f 561//321 563//322 564//322
f 561//321 564//322 562//321
f 573//327 563//327 561//327
f 574//328 562//328 564//328
f 563//322 565//323 566//323
f 563//322 566//323 564//322
f 573//327 565//327 563//327
f 574//328 564//328 566//328
f 565//323 567//324 568//324
f 565//323 568//324 566//323
f 573//327 567//327 565//327
f 574//328 566//328 568//328
f 567//324 569//325 570//325
f 567//324 570//325 568//324
f 573//327 569//327 567//327
f 574//328 568//328 570//328
f 569//325 571//326 572//326
f 569//325 572//326 570//325
f 573//327 571//327 569//327
f 574//328 570//328 572//328
f 571//326 561//321 562//321
f 571//326 562//321 572//326
f 573//327 561//327 571//327
f 574//328 572//328 562//328
f 575//329 577//330 578//330
f 575//329 578//330 576//329
f 587//335 577//335 575//335
f 588//336 576//336 578//336
f 577//330 579//331 580//331
f 577//330 580//331 578//330
f 587//335 579//335 577//335
f 588//336 578//336 580//336
f 579//331 581//332 582//332
f 579//331 582//332 580//331
f 587//335 581//335 579//335
f 588//336 580//336 582//336
f 581//332 583//333 584//333
f 581//332 584//333 582//332
f 587//335 583//335 581//335
f 588//336 582//336 584//336
f 583//333 585//334 586//334
f 583//333 586//334 584//333
f 587//335 585//335 583//335
f 588//336 584//336 586//336
f 585//334 575//329 576//329
f 585//334 576//329 586//334
f 587//335 575//335 585//335
f 588//336 586//336 576//336
f 589//337 591//338 592//338
f 589//337 592//338 590//337
f 601//343 591//343 589//343
f 602//344 590//344 592//344
f 591//338 593//339 594//339
f 591//338 594//339 592//338
f 601//343 593//343 591//343
f 602//344 592//344 594//344
f 593//339 595//340 596//340
f 593//339 596//340 594//339
f 601//343 595//343 593//343
f 602//344 594//344 596//344
f 595//340 597//341 598//341
f 595//340 598//341 596//340
f 601//343 597//343 595//343
f 602//344 596//344 598//344
f 597//341 599//342 600//342
f 597//341 600//342 598//341
f 601//343 599//343 597//343
f 602//344 598//344 600//344
f 599//342 589//337 590//337
f 599//342 590//337 600//342
f 601//343 589//343 599//343
f 602//344 600//344 590//344
f 603//345 605//346 606//346
f 603//345 606//346 604//345
f 615//351 605//351 603//351
f 616//352 604//352 606//352
f 605//346 607//347 608//347
f 605//346 608//347 606//346
f 615//351 607//351 605//351
f 616//352 606//352 608//352
f 607//347 609//348 610//348
f 607//347 610//348 608//347
f 615//351 609//351 607//351
f 616//352 608//352 610//352
f 609//348 611//349 612//349
f 609//348 612//349 610//348
f 615//351 611//351 609//351
f 616//352 610//352 612//352
f 611//349 613//350 614//350
f 611//349 614//350 612//349
f 615//351 613//351 611//351
f 616//352 612//352 614//352
f 613//350 603//345 604//345
f 613//350 604//345 614//350
f 615//351 603//351 613//351
f 616//352 614//352 604//352
f 617//353 619//354 620//354
f 617//353 620//354 618//353
f 629//359 619//359 617//359
f 630//360 618//360 620//360
f 619//354 621//355 622//355
f 619//354 622//355 620//354
f 629//359 621//359 619//359
f 630//360 620//360 622//360
f 621//355 623//356 624//356
f 621//355 624//356 622//355
f 629//359 623//359 621//359
f 630//360 622//360 624//360
f 623//356 625//357 626//357
f 623//356 626//357 624//356
f 629//359 625//359 623//359
f 630//360 624//360 626//360
f 625//357 627//358 628//358
f 625//357 628//358 626//357
f 629//359 627//359 625//359
f 630//360 626//360 628//360
f 627//358 617//353 618//353
f 627//358 618//353 628//358
f 629//359 617//359 627//359
f 630//360 628//360 618//360
f 631//361 633//362 634//362
f 631//361 634//362 632//361
f 643//367 633//367 631//367
f 644//368 632//368 634//368
f 633//362 635//363 636//363
f 633//362 636//363 634//362
f 643//367 635//367 633//367
f 644//368 634//368 636//368
f 635//363 637//364 638//364
f 635//363 638//364 636//363
f 643//367 637//367 635//367
f 644//368 636//368 638//368
f 637//364 639//365 640//365
f 637//364 640//365 638//364
f 643//367 639//367 637//367
f 644//368 638//368 640//368
f 639//365 641//366 642//366
f 639//365 642//366 640//365
f 643//367 641//367 639//367
f 644//368 640//368 642//368
f 641//366 631//361 632//361
f 641//366 632//361 642//366
f 643//367 631//367 641//367
f 644//368 642//368 632//368
f 645//369 647//370 648//370
f 645//369 648//370 646//369
f 657//375 647//375 645//375
f 658//376 646//376 648//376
f 647//370 649//371 650//371
f 647//370 650//371 648//370
f 657//375 649//375 647//375
f 658//376 648//376 650//376
f 649//371 651//372 652//372
f 649//371 652//372 650//371
f 657//375 651//375 649//375
f 658//376 650//376 652//376
f 651//372 653//373 654//373
f 651//372 654//373 652//372
f 657//375 653//375 651//375
f 658//376 652//376 654//376
f 653//373 655//374 656//374
f 653//373 656//374 654//373
f 657//375 655//375 653//375
f 658//376 654//376 656//376
f 655//374 645//369 646//369
f 655//374 646//369 656//374
f 657//375 645//375 655//375
f 658//376 656//376 646//376
f 659//377 661//378 662//378
f 659//377 662//378 660//377
f 671//383 661//383 659//383
f 672//384 660//384 662//384
f 661//378 663//379 664//379
f 661//378 664//379 662//378
f 671//383 663//383 661//383
f 672//384 662//384 664//384
f 663//379 665//380 666//380
f 663//379 666//380 664//379
f 671//383 665//383 663//383
f 672//384 664//384 666//384
f 665//380 667//381 668//381
f 665//380 668//381 666//380
f 671//383 667//383 665//383
f 672//384 666//384 668//384
f 667//381 669//382 670//382
f 667//381 670//382 668//381
f 671//383 669//383 667//383
f 672//384 668//384 670//384
f 669//382 659//377 660//377
f 669//382 660//377 670//382
f 671//383 659//383 669//383
f 672//384 670//384 660//384
f 673//385 675//386 676//386
f 673//385 676//386 674//385
f 685//391 675//391 673//391
f 686//392 674//392 676//392
f 675//386 677//387 678//387
f 675//386 678//387 676//386
f 685//391 677//391 675//391
f 686//392 676//392 678//392
f 677//387 679//388 680//388
f 677//387 680//388 678//387
f 685//391 679//391 677//391
f 686//392 678//392 680//392
f 679//388 681//389 682//389
f 679//388 682//389 680//388
f 685//391 681//391 679//391
f 686//392 680//392 682//392
f 681//389 683//390 684//390
f 681//389 684//390 682//389
f 685//391 683//391 681//391
f 686//392 682//392 684//392
f 683//390 673//385 674//385
f 683//390 674//385 684//390
f 685//391 673//391 683//391
f 686//392 684//392 674//392
f 687//393 689//394 690//394
f 687//393 690//394 688//393
f 699//399 689//399 687//399
f 700//400 688//400 690//400
f 689//394 691//395 692//395
f 689//394 692//395 690//394
f 699//399 691//399 689//399
f 700//400 690//400 692//400
f 691//395 693//396 694//396
f 691//395 694//396 692//395
f 699//399 693//399 691//399
f 700//400 692//400 694//400
f 693//396 695//397 696//397
f 693//396 696//397 694//396
f 699//399 695//399 693//399
f 700//400 694//400 696//400
f 695//397 697//398 698//398
f 695//397 698//398 696//397
f 699//399 697//399 695//399
f 700//400 696//400 698//400
f 697//398 687//393 688//393
f 697//398 688//393 698//398
f 699//399 687//399 697//399
f 700//400 698//400 688//400
f 701//401 703//402 704//402
f 701//401 704//402 702//401
f 713//407 703//407 701//407
f 714//408 702//408 704//408
f 703//402 705//403 706//403
f 703//402 706//403 704//402
f 713//407 705//407 703//407
f 714//408 704//408 706//408
f 705//403 707//404 708//404
f 705//403 708//404 706//403
f 713//407 707//407 705//407
f 714//408 706//408 708//408
f 707//404 709//405 710//405
f 707//404 710//405 708//404
f 713//407 709//407 707//407
f 714//408 708//408 710//408
f 709//405 711//406 712//406
f 709//405 712//406 710//405
f 713//407 711//407 709//407
f 714//408 710//408 712//408
f 711//406 701//401 702//401
f 711//406 702//401 712//406
f 713//407 701//407 711//407
f 714//408 712//408 702//408
f 715//409 717//410 718//410
f 715//409 718//410 716//409
f 727//415 717//415 715//415
f 728//416 716//416 718//416
f 717//410 719//411 720//411
f 717//410 720//411 718//410
f 727//415 719//415 717//415
f 728//416 718//416 720//416
f 719//411 721//412 722//412
f 719//411 722//412 720//411
f 727//415 721//415 719//415
f 728//416 720//416 722//416
f 721//412 723//413 724//413
f 721//412 724//413 722//412
f 727//415 723//415 721//415
f 728//416 722//416 724//416
f 723//413 725//414 726//414
f 723//413 726//414 724//413
f 727//415 725//415 723//415
f 728//416 724//416 726//416
f 725//414 715//409 716//409
f 725//414 716//409 726//414
f 727//415 715//415 725//415
f 728//416 726//416 716//416
f 729//417 731//418 732//418
f 729//417 732//418 730//417
f 741//423 731//423 729//423
f 742//424 730//424 732//424
f 731//418 733//419 734//419
f 731//418 734//419 732//418
f 741//423 733//423 731//423
f 742//424 732//424 734//424
f 733//419 735//420 736//420
f 733//419 736//420 734//419
f 741//423 735//423 733//423
f 742//424 734//424 736//424
f 735//420 737//421 738//421
f 735//420 738//421 736//420
f 741//423 737//423 735//423
f 742//424 736//424 738//424
f 737//421 739//422 740//422
f 737//421 740//422 738//421
f 741//423 739//423 737//423
f 742//424 738//424 740//424
f 739//422 729//417 730//417
f 739//422 730//417 740//422
f 741//423 729//423 739//423
f 742//424 740//424 730//424
f 743//425 745//426 746//426
f 743//425 746//426 744//425
f 755//431 745//431 743//431
f 756//432 744//432 746//432
f 745//426 747//427 748//427
f 745//426 748//427 746//426
f 755//431 747//431 745//431
f 756//432 746//432 748//432
f 747//427 749//428 750//428
f 747//427 750//428 748//427
f 755//431 749//431 747//431
f 756//432 748//432 750//432
f 749//428 751//429 752//429
f 749//428 752//429 750//428
f 755//431 751//431 749//431
f 756//432 750//432 752//432
f 751//429 753//430 754//430
f 751//429 754//430 752//429
f 755//431 753//431 751//431
f 756//432 752//432 754//432
f 753//430 743//425 744//425
f 753//430 744//425 754//430
f 755//431 743//431 753//431
f 756//432 754//432 744//432
f 757//433 759//434 760//434
f 757//433 760//434 758//433
f 769//439 759//439 757//439
f 770//440 758//440 760//440
f 759//434 761//435 762//435
f 759//434 762//435 760//434
f 769//439 761//439 759//439
f 770//440 760//440 762//440
f 761//435 763//436 764//436
f 761//435 764//436 762//435
f 769//439 763//439 761//439
f 770//440 762//440 764//440
f 763//436 765//437 766//437
f 763//436 766//437 764//436
f 769//439 765//439 763//439
f 770//440 764//440 766//440
f 765//437 767//438 768//438
f 765//437 768//438 766//437
f 769//439 767//439 765//439
f 770//440 766//440 768//440
f 767//438 757//433 758//433
f 767//438 758//433 768//438
f 769//439 757//439 767//439
f 770//440 768//440 758//440
f 771//441 773//442 774//442
f 771//441 774//442 772//441
f 783//447 773//447 771//447
f 784//448 772//448 774//448
f 773//442 775//443 776//443
f 773//442 776//443 774//442
f 783//447 775//447 773//447
f 784//448 774//448 776//448
f 775//443 777//444 778//444
f 775//443 778//444 776//443
f 783//447 777//447 775//447
f 784//448 776//448 778//448
f 777//444 779//445 780//445
f 777//444 780//445 778//444
f 783//447 779//447 777//447
f 784//448 778//448 780//448
f 779//445 781//446 782//446
f 779//445 782//446 780//445
f 783//447 781//447 779//447
f 784//448 780//448 782//448
f 781//446 771//441 772//441
f 781//446 772//441 782//446
f 783//447 771//447 781//447
f 784//448 782//448 772//448
f 785//449 787//450 788//450
f 785//449 788//450 786//449
f 797//455 787//455 785//455
f 798//456 786//456 788//456
f 787//450 789//451 790//451
f 787//450 790//451 788//450
f 797//455 789//455 787//455
f 798//456 788//456 790//456
f 789//451 791//452 792//452
f 789//451 792//452 790//451
f 797//455 791//455 789//455
f 798//456 790//456 792//456
f 791//452 793//453 794//453
f 791//452 794//453 792//452
f 797//455 793//455 791//455
f 798//456 792//456 794//456
f 793//453 795//454 796//454
f 793//453 796//454 794//453
f 797//455 795//455 793//455
f 798//456 794//456 796//456
f 795//454 785//449 786//449
f 795//454 786//449 796//454
f 797//455 785//455 795//455
f 798//456 796//456 786//456
f 799//457 801//458 802//458
f 799//457 802//458 800//457
f 811//463 801//463 799//463
f 812//464 800//464 802//464
f 801//458 803//459 804//459
f 801//458 804//459 802//458
f 811//463 803//463 801//463
f 812//464 802//464 804//464
f 803//459 805//460 806//460
f 803//459 806//460 804//459
f 811//463 805//463 803//463
f 812//464 804//464 806//464
f 805//460 807//461 808//461
f 805//460 808//461 806//460
f 811//463 807//463 805//463
f 812//464 806//464 808//464
f 807//461 809//462 810//462
f 807//461 810//462 808//461
f 811//463 809//463 807//463
f 812//464 808//464 810//464
f 809//462 799//457 800//457
f 809//462 800//457 810//462
f 811//463 799//463 809//463
f 812//464 810//464 800//464
f 813//465 815//466 816//466
f 813//465 816//466 814//465
f 825//471 815//471 813//471
f 826//472 814//472 816//472
f 815//466 817//467 818//467
f 815//466 818//467 816//466
f 825//471 817//471 815//471
f 826//472 816//472 818//472
f 817//467 819//468 820//468
f 817//467 820//468 818//467
f 825//471 819//471 817//471
f 826//472 818//472 820//472
f 819//468 821//469 822//469
f 819//468 822//469 820//468
f 825//471 821//471 819//471
f 826//472 820//472 822//472
f 821//469 823//470 824//470
f 821//469 824//470 822//469
f 825//471 823//471 821//471
f 826//472 822//472 824//472
f 823//470 813//465 814//465
f 823//470 814//465 824//470
f 825//471 813//471 823//471
f 826//472 824//472 814//472
f 827//473 829//474 830//474
f 827//473 830//474 828//473
f 839//479 829//479 827//479
f 840//480 828//480 830//480
f 829//474 831//475 832//475
f 829//474 832//475 830//474
f 839//479 831//479 829//479
f 840//480 830//480 832//480
f 831//475 833//476 834//476
f 831//475 834//476 832//475
f 839//479 833//479 831//479
f 840//480 832//480 834//480
f 833//476 835//477 836//477
f 833//476 836//477 834//476
f 839//479 835//479 833//479
f 840//480 834//480 836//480
f 835//477 837//478 838//478
f 835//477 838//478 836//477
f 839//479 837//479 835//479
f 840//480 836//480 838//480
f 837//478 827//473 828//473
f 837//478 828//473 838//478
f 839//479 827//479 837//479
f 840//480 838//480 828//480
f 841//481 843//482 844//482
f 841//481 844//482 842//481
f 853//487 843//487 841//487
f 854//488 842//488 844//488
f 843//482 845//483 846//483
f 843//482 846//483 844//482
f 853//487 845//487 843//487
f 854//488 844//488 846//488
f 845//483 847//484 848//484
f 845//483 848//484 846//483
f 853//487 847//487 845//487
f 854//488 846//488 848//488
f 847//484 849//485 850//485
f 847//484 850//485 848//484
f 853//487 849//487 847//487
f 854//488 848//488 850//488
f 849//485 851//486 852//486
f 849//485 852//486 850//485
f 853//487 851//487 849//487
f 854//488 850//488 852//488
f 851//486 841//481 842//481
f 851//486 842//481 852//486
f 853//487 841//487 851//487
f 854//488 852//488 842//488
f 855//489 857//490 858//490
f 855//489 858//490 856//489
f 867//495 857//495 855//495
f 868//496 856//496 858//496
f 857//490 859//491 860//491
f 857//490 860//491 858//490
f 867//495 859//495 857//495
f 868//496 858//496 860//496
f 859//491 861//492 862//492
f 859//491 862//492 860//491
f 867//495 861//495 859//495
f 868//496 860//496 862//496
f 861//492 863//493 864//493
f 861//492 864//493 862//492
f 867//495 863//495 861//495
f 868//496 862//496 864//496
f 863//493 865//494 866//494
f 863//493 866//494 864//493
f 867//495 865//495 863//495
f 868//496 864//496 866//496
f 865//494 855//489 856//489
f 865//494 856//489 866//494
f 867//495 855//495 865//495
f 868//496 866//496 856//496
f 869//497 871//498 872//498
f 869//497 872//498 870//497
f 881//503 871//503 869//503
f 882//504 870//504 872//504
f 871//498 873//499 874//499
f 871//498 874//499 872//498
f 881//503 873//503 871//503
f 882//504 872//504 874//504
f 873//499 875//500 876//500
f 873//499 876//500 874//499
f 881//503 875//503 873//503
f 882//504 874//504 876//504
f 875//500 877//501 878//501
f 875//500 878//501 876//500
f 881//503 877//503 875//503
f 882//504 876//504 878//504
f 877//501 879//502 880//502
f 877//501 880//502 878//501
f 881//503 879//503 877//503
f 882//504 878//504 880//504
f 879//502 869//497 870//497
f 879//502 870//497 880//502
f 881//503 869//503 879//503
f 882//504 880//504 870//504
f 883//505 885//506 886//506
f 883//505 886//506 884//505
f 895//511 885//511 883//511
f 896//512 884//512 886//512
f 885//506 887//507 888//507
f 885//506 888//507 886//506
f 895//511 887//511 885//511
f 896//512 886//512 888//512
f 887//507 889//508 890//508
f 887//507 890//508 888//507
f 895//511 889//511 887//511
f 896//512 888//512 890//512
f 889//508 891//509 892//509
f 889//508 892//509 890//508
f 895//511 891//511 889//511
f 896//512 890//512 892//512
f 891//509 893//510 894//510
f 891//509 894//510 892//509
f 895//511 893//511 891//511
f 896//512 892//512 894//512
f 893//510 883//505 884//505
f 893//510 884//505 894//510
f 895//511 883//511 893//511
f 896//512 894//512 884//512
f 897//513 899//514 900//514
f 897//513 900//514 898//513
f 909//519 899//519 897//519
f 910//520 898//520 900//520
f 899//514 901//515 902//515
f 899//514 902//515 900//514
f 909//519 901//519 899//519
f 910//520 900//520 902//520
f 901//515 903//516 904//516
f 901//515 904//516 902//515
f 909//519 903//519 901//519
f 910//520 902//520 904//520
f 903//516 905//517 906//517
f 903//516 906//517 904//516
f 909//519 905//519 903//519
f 910//520 904//520 906//520
f 905//517 907//518 908//518
f 905//517 908//518 906//517
f 909//519 907//519 905//519
f 910//520 906//520 908//520
f 907//518 897//513 898//513
f 907//518 898//513 908//518
f 909//519 897//519 907//519
f 910//520 908//520 898//520
f 911//521 913//522 914//522
f 911//521 914//522 912//521
f 923//527 913//527 911//527
f 924//528 912//528 914//528
f 913//522 915//523 916//523
f 913//522 916//523 914//522
f 923//527 915//527 913//527
f 924//528 914//528 916//528
f 915//523 917//524 918//524
f 915//523 918//524 916//523
f 923//527 917//527 915//527
f 924//528 916//528 918//528
f 917//524 919//525 920//525
f 917//524 920//525 918//524
f 923//527 919//527 917//527
f 924//528 918//528 920//528
f 919//525 921//526 922//526
f 919//525 922//526 920//525
f 923//527 921//527 919//527
f 924//528 920//528 922//528
f 921//526 911//521 912//521
f 921//526 912//521 922//526
f 923//527 911//527 921//527
f 924//528 922//528 912//528
f 925//529 927//530 928//530
f 925//529 928//530 926//529
f 937//535 927//535 925//535
f 938//536 926//536 928//536
f 927//530 929//531 930//531
f 927//530 930//531 928//530
f 937//535 929//535 927//535
f 938//536 928//536 930//536
f 929//531 931//532 932//532
f 929//531 932//532 930//531
f 937//535 931//535 929//535
f 938//536 930//536 932//536
f 931//532 933//533 934//533
f 931//532 934//533 932//532
f 937//535 933//535 931//535
f 938//536 932//536 934//536
f 933//533 935//534 936//534
f 933//533 936//534 934//533
f 937//535 935//535 933//535
f 938//536 934//536 936//536
f 935//534 925//529 926//529
f 935//534 926//529 936//534
f 937//535 925//535 935//535
f 938//536 936//536 926//536
f 939//537 941//538 942//538
f 939//537 942//538 940//537
f 951//543 941//543 939//543
f 952//544 940//544 942//544
f 941//538 943//539 944//539
f 941//538 944//539 942//538
f 951//543 943//543 941//543
f 952//544 942//544 944//544
f 943//539 945//540 946//540
f 943//539 946//540 944//539
f 951//543 945//543 943//543
f 952//544 944//544 946//544
f 945//540 947//541 948//541
f 945//540 948//541 946//540
f 951//543 947//543 945//543
f 952//544 946//544 948//544
f 947//541 949//542 950//542
f 947//541 950//542 948//541
f 951//543 949//543 947//543
f 952//544 948//544 950//544
f 949//542 939//537 940//537
f 949//542 940//537 950//542
f 951//543 939//543 949//543
f 952//544 950//544 940//544
f 953//545 955//546 956//546
f 953//545 956//546 954//545
f 965//551 955//551 953//551
f 966//552 954//552 956//552
f 955//546 957//547 958//547
f 955//546 958//547 956//546
f 965//551 957//551 955//551
f 966//552 956//552 958//552
f 957//547 959//548 960//548
f 957//547 960//548 958//547
f 965//551 959//551 957//551
f 966//552 958//552 960//552
f 959//548 961//549 962//549
f 959//548 962//549 960//548
f 965//551 961//551 959//551
f 966//552 960//552 962//552
f 961//549 963//550 964//550
f 961//549 964//550 962//549
f 965//551 963//551 961//551
f 966//552 962//552 964//552
f 963//550 953//545 954//545
f 963//550 954//545 964//550
f 965//551 953//551 963//551
f 966//552 964//552 954//552
f 967//553 969//554 970//554
f 967//553 970//554 968//553
f 979//559 969//559 967//559
f 980//560 968//560 970//560
f 969//554 971//555 972//555
f 969//554 972//555 970//554
f 979//559 971//559 969//559
f 980//560 970//560 972//560
f 971//555 973//556 974//556
f 971//555 974//556 972//555
f 979//559 973//559 971//559
f 980//560 972//560 974//560
f 973//556 975//557 976//557
f 973//556 976//557 974//556
f 979//559 975//559 973//559
f 980//560 974//560 976//560
f 975//557 977//558 978//558
f 975//557 978//558 976//557
f 979//559 977//559 975//559
f 980//560 976//560 978//560
f 977//558 967//553 968//553
f 977//558 968//553 978//558
f 979//559 967//559 977//559
f 980//560 978//560 968//560
f 981//561 983//562 984//562
f 981//561 984//562 982//561
f 993//567 983//567 981//567
f 994//568 982//568 984//568
f 983//562 985//563 986//563
f 983//562 986//563 984//562
f 993//567 985//567 983//567
f 994//568 984//568 986//568
f 985//563 987//564 988//564
f 985//563 988//564 986//563
f 993//567 987//567 985//567
f 994//568 986//568 988//568
f 987//564 989//565 990//565
f 987//564 990//565 988//564
f 993//567 989//567 987//567
f 994//568 988//568 990//568
f 989//565 991//566 992//566
f 989//565 992//566 990//565
f 993//567 991//567 989//567
f 994//568 990//568 992//568
f 991//566 981//561 982//561
f 991//566 982//561 992//566
f 993//567 981//567 991//567
f 994//568 992//568 982//568
f 995//569 997//570 998//570
f 995//569 998//570 996//569
f 1007//575 997//575 995//575
f 1008//576 996//576 998//576
f 997//570 999//571 1000//571
f 997//570 1000//571 998//570
f 1007//575 999//575 997//575
f 1008//576 998//576 1000//576
f 999//571 1001//572 1002//572
f 999//571 1002//572 1000//571
f 1007//575 1001//575 999//575
f 1008//576 1000//576 1002//576
f 1001//572 1003//573 1004//573
f 1001//572 1004//573 1002//572
f 1007//575 1003//575 1001//575
f 1008//576 1002//576 1004//576
f 1003//573 1005//574 1006//574
f 1003//573 1006//574 1004//573
f 1007//575 1005//575 1003//575
f 1008//576 1004//576 1006//576
f 1005//574 995//569 996//569
f 1005//574 996//569 1006//574
f 1007//575 995//575 1005//575
f 1008//576 1006//576 996//576
f 1009//577 1011//578 1012//578
f 1009//577 1012//578 1010//577
f 1021//583 1011//583 1009//583
f 1022//584 1010//584 1012//584
f 1011//578 1013//579 1014//579
f 1011//578 1014//579 1012//578
f 1021//583 1013//583 1011//583
f 1022//584 1012//584 1014//584
f 1013//579 1015//580 1016//580
f 1013//579 1016//580 1014//579
f 1021//583 1015//583 1013//583
f 1022//584 1014//584 1016//584
f 1015//580 1017//581 1018//581
f 1015//580 1018//581 1016//580
f 1021//583 1017//583 1015//583
f 1022//584 1016//584 1018//584
f 1017//581 1019//582 1020//582
f 1017//581 1020//582 1018//581
f 1021//583 1019//583 1017//583
f 1022//584 1018//584 1020//584
f 1019//582 1009//577 1010//577
f 1019//582 1010//577 1020//582
f 1021//583 1009//583 1019//583
f 1022//584 1020//584 1010//584
f 1023//585 1025//586 1026//586
f 1023//585 1026//586 1024//585
f 1035//591 1025//591 1023//591
f 1036//592 1024//592 1026//592
f 1025//586 1027//587 1028//587
f 1025//586 1028//587 1026//586
f 1035//591 1027//591 1025//591
f 1036//592 1026//592 1028//592
f 1027//587 1029//588 1030//588
f 1027//587 1030//588 1028//587
f 1035//591 1029//591 1027//591
f 1036//592 1028//592 1030//592
f 1029//588 1031//589 1032//589
f 1029//588 1032//589 1030//588
f 1035//591 1031//591 1029//591
f 1036//592 1030//592 1032//592
f 1031//589 1033//590 1034//590
f 1031//589 1034//590 1032//589
f 1035//591 1033//591 1031//591
f 1036//592 1032//592 1034//592
f 1033//590 1023//585 1024//585
f 1033//590 1024//585 1034//590
f 1035//591 1023//591 1033//591
f 1036//592 1034//592 1024//592
f 1037//593 1039//594 1040//594
f 1037//593 1040//594 1038//593
f 1049//599 1039//599 1037//599
f 1050//600 1038//600 1040//600
f 1039//594 1041//595 1042//595
f 1039//594 1042//595 1040//594
f 1049//599 1041//599 1039//599
f 1050//600 1040//600 1042//600
f 1041//595 1043//596 1044//596
f 1041//595 1044//596 1042//595
f 1049//599 1043//599 1041//599
f 1050//600 1042//600 1044//600
f 1043//596 1045//597 1046//597
f 1043//596 1046//597 1044//596
f 1049//599 1045//599 1043//599
f 1050//600 1044//600 1046//600
f 1045//597 1047//598 1048//598
f 1045//597 1048//598 1046//597
f 1049//599 1047//599 1045//599
f 1050//600 1046//600 1048//600
f 1047//598 1037//593 1038//593
f 1047//598 1038//593 1048//598
f 1049//599 1037//599 1047//599
f 1050//600 1048//600 1038//600
f 1051//601 1053//602 1054//602
f 1051//601 1054//602 1052//601
f 1063//607 1053//607 1051//607
f 1064//608 1052//608 1054//608
f 1053//602 1055//603 1056//603
f 1053//602 1056//603 1054//602
f 1063//607 1055//607 1053//607
f 1064//608 1054//608 1056//608
f 1055//603 1057//604 1058//604
f 1055//603 1058//604 1056//603
f 1063//607 1057//607 1055//607
f 1064//608 1056//608 1058//608
f 1057//604 1059//605 1060//605
f 1057//604 1060//605 1058//604
f 1063//607 1059//607 1057//607
f 1064//608 1058//608 1060//608
f 1059//605 1061//606 1062//606
f 1059//605 1062//606 1060//605
f 1063//607 1061//607 1059//607
f 1064//608 1060//608 1062//608
f 1061//606 1051//601 1052//601
f 1061//606 1052//601 1062//606
f 1063//607 1051//607 1061//607
f 1064//608 1062//608 1052//608
f 1065//609 1067//610 1068//610
f 1065//609 1068//610 1066//609
f 1077//615 1067//615 1065//615
f 1078//616 1066//616 1068//616
f 1067//610 1069//611 1070//611
f 1067//610 1070//611 1068//610
f 1077//615 1069//615 1067//615
f 1078//616 1068//616 1070//616
f 1069//611 1071//612 1072//612
f 1069//611 1072//612 1070//611
f 1077//615 1071//615 1069//615
f 1078//616 1070//616 1072//616
f 1071//612 1073//613 1074//613
f 1071//612 1074//613 1072//612
f 1077//615 1073//615 1071//615
f 1078//616 1072//616 1074//616
f 1073//613 1075//614 1076//614
f 1073//613 1076//614 1074//613
f 1077//615 1075//615 1073//615
f 1078//616 1074//616 1076//616
f 1075//614 1065//609 1066//609
f 1075//614 1066//609 1076//614
f 1077//615 1065//615 1075//615
f 1078//616 1076//616 1066//616
f 1079//617 1081//618 1082//618
f 1079//617 1082//618 1080//617
f 1091//623 1081//623 1079//623
f 1092//624 1080//624 1082//624
f 1081//618 1083//619 1084//619
f 1081//618 1084//619 1082//618
f 1091//623 1083//623 1081//623
f 1092//624 1082//624 1084//624
f 1083//619 1085//620 1086//620
f 1083//619 1086//620 1084//619
f 1091//623 1085//623 1083//623
f 1092//624 1084//624 1086//624
f 1085//620 1087//621 1088//621
f 1085//620 1088//621 1086//620
f 1091//623 1087//623 1085//623
f 1092//624 1086//624 1088//624
f 1087//621 1089//622 1090//622
f 1087//621 1090//622 1088//621
f 1091//623 1089//623 1087//623
f 1092//624 1088//624 1090//624
f 1089//622 1079//617 1080//617
f 1089//622 1080//617 1090//622
f 1091//623 1079//623 1089//623
f 1092//624 1090//624 1080//624
f 1093//625 1095//626 1096//626
f 1093//625 1096//626 1094//625
f 1105//631 1095//631 1093//631
f 1106//632 1094//632 1096//632
f 1095//626 1097//627 1098//627
f 1095//626 1098//627 1096//626
f 1105//631 1097//631 1095//631
f 1106//632 1096//632 1098//632
f 1097//627 1099//628 1100//628
f 1097//627 1100//628 1098//627
f 1105//631 1099//631 1097//631
f 1106//632 1098//632 1100//632
f 1099//628 1101//629 1102//629
f 1099//628 1102//629 1100//628
f 1105//631 1101//631 1099//631
f 1106//632 1100//632 1102//632
f 1101//629 1103//630 1104//630
f 1101//629 1104//630 1102//629
f 1105//631 1103//631 1101//631
f 1106//632 1102//632 1104//632
f 1103//630 1093//625 1094//625
f 1103//630 1094//625 1104//630
f 1105//631 1093//631 1103//631
f 1106//632 1104//632 1094//632
f 1107//633 1109//634 1110//634
f 1107//633 1110//634 1108//633
f 1119//639 1109//639 1107//639
f 1120//640 1108//640 1110//640
f 1109//634 1111//635 1112//635
f 1109//634 1112//635 1110//634
f 1119//639 1111//639 1109//639
f 1120//640 1110//640 1112//640
f 1111//635 1113//636 1114//636
f 1111//635 1114//636 1112//635
f 1119//639 1113//639 1111//639
f 1120//640 1112//640 1114//640
f 1113//636 1115//637 1116//637
f 1113//636 1116//637 1114//636
f 1119//639 1115//639 1113//639
f 1120//640 1114//640 1116//640
f 1115//637 1117//638 1118//638
f 1115//637 1118//638 1116//637
f 1119//639 1117//639 1115//639
f 1120//640 1116//640 1118//640
f 1117//638 1107//633 1108//633
f 1117//638 1108//633 1118//638
f 1119//639 1107//639 1117//639
f 1120//640 1118//640 1108//640
f 1121//641 1123//642 1124//642
f 1121//641 1124//642 1122//641
f 1133//647 1123//647 1121//647
f 1134//648 1122//648 1124//648
f 1123//642 1125//643 1126//643
f 1123//642 1126//643 1124//642
f 1133//647 1125//647 1123//647
f 1134//648 1124//648 1126//648
f 1125//643 1127//644 1128//644
f 1125//643 1128//644 1126//643
f 1133//647 1127//647 1125//647
f 1134//648 1126//648 1128//648
f 1127//644 1129//645 1130//645
f 1127//644 1130//645 1128//644
f 1133//647 1129//647 1127//647
f 1134//648 1128//648 1130//648
f 1129//645 1131//646 1132//646
f 1129//645 1132//646 1130//645
f 1133//647 1131//647 1129//647
f 1134//648 1130//648 1132//648
f 1131//646 1121//641 1122//641
f 1131//646 1122//641 1132//646
f 1133//647 1121//647 1131//647
f 1134//648 1132//648 1122//648
f 1135//649 1137//650 1138//650
f 1135//649 1138//650 1136//649
f 1147//655 1137//655 1135//655
f 1148//656 1136//656 1138//656
f 1137//650 1139//651 1140//651
f 1137//650 1140//651 1138//650
f 1147//655 1139//655 1137//655
f 1148//656 1138//656 1140//656
f 1139//651 1141//652 1142//652
f 1139//651 1142//652 1140//651
f 1147//655 1141//655 1139//655
f 1148//656 1140//656 1142//656
f 1141//652 1143//653 1144//653
f 1141//652 1144//653 1142//652
f 1147//655 1143//655 1141//655
f 1148//656 1142//656 1144//656
f 1143//653 1145//654 1146//654
f 1143//653 1146//654 1144//653
f 1147//655 1145//655 1143//655
f 1148//656 1144//656 1146//656
f 1145//654 1135//649 1136//649
f 1145//654 1136//649 1146//654
f 1147//655 1135//655 1145//655
f 1148//656 1146//656 1136//656
f 1149//657 1151//658 1152//658
f 1149//657 1152//658 1150//657
f 1161//663 1151//663 1149//663
f 1162//664 1150//664 1152//664
f 1151//658 1153//659 1154//659
f 1151//658 1154//659 1152//658
f 1161//663 1153//663 1151//663
f 1162//664 1152//664 1154//664
f 1153//659 1155//660 1156//660
f 1153//659 1156//660 1154//659
f 1161//663 1155//663 1153//663
f 1162//664 1154//664 1156//664
f 1155//660 1157//661 1158//661
f 1155//660 1158//661 1156//660
f 1161//663 1157//663 1155//663
f 1162//664 1156//664 1158//664
f 1157//661 1159//662 1160//662
f 1157//661 1160//662 1158//661
f 1161//663 1159//663 1157//663
f 1162//664 1158//664 1160//664
f 1159//662 1149//657 1150//657
f 1159//662 1150//657 1160//662
f 1161//663 1149//663 1159//663
f 1162//664 1160//664 1150//664
f 1163//665 1165//666 1166//666
f 1163//665 1166//666 1164//665
f 1175//671 1165//671 1163//671
f 1176//672 1164//672 1166//672
f 1165//666 1167//667 1168//667
f 1165//666 1168//667 1166//666
f 1175//671 1167//671 1165//671
f 1176//672 1166//672 1168//672
f 1167//667 1169//668 1170//668
f 1167//667 1170//668 1168//667
f 1175//671 1169//671 1167//671
f 1176//672 1168//672 1170//672
f 1169//668 1171//669 1172//669
f 1169//668 1172//669 1170//668
f 1175//671 1171//671 1169//671
f 1176//672 1170//672 1172//672
f 1171//669 1173//670 1174//670
f 1171//669 1174//670 1172//669
f 1175//671 1173//671 1171//671
f 1176//672 1172//672 1174//672
f 1173//670 1163//665 1164//665
f 1173//670 1164//665 1174//670
f 1175//671 1163//671 1173//671
f 1176//672 1174//672 1164//672
f 1177//673 1179//674 1180//674
f 1177//673 1180//674 1178//673
f 1189//679 1179//679 1177//679
f 1190//680 1178//680 1180//680
f 1179//674 1181//675 1182//675
f 1179//674 1182//675 1180//674
f 1189//679 1181//679 1179//679
f 1190//680 1180//680 1182//680
f 1181//675 1183//676 1184//676
f 1181//675 1184//676 1182//675
f 1189//679 1183//679 1181//679
f 1190//680 1182//680 1184//680
f 1183//676 1185//677 1186//677
f 1183//676 1186//677 1184//676
f 1189//679 1185//679 1183//679
f 1190//680 1184//680 1186//680
f 1185//677 1187//678 1188//678
f 1185//677 1188//678 1186//677
f 1189//679 1187//679 1185//679
f 1190//680 1186//680 1188//680
f 1187//678 1177//673 1178//673
f 1187//678 1178//673 1188//678
f 1189//679 1177//679 1187//679
f 1190//680 1188//680 1178//680
f 1191//681 1193//682 1194//682
f 1191//681 1194//682 1192//681
f 1203//687 1193//687 1191//687
f 1204//688 1192//688 1194//688
f 1193//682 1195//683 1196//683
f 1193//682 1196//683 1194//682
f 1203//687 1195//687 1193//687
f 1204//688 1194//688 1196//688
f 1195//683 1197//684 1198//684
f 1195//683 1198//684 1196//683
f 1203//687 1197//687 1195//687
f 1204//688 1196//688 1198//688
f 1197//684 1199//685 1200//685
f 1197//684 1200//685 1198//684
f 1203//687 1199//687 1197//687
f 1204//688 1198//688 1200//688
f 1199//685 1201//686 1202//686
f 1199//685 1202//686 1200//685
f 1203//687 1201//687 1199//687
f 1204//688 1200//688 1202//688
f 1201//686 1191//681 1192//681
f 1201//686 1192//681 1202//686
f 1203//687 1191//687 1201//687
f 1204//688 1202//688 1192//688
f 1205//689 1207//690 1208//690
f 1205//689 1208//690 1206//689
f 1217//695 1207//695 1205//695
f 1218//696 1206//696 1208//696
f 1207//690 1209//691 1210//691
f 1207//690 1210//691 1208//690
f 1217//695 1209//695 1207//695
f 1218//696 1208//696 1210//696
f 1209//691 1211//692 1212//692
f 1209//691 1212//692 1210//691
f 1217//695 1211//695 1209//695
f 1218//696 1210//696 1212//696
f 1211//692 1213//693 1214//693
f 1211//692 1214//693 1212//692
f 1217//695 1213//695 1211//695
f 1218//696 1212//696 1214//696
f 1213//693 1215//694 1216//694
f 1213//693 1216//694 1214//693
f 1217//695 1215//695 1213//695
f 1218//696 1214//696 1216//696
f 1215//694 1205//689 1206//689
f 1215//694 1206//689 1216//694
f 1217//695 1205//695 1215//695
f 1218//696 1216//696 1206//696
f 1219//697 1221//698 1222//698
f 1219//697 1222//698 1220//697
f 1231//703 1221//703 1219//703
f 1232//704 1220//704 1222//704
f 1221//698 1223//699 1224//699
f 1221//698 1224//699 1222//698
f 1231//703 1223//703 1221//703
f 1232//704 1222//704 1224//704
f 1223//699 1225//700 1226//700
f 1223//699 1226//700 1224//699
f 1231//703 1225//703 1223//703
f 1232//704 1224//704 1226//704
f 1225//700 1227//701 1228//701
f 1225//700 1228//701 1226//700
f 1231//703 1227//703 1225//703
f 1232//704 1226//704 1228//704
f 1227//701 1229//702 1230//702
f 1227//701 1230//702 1228//701
f 1231//703 1229//703 1227//703
f 1232//704 1228//704 1230//704
f 1229//702 1219//697 1220//697
f 1229//702 1220//697 1230//702
f 1231//703 1219//703 1229//703
f 1232//704 1230//704 1220//704
f 1233//705 1235//706 1236//706
f 1233//705 1236//706 1234//705
f 1245//711 1235//711 1233//711
f 1246//712 1234//712 1236//712
f 1235//706 1237//707 1238//707
f 1235//706 1238//707 1236//706
f 1245//711 1237//711 1235//711
f 1246//712 1236//712 1238//712
f 1237//707 1239//708 1240//708
f 1237//707 1240//708 1238//707
f 1245//711 1239//711 1237//711
f 1246//712 1238//712 1240//712
f 1239//708 1241//709 1242//709
f 1239//708 1242//709 1240//708
f 1245//711 1241//711 1239//711
f 1246//712 1240//712 1242//712
f 1241//709 1243//710 1244//710
f 1241//709 1244//710 1242//709
f 1245//711 1243//711 1241//711
f 1246//712 1242//712 1244//712
f 1243//710 1233//705 1234//705
f 1243//710 1234//705 1244//710
f 1245//711 1233//711 1243//711
f 1246//712 1244//712 1234//712
f 1247//713 1249//714 1250//714
f 1247//713 1250//714 1248//713
f 1259//719 1249//719 1247//719
f 1260//720 1248//720 1250//720
f 1249//714 1251//715 1252//715
f 1249//714 1252//715 1250//714
f 1259//719 1251//719 1249//719
f 1260//720 1250//720 1252//720
f 1251//715 1253//716 1254//716
f 1251//715 1254//716 1252//715
f 1259//719 1253//719 1251//719
f 1260//720 1252//720 1254//720
f 1253//716 1255//717 1256//717
f 1253//716 1256//717 1254//716
f 1259//719 1255//719 1253//719
f 1260//720 1254//720 1256//720
f 1255//717 1257//718 1258//718
f 1255//717 1258//718 1256//717
f 1259//719 1257//719 1255//719
f 1260//720 1256//720 1258//720
f 1257//718 1247//713 1248//713
f 1257//718 1248//713 1258//718
f 1259//719 1247//719 1257//719
f 1260//720 1258//720 1248//720
f 1261//721 1263//722 1264//722
f 1261//721 1264//722 1262//721
f 1273//727 1263//727 1261//727
f 1274//728 1262//728 1264//728
f 1263//722 1265//723 1266//723
f 1263//722 1266//723 1264//722
f 1273//727 1265//727 1263//727
f 1274//728 1264//728 1266//728
f 1265//723 1267//724 1268//724
f 1265//723 1268//724 1266//723
f 1273//727 1267//727 1265//727
f 1274//728 1266//728 1268//728
f 1267//724 1269//725 1270//725
f 1267//724 1270//725 1268//724
f 1273//727 1269//727 1267//727
f 1274//728 1268//728 1270//728
f 1269//725 1271//726 1272//726
f 1269//725 1272//726 1270//725
f 1273//727 1271//727 1269//727
f 1274//728 1270//728 1272//728
f 1271//726 1261//721 1262//721
f 1271//726 1262//721 1272//726
f 1273//727 1261//727 1271//727
f 1274//728 1272//728 1262//728
f 1275//729 1277//730 1278//730
f 1275//729 1278//730 1276//729
f 1287//735 1277//735 1275//735
f 1288//736 1276//736 1278//736
f 1277//730 1279//731 1280//731
f 1277//730 1280//731 1278//730
f 1287//735 1279//735 1277//735
f 1288//736 1278//736 1280//736
f 1279//731 1281//732 1282//732
f 1279//731 1282//732 1280//731
f 1287//735 1281//735 1279//735
f 1288//736 1280//736 1282//736
f 1281//732 1283//733 1284//733
f 1281//732 1284//733 1282//732
f 1287//735 1283//735 1281//735
f 1288//736 1282//736 1284//736
f 1283//733 1285//734 1286//734
f 1283//733 1286//734 1284//733
f 1287//735 1285//735 1283//735
f 1288//736 1284//736 1286//736
f 1285//734 1275//729 1276//729
f 1285//734 1276//729 1286//734
f 1287//735 1275//735 1285//735
f 1288//736 1286//736 1276//736
f 1289//737 1291//738 1292//738
f 1289//737 1292//738 1290//737
f 1301//743 1291//743 1289//743
f 1302//744 1290//744 1292//744
f 1291//738 1293//739 1294//739
f 1291//738 1294//739 1292//738
f 1301//743 1293//743 1291//743
f 1302//744 1292//744 1294//744
f 1293//739 1295//740 1296//740
f 1293//739 1296//740 1294//739
f 1301//743 1295//743 1293//743
f 1302//744 1294//744 1296//744
f 1295//740 1297//741 1298//741
f 1295//740 1298//741 1296//740
f 1301//743 1297//743 1295//743
f 1302//744 1296//744 1298//744
f 1297//741 1299//742 1300//742
f 1297//741 1300//742 1298//741
f 1301//743 1299//743 1297//743
f 1302//744 1298//744 1300//744
f 1299//742 1289//737 1290//737
f 1299//742 1290//737 1300//742
f 1301//743 1289//743 1299//743
f 1302//744 1300//744 1290//744
f 1303//745 1305//746 1306//746
f 1303//745 1306//746 1304//745
f 1315//751 1305//751 1303//751
f 1316//752 1304//752 1306//752
f 1305//746 1307//747 1308//747
f 1305//746 1308//747 1306//746
f 1315//751 1307//751 1305//751
f 1316//752 1306//752 1308//752
f 1307//747 1309//748 1310//748
f 1307//747 1310//748 1308//747
f 1315//751 1309//751 1307//751
f 1316//752 1308//752 1310//752
f 1309//748 1311//749 1312//749
f 1309//748 1312//749 1310//748
f 1315//751 1311//751 1309//751
f 1316//752 1310//752 1312//752
f 1311//749 1313//750 1314//750
f 1311//749 1314//750 1312//749
f 1315//751 1313//751 1311//751
f 1316//752 1312//752 1314//752
f 1313//750 1303//745 1304//745
f 1313//750 1304//745 1314//750
f 1315//751 1303//751 1313//751
f 1316//752 1314//752 1304//752
f 1317//753 1319//754 1320//754
f 1317//753 1320//754 1318//753
f 1329//759 1319//759 1317//759
f 1330//760 1318//760 1320//760
f 1319//754 1321//755 1322//755
f 1319//754 1322//755 1320//754
f 1329//759 1321//759 1319//759
f 1330//760 1320//760 1322//760
f 1321//755 1323//756 1324//756
f 1321//755 1324//756 1322//755
f 1329//759 1323//759 1321//759
f 1330//760 1322//760 1324//760
f 1323//756 1325//757 1326//757
f 1323//756 1326//757 1324//756
f 1329//759 1325//759 1323//759
f 1330//760 1324//760 1326//760
f 1325//757 1327//758 1328//758
f 1325//757 1328//758 1326//757
f 1329//759 1327//759 1325//759
f 1330//760 1326//760 1328//760
f 1327//758 1317//753 1318//753
f 1327//758 1318//753 1328//758
f 1329//759 1317//759 1327//759
f 1330//760 1328//760 1318//760
f 1331//761 1333//762 1334//762
f 1331//761 1334//762 1332//761
f 1343//767 1333//767 1331//767
f 1344//768 1332//768 1334//768
f 1333//762 1335//763 1336//763
f 1333//762 1336//763 1334//762
f 1343//767 1335//767 1333//767
f 1344//768 1334//768 1336//768
f 1335//763 1337//764 1338//764
f 1335//763 1338//764 1336//763
f 1343//767 1337//767 1335//767
f 1344//768 1336//768 1338//768
f 1337//764 1339//765 1340//765
f 1337//764 1340//765 1338//764
f 1343//767 1339//767 1337//767
f 1344//768 1338//768 1340//768
f 1339//765 1341//766 1342//766
f 1339//765 1342//766 1340//765
f 1343//767 1341//767 1339//767
f 1344//768 1340//768 1342//768
f 1341//766 1331//761 1332//761
f 1341//766 1332//761 1342//766
f 1343//767 1331//767 1341//767
f 1344//768 1342//768 1332//768
f 1345//769 1347//770 1348//770
f 1345//769 1348//770 1346//769
f 1357//775 1347//775 1345//775
f 1358//776 1346//776 1348//776
f 1347//770 1349//771 1350//771
f 1347//770 1350//771 1348//770
f 1357//775 1349//775 1347//775
f 1358//776 1348//776 1350//776
f 1349//771 1351//772 1352//772
f 1349//771 1352//772 1350//771
f 1357//775 1351//775 1349//775
f 1358//776 1350//776 1352//776
f 1351//772 1353//773 1354//773
f 1351//772 1354//773 1352//772
f 1357//775 1353//775 1351//775
f 1358//776 1352//776 1354//776
f 1353//773 1355//774 1356//774
f 1353//773 1356//774 1354//773
f 1357//775 1355//775 1353//775
f 1358//776 1354//776 1356//776
f 1355//774 1345//769 1346//769
f 1355//774 1346//769 1356//774
f 1357//775 1345//775 1355//775
f 1358//776 1356//776 1346//776
f 1359//777 1361//778 1362//778
f 1359//777 1362//778 1360//777
f 1371//783 1361//783 1359//783
f 1372//784 1360//784 1362//784
f 1361//778 1363//779 1364//779
f 1361//778 1364//779 1362//778
f 1371//783 1363//783 1361//783
f 1372//784 1362//784 1364//784
f 1363//779 1365//780 1366//780
f 1363//779 1366//780 1364//779
f 1371//783 1365//783 1363//783
f 1372//784 1364//784 1366//784
f 1365//780 1367//781 1368//781
f 1365//780 1368//781 1366//780
f 1371//783 1367//783 1365//783
f 1372//784 1366//784 1368//784
f 1367//781 1369//782 1370//782
f 1367//781 1370//782 1368//781
f 1371//783 1369//783 1367//783
f 1372//784 1368//784 1370//784
f 1369//782 1359//777 1360//777
f 1369//782 1360//777 1370//782
f 1371//783 1359//783 1369//783
f 1372//784 1370//784 1360//784
f 1373//785 1375//786 1376//786
f 1373//785 1376//786 1374//785
f 1385//791 1375//791 1373//791
f 1386//792 1374//792 1376//792
f 1375//786 1377//787 1378//787
f 1375//786 1378//787 1376//786
f 1385//791 1377//791 1375//791
f 1386//792 1376//792 1378//792
f 1377//787 1379//788 1380//788
f 1377//787 1380//788 1378//787
f 1385//791 1379//791 1377//791
f 1386//792 1378//792 1380//792
f 1379//788 1381//789 1382//789
f 1379//788 1382//789 1380//788
f 1385//791 1381//791 1379//791
f 1386//792 1380//792 1382//792
f 1381//789 1383//790 1384//790
f 1381//789 1384//790 1382//789
f 1385//791 1383//791 1381//791
f 1386//792 1382//792 1384//792
f 1383//790 1373//785 1374//785
f 1383//790 1374//785 1384//790
f 1385//791 1373//791 1383//791
f 1386//792 1384//792 1374//792
f 1387//793 1389//794 1390//794
f 1387//793 1390//794 1388//793
f 1399//799 1389//799 1387//799
f 1400//800 1388//800 1390//800
f 1389//794 1391//795 1392//795
f 1389//794 1392//795 1390//794
f 1399//799 1391//799 1389//799
f 1400//800 1390//800 1392//800
f 1391//795 1393//796 1394//796
f 1391//795 1394//796 1392//795
f 1399//799 1393//799 1391//799
f 1400//800 1392//800 1394//800
f 1393//796 1395//797 1396//797
f 1393//796 1396//797 1394//796
f 1399//799 1395//799 1393//799
f 1400//800 1394//800 1396//800
f 1395//797 1397//798 1398//798
f 1395//797 1398//798 1396//797
f 1399//799 1397//799 1395//799
f 1400//800 1396//800 1398//800
f 1397//798 1387//793 1388//793
f 1397//798 1388//793 1398//798
f 1399//799 1387//799 1397//799
f 1400//800 1398//800 1388//800
f 1401//801 1403//802 1404//802
f 1401//801 1404//802 1402//801
f 1413//807 1403//807 1401//807
f 1414//808 1402//808 1404//808
f 1403//802 1405//803 1406//803
f 1403//802 1406//803 1404//802
f 1413//807 1405//807 1403//807
f 1414//808 1404//808 1406//808
f 1405//803 1407//804 1408//804
f 1405//803 1408//804 1406//803
f 1413//807 1407//807 1405//807
f 1414//808 1406//808 1408//808
f 1407//804 1409//805 1410//805
f 1407//804 1410//805 1408//804
f 1413//807 1409//807 1407//807
f 1414//808 1408//808 1410//808
f 1409//805 1411//806 1412//806
f 1409//805 1412//806 1410//805
f 1413//807 1411//807 1409//807
f 1414//808 1410//808 1412//808
f 1411//806 1401//801 1402//801
f 1411//806 1402//801 1412//806
f 1413//807 1401//807 1411//807
f 1414//808 1412//808 1402//808
f 1415//809 1417//810 1418//810
f 1415//809 1418//810 1416//809
f 1427//815 1417//815 1415//815
f 1428//816 1416//816 1418//816
f 1417//810 1419//811 1420//811
f 1417//810 1420//811 1418//810
f 1427//815 1419//815 1417//815
f 1428//816 1418//816 1420//816
f 1419//811 1421//812 1422//812
f 1419//811 1422//812 1420//811
f 1427//815 1421//815 1419//815
f 1428//816 1420//816 1422//816
f 1421//812 1423//813 1424//813
f 1421//812 1424//813 1422//812
f 1427//815 1423//815 1421//815
f 1428//816 1422//816 1424//816
f 1423//813 1425//814 1426//814
f 1423//813 1426//814 1424//813
f 1427//815 1425//815 1423//815
f 1428//816 1424//816 1426//816
f 1425//814 1415//809 1416//809
f 1425//814 1416//809 1426//814
f 1427//815 1415//815 1425//815
f 1428//816 1426//816 1416//816
f 1429//817 1431//818 1432//818
f 1429//817 1432//818 1430//817
f 1441//823 1431//823 1429//823
f 1442//824 1430//824 1432//824
f 1431//818 1433//819 1434//819
f 1431//818 1434//819 1432//818
f 1441//823 1433//823 1431//823
f 1442//824 1432//824 1434//824
f 1433//819 1435//820 1436//820
f 1433//819 1436//820 1434//819
f 1441//823 1435//823 1433//823
f 1442//824 1434//824 1436//824
f 1435//820 1437//821 1438//821
f 1435//820 1438//821 1436//820
f 1441//823 1437//823 1435//823
f 1442//824 1436//824 1438//824
f 1437//821 1439//822 1440//822
f 1437//821 1440//822 1438//821
f 1441//823 1439//823 1437//823
f 1442//824 1438//824 1440//824
f 1439//822 1429//817 1430//817
f 1439//822 1430//817 1440//822
f 1441//823 1429//823 1439//823
f 1442//824 1440//824 1430//824
f 1443//825 1445//826 1446//826
f 1443//825 1446//826 1444//825
f 1455//831 1445//831 1443//831
f 1456//832 1444//832 1446//832
f 1445//826 1447//827 1448//827
f 1445//826 1448//827 1446//826
f 1455//831 1447//831 1445//831
f 1456//832 1446//832 1448//832
f 1447//827 1449//828 1450//828
f 1447//827 1450//828 1448//827
f 1455//831 1449//831 1447//831
f 1456//832 1448//832 1450//832
f 1449//828 1451//829 1452//829
f 1449//828 1452//829 1450//828
f 1455//831 1451//831 1449//831
f 1456//832 1450//832 1452//832
f 1451//829 1453//830 1454//830
f 1451//829 1454//830 1452//829
f 1455//831 1453//831 1451//831
f 1456//832 1452//832 1454//832
f 1453//830 1443//825 1444//825
f 1453//830 1444//825 1454//830
f 1455//831 1443//831 1453//831
f 1456//832 1454//832 1444//832
f 1457//833 1459//834 1460//834
f 1457//833 1460//834 1458//833
f 1469//839 1459//839 1457//839
f 1470//840 1458//840 1460//840
f 1459//834 1461//835 1462//835
f 1459//834 1462//835 1460//834
f 1469//839 1461//839 1459//839
f 1470//840 1460//840 1462//840
f 1461//835 1463//836 1464//836
f 1461//835 1464//836 1462//835
f 1469//839 1463//839 1461//839
f 1470//840 1462//840 1464//840
f 1463//836 1465//837 1466//837
f 1463//836 1466//837 1464//836
f 1469//839 1465//839 1463//839
f 1470//840 1464//840 1466//840
f 1465//837 1467//838 1468//838
f 1465//837 1468//838 1466//837
f 1469//839 1467//839 1465//839
f 1470//840 1466//840 1468//840
f 1467//838 1457//833 1458//833
f 1467//838 1458//833 1468//838
f 1469//839 1457//839 1467//839
f 1470//840 1468//840 1458//840
f 1471//841 1473//842 1474//842
f 1471//841 1474//842 1472//841
f 1483//847 1473//847 1471//847
f 1484//848 1472//848 1474//848
f 1473//842 1475//843 1476//843
f 1473//842 1476//843 1474//842
f 1483//847 1475//847 1473//847
f 1484//848 1474//848 1476//848
f 1475//843 1477//844 1478//844
f 1475//843 1478//844 1476//843
f 1483//847 1477//847 1475//847
f 1484//848 1476//848 1478//848
f 1477//844 1479//845 1480//845
f 1477//844 1480//845 1478//844
f 1483//847 1479//847 1477//847
f 1484//848 1478//848 1480//848
f 1479//845 1481//846 1482//846
f 1479//845 1482//846 1480//845
f 1483//847 1481//847 1479//847
f 1484//848 1480//848 1482//848
f 1481//846 1471//841 1472//841
f 1481//846 1472//841 1482//846
f 1483//847 1471//847 1481//847
f 1484//848 1482//848 1472//848
f 1485//849 1487//850 1488//850
f 1485//849 1488//850 1486//849
f 1497//855 1487//855 1485//855
f 1498//856 1486//856 1488//856
f 1487//850 1489//851 1490//851
f 1487//850 1490//851 1488//850
f 1497//855 1489//855 1487//855
f 1498//856 1488//856 1490//856
f 1489//851 1491//852 1492//852
f 1489//851 1492//852 1490//851
f 1497//855 1491//855 1489//855
f 1498//856 1490//856 1492//856
f 1491//852 1493//853 1494//853
f 1491//852 1494//853 1492//852
f 1497//855 1493//855 1491//855
f 1498//856 1492//856 1494//856
f 1493//853 1495//854 1496//854
f 1493//853 1496//854 1494//853
f 1497//855 1495//855 1493//855
f 1498//856 1494//856 1496//856
f 1495//854 1485//849 1486//849
f 1495//854 1486//849 1496//854
f 1497//855 1485//855 1495//855
f 1498//856 1496//856 1486//856
f 1499//857 1501//858 1502//858
f 1499//857 1502//858 1500//857
f 1511//863 1501//863 1499//863
f 1512//864 1500//864 1502//864
f 1501//858 1503//859 1504//859
f 1501//858 1504//859 1502//858
f 1511//863 1503//863 1501//863
f 1512//864 1502//864 1504//864
f 1503//859 1505//860 1506//860
f 1503//859 1506//860 1504//859
f 1511//863 1505//863 1503//863
f 1512//864 1504//864 1506//864
f 1505//860 1507//861 1508//861
f 1505//860 1508//861 1506//860
f 1511//863 1507//863 1505//863
f 1512//864 1506//864 1508//864
f 1507//861 1509//862 1510//862
f 1507//861 1510//862 1508//861
f 1511//863 1509//863 1507//863
f 1512//864 1508//864 1510//864
f 1509//862 1499//857 1500//857
f 1509//862 1500//857 1510//862
f 1511//863 1499//863 1509//863
f 1512//864 1510//864 1500//864
f 1513//865 1515//866 1516//866
f 1513//865 1516//866 1514//865
f 1525//871 1515//871 1513//871
f 1526//872 1514//872 1516//872
f 1515//866 1517//867 1518//867
f 1515//866 1518//867 1516//866
f 1525//871 1517//871 1515//871
f 1526//872 1516//872 1518//872
f 1517//867 1519//868 1520//868
f 1517//867 1520//868 1518//867
f 1525//871 1519//871 1517//871
f 1526//872 1518//872 1520//872
f 1519//868 1521//869 1522//869
f 1519//868 1522//869 1520//868
f 1525//871 1521//871 1519//871
f 1526//872 1520//872 1522//872
f 1521//869 1523//870 1524//870
f 1521//869 1524//870 1522//869
f 1525//871 1523//871 1521//871
f 1526//872 1522//872 1524//872
f 1523//870 1513//865 1514//865
f 1523//870 1514//865 1524//870
f 1525//871 1513//871 1523//871
f 1526//872 1524//872 1514//872
f 1527//873 1529//874 1530//874
f 1527//873 1530//874 1528//873
f 1539//879 1529//879 1527//879
f 1540//880 1528//880 1530//880
f 1529//874 1531//875 1532//875
f 1529//874 1532//875 1530//874
f 1539//879 1531//879 1529//879
f 1540//880 1530//880 1532//880
f 1531//875 1533//876 1534//876
f 1531//875 1534//876 1532//875
f 1539//879 1533//879 1531//879
f 1540//880 1532//880 1534//880
f 1533//876 1535//877 1536//877
f 1533//876 1536//877 1534//876
f 1539//879 1535//879 1533//879
f 1540//880 1534//880 1536//880
f 1535//877 1537//878 1538//878
f 1535//877 1538//878 1536//877
f 1539//879 1537//879 1535//879
f 1540//880 1536//880 1538//880
f 1537//878 1527//873 1528//873
f 1537//878 1528//873 1538//878
f 1539//879 1527//879 1537//879
f 1540//880 1538//880 1528//880
f 1541//881 1543//882 1544//882
f 1541//881 1544//882 1542//881
f 1553//887 1543//887 1541//887
f 1554//888 1542//888 1544//888
f 1543//882 1545//883 1546//883
f 1543//882 1546//883 1544//882
f 1553//887 1545//887 1543//887
f 1554//888 1544//888 1546//888
f 1545//883 1547//884 1548//884
f 1545//883 1548//884 1546//883
f 1553//887 1547//887 1545//887
f 1554//888 1546//888 1548//888
f 1547//884 1549//885 1550//885
f 1547//884 1550//885 1548//884
f 1553//887 1549//887 1547//887
f 1554//888 1548//888 1550//888
f 1549//885 1551//886 1552//886
f 1549//885 1552//886 1550//885
f 1553//887 1551//887 1549//887
f 1554//888 1550//888 1552//888
f 1551//886 1541//881 1542//881
f 1551//886 1542//881 1552//886
f 1553//887 1541//887 1551//887
f 1554//888 1552//888 1542//888
f 1555//889 1557//890 1558//890
f 1555//889 1558//890 1556//889
f 1567//895 1557//895 1555//895
f 1568//896 1556//896 1558//896
f 1557//890 1559//891 1560//891
f 1557//890 1560//891 1558//890
f 1567//895 1559//895 1557//895
f 1568//896 1558//896 1560//896
f 1559//891 1561//892 1562//892
f 1559//891 1562//892 1560//891
f 1567//895 1561//895 1559//895
f 1568//896 1560//896 1562//896
f 1561//892 1563//893 1564//893
f 1561//892 1564//893 1562//892
f 1567//895 1563//895 1561//895
f 1568//896 1562//896 1564//896
f 1563//893 1565//894 1566//894
f 1563//893 1566//894 1564//893
f 1567//895 1565//895 1563//895
f 1568//896 1564//896 1566//896
f 1565//894 1555//889 1556//889
f 1565//894 1556//889 1566//894
f 1567//895 1555//895 1565//895
f 1568//896 1566//896 1556//896
f 1569//897 1571//898 1572//898
f 1569//897 1572//898 1570//897
f 1581//903 1571//903 1569//903
f 1582//904 1570//904 1572//904
f 1571//898 1573//899 1574//899
f 1571//898 1574//899 1572//898
f 1581//903 1573//903 1571//903
f 1582//904 1572//904 1574//904
f 1573//899 1575//900 1576//900
f 1573//899 1576//900 1574//899
f 1581//903 1575//903 1573//903
f 1582//904 1574//904 1576//904
f 1575//900 1577//901 1578//901
f 1575//900 1578//901 1576//900
f 1581//903 1577//903 1575//903
f 1582//904 1576//904 1578//904
f 1577//901 1579//902 1580//902
f 1577//901 1580//902 1578//901
f 1581//903 1579//903 1577//903
f 1582//904 1578//904 1580//904
f 1579//902 1569//897 1570//897
f 1579//902 1570//897 1580//902
f 1581//903 1569//903 1579//903
f 1582//904 1580//904 1570//904
f 1583//905 1585//906 1586//906
f 1583//905 1586//906 1584//905
f 1595//911 1585//911 1583//911
f 1596//912 1584//912 1586//912
f 1585//906 1587//907 1588//907
f 1585//906 1588//907 1586//906
f 1595//911 1587//911 1585//911
f 1596//912 1586//912 1588//912
f 1587//907 1589//908 1590//908
f 1587//907 1590//908 1588//907
f 1595//911 1589//911 1587//911
f 1596//912 1588//912 1590//912
f 1589//908 1591//909 1592//909
f 1589//908 1592//909 1590//908
f 1595//911 1591//911 1589//911
f 1596//912 1590//912 1592//912
f 1591//909 1593//910 1594//910
f 1591//909 1594//910 1592//909
f 1595//911 1593//911 1591//911
f 1596//912 1592//912 1594//912
f 1593//910 1583//905 1584//905
f 1593//910 1584//905 1594//910
f 1595//911 1583//911 1593//911
f 1596//912 1594//912 1584//912
f 1597//913 1599//914 1600//914
f 1597//913 1600//914 1598//913
f 1609//919 1599//919 1597//919
f 1610//920 1598//920 1600//920
f 1599//914 1601//915 1602//915
f 1599//914 1602//915 1600//914
f 1609//919 1601//919 1599//919
f 1610//920 1600//920 1602//920
f 1601//915 1603//916 1604//916
f 1601//915 1604//916 1602//915
f 1609//919 1603//919 1601//919
f 1610//920 1602//920 1604//920
f 1603//916 1605//917 1606//917
f 1603//916 1606//917 1604//916
f 1609//919 1605//919 1603//919
f 1610//920 1604//920 1606//920
f 1605//917 1607//918 1608//918
f 1605//917 1608//918 1606//917
f 1609//919 1607//919 1605//919
f 1610//920 1606//920 1608//920
f 1607//918 1597//913 1598//913
f 1607//918 1598//913 1608//918
f 1609//919 1597//919 1607//919
f 1610//920 1608//920 1598//920
f 1611//921 1613//922 1614//922
f 1611//921 1614//922 1612//921
f 1623//927 1613//927 1611//927
f 1624//928 1612//928 1614//928
f 1613//922 1615//923 1616//923
f 1613//922 1616//923 1614//922
f 1623//927 1615//927 1613//927
f 1624//928 1614//928 1616//928
f 1615//923 1617//924 1618//924
f 1615//923 1618//924 1616//923
f 1623//927 1617//927 1615//927
f 1624//928 1616//928 1618//928
f 1617//924 1619//925 1620//925
f 1617//924 1620//925 1618//924
f 1623//927 1619//927 1617//927
f 1624//928 1618//928 1620//928
f 1619//925 1621//926 1622//926
f 1619//925 1622//926 1620//925
f 1623//927 1621//927 1619//927
f 1624//928 1620//928 1622//928
f 1621//926 1611//921 1612//921
f 1621//926 1612//921 1622//926
f 1623//927 1611//927 1621//927
f 1624//928 1622//928 1612//928
f 1625//929 1627//930 1628//930
f 1625//929 1628//930 1626//929
f 1637//935 1627//935 1625//935
f 1638//936 1626//936 1628//936
f 1627//930 1629//931 1630//931
f 1627//930 1630//931 1628//930
f 1637//935 1629//935 1627//935
f 1638//936 1628//936 1630//936
f 1629//931 1631//932 1632//932
f 1629//931 1632//932 1630//931
f 1637//935 1631//935 1629//935
f 1638//936 1630//936 1632//936
f 1631//932 1633//933 1634//933
f 1631//932 1634//933 1632//932
f 1637//935 1633//935 1631//935
f 1638//936 1632//936 1634//936
f 1633//933 1635//934 1636//934
f 1633//933 1636//934 1634//933
f 1637//935 1635//935 1633//935
f 1638//936 1634//936 1636//936
f 1635//934 1625//929 1626//929
f 1635//934 1626//929 1636//934
f 1637//935 1625//935 1635//935
f 1638//936 1636//936 1626//936
f 1639//937 1641//938 1642//938
f 1639//937 1642//938 1640//937
f 1651//943 1641//943 1639//943
f 1652//944 1640//944 1642//944
f 1641//938 1643//939 1644//939
f 1641//938 1644//939 1642//938
f 1651//943 1643//943 1641//943
f 1652//944 1642//944 1644//944
f 1643//939 1645//940 1646//940
f 1643//939 1646//940 1644//939
f 1651//943 1645//943 1643//943
f 1652//944 1644//944 1646//944
f 1645//940 1647//941 1648//941
f 1645//940 1648//941 1646//940
f 1651//943 1647//943 1645//943
f 1652//944 1646//944 1648//944
f 1647//941 1649//942 1650//942
f 1647//941 1650//942 1648//941
f 1651//943 1649//943 1647//943
f 1652//944 1648//944 1650//944
f 1649//942 1639//937 1640//937
f 1649//942 1640//937 1650//942
f 1651//943 1639//943 1649//943
f 1652//944 1650//944 1640//944
f 1653//945 1655//946 1656//946
f 1653//945 1656//946 1654//945
f 1665//951 1655//951 1653//951
f 1666//952 1654//952 1656//952
f 1655//946 1657//947 1658//947
f 1655//946 1658//947 1656//946
f 1665//951 1657//951 1655//951
f 1666//952 1656//952 1658//952
f 1657//947 1659//948 1660//948
f 1657//947 1660//948 1658//947
f 1665//951 1659//951 1657//951
f 1666//952 1658//952 1660//952
f 1659//948 1661//949 1662//949
f 1659//948 1662//949 1660//948
f 1665//951 1661//951 1659//951
f 1666//952 1660//952 1662//952
f 1661//949 1663//950 1664//950
f 1661//949 1664//950 1662//949
f 1665//951 1663//951 1661//951
f 1666//952 1662//952 1664//952
f 1663//950 1653//945 1654//945
f 1663//950 1654//945 1664//950
f 1665//951 1653//951 1663//951
f 1666//952 1664//952 1654//952
f 1667//953 1669//954 1670//954
f 1667//953 1670//954 1668//953
f 1679//959 1669//959 1667//959
f 1680//960 1668//960 1670//960
f 1669//954 1671//955 1672//955
f 1669//954 1672//955 1670//954
f 1679//959 1671//959 1669//959
f 1680//960 1670//960 1672//960
f 1671//955 1673//956 1674//956
f 1671//955 1674//956 1672//955
f 1679//959 1673//959 1671//959
f 1680//960 1672//960 1674//960
f 1673//956 1675//957 1676//957
f 1673//956 1676//957 1674//956
f 1679//959 1675//959 1673//959
f 1680//960 1674//960 1676//960
f 1675//957 1677//958 1678//958
f 1675//957 1678//958 1676//957
f 1679//959 1677//959 1675//959
f 1680//960 1676//960 1678//960
f 1677//958 1667//953 1668//953
f 1677//958 1668//953 1678//958
f 1679//959 1667//959 1677//959
f 1680//960 1678//960 1668//960
f 1681//961 1683//962 1684//962
f 1681//961 1684//962 1682//961
f 1693//967 1683//967 1681//967
f 1694//968 1682//968 1684//968
f 1683//962 1685//963 1686//963
f 1683//962 1686//963 1684//962
f 1693//967 1685//967 1683//967
f 1694//968 1684//968 1686//968
f 1685//963 1687//964 1688//964
f 1685//963 1688//964 1686//963
f 1693//967 1687//967 1685//967
f 1694//968 1686//968 1688//968
f 1687//964 1689//965 1690//965
f 1687//964 1690//965 1688//964
f 1693//967 1689//967 1687//967
f 1694//968 1688//968 1690//968
f 1689//965 1691//966 1692//966
f 1689//965 1692//966 1690//965
f 1693//967 1691//967 1689//967
f 1694//968 1690//968 1692//968
f 1691//966 1681//961 1682//961
f 1691//966 1682//961 1692//966
f 1693//967 1681//967 1691//967
f 1694//968 1692//968 1682//968
f 1695//969 1697//970 1698//970
f 1695//969 1698//970 1696//969
f 1707//975 1697//975 1695//975
f 1708//976 1696//976 1698//976
f 1697//970 1699//971 1700//971
f 1697//970 1700//971 1698//970
f 1707//975 1699//975 1697//975
f 1708//976 1698//976 1700//976
f 1699//971 1701//972 1702//972
f 1699//971 1702//972 1700//971
f 1707//975 1701//975 1699//975
f 1708//976 1700//976 1702//976
f 1701//972 1703//973 1704//973
f 1701//972 1704//973 1702//972
f 1707//975 1703//975 1701//975
f 1708//976 1702//976 1704//976
f 1703//973 1705//974 1706//974
f 1703//973 1706//974 1704//973
f 1707//975 1705//975 1703//975
f 1708//976 1704//976 1706//976
f 1705//974 1695//969 1696//969
f 1705//974 1696//969 1706//974
f 1707//975 1695//975 1705//975
f 1708//976 1706//976 1696//976
f 1709//977 1711//978 1712//978
f 1709//977 1712//978 1710//977
f 1721//983 1711//983 1709//983
f 1722//984 1710//984 1712//984
f 1711//978 1713//979 1714//979
f 1711//978 1714//979 1712//978
f 1721//983 1713//983 1711//983
f 1722//984 1712//984 1714//984
f 1713//979 1715//980 1716//980
f 1713//979 1716//980 1714//979
f 1721//983 1715//983 1713//983
f 1722//984 1714//984 1716//984
f 1715//980 1717//981 1718//981
f 1715//980 1718//981 1716//980
f 1721//983 1717//983 1715//983
f 1722//984 1716//984 1718//984
f 1717//981 1719//982 1720//982
f 1717//981 1720//982 1718//981
f 1721//983 1719//983 1717//983
f 1722//984 1718//984 1720//984
f 1719//982 1709//977 1710//977
f 1719//982 1710//977 1720//982
f 1721//983 1709//983 1719//983
f 1722//984 1720//984 1710//984
f 1723//985 1725//986 1726//986
f 1723//985 1726//986 1724//985
f 1735//991 1725//991 1723//991
f 1736//992 1724//992 1726//992
f 1725//986 1727//987 1728//987
f 1725//986 1728//987 1726//986
f 1735//991 1727//991 1725//991
f 1736//992 1726//992 1728//992
f 1727//987 1729//988 1730//988
f 1727//987 1730//988 1728//987
f 1735//991 1729//991 1727//991
f 1736//992 1728//992 1730//992
f 1729//988 1731//989 1732//989
f 1729//988 1732//989 1730//988
f 1735//991 1731//991 1729//991
f 1736//992 1730//992 1732//992
f 1731//989 1733//990 1734//990
f 1731//989 1734//990 1732//989
f 1735//991 1733//991 1731//991
f 1736//992 1732//992 1734//992
f 1733//990 1723//985 1724//985
f 1733//990 1724//985 1734//990
f 1735//991 1723//991 1733//991
f 1736//992 1734//992 1724//992
f 1737//993 1739//994 1740//994
f 1737//993 1740//994 1738//993
f 1749//999 1739//999 1737//999
f 1750//1000 1738//1000 1740//1000
f 1739//994 1741//995 1742//995
f 1739//994 1742//995 1740//994
f 1749//999 1741//999 1739//999
f 1750//1000 1740//1000 1742//1000
f 1741//995 1743//996 1744//996
f 1741//995 1744//996 1742//995
f 1749//999 1743//999 1741//999
f 1750//1000 1742//1000 1744//1000
f 1743//996 1745//997 1746//997
f 1743//996 1746//997 1744//996
f 1749//999 1745//999 1743//999
f 1750//1000 1744//1000 1746//1000
f 1745//997 1747//998 1748//998
f 1745//997 1748//998 1746//997
f 1749//999 1747//999 1745//999
f 1750//1000 1746//1000 1748//1000
f 1747//998 1737//993 1738//993
f 1747//998 1738//993 1748//998
f 1749//999 1737//999 1747//999
f 1750//1000 1748//1000 1738//1000
f 1751//1001 1753//1002 1754//1002
f 1751//1001 1754//1002 1752//1001
f 1763//1007 1753//1007 1751//1007
f 1764//1008 1752//1008 1754//1008
f 1753//1002 1755//1003 1756//1003
f 1753//1002 1756//1003 1754//1002
f 1763//1007 1755//1007 1753//1007
f 1764//1008 1754//1008 1756//1008
f 1755//1003 1757//1004 1758//1004
f 1755//1003 1758//1004 1756//1003
f 1763//1007 1757//1007 1755//1007
f 1764//1008 1756//1008 1758//1008
f 1757//1004 1759//1005 1760//1005
f 1757//1004 1760//1005 1758//1004
f 1763//1007 1759//1007 1757//1007
f 1764//1008 1758//1008 1760//1008
f 1759//1005 1761//1006 1762//1006
f 1759//1005 1762//1006 1760//1005
f 1763//1007 1761//1007 1759//1007
f 1764//1008 1760//1008 1762//1008
f 1761//1006 1751//1001 1752//1001
f 1761//1006 1752//1001 1762//1006
f 1763//1007 1751//1007 1761//1007
f 1764//1008 1762//1008 1752//1008
f 1765//1009 1767//1010 1768//1010
f 1765//1009 1768//1010 1766//1009
f 1777//1015 1767//1015 1765//1015
f 1778//1016 1766//1016 1768//1016
f 1767//1010 1769//1011 1770//1011
f 1767//1010 1770//1011 1768//1010
f 1777//1015 1769//1015 1767//1015
f 1778//1016 1768//1016 1770//1016
f 1769//1011 1771//1012 1772//1012
f 1769//1011 1772//1012 1770//1011
f 1777//1015 1771//1015 1769//1015
f 1778//1016 1770//1016 1772//1016
f 1771//1012 1773//1013 1774//1013
f 1771//1012 1774//1013 1772//1012
f 1777//1015 1773//1015 1771//1015
f 1778//1016 1772//1016 1774//1016
f 1773//1013 1775//1014 1776//1014
f 1773//1013 1776//1014 1774//1013
f 1777//1015 1775//1015 1773//1015
f 1778//1016 1774//1016 1776//1016
f 1775//1014 1765//1009 1766//1009
f 1775//1014 1766//1009 1776//1014
f 1777//1015 1765//1015 1775//1015
f 1778//1016 1776//1016 1766//1016
f 1779//1017 1781//1018 1782//1018
f 1779//1017 1782//1018 1780//1017
f 1791//1023 1781//1023 1779//1023
f 1792//1024 1780//1024 1782//1024
f 1781//1018 1783//1019 1784//1019
f 1781//1018 1784//1019 1782//1018
f 1791//1023 1783//1023 1781//1023
f 1792//1024 1782//1024 1784//1024
f 1783//1019 1785//1020 1786//1020
f 1783//1019 1786//1020 1784//1019
f 1791//1023 1785//1023 1783//1023
f 1792//1024 1784//1024 1786//1024
f 1785//1020 1787//1021 1788//1021
f 1785//1020 1788//1021 1786//1020
f 1791//1023 1787//1023 1785//1023
f 1792//1024 1786//1024 1788//1024
f 1787//1021 1789//1022 1790//1022
f 1787//1021 1790//1022 1788//1021
f 1791//1023 1789//1023 1787//1023
f 1792//1024 1788//1024 1790//1024
f 1789//1022 1779//1017 1780//1017
f 1789//1022 1780//1017 1790//1022
f 1791//1023 1779//1023 1789//1023
f 1792//1024 1790//1024 1780//1024
f 1793//1025 1795//1026 1796//1026
f 1793//1025 1796//1026 1794//1025
f 1805//1031 1795//1031 1793//1031
f 1806//1032 1794//1032 1796//1032
f 1795//1026 1797//1027 1798//1027
f 1795//1026 1798//1027 1796//1026
f 1805//1031 1797//1031 1795//1031
f 1806//1032 1796//1032 1798//1032
f 1797//1027 1799//1028 1800//1028
f 1797//1027 1800//1028 1798//1027
f 1805//1031 1799//1031 1797//1031
f 1806//1032 1798//1032 1800//1032
f 1799//1028 1801//1029 1802//1029
f 1799//1028 1802//1029 1800//1028
f 1805//1031 1801//1031 1799//1031
f 1806//1032 1800//1032 1802//1032
f 1801//1029 1803//1030 1804//1030
f 1801//1029 1804//1030 1802//1029
f 1805//1031 1803//1031 1801//1031
f 1806//1032 1802//1032 1804//1032
f 1803//1030 1793//1025 1794//1025
f 1803//1030 1794//1025 1804//1030
f 1805//1031 1793//1031 1803//1031
f 1806//1032 1804//1032 1794//1032
f 1807//1033 1809//1034 1810//1034
f 1807//1033 1810//1034 1808//1033
f 1819//1039 1809//1039 1807//1039
f 1820//1040 1808//1040 1810//1040
f 1809//1034 1811//1035 1812//1035
f 1809//1034 1812//1035 1810//1034
f 1819//1039 1811//1039 1809//1039
f 1820//1040 1810//1040 1812//1040
f 1811//1035 1813//1036 1814//1036
f 1811//1035 1814//1036 1812//1035
f 1819//1039 1813//1039 1811//1039
f 1820//1040 1812//1040 1814//1040
f 1813//1036 1815//1037 1816//1037
f 1813//1036 1816//1037 1814//1036
f 1819//1039 1815//1039 1813//1039
f 1820//1040 1814//1040 1816//1040
f 1815//1037 1817//1038 1818//1038
f 1815//1037 1818//1038 1816//1037
f 1819//1039 1817//1039 1815//1039
f 1820//1040 1816//1040 1818//1040
f 1817//1038 1807//1033 1808//1033
f 1817//1038 1808//1033 1818//1038
f 1819//1039 1807//1039 1817//1039
f 1820//1040 1818//1040 1808//1040
f 1821//1041 1823//1042 1824//1042
f 1821//1041 1824//1042 1822//1041
f 1833//1047 1823//1047 1821//1047
f 1834//1048 1822//1048 1824//1048
f 1823//1042 1825//1043 1826//1043
f 1823//1042 1826//1043 1824//1042
f 1833//1047 1825//1047 1823//1047
f 1834//1048 1824//1048 1826//1048
f 1825//1043 1827//1044 1828//1044
f 1825//1043 1828//1044 1826//1043
f 1833//1047 1827//1047 1825//1047
f 1834//1048 1826//1048 1828//1048
f 1827//1044 1829//1045 1830//1045
f 1827//1044 1830//1045 1828//1044
f 1833//1047 1829//1047 1827//1047
f 1834//1048 1828//1048 1830//1048
f 1829//1045 1831//1046 1832//1046
f 1829//1045 1832//1046 1830//1045
f 1833//1047 1831//1047 1829//1047
f 1834//1048 1830//1048 1832//1048
f 1831//1046 1821//1041 1822//1041
f 1831//1046 1822//1041 1832//1046
f 1833//1047 1821//1047 1831//1047
f 1834//1048 1832//1048 1822//1048
f 1835//1049 1837//1050 1838//1050
f 1835//1049 1838//1050 1836//1049
f 1847//1055 1837//1055 1835//1055
f 1848//1056 1836//1056 1838//1056
f 1837//1050 1839//1051 1840//1051
f 1837//1050 1840//1051 1838//1050
f 1847//1055 1839//1055 1837//1055
f 1848//1056 1838//1056 1840//1056
f 1839//1051 1841//1052 1842//1052
f 1839//1051 1842//1052 1840//1051
f 1847//1055 1841//1055 1839//1055
f 1848//1056 1840//1056 1842//1056
f 1841//1052 1843//1053 1844//1053
f 1841//1052 1844//1053 1842//1052
f 1847//1055 1843//1055 1841//1055
f 1848//1056 1842//1056 1844//1056
f 1843//1053 1845//1054 1846//1054
f 1843//1053 1846//1054 1844//1053
f 1847//1055 1845//1055 1843//1055
f 1848//1056 1844//1056 1846//1056
f 1845//1054 1835//1049 1836//1049
f 1845//1054 1836//1049 1846//1054
f 1847//1055 1835//1055 1845//1055
f 1848//1056 1846//1056 1836//1056

