timestamp_ns,stamp_ns,time_local,x,y,z,roll,pitch,yaw
1779120852022914040,1779120851915368600,2026-05-19T00:14:12.022+08:00,0.0,0.0,0.0,0.0,0.0,0.0
1779120852225197048,1779120852196199896,2026-05-19T00:14:12.225+08:00,-0.04678624868392944,-0.14477714896202087,-0.009999990463256836,1.5887999534606934,-0.11753156036138535,-1.315726637840271
1779120852425623448,1779120852399686520,2026-05-19T00:14:12.425+08:00,-0.04618223011493683,-0.14624552428722382,0.0,1.3078690767288208,-0.29961076378822327,-1.4026135206222534
1779120852658468312,1779120852631087960,2026-05-19T00:14:12.658+08:00,-0.045721448957920074,-0.1484302580356598,-0.009999990463256836,1.3086415529251099,-0.3138548731803894,-1.403098464012146
1779120852891422360,1779120852888698648,2026-05-19T00:14:12.891+08:00,-0.04568065330386162,-0.14947330951690674,0.0,1.7391700744628906,-0.33027225732803345,-1.275558352470398
1779120853092199288,1779120853054273112,2026-05-19T00:14:13.092+08:00,-0.04559433460235596,-0.15021750330924988,0.0,1.9401963949203491,-0.3672359585762024,-1.1675456762313843
1779120853292601208,1779120853290801784,2026-05-19T00:14:13.292+08:00,-0.045654769986867905,-0.15026822686195374,0.0,1.9491225481033325,-0.32267019152641296,-0.9094123840332031
1779120853525537720,1779120853496844184,2026-05-19T00:14:13.525+08:00,-0.04624153673648834,-0.15126627683639526,0.0,1.8484922647476196,-0.22592712938785553,-0.6831281781196594
1779120853725619416,1779120853692663416,2026-05-19T00:14:13.725+08:00,-0.046998679637908936,-0.15238012373447418,-0.009999990463256836,1.712018370628357,-0.20949944853782654,-0.5572546720504761
1779120853958568184,1779120853955994648,2026-05-19T00:14:13.958+08:00,-0.048578426241874695,-0.1539420783519745,0.0,1.624763011932373,-0.4092903733253479,-0.5674725770950317
1779120854158995384,1779120854129029176,2026-05-19T00:14:14.158+08:00,-0.049483753740787506,-0.15459217131137848,0.0,1.6924787759780884,-0.6349545121192932,-0.5987821817398071
1779120854392350840,1779120854365953816,2026-05-19T00:14:14.392+08:00,-0.049746446311473846,-0.154846653342247,-0.009999990463256836,1.7342580556869507,-0.8909717798233032,-0.5658538341522217
1779120854625547640,1779120854600129432,2026-05-19T00:14:14.625+08:00,-0.04949457570910454,-0.1550847738981247,-0.009999990463256836,1.7791626453399658,-1.018364429473877,-0.4273444414138794
1779120854858792824,1779120854849147096,2026-05-19T00:14:14.858+08:00,-0.049779679626226425,-0.15446032583713531,0.0,1.9375948905944824,-1.1959221363067627,-0.2810690999031067
1779120855060476600,1779120855054295768,2026-05-19T00:14:15.060+08:00,-0.05004473030567169,-0.15436998009681702,0.0,1.889418363571167,-1.4026726484298706,-0.24788805842399597
1779120855292128312,1779120855266158392,2026-05-19T00:14:15.292+08:00,0.00019967072876170278,0.0006767327431589365,0.0,1.764960527420044,-1.4199349880218506,-0.02072279341518879
1779120855525459896,1779120855498894904,2026-05-19T00:14:15.525+08:00,0.0010167950531467795,0.0009165910887531936,0.0,1.6855649948120117,-1.1150400638580322,-0.1226770281791687
1779120855758902968,1779120855736048728,2026-05-19T00:14:15.758+08:00,0.001238684868440032,0.0013042259961366653,0.0,1.5671757459640503,-0.8212822079658508,-0.2983153462409973
1779120855959566584,1779120855922508472,2026-05-19T00:14:15.959+08:00,0.0010650597978383303,0.0014730441616848111,-0.009999990463256836,1.5533840656280518,-0.8186489939689636,-0.43350526690483093
1779120856191936632,1779120856159224280,2026-05-19T00:14:16.191+08:00,0.0008362733642570674,0.002089465269818902,-0.009999990463256836,1.5631026029586792,-0.8787239789962769,-0.43435221910476685
1779120856425254232,1779120856401908312,2026-05-19T00:14:16.425+08:00,0.0006855137180536985,0.0021970339585095644,0.0,1.4395081996917725,-0.7575809955596924,-0.20457783341407776
1779120856625561272,1779120856598744920,2026-05-19T00:14:16.625+08:00,0.0009614372975192964,0.0022395169362425804,-0.009999990463256836,1.542704463005066,-0.5789569616317749,-0.15116575360298157
1779120856825591000,1779120856818788120,2026-05-19T00:14:16.825+08:00,0.00110958784352988,0.002599020255729556,0.0,1.7873681783676147,-0.5760054588317871,-0.012560717761516571
1779120857025862968,1779120857016095896,2026-05-19T00:14:17.025+08:00,0.002035300713032484,0.0019700201228260994,0.0,2.0151162147521973,-0.8759862184524536,-0.039567284286022186
1779120857258531224,1779120857250722328,2026-05-19T00:14:17.258+08:00,0.003011733526363969,0.0013515460304915905,0.019999980926513672,2.5034148693084717,-1.4754226207733154,-0.1037164255976677
1779120857458617560,1779120857454182456,2026-05-19T00:14:17.458+08:00,0.0035762235056608915,8.777275070315227e-05,0.019999980926513672,2.8991639614105225,-2.0350522994995117,-0.624620795249939
1779120857658790040,1779120857655415704,2026-05-19T00:14:17.658+08:00,0.008794267661869526,-0.0003328225575387478,0.029999971389770508,3.2618296146392822,-2.615633964538574,-4.358364105224609
1779120857891923704,1779120857879597016,2026-05-19T00:14:17.891+08:00,0.016584256663918495,-0.0028287898749113083,0.019999980926513672,3.3064632415771484,-3.1162109375,-12.154690742492676
1779120858092110296,1779120858080147224,2026-05-19T00:14:18.092+08:00,0.01899990811944008,-0.0071567208506166935,0.019999980926513672,2.981861114501953,-3.3868422508239746,-20.08852195739746
1779120858325198904,1779120858312016440,2026-05-19T00:14:18.325+08:00,0.01722453348338604,-0.011535055004060268,0.009999990463256836,2.3468472957611084,-3.669806480407715,-29.1756649017334
1779120858558455800,1779120858548186008,2026-05-19T00:14:18.558+08:00,0.01544735673815012,-0.012876559048891068,0.009999990463256836,1.5893646478652954,-4.103971481323242,-37.11238479614258
1779120858761075512,1779120858756929464,2026-05-19T00:14:18.761+08:00,0.01479867473244667,-0.012362083420157433,0.009999990463256836,0.888565719127655,-4.58868932723999,-42.64851379394531
1779120858992393752,1779120858987553048,2026-05-19T00:14:18.992+08:00,0.015790583565831184,-0.010815431363880634,0.0,0.10308846831321716,-5.130385398864746,-48.01110076904297
1779120859193182040,1779120859181953016,2026-05-19T00:14:19.193+08:00,0.01486099511384964,-0.009994798339903355,0.009999990463256836,-0.3572722375392914,-5.426156044006348,-51.21675491333008
1779120859425373528,1779120859416759832,2026-05-19T00:14:19.425+08:00,0.012753530405461788,-0.00845938827842474,0.009999990463256836,-0.2970644533634186,-5.777191638946533,-54.61298370361328
1779120859658827256,1779120859648531320,2026-05-19T00:14:19.658+08:00,0.012256286107003689,-0.006434816867113113,0.009999990463256836,0.24987474083900452,-5.990935802459717,-57.187294006347656
1779120859892012888,1779120859882627992,2026-05-19T00:14:19.892+08:00,0.012411877512931824,-0.005029744002968073,0.009999990463256836,0.6900736093521118,-6.014405727386475,-58.953460693359375
1779120860126118008,1779120860115848952,2026-05-19T00:14:20.126+08:00,0.011028493754565716,-0.004055439494550228,0.009999990463256836,1.0139994621276855,-5.948513984680176,-60.38127136230469
1779120860358687448,1779120860354395224,2026-05-19T00:14:20.358+08:00,0.010386505164206028,-0.0023566000163555145,0.019999980926513672,1.3346387147903442,-5.864291667938232,-61.354244232177734
1779120860591740504,1779120860589928472,2026-05-19T00:14:20.591+08:00,0.02530709281563759,-0.004302657674998045,0.019999980926513672,2.2739179134368896,-5.80679988861084,-62.35347366333008
1779120860791729144,1779120860761621848,2026-05-19T00:14:20.791+08:00,0.044023238122463226,-0.006863320712000132,0.019999980926513672,3.0104808807373047,-5.752196311950684,-62.99861145019531
1779120860992411960,1779120860988525144,2026-05-19T00:14:20.992+08:00,0.07878753542900085,-0.012199630960822105,0.029999971389770508,3.8723442554473877,-5.850618839263916,-63.69681930541992
1779120861224975032,1779120861187990584,2026-05-19T00:14:21.224+08:00,0.10777174681425095,-0.017376506701111794,0.019999980926513672,3.7194712162017822,-6.070413112640381,-64.03102111816406
1779120861425424696,1779120861389785592,2026-05-19T00:14:21.425+08:00,0.13229598104953766,-0.027657855302095413,0.019999980926513672,2.8695406913757324,-6.2863240242004395,-64.376220703125
1779120861658739256,1779120861629821048,2026-05-19T00:14:21.658+08:00,0.15574109554290771,-0.04214463010430336,0.009999990463256836,1.5773346424102783,-6.463098049163818,-64.55450439453125
1779120861892755832,1779120861883358712,2026-05-19T00:14:21.892+08:00,0.17425984144210815,-0.057220134884119034,0.009999990463256836,0.2702065110206604,-6.499449729919434,-64.6842041015625
1779120862125185240,1779120862112313784,2026-05-19T00:14:22.125+08:00,0.18636101484298706,-0.07728112488985062,0.009999990463256836,-0.6969585418701172,-6.527548313140869,-64.77509307861328
1779120862325289848,1779120862312619256,2026-05-19T00:14:22.325+08:00,0.19223631918430328,-0.09305562824010849,0.009999990463256836,-0.8027089238166809,-6.692468166351318,-64.88213348388672
1779120862525380920,1779120862511846104,2026-05-19T00:14:22.525+08:00,0.19832704961299896,-0.10773833841085434,0.009999990463256836,-0.4641962945461273,-6.8576340675354,-65.02186584472656
1779120862758796312,1779120862752540952,2026-05-19T00:14:22.758+08:00,0.20567955076694489,-0.12529928982257843,0.019999980926513672,-0.236981600522995,-6.765013217926025,-65.16213989257812
1779120862992150904,1779120862981608056,2026-05-19T00:14:22.992+08:00,0.21241934597492218,-0.14139683544635773,0.009999990463256836,-0.45676389336586,-6.630699157714844,-65.30245208740234
1779120863225089080,1779120863216633176,2026-05-19T00:14:23.225+08:00,0.21977189183235168,-0.15895690023899078,0.009999990463256836,-1.050552487373352,-6.668294429779053,-65.51566314697266
1779120863425348280,1779120863415742680,2026-05-19T00:14:23.425+08:00,0.22589901089668274,-0.1735895276069641,0.009999990463256836,-1.6934691667556763,-6.707727909088135,-65.74437713623047
1779120863658424344,1779120863621190072,2026-05-19T00:14:23.658+08:00,0.2320261150598526,-0.18822215497493744,0.009999990463256836,-2.286473512649536,-6.725987911224365,-65.98527526855469
1779120863858883704,1779120863842729176,2026-05-19T00:14:23.858+08:00,0.23876513540744781,-0.20431803166866302,0.009999990463256836,-2.7470760345458984,-6.886637210845947,-66.21516418457031
1779120864058916728,1779120864048810456,2026-05-19T00:14:24.058+08:00,0.24550415575504303,-0.2204139232635498,0.009999990463256836,-2.962050199508667,-7.182322025299072,-66.41159057617188
1779120864291540856,1779120864280467928,2026-05-19T00:14:24.291+08:00,0.2215087115764618,-0.246182382106781,0.019999980926513672,-2.8542778491973877,-7.569700717926025,-66.72207641601562
1779120864491595320,1779120864486348824,2026-05-19T00:14:24.491+08:00,0.20268642902374268,-0.2689313292503357,0.019999980926513672,-1.4309656620025635,-7.8563032150268555,-67.21040344238281
1779120864692059160,1779120864654365016,2026-05-19T00:14:24.692+08:00,0.1980428844690323,-0.2846175730228424,0.029999971389770508,-0.07294650375843048,-7.951134204864502,-67.3726806640625
1779120864892083160,1779120864854323576,2026-05-19T00:14:24.892+08:00,0.19897234439849854,-0.3015802800655365,0.029999971389770508,1.343658447265625,-7.877802848815918,-67.43450927734375
1779120865125378328,1779120865098498264,2026-05-19T00:14:25.125+08:00,0.19825167953968048,-0.32402074337005615,0.029999971389770508,1.9293595552444458,-7.5069193840026855,-67.25341033935547
1779120865358653496,1779120865330029336,2026-05-19T00:14:25.358+08:00,0.1954847127199173,-0.3466450572013855,0.029999971389770508,1.579027533531189,-6.961910724639893,-66.87043762207031
1779120865559163320,1779120865531750712,2026-05-19T00:14:25.559+08:00,0.19436870515346527,-0.36536601185798645,0.039999961853027344,1.5541115999221802,-6.622026443481445,-66.67239379882812
1779120865791651288,1779120865768845304,2026-05-19T00:14:25.791+08:00,0.195942223072052,-0.3881787359714508,0.039999961853027344,1.7742811441421509,-6.306080341339111,-66.47281646728516
1779120866024904280,1779120866019830584,2026-05-19T00:14:26.024+08:00,0.19804415106773376,-0.4103769063949585,0.029999971389770508,1.6538054943084717,-5.912492275238037,-66.68504333496094
1779120866225039256,1779120866187772408,2026-05-19T00:14:26.225+08:00,0.20392246544361115,-0.42773354053497314,0.039999961853027344,1.6343445777893066,-5.787541389465332,-66.78864288330078
1779120866425497208,1779120866402908696,2026-05-19T00:14:26.425+08:00,0.22110918164253235,-0.44303861260414124,0.029999971389770508,1.579413652420044,-5.936356067657471,-66.50006866455078
1779120866625559224,1779120866597631000,2026-05-19T00:14:26.625+08:00,0.24206097424030304,-0.4597662687301636,0.029999971389770508,1.2619491815567017,-6.171595573425293,-65.98836517333984
1779120866858363224,1779120866845824888,2026-05-19T00:14:26.858+08:00,0.261839896440506,-0.4849986135959625,0.029999971389770508,0.06271062046289444,-6.556960105895996,-65.13692474365234
1779120867058370808,1779120867052345816,2026-05-19T00:14:27.058+08:00,0.2653769552707672,-0.5074810981750488,0.029999971389770508,-1.0026562213897705,-6.8539018630981445,-64.59114074707031
1779120867292345944,1779120867255282648,2026-05-19T00:14:27.292+08:00,0.27277687191963196,-0.5288599729537964,0.029999971389770508,-1.5429515838623047,-6.99945068359375,-64.22171020507812
1779120867524862168,1779120867522057848,2026-05-19T00:14:27.524+08:00,0.2812114655971527,-0.5560158491134644,0.029999971389770508,-1.6077749729156494,-6.957459449768066,-63.9119873046875
1779120867725223224,1779120867700804536,2026-05-19T00:14:27.725+08:00,0.28520655632019043,-0.5758863091468811,0.039999961853027344,-1.2763991355895996,-6.823328971862793,-63.808250427246094
1779120867959365272,1779120867957314840,2026-05-19T00:14:27.959+08:00,0.2909909784793854,-0.6046299934387207,0.04999995231628418,-0.29276660084724426,-6.454898357391357,-63.74878692626953
1779120868191618232,1779120868189276984,2026-05-19T00:14:28.191+08:00,0.2999216616153717,-0.6248994469642639,0.059999942779541016,0.5224503874778748,-5.871323585510254,-63.758087158203125
1779120868424976024,1779120868389308344,2026-05-19T00:14:28.424+08:00,0.30813196301460266,-0.637039840221405,0.06999993324279785,0.783536434173584,-5.426926136016846,-63.966285705566406
1779120868658369336,1779120868631139736,2026-05-19T00:14:28.658+08:00,0.3142988383769989,-0.6504084467887878,0.059999942779541016,0.9925147294998169,-5.179592609405518,-64.14802551269531
1779120868858786296,1779120868849470040,2026-05-19T00:14:28.858+08:00,0.3186933100223541,-0.6603289842605591,0.06999993324279785,1.2798852920532227,-5.1634016036987305,-64.26513671875
1779120869091909528,1779120869082768920,2026-05-19T00:14:29.091+08:00,0.3234051465988159,-0.6672173142433167,0.06999993324279785,1.274501919746399,-5.159048080444336,-64.24868774414062
1779120869327998168,1779120869322845976,2026-05-19T00:14:29.327+08:00,0.32659563422203064,-0.6722256541252136,0.06999993324279785,0.6690383553504944,-5.2034807205200195,-64.1546630859375
1779120869559321336,1779120869527695928,2026-05-19T00:14:29.559+08:00,0.32866203784942627,-0.6749136447906494,0.06999993324279785,-0.19230428338050842,-5.176905632019043,-64.05633544921875
1779120869791864440,1779120869770114808,2026-05-19T00:14:29.791+08:00,0.33060935139656067,-0.676322340965271,0.06999993324279785,-0.9687650203704834,-4.99644136428833,-63.94371795654297
1779120869992048440,1779120869990397400,2026-05-19T00:14:29.992+08:00,0.3307502865791321,-0.6760275363922119,0.07999992370605469,-1.2396267652511597,-4.819799423217773,-63.86882019042969
1779120870192522264,1779120870163348056,2026-05-19T00:14:30.192+08:00,0.3303130269050598,-0.6749024391174316,0.07999992370605469,-1.1247929334640503,-4.690610408782959,-63.83856201171875
1779120870425172184,1779120870396238264,2026-05-19T00:14:30.425+08:00,0.3296729028224945,-0.6718578338623047,0.09000003337860107,-0.6922321319580078,-4.48301362991333,-63.79206085205078
1779120870625234104,1779120870599804856,2026-05-19T00:14:30.625+08:00,0.3289061188697815,-0.6685364246368408,0.09000003337860107,-0.36166009306907654,-4.3723931312561035,-63.75
1779120870859087192,1779120870849543128,2026-05-19T00:14:30.859+08:00,0.32696446776390076,-0.6638330221176147,0.09000003337860107,-0.1721971035003662,-4.41010046005249,-63.71926498413086
1779120871093730296,1779120871081337848,2026-05-19T00:14:31.093+08:00,0.3251219689846039,-0.6596295833587646,0.09000003337860107,-0.19653025269508362,-4.584305763244629,-63.705223083496094
1779120871325538040,1779120871315700696,2026-05-19T00:14:31.325+08:00,0.32328400015830994,-0.6551381349563599,0.09000003337860107,-0.3175649642944336,-4.878269195556641,-63.69511413574219
1779120871558580600,1779120871549958200,2026-05-19T00:14:31.558+08:00,0.3212568163871765,-0.6508669257164001,0.09000003337860107,-0.42462560534477234,-5.166430950164795,-63.68611145019531
1779120871758791128,1779120871748501304,2026-05-19T00:14:31.758+08:00,0.31967470049858093,-0.6471750140190125,0.10000002384185791,-0.44666093587875366,-5.373055934906006,-63.68074417114258
1779120871991496792,1779120871985055992,2026-05-19T00:14:31.991+08:00,0.3177948594093323,-0.6430570483207703,0.10000002384185791,-0.33605581521987915,-5.643877029418945,-63.677955627441406
1779120872191820440,1779120872185170744,2026-05-19T00:14:32.191+08:00,0.31677576899528503,-0.6405579447746277,0.10000002384185791,-0.12347996234893799,-5.819971084594727,-63.673667907714844
1779120872426198744,1779120872424360280,2026-05-19T00:14:32.426+08:00,0.31561020016670227,-0.6379803419113159,0.10000002384185791,0.05574679374694824,-5.8859968185424805,-63.677833557128906
1779120872658347256,1779120872633469112,2026-05-19T00:14:32.658+08:00,0.3139580190181732,-0.6361345052719116,0.10000002384185791,0.11093448102474213,-5.800013065338135,-63.658843994140625
1779120872859254232,1779120872849567768,2026-05-19T00:14:32.859+08:00,0.31288114190101624,-0.633808434009552,0.10000002384185791,0.0826122909784317,-5.578033924102783,-63.63243865966797
1779120873092049176,1779120873090372632,2026-05-19T00:14:33.092+08:00,0.3128601610660553,-0.6319618821144104,0.10000002384185791,-0.09282998740673065,-5.284111022949219,-63.71324157714844
1779120873292403128,1779120873290437688,2026-05-19T00:14:33.292+08:00,0.3122776448726654,-0.6305040717124939,0.10000002384185791,-0.36566418409347534,-5.024855613708496,-63.68975830078125
1779120873525280984,1779120873523442808,2026-05-19T00:14:33.525+08:00,0.3103543519973755,-0.6290490031242371,0.09000003337860107,-0.6295148134231567,-4.751472473144531,-63.721656799316406
1779120873725571992,1779120873702512856,2026-05-19T00:14:33.725+08:00,0.30907198786735535,-0.6281412243843079,0.09000003337860107,-0.6814005970954895,-4.602542400360107,-63.70142364501953
1779120873958475096,1779120873926214520,2026-05-19T00:14:33.958+08:00,0.30819061398506165,-0.625860869884491,0.09000003337860107,-0.5423858761787415,-4.5054707527160645,-63.70322799682617
1779120874158825688,1779120874133502808,2026-05-19T00:14:34.158+08:00,0.30795061588287354,-0.624687910079956,0.10000002384185791,-0.38902223110198975,-4.510034084320068,-63.74148941040039
1779120874393387064,1779120874373405304,2026-05-19T00:14:34.393+08:00,0.3068009912967682,-0.6230583786964417,0.07999992370605469,-0.23758777976036072,-4.63774299621582,-63.76314163208008
1779120874626108600,1779120874605482712,2026-05-19T00:14:34.626+08:00,0.3061162531375885,-0.6216457486152649,0.07999992370605469,-0.20178969204425812,-4.874242782592773,-63.780887603759766
1779120874859540216,1779120874851432696,2026-05-19T00:14:34.859+08:00,0.3058244585990906,-0.6206921339035034,0.07999992370605469,-0.3360788822174072,-5.1061296463012695,-63.874446868896484
1779120875092065848,1779120875090122136,2026-05-19T00:14:35.092+08:00,0.3055088222026825,-0.6204394102096558,0.06999993324279785,-0.5303985476493835,-5.250634670257568,-63.93242263793945
1779120875325129880,1779120875322571032,2026-05-19T00:14:35.325+08:00,0.3048100471496582,-0.6199007034301758,0.07999992370605469,-0.6624054312705994,-5.3687968254089355,-63.94179153442383
1779120875525305592,1779120875498336088,2026-05-19T00:14:35.525+08:00,0.3042644262313843,-0.6193225979804993,0.07999992370605469,-0.7098104953765869,-5.402335166931152,-64.01045227050781
1779120875725464344,1779120875707429432,2026-05-19T00:14:35.725+08:00,0.30464836955070496,-0.6193854212760925,0.059999942779541016,-0.6913334727287292,-5.320979595184326,-64.13871002197266
1779120875958609368,1779120875951115000,2026-05-19T00:14:35.958+08:00,0.30451110005378723,-0.6192900538444519,0.06999993324279785,-0.6308069229125977,-5.182186126708984,-64.10285949707031
1779120876192049464,1779120876185602552,2026-05-19T00:14:36.192+08:00,0.30481424927711487,-0.6196810007095337,0.06999993324279785,-0.5376507639884949,-5.077404975891113,-64.0196533203125
1779120876392501624,1779120876365529400,2026-05-19T00:14:36.392+08:00,0.30420196056365967,-0.6198501586914062,0.059999942779541016,-0.48624947667121887,-5.016830921173096,-63.978363037109375
1779120876625649336,1779120876600724280,2026-05-19T00:14:36.625+08:00,0.3037862479686737,-0.6195265650749207,0.059999942779541016,-0.3974168598651886,-4.929220676422119,-63.989139556884766
1779120876858401944,1779120876855393240,2026-05-19T00:14:36.858+08:00,0.30390092730522156,-0.6189149022102356,0.059999942779541016,-0.2847096025943756,-4.856217861175537,-63.986228942871094
1779120877058976504,1779120877030275640,2026-05-19T00:14:37.058+08:00,0.3039013743400574,-0.618334174156189,0.059999942779541016,-0.25109896063804626,-4.903564453125,-63.96075439453125
1779120877292068376,1779120877269380312,2026-05-19T00:14:37.292+08:00,0.30367252230644226,-0.6173269748687744,0.059999942779541016,-0.3482756018638611,-5.015069484710693,-63.93161392211914
1779120877524977720,1779120877498080696,2026-05-19T00:14:37.524+08:00,0.3035571277141571,-0.616594135761261,0.059999942779541016,-0.5200725793838501,-5.082025527954102,-63.93089294433594
1779120877725384024,1779120877706178552,2026-05-19T00:14:37.725+08:00,0.30346840620040894,-0.615960955619812,0.059999942779541016,-0.6791262626647949,-5.164559364318848,-63.94284439086914
1779120877958357080,1779120877925977144,2026-05-19T00:14:37.958+08:00,0.3030840754508972,-0.6151729226112366,0.059999942779541016,-0.746941328048706,-5.292351722717285,-63.94993591308594
1779120878159004280,1779120878137657048,2026-05-19T00:14:38.159+08:00,0.30254071950912476,-0.6145513653755188,0.059999942779541016,-0.6605461835861206,-5.383726119995117,-63.98240661621094
1779120878359039704,1779120878336416248,2026-05-19T00:14:38.359+08:00,0.3021242916584015,-0.6142055988311768,0.059999942779541016,-0.4671623706817627,-5.38931131362915,-64.02011108398438
1779120878591500088,1779120878570749912,2026-05-19T00:14:38.591+08:00,0.3025416433811188,-0.613806962966919,0.059999942779541016,-0.21372272074222565,-5.328057765960693,-64.065185546875
1779120878792132824,1779120878776471896,2026-05-19T00:14:38.792+08:00,0.3029012978076935,-0.6140439510345459,0.059999942779541016,-0.0991716980934143,-5.272158145904541,-64.09449005126953
1779120879025279960,1779120879022146200,2026-05-19T00:14:39.025+08:00,0.3023006021976471,-0.6147437691688538,0.059999942779541016,-0.09039156883955002,-5.203973770141602,-64.09423065185547
1779120879225411704,1779120879221630296,2026-05-19T00:14:39.225+08:00,0.30208736658096313,-0.6149600744247437,0.059999942779541016,-0.129486545920372,-5.130236625671387,-64.08989715576172
1779120879458508760,1779120879455944312,2026-05-19T00:14:39.458+08:00,0.302858829498291,-0.6150415539741516,0.059999942779541016,-0.22185508906841278,-5.038786888122559,-64.10010528564453
1779120879692457560,1779120879665039288,2026-05-19T00:14:39.692+08:00,0.3018130660057068,-0.6150394678115845,0.06999993324279785,-0.22069218754768372,-5.057070255279541,-65.5260009765625
1779120879893946840,1779120879855818232,2026-05-19T00:14:39.893+08:00,0.2976348102092743,-0.6154640316963196,0.059999942779541016,0.034269288182258606,-5.153347015380859,-68.21294403076172
1779120880125381624,1779120880100528984,2026-05-19T00:14:40.125+08:00,0.2957134246826172,-0.6158973574638367,0.07999992370605469,0.634361743927002,-5.353307247161865,-72.3369140625
1779120880358902968,1779120880338397176,2026-05-19T00:14:40.358+08:00,0.2973903715610504,-0.6161307096481323,0.06999993324279785,1.0293253660202026,-5.696948528289795,-76.27894592285156
1779120880592223928,1779120880581413368,2026-05-19T00:14:40.592+08:00,0.2977852523326874,-0.61683189868927,0.059999942779541016,0.923776388168335,-6.09321928024292,-79.68743133544922
1779120880824869816,1779120880810149208,2026-05-19T00:14:40.824+08:00,0.2989793121814728,-0.6176134347915649,0.06999993324279785,0.5219875574111938,-6.358006954193115,-82.45174407958984
1779120881058491384,1779120881040252376,2026-05-19T00:14:41.058+08:00,0.30063512921333313,-0.6184841990470886,0.06999993324279785,0.027469901368021965,-6.345122814178467,-84.41393280029297
1779120881258629208,1779120881250902616,2026-05-19T00:14:41.258+08:00,0.30205562710762024,-0.6204478144645691,0.06999993324279785,-0.36179253458976746,-6.162054061889648,-85.98247528076172
1779120881459165144,1779120881448449784,2026-05-19T00:14:41.459+08:00,0.3028661906719208,-0.6221160888671875,0.06999993324279785,-0.6802285313606262,-5.860233306884766,-86.52899932861328
1779120881659759768,1779120881654944728,2026-05-19T00:14:41.659+08:00,0.29898717999458313,-0.6260140538215637,0.059999942779541016,-1.2014448642730713,-5.548559665679932,-86.81493377685547
1779120881892470040,1779120881877521400,2026-05-19T00:14:41.892+08:00,0.2840413749217987,-0.6340358853340149,0.059999942779541016,-1.6910744905471802,-5.462454795837402,-87.42814636230469
1779120882124980120,1779120882118271704,2026-05-19T00:14:42.124+08:00,0.26511451601982117,-0.6440758109092712,0.059999942779541016,-1.1293749809265137,-5.6205010414123535,-88.31843566894531
1779120882326430552,1779120882286651512,2026-05-19T00:14:42.326+08:00,0.25711095333099365,-0.6530753970146179,0.06999993324279785,0.10346130281686783,-5.774514198303223,-89.00264739990234
1779120882526840504,1779120882520940952,2026-05-19T00:14:42.526+08:00,0.25634339451789856,-0.6662216186523438,0.059999942779541016,1.6095941066741943,-6.0359601974487305,-89.77710723876953
1779120882758432536,1779120882734185592,2026-05-19T00:14:42.758+08:00,0.2565195858478546,-0.6808103322982788,0.06999993324279785,2.379565715789795,-6.351387023925781,-90.49158477783203
1779120882958457560,1779120882954035928,2026-05-19T00:14:42.958+08:00,0.2531659007072449,-0.6985061764717102,0.059999942779541016,2.6138947010040283,-6.021199703216553,-89.38645935058594
1779120883158639320,1779120883149589208,2026-05-19T00:14:43.158+08:00,0.2503682076931,-0.7152786254882812,0.059999942779541016,4.500258922576904,-5.375558376312256,-85.37348937988281
1779120883358769560,1779120883349129784,2026-05-19T00:14:43.358+08:00,0.24775788187980652,-0.7316939830780029,0.059999942779541016,10.987156867980957,-5.101717948913574,-72.58352661132812
1779120883559459608,1779120883548419256,2026-05-19T00:14:43.559+08:00,0.24250108003616333,-0.7467400431632996,0.059999942779541016,27.380678176879883,-12.729327201843262,-35.50627899169922
1779120883792337272,1779120883752369144,2026-05-19T00:14:43.792+08:00,0.23031768202781677,-0.7593209743499756,0.059999942779541016,26.0722599029541,-47.52327346801758,56.35440444946289
1779120883993121944,1779120883983287768,2026-05-19T00:14:43.993+08:00,0.2187683880329132,-0.7703033089637756,0.059999942779541016,-16.74654769897461,-29.236371994018555,-172.72164916992188
1779120884224874072,1779120884219234680,2026-05-19T00:14:44.224+08:00,0.2042689472436905,-0.7826963663101196,0.09000003337860107,-6.95440673828125,-11.077779769897461,-130.6166534423828
1779120884427411576,1779120884424488536,2026-05-19T00:14:44.427+08:00,0.1965927928686142,-0.7935330271720886,0.06999993324279785,-2.662431478500366,-7.532153129577637,-116.21342468261719
1779120884658296024,1779120884635502328,2026-05-19T00:14:44.658+08:00,0.20087799429893494,-0.8051047921180725,0.06999993324279785,-1.8984135389328003,-6.388053894042969,-104.40828704833984
1779120884858783544,1779120884854629464,2026-05-19T00:14:44.858+08:00,0.21322967112064362,-0.812619149684906,0.06999993324279785,-0.9910315275192261,-7.119322299957275,-121.05187225341797
1779120885091786008,1779120885060070360,2026-05-19T00:14:45.091+08:00,0.22906525433063507,-0.8140095472335815,0.06999993324279785,3.018397092819214,-7.524254322052002,170.2392120361328
1779120885325542616,1779120885300300056,2026-05-19T00:14:45.325+08:00,0.24814487993717194,-0.8107378482818604,0.09000003337860107,3.4995265007019043,-2.357139825820923,39.69394302368164
1779120885558849496,1779120885533016024,2026-05-19T00:14:45.558+08:00,0.25361883640289307,-0.8121455907821655,0.09000003337860107,2.130164384841919,-3.1106932163238525,-34.37281036376953
1779120885792151896,1779120885770541240,2026-05-19T00:14:45.792+08:00,0.26097580790519714,-0.8185036182403564,0.09000003337860107,3.338284492492676,-3.689082384109497,-57.113365173339844
1779120886025614360,1779120886023939544,2026-05-19T00:14:46.025+08:00,0.2849421501159668,-0.8210874199867249,0.09000003337860107,4.756495952606201,-4.212872505187988,-60.14521789550781
1779120886258360184,1779120886254820024,2026-05-19T00:14:46.258+08:00,0.3172258138656616,-0.8191360831260681,0.06999993324279785,5.801589012145996,-4.756818771362305,-57.78583908081055
1779120886458813944,1779120886455191832,2026-05-19T00:14:46.458+08:00,0.34846946597099304,-0.8147158622741699,0.06999993324279785,6.3455915451049805,-5.102267265319824,-55.569156646728516
1779120886691506264,1779120886688996504,2026-05-19T00:14:46.691+08:00,0.3886822760105133,-0.813120424747467,0.059999942779541016,6.651763916015625,-5.488174915313721,-53.59980773925781
1779120886892090200,1779120886875199384,2026-05-19T00:14:46.892+08:00,0.4235283136367798,-0.8122457265853882,0.04999995231628418,6.5734453201293945,-5.807187557220459,-52.571685791015625
1779120887092111224,1779120887075392952,2026-05-19T00:14:47.092+08:00,0.4623674154281616,-0.8147125244140625,0.039999961853027344,6.318899154663086,-6.14801549911499,-51.781761169433594
1779120887292190712,1779120887277201336,2026-05-19T00:14:47.292+08:00,0.4996780753135681,-0.817626953125,0.039999961853027344,5.999669075012207,-6.4192891120910645,-51.300384521484375
1779120887526527608,1779120887509225688,2026-05-19T00:14:47.526+08:00,0.5459089875221252,-0.8210273385047913,0.019999980926513672,5.644733905792236,-6.492349624633789,-50.93406677246094
1779120887758712696,1779120887746927928,2026-05-19T00:14:47.758+08:00,0.5957735180854797,-0.8243884444236755,0.019999980926513672,5.547152519226074,-6.29888916015625,-50.715240478515625
1779120887991914456,1779120887962803128,2026-05-19T00:14:47.991+08:00,0.6374120116233826,-0.8274795413017273,0.019999980926513672,5.647829055786133,-6.019540786743164,-50.628196716308594
1779120888225526200,1779120888196199640,2026-05-19T00:14:48.225+08:00,0.6874842643737793,-0.831485390663147,0.019999980926513672,5.746057033538818,-5.540508270263672,-50.51724624633789
1779120888458072952,1779120888434545592,2026-05-19T00:14:48.458+08:00,0.7374227643013,-0.836694061756134,0.009999990463256836,5.760810375213623,-5.027565956115723,-50.567626953125
1779120888658442616,1779120888635473816,2026-05-19T00:14:48.658+08:00,0.7790834307670593,-0.8440334796905518,0.009999990463256836,5.729681968688965,-4.759985446929932,-50.67966842651367
1779120888858609816,1779120888849343000,2026-05-19T00:14:48.858+08:00,0.8271180391311646,-0.8546449542045593,0.009999990463256836,5.764369964599609,-4.66621208190918,-50.853919982910156
1779120889058905144,1779120889048113016,2026-05-19T00:14:49.058+08:00,0.8710981607437134,-0.8640844225883484,0.009999990463256836,5.761950492858887,-4.687318801879883,-50.98286056518555
1779120889292482328,1779120889282520472,2026-05-19T00:14:49.292+08:00,0.9201844334602356,-0.874387800693512,0.009999990463256836,5.7621169090271,-4.711277961730957,-51.09629821777344
1779120889524810296,1779120889518940856,2026-05-19T00:14:49.524+08:00,0.9747208952903748,-0.8846955299377441,0.009999990463256836,5.717108249664307,-4.699685573577881,-51.23854064941406
1779120889725708856,1779120889715259576,2026-05-19T00:14:49.725+08:00,1.0227155685424805,-0.8961184024810791,0.009999990463256836,5.598743915557861,-4.6871490478515625,-51.31013488769531
1779120889958451256,1779120889925020088,2026-05-19T00:14:49.958+08:00,1.072113275527954,-0.9063089489936829,0.009999990463256836,5.524623870849609,-4.661373138427734,-51.38786315917969
1779120890159264152,1779120890132768344,2026-05-19T00:14:50.159+08:00,1.1170228719711304,-0.9155672788619995,0.009999990463256836,5.527211666107178,-4.6524481773376465,-51.40757751464844
1779120890391675352,1779120890365465112,2026-05-19T00:14:50.391+08:00,1.1707216501235962,-0.9288493394851685,0.009999990463256836,5.642137050628662,-4.7011847496032715,-51.49871826171875
1779120890591844568,1779120890570045656,2026-05-19T00:14:50.591+08:00,1.2199854850769043,-0.9406407475471497,0.019999980926513672,5.708151817321777,-4.70605993270874,-51.59294891357422
1779120890792431352,1779120890771345688,2026-05-19T00:14:50.792+08:00,1.26923406124115,-0.9513922333717346,0.019999980926513672,5.82849645614624,-4.60913610458374,-51.6527099609375
1779120890992525080,1779120890960489144,2026-05-19T00:14:50.992+08:00,1.3110835552215576,-0.9631481170654297,0.019999980926513672,5.975480079650879,-4.537913799285889,-51.708255767822266
1779120891225668632,1779120891195620280,2026-05-19T00:14:51.225+08:00,1.3667714595794678,-0.978827953338623,0.009999990463256836,5.989637851715088,-4.647409915924072,-51.83603286743164
1779120891426029240,1779120891404964696,2026-05-19T00:14:51.426+08:00,1.4198071956634521,-0.9956214427947998,0.009999990463256836,5.915116786956787,-4.811789512634277,-51.947776794433594
1779120891658443288,1779120891642292536,2026-05-19T00:14:51.658+08:00,1.473488688468933,-1.0108312368392944,0.019999980926513672,5.9143195152282715,-4.8296403884887695,-52.02785110473633
1779120891858626040,1779120891851845944,2026-05-19T00:14:51.858+08:00,1.5267850160598755,-1.0289626121520996,0.019999980926513672,5.901668071746826,-4.821465969085693,-52.063438415527344
1779120892092789208,1779120892091318808,2026-05-19T00:14:52.092+08:00,1.5844309329986572,-1.048683762550354,0.019999980926513672,5.8706488609313965,-4.811900615692139,-52.06402587890625
1779120892325787352,1779120892303049304,2026-05-19T00:14:52.325+08:00,1.6337286233901978,-1.0637459754943848,0.019999980926513672,5.864640235900879,-4.7441816329956055,-52.06670379638672
1779120892526340856,1779120892502595544,2026-05-19T00:14:52.526+08:00,1.682167649269104,-1.07749342918396,0.019999980926513672,5.958614826202393,-4.691090106964111,-52.08013153076172
1779120892758574232,1779120892734707928,2026-05-19T00:14:52.758+08:00,1.7409902811050415,-1.093692421913147,0.019999980926513672,6.004223823547363,-4.817304611206055,-52.115989685058594
1779120892991744728,1779120892962551128,2026-05-19T00:14:52.991+08:00,1.7922745943069458,-1.1094238758087158,0.019999980926513672,5.947285175323486,-5.0441694259643555,-52.16416931152344
1779120893225464024,1779120893196716920,2026-05-19T00:14:53.225+08:00,1.85195791721344,-1.1247740983963013,0.029999971389770508,5.857699871063232,-5.248190879821777,-52.14789962768555
1779120893425731864,1779120893396711512,2026-05-19T00:14:53.425+08:00,1.901026725769043,-1.1383039951324463,0.019999980926513672,5.752434730529785,-5.335402965545654,-52.139076232910156
1779120893658551256,1779120893635743640,2026-05-19T00:14:53.658+08:00,1.9592698812484741,-1.1533777713775635,0.019999980926513672,5.764261722564697,-5.4237446784973145,-52.15245056152344
1779120893892267160,1779120893890173272,2026-05-19T00:14:53.892+08:00,2.0242414474487305,-1.169573187828064,0.029999971389770508,6.0673651695251465,-5.522157192230225,-52.22312927246094
1779120894092556792,1779120894060757592,2026-05-19T00:14:54.092+08:00,2.063803195953369,-1.179068922996521,0.029999971389770508,6.401705265045166,-5.5148396492004395,-52.257537841796875
1779120894293076952,1779120894261551512,2026-05-19T00:14:54.293+08:00,2.113349437713623,-1.1915024518966675,0.029999971389770508,6.818662643432617,-5.458625316619873,-52.261417388916016
1779120894525197368,1779120894499825368,2026-05-19T00:14:54.525+08:00,2.1712536811828613,-1.2038345336914062,0.029999971389770508,7.116101264953613,-5.427659034729004,-52.62366485595703
1779120894758390712,1779120894733194776,2026-05-19T00:14:54.758+08:00,2.218337059020996,-1.223480463027954,0.029999971389770508,6.179002285003662,-5.251153469085693,-54.452144622802734
1779120894991632696,1779120894983159416,2026-05-19T00:14:54.991+08:00,2.238416910171509,-1.2501115798950195,0.009999990463256836,3.720676898956299,-4.565496921539307,-57.060977935791016
1779120895191651128,1779120895187520920,2026-05-19T00:14:55.191+08:00,2.2448201179504395,-1.274549126625061,0.009999990463256836,1.1687599420547485,-3.846529006958008,-59.58592224121094
1779120895391721784,1779120895388779384,2026-05-19T00:14:55.391+08:00,2.2424066066741943,-1.2928866147994995,-0.009999990463256836,-0.5703074932098389,-3.5467276573181152,-61.735069274902344
1779120895591883640,1779120895566159928,2026-05-19T00:14:55.591+08:00,2.2351598739624023,-1.3061461448669434,-0.020000040531158447,-1.2351990938186646,-3.39729905128479,-63.4688720703125
1779120895791958296,1779120895769099736,2026-05-19T00:14:55.791+08:00,2.222909688949585,-1.3183482885360718,-0.030000030994415283,-1.0675554275512695,-3.1965856552124023,-65.16035461425781
1779120895992068376,1779120895961061368,2026-05-19T00:14:55.992+08:00,2.20888614654541,-1.3271839618682861,-0.030000030994415283,-0.4960089921951294,-2.994690418243408,-66.4745101928711
1779120896192601752,1779120896160673400,2026-05-19T00:14:56.192+08:00,2.1914169788360596,-1.3351762294769287,-0.04000002145767212,0.08676828444004059,-2.7241051197052,-67.72180938720703
1779120896425784696,1779120896400050424,2026-05-19T00:14:56.425+08:00,2.166954755783081,-1.3418351411819458,-0.04000002145767212,0.3299351632595062,-2.3319618701934814,-68.95494842529297
1779120896658499832,1779120896635211000,2026-05-19T00:14:56.658+08:00,2.1408207416534424,-1.34796142578125,-0.04000002145767212,0.016850272193551064,-1.841464638710022,-69.91600799560547
1779120896858603512,1779120896851210680,2026-05-19T00:14:56.858+08:00,2.1123523712158203,-1.3533525466918945,-0.050000011920928955,-0.6715413331985474,-1.3007985353469849,-70.57020568847656
1779120897093155224,1779120897056500344,2026-05-19T00:14:57.093+08:00,2.085468292236328,-1.3589879274368286,-0.050000011920928955,-1.0992283821105957,-0.8518298864364624,-70.93555450439453
1779120897324946808,1779120897297930264,2026-05-19T00:14:57.324+08:00,2.0513508319854736,-1.3622174263000488,-0.04000002145767212,-1.1808195114135742,-0.5132908821105957,-71.12957000732422
1779120897528178008,1779120897499762616,2026-05-19T00:14:57.528+08:00,2.0212905406951904,-1.3634933233261108,-0.030000030994415283,-0.9243806004524231,-0.42510083317756653,-71.18061828613281
1779120897758634712,1779120897739286936,2026-05-19T00:14:57.758+08:00,1.9872101545333862,-1.3644278049468994,-0.030000030994415283,-0.2560957670211792,-0.47125759720802307,-71.17073059082031
1779120897992624216,1779120897983304152,2026-05-19T00:14:57.992+08:00,1.959070086479187,-1.3616262674331665,-0.009999990463256836,0.6215611696243286,-0.46495115756988525,-71.24478149414062
1779120898224787576,1779120898222729432,2026-05-19T00:14:58.224+08:00,1.9348827600479126,-1.3565348386764526,-0.020000040531158447,0.6975488662719727,-0.33944568037986755,-71.50834655761719
1779120898425764184,1779120898423745528,2026-05-19T00:14:58.425+08:00,1.9082034826278687,-1.3567194938659668,-0.030000030994415283,0.05787137895822525,-0.169391468167305,-71.79872131347656
1779120898658478008,1779120898628565048,2026-05-19T00:14:58.658+08:00,1.8733654022216797,-1.357377290725708,-0.030000030994415283,-0.7224475741386414,-0.29340407252311707,-72.04608154296875
1779120898858827384,1779120898844821976,2026-05-19T00:14:58.858+08:00,1.8362550735473633,-1.3577650785446167,-0.030000030994415283,-1.3131400346755981,-0.7480751276016235,-72.205322265625
1779120899091989592,1779120899079048568,2026-05-19T00:14:59.091+08:00,1.796401858329773,-1.3595761060714722,-0.030000030994415283,-1.5411864519119263,-1.049986720085144,-72.29122161865234
1779120899293389176,1779120899281332600,2026-05-19T00:14:59.293+08:00,1.759874701499939,-1.3615524768829346,-0.04000002145767212,-1.44979989528656,-0.9823488593101501,-72.36454772949219
1779120899525849752,1779120899515046104,2026-05-19T00:14:59.525+08:00,1.7130401134490967,-1.3628616333007812,-0.030000030994415283,-1.3085591793060303,-0.8688346743583679,-72.51451110839844
1779120899758729336,1779120899748318264,2026-05-19T00:14:59.758+08:00,1.6631852388381958,-1.3615646362304688,-0.030000030994415283,-1.2228341102600098,-1.0273596048355103,-72.66028594970703
1779120899991678168,1779120899979867960,2026-05-19T00:14:59.991+08:00,1.615983486175537,-1.3632328510284424,-0.020000040531158447,-1.0730013847351074,-1.1877262592315674,-72.83622741699219
1779120900191903864,1779120900181012536,2026-05-19T00:15:00.191+08:00,1.5810407400131226,-1.3645720481872559,-0.020000040531158447,-0.45128798484802246,-1.1549357175827026,-73.230712890625
1779120900391965688,1779120900382667608,2026-05-19T00:15:00.391+08:00,1.5529149770736694,-1.3613972663879395,-0.009999990463256836,0.20950940251350403,-1.028958797454834,-73.61061096191406
1779120900624775384,1779120900623033592,2026-05-19T00:15:00.624+08:00,1.514404296875,-1.3557039499282837,-0.020000040531158447,-0.07480251044034958,-0.8870264291763306,-74.19969940185547
1779120900824914904,1779120900811896728,2026-05-19T00:15:00.824+08:00,1.4745585918426514,-1.351715326309204,-0.030000030994415283,-0.8129534721374512,-0.6999152898788452,-74.8577880859375
1779120901025677016,1779120901012197144,2026-05-19T00:15:01.025+08:00,1.4328033924102783,-1.3489441871643066,-0.04000002145767212,-1.6791239976882935,-0.6507629752159119,-75.5276107788086
1779120901258705912,1779120901248183448,2026-05-19T00:15:01.258+08:00,1.3792780637741089,-1.3469853401184082,-0.04000002145767212,-2.5269813537597656,-0.6843346357345581,-76.158935546875
1779120901492416216,1779120901482951064,2026-05-19T00:15:01.492+08:00,1.3289347887039185,-1.3448246717453003,-0.020000040531158447,-2.789170742034912,-0.6949846148490906,-76.66655731201172
1779120901725560152,1779120901720865528,2026-05-19T00:15:01.725+08:00,1.2731987237930298,-1.3470933437347412,-0.009999990463256836,-2.4660732746124268,-0.6721976399421692,-77.14713287353516
1779120901958242456,1779120901942835352,2026-05-19T00:15:01.958+08:00,1.2228600978851318,-1.3499358892440796,-0.020000040531158447,-1.988342523574829,-0.5641617178916931,-77.55010986328125
1779120902158412120,1779120902145994360,2026-05-19T00:15:02.158+08:00,1.1769402027130127,-1.3498421907424927,-0.020000040531158447,-0.9844571352005005,-0.5841147303581238,-78.07162475585938
1779120902391940600,1779120902380769048,2026-05-19T00:15:02.391+08:00,1.1414114236831665,-1.345865249633789,-0.009999990463256836,0.35944175720214844,-0.8302494883537292,-78.59163665771484
1779120902625105368,1779120902617878264,2026-05-19T00:15:02.625+08:00,1.1094326972961426,-1.342301368713379,-0.009999990463256836,0.5887007117271423,-1.1833689212799072,-79.14564514160156
1779120902825711736,1779120902811055640,2026-05-19T00:15:02.825+08:00,1.071028232574463,-1.3396739959716797,-0.009999990463256836,-0.3586294949054718,-1.2015938758850098,-79.75511169433594
1779120903030060376,1779120903010062552,2026-05-19T00:15:03.030+08:00,1.025241732597351,-1.3374137878417969,-0.020000040531158447,-1.540196180343628,-1.3165327310562134,-80.40711212158203
1779120903258833656,1779120903250938488,2026-05-19T00:15:03.258+08:00,0.9651991724967957,-1.3360722064971924,-0.020000040531158447,-2.7071332931518555,-1.694157600402832,-81.18616485595703
1779120903491556312,1779120903482025624,2026-05-19T00:15:03.491+08:00,0.9124377369880676,-1.3370460271835327,-0.009999990463256836,-3.2776942253112793,-1.871315360069275,-81.85469055175781
1779120903692319544,1779120903682853112,2026-05-19T00:15:03.692+08:00,0.8683604598045349,-1.336365818977356,-0.009999990463256836,-3.1927292346954346,-1.9377442598342896,-82.43289184570312
1779120903925066840,1779120903910648408,2026-05-19T00:15:03.925+08:00,0.8093149662017822,-1.3351444005966187,-0.009999990463256836,-2.517658233642578,-2.112910270690918,-83.11356353759766
1779120904125620632,1779120904114871352,2026-05-19T00:15:04.125+08:00,0.7644256353378296,-1.3322428464889526,-0.009999990463256836,-1.3939733505249023,-2.3506453037261963,-83.80174255371094
1779120904358255544,1779120904352902200,2026-05-19T00:15:04.358+08:00,0.7223442792892456,-1.326456904411316,0.009999990463256836,-0.006221780553460121,-2.7478275299072266,-84.65301513671875
1779120904558362360,1779120904554846232,2026-05-19T00:15:04.558+08:00,0.6877806782722473,-1.3215597867965698,0.009999990463256836,-0.12112653255462646,-3.217560291290283,-85.4163818359375
1779120904758979128,1779120904730083544,2026-05-19T00:15:04.758+08:00,0.6566735506057739,-1.3171523809432983,-0.009999990463256836,-0.8513190746307373,-3.6223886013031006,-86.11085510253906
1779120904992560504,1779120904977847544,2026-05-19T00:15:04.992+08:00,0.6151974201202393,-1.3112759590148926,0.009999990463256836,-2.007911205291748,-4.217853546142578,-87.00467681884766
1779120905226867256,1779120905211170520,2026-05-19T00:15:05.226+08:00,0.5737202167510986,-1.3053994178771973,0.0,-3.0281448364257812,-4.862936019897461,-87.86376190185547
1779120905458278008,1779120905444862104,2026-05-19T00:15:05.458+08:00,0.5322403907775879,-1.2995227575302124,0.009999990463256836,-3.577833414077759,-5.421997547149658,-88.6611099243164
1779120905658315192,1779120905645730904,2026-05-19T00:15:05.658+08:00,0.4931073784828186,-1.298110008239746,0.019999980926513672,-3.5660295486450195,-5.828019618988037,-89.27532196044922
1779120905858871288,1779120905841032216,2026-05-19T00:15:05.858+08:00,0.4481446444988251,-1.3028620481491089,0.019999980926513672,-3.241313934326172,-6.142164707183838,-89.7710952758789
1779120906091477016,1779120906079811544,2026-05-19T00:15:06.091+08:00,0.388417512178421,-1.307052731513977,0.019999980926513672,-2.330112934112549,-6.525134086608887,-90.44100189208984
1779120906291902328,1779120906276897688,2026-05-19T00:15:06.291+08:00,0.34057530760765076,-1.3093340396881104,0.019999980926513672,-5.358433246612549,-6.054068565368652,-89.30720520019531
1779120906525877784,1779120906511935032,2026-05-19T00:15:06.525+08:00,0.283163845539093,-1.3120684623718262,0.039999961853027344,-23.279748916625977,-3.512333869934082,-84.6835708618164
1779120906759471224,1779120906748113496,2026-05-19T00:15:06.759+08:00,0.2650614082813263,-1.3243553638458252,0.04999995231628418,-83.64384460449219,11.378569602966309,-78.13101959228516
1779120906991719864,1779120906982073464,2026-05-19T00:15:06.991+08:00,0.2554977238178253,-1.3370047807693481,0.04999995231628418,153.82449340820312,22.054811477661133,-104.24769592285156
1779120907225156184,1779120907215629336,2026-05-19T00:15:07.225+08:00,0.23819853365421295,-1.3521710634231567,0.039999961853027344,54.949405670166016,-2.1006555557250977,-105.93152618408203
1779120907458164600,1779120907455309208,2026-05-19T00:15:07.458+08:00,0.21448048949241638,-1.3690245151519775,0.029999971389770508,17.178434371948242,-6.00734281539917,-96.78994750976562
1779120907658434232,1779120907620910680,2026-05-19T00:15:07.658+08:00,0.21069277822971344,-1.3802285194396973,0.039999961853027344,20.88665771484375,-6.16881799697876,-98.4632339477539
1779120907891533016,1779120907885084760,2026-05-19T00:15:07.891+08:00,0.21834684908390045,-1.397348165512085,0.039999961853027344,76.60836791992188,5.294112682342529,-122.65532684326172
1779120908096047800,1779120908088188504,2026-05-19T00:15:08.096+08:00,0.22898517549037933,-1.406909465789795,0.039999961853027344,173.0159454345703,49.525997161865234,-115.59083557128906
1779120908325220312,1779120908321006776,2026-05-19T00:15:08.325+08:00,0.24049969017505646,-1.4160867929458618,0.019999980926513672,-57.24155044555664,24.06563949584961,-65.80815887451172
1779120908559220088,1779120908554122232,2026-05-19T00:15:08.559+08:00,0.2335788905620575,-1.4226996898651123,0.019999980926513672,-17.626785278320312,3.4492685794830322,-77.25159454345703
1779120908760023256,1779120908757924760,2026-05-19T00:15:08.760+08:00,0.22400346398353577,-1.4278775453567505,0.009999990463256836,-6.543745040893555,-0.2973160445690155,-83.91636657714844
1779120908991860280,1779120908984830712,2026-05-19T00:15:08.991+08:00,0.22862036526203156,-1.432098150253296,0.009999990463256836,-1.9036548137664795,-1.8703948259353638,-87.36923217773438
1779120909191893944,1779120909180728568,2026-05-19T00:15:09.191+08:00,0.23888364434242249,-1.433639645576477,0.009999990463256836,-0.5385538935661316,-2.6643240451812744,-88.35418701171875
1779120909424848280,1779120909414718424,2026-05-19T00:15:09.424+08:00,0.25260892510414124,-1.4342597723007202,0.0,0.1965445727109909,-3.302309274673462,-88.77698516845703
1779120909625309400,1779120909615054872,2026-05-19T00:15:09.625+08:00,0.2610286474227905,-1.434517502784729,0.009999990463256836,0.349621444940567,-3.1795523166656494,-88.83214569091797
1779120909859739896,1779120909844605592,2026-05-19T00:15:09.859+08:00,0.269686222076416,-1.433296799659729,0.0,0.14637824892997742,-2.6348607540130615,-88.7796630859375
1779120910091947032,1779120910082848248,2026-05-19T00:15:10.091+08:00,0.27686870098114014,-1.4303576946258545,0.0,-0.35992246866226196,-2.3307509422302246,-88.731689453125
1779120910325135128,1779120910323008344,2026-05-19T00:15:10.325+08:00,0.2814353406429291,-1.4232289791107178,-0.009999990463256836,-0.744285523891449,-2.307337760925293,-88.75689697265625
1779120910525511000,1779120910487949336,2026-05-19T00:15:10.525+08:00,0.28361794352531433,-1.4171558618545532,-0.009999990463256836,-0.7291674017906189,-2.3299498558044434,-88.79889678955078
1779120910759311640,1779120910757678552,2026-05-19T00:15:10.759+08:00,0.28668874502182007,-1.4097293615341187,-0.009999990463256836,-0.44688791036605835,-2.3074424266815186,-88.82279205322266
1779120910991675000,1779120910978811832,2026-05-19T00:15:10.991+08:00,0.28884294629096985,-1.4041160345077515,0.0,-0.19779376685619354,-2.5036275386810303,-88.84243774414062
1779120911225045272,1779120911208817336,2026-05-19T00:15:11.225+08:00,0.29017090797424316,-1.398439645767212,0.0,-0.06784200668334961,-2.9793646335601807,-88.85652160644531
1779120911425057112,1779120911407951064,2026-05-19T00:15:11.425+08:00,0.2910673916339874,-1.3936357498168945,0.0,-0.01786409504711628,-3.3891022205352783,-88.88472747802734
1779120911625800248,1779120911609910648,2026-05-19T00:15:11.625+08:00,0.29111990332603455,-1.3901773691177368,0.0,-0.012971625663340092,-3.6633176803588867,-88.9269790649414
1779120911827824728,1779120911817694840,2026-05-19T00:15:11.827+08:00,0.2920788526535034,-1.3875484466552734,0.0,-0.02357305772602558,-3.7951037883758545,-88.97337341308594
1779120912028165848,1779120912011154808,2026-05-19T00:15:12.028+08:00,0.29305773973464966,-1.3851464986801147,0.009999990463256836,-0.05890459194779396,-3.862513780593872,-89.00897216796875
1779120912258247064,1779120912253370872,2026-05-19T00:15:12.258+08:00,0.2923034429550171,-1.3825466632843018,0.0,-0.12633705139160156,-4.006518363952637,-89.110107421875
1779120912492501784,1779120912490873368,2026-05-19T00:15:12.492+08:00,0.29162418842315674,-1.3817452192306519,0.009999990463256836,-0.1424364298582077,-4.230720043182373,-89.18378448486328
1779120912725265624,1779120912695508088,2026-05-19T00:15:12.725+08:00,0.29249078035354614,-1.381361961364746,0.009999990463256836,-0.15358804166316986,-4.225860118865967,-89.24928283691406
1779120912958863768,1779120912948149880,2026-05-19T00:15:12.958+08:00,0.2931179404258728,-1.3815703392028809,0.0,-0.22042228281497955,-4.088677883148193,-89.30769348144531
1779120913158882328,1779120913145655448,2026-05-19T00:15:13.158+08:00,0.2925496995449066,-1.3829588890075684,0.009999990463256836,-0.28583505749702454,-4.100184917449951,-89.3822250366211
1779120913394333304,1779120913351695128,2026-05-19T00:15:13.394+08:00,0.29208457469940186,-1.384835958480835,0.009999990463256836,-0.3056982457637787,-4.1849589347839355,-89.45172882080078
1779120913626393240,1779120913587929592,2026-05-19T00:15:13.626+08:00,0.29320842027664185,-1.3868112564086914,0.009999990463256836,-0.32815954089164734,-4.2295002937316895,-89.5113296508789
1779120913829713784,1779120913767816216,2026-05-19T00:15:13.829+08:00,0.2936195433139801,-1.3891100883483887,0.019999980926513672,-0.3918050527572632,-4.236300945281982,-89.55223083496094
1779120914058653752,1779120914029628280,2026-05-19T00:15:14.058+08:00,0.2929317057132721,-1.393111228942871,0.019999980926513672,-0.49082517623901367,-4.16431999206543,-89.58335876464844
1779120914259250936,1779120914233884760,2026-05-19T00:15:14.259+08:00,0.2926289439201355,-1.3958675861358643,0.019999980926513672,-0.4527886211872101,-4.178327560424805,-89.62069702148438
1779120914492075192,1779120914462726136,2026-05-19T00:15:14.492+08:00,0.29473549127578735,-1.3982374668121338,0.029999971389770508,-0.39860886335372925,-4.2471160888671875,-89.67466735839844
1779120914725283384,1779120914707522136,2026-05-19T00:15:14.725+08:00,0.2960171401500702,-1.401233434677124,0.019999980926513672,-0.6240527629852295,-4.250932216644287,-89.69515991210938
1779120914958692664,1779120914920909048,2026-05-19T00:15:14.958+08:00,0.2942306697368622,-1.4038054943084717,0.019999980926513672,-0.7329607605934143,-4.18366003036499,-89.54153442382812
1779120915159396408,1779120915132804728,2026-05-19T00:15:15.159+08:00,0.2913800776004791,-1.4053915739059448,0.019999980926513672,-0.6740349531173706,-4.07370138168335,-89.62963104248047
1779120915392439064,1779120915373458360,2026-05-19T00:15:15.392+08:00,0.2919313609600067,-1.405533790588379,0.029999971389770508,-0.32239407300949097,-4.017735481262207,-89.67645263671875
1779120915625380952,1779120915604896696,2026-05-19T00:15:15.625+08:00,0.2943991422653198,-1.406491756439209,0.029999971389770508,-0.01427207700908184,-4.006624221801758,-89.66008758544922
1779120915825507000,1779120915805557464,2026-05-19T00:15:15.825+08:00,0.2944161891937256,-1.4076464176177979,0.019999980926513672,-0.012780848890542984,-3.8722362518310547,-89.65828704833984
1779120916025565912,1779120915994359256,2026-05-19T00:15:16.025+08:00,0.2944403290748596,-1.40879225730896,0.029999971389770508,-0.08039982616901398,-3.7898316383361816,-89.64138793945312
1779120916258407928,1779120916239298264,2026-05-19T00:15:16.258+08:00,0.29584795236587524,-1.4092798233032227,0.019999980926513672,-0.275532990694046,-3.8977019786834717,-89.60551452636719
1779120916491568504,1779120916475799960,2026-05-19T00:15:16.491+08:00,0.2952447533607483,-1.4089603424072266,0.019999980926513672,-0.5863450169563293,-4.022536754608154,-89.58258056640625
1779120916692074456,1779120916676807608,2026-05-19T00:15:16.692+08:00,0.2942841053009033,-1.409998893737793,0.029999971389770508,-0.6569609045982361,-4.01542329788208,-89.5670394897461
1779120916894210136,1779120916874722488,2026-05-19T00:15:16.894+08:00,0.29474619030952454,-1.4114937782287598,0.019999980926513672,-0.6025882959365845,-4.000744342803955,-89.57843017578125
1779120917126086232,1779120917113682424,2026-05-19T00:15:17.126+08:00,0.2958637475967407,-1.4124667644500732,0.019999980926513672,-0.5101486444473267,-4.0318121910095215,-89.593017578125
1779120917358939064,1779120917348847192,2026-05-19T00:15:17.358+08:00,0.29562661051750183,-1.4120819568634033,0.029999971389770508,-0.4241105914115906,-4.049662113189697,-89.64551544189453
1779120917592377400,1779120917585779352,2026-05-19T00:15:17.592+08:00,0.29524728655815125,-1.4112000465393066,0.029999971389770508,-0.4240586757659912,-4.090141296386719,-89.68403625488281
1779120917825362840,1779120917820115576,2026-05-19T00:15:17.825+08:00,0.29601290822029114,-1.410881519317627,0.029999971389770508,-0.3893738090991974,-4.094956874847412,-89.69757843017578
1779120918025852120,1779120918023940216,2026-05-19T00:15:18.025+08:00,0.29645031690597534,-1.410630464553833,0.029999971389770508,-0.49174320697784424,-4.042098045349121,-89.69058227539062
1779120918258791768,1779120918231353112,2026-05-19T00:15:18.258+08:00,0.29645901918411255,-1.4103552103042603,0.029999971389770508,-0.6158382296562195,-4.024013042449951,-89.69773864746094
1779120918459197784,1779120918439811160,2026-05-19T00:15:18.459+08:00,0.2964683771133423,-1.4101049900054932,0.029999971389770508,-0.7027204036712646,-4.006466865539551,-89.71484375
1779120918663504504,1779120918637372024,2026-05-19T00:15:18.663+08:00,0.29600682854652405,-1.4096603393554688,0.029999971389770508,-0.7125166654586792,-3.955580234527588,-89.71456909179688
1779120918891725848,1779120918857834744,2026-05-19T00:15:18.891+08:00,0.2955755889415741,-1.410475254058838,0.029999971389770508,-0.6579620242118835,-3.9662203788757324,-89.67987060546875
1779120919092052792,1779120919060606296,2026-05-19T00:15:19.092+08:00,0.29560232162475586,-1.4147006273269653,0.029999971389770508,-0.5354292392730713,-3.9807212352752686,-89.64924621582031
1779120919324900376,1779120919298583832,2026-05-19T00:15:19.324+08:00,0.29568710923194885,-1.422534465789795,0.029999971389770508,-0.3809466063976288,-3.9078354835510254,-89.6190414428711
1779120919525325944,1779120919499628248,2026-05-19T00:15:19.525+08:00,0.29490792751312256,-1.4299918413162231,0.029999971389770508,-0.27213254570961,-3.8919527530670166,-89.5970458984375
1779120919758696216,1779120919735538872,2026-05-19T00:15:19.758+08:00,0.2951412498950958,-1.440233588218689,0.029999971389770508,-0.1275610327720642,-3.9472362995147705,-89.65756225585938
1779120919958897752,1779120919929518808,2026-05-19T00:15:19.958+08:00,0.2962798774242401,-1.4491119384765625,0.029999971389770508,-0.19275115430355072,-3.96934175491333,-89.6738052368164
1779120920158939128,1779120920133330584,2026-05-19T00:15:20.158+08:00,0.29533830285072327,-1.4594905376434326,0.019999980926513672,-0.38056379556655884,-3.8137824535369873,-89.7009506225586
1779120920392034424,1779120920364216664,2026-05-19T00:15:20.392+08:00,0.29393619298934937,-1.4721537828445435,0.019999980926513672,-0.490029901266098,-3.536632537841797,-89.73067474365234
1779120920625528952,1779120920604994616,2026-05-19T00:15:20.625+08:00,0.2938273847103119,-1.4860016107559204,0.019999980926513672,-0.5511255264282227,-3.5094385147094727,-89.72730255126953
1779120920825582520,1779120920768874680,2026-05-19T00:15:20.825+08:00,0.29401668906211853,-1.4958492517471313,0.019999980926513672,-0.5857306718826294,-3.520434617996216,-89.72899627685547
1779120921058523192,1779120921056533464,2026-05-19T00:15:21.058+08:00,0.29423919320106506,-1.5140650272369385,0.019999980926513672,-0.5070415735244751,-3.4268569946289062,-89.78286743164062
1779120921258551992,1779120921227336408,2026-05-19T00:15:21.258+08:00,0.2949574589729309,-1.5269278287887573,0.019999980926513672,-0.47277405858039856,-3.3423655033111572,-89.7756576538086
1779120921458742392,1779120921430942136,2026-05-19T00:15:21.458+08:00,0.29573237895965576,-1.5406737327575684,0.009999990463256836,-0.5442497134208679,-3.3044235706329346,-89.7444839477539
1779120921658790968,1779120921636733784,2026-05-19T00:15:21.658+08:00,0.2950606942176819,-1.5539051294326782,0.019999980926513672,-0.602821946144104,-3.318807601928711,-89.72279357910156
1779120921891721560,1779120921889331032,2026-05-19T00:15:21.891+08:00,0.2941117286682129,-1.5705018043518066,0.019999980926513672,-0.5133432745933533,-3.3395211696624756,-89.73615264892578
1779120922125200120,1779120922118418552,2026-05-19T00:15:22.125+08:00,0.29540741443634033,-1.585698127746582,0.019999980926513672,-0.4533182680606842,-3.4244272708892822,-89.81344604492188
1779120922360236184,1779120922357900792,2026-05-19T00:15:22.360+08:00,0.2960984706878662,-1.6028496026992798,0.009999990463256836,-0.5736203193664551,-3.4975297451019287,-89.80152893066406
1779120922591979032,1779120922590317560,2026-05-19T00:15:22.591+08:00,0.294451504945755,-1.620046615600586,0.0,-0.6843565106391907,-3.487144947052002,-89.72168731689453
1779120922825185816,1779120922818869656,2026-05-19T00:15:22.825+08:00,0.2937663495540619,-1.6376489400863647,0.009999990463256836,-0.6912365555763245,-3.5227508544921875,-89.6512680053711
1779120923058329624,1779120923050607896,2026-05-19T00:15:23.058+08:00,0.2951257526874542,-1.656760811805725,0.0,-0.6621444225311279,-3.6361284255981445,-89.6634521484375
1779120923258533528,1779120923250605016,2026-05-19T00:15:23.258+08:00,0.2943001687526703,-1.6730890274047852,0.009999990463256836,-0.7090822458267212,-3.738463878631592,-89.66461181640625
1779120923458578936,1779120923454829560,2026-05-19T00:15:23.458+08:00,0.29410359263420105,-1.689173936843872,0.009999990463256836,-0.6333253383636475,-3.8105506896972656,-89.6595687866211
1779120923658616728,1779120923621639384,2026-05-19T00:15:23.658+08:00,0.29426315426826477,-1.7019989490509033,0.0,-0.5603556632995605,-3.86792254447937,-89.65811157226562
1779120923858783448,1779120923844741816,2026-05-19T00:15:23.858+08:00,0.29534807801246643,-1.7216553688049316,0.0,-0.6418724656105042,-3.92761492729187,-89.69495391845703
1779120924091679960,1779120924085617880,2026-05-19T00:15:24.091+08:00,0.2959049940109253,-1.7413488626480103,0.009999990463256836,-0.8322914242744446,-3.9978878498077393,-89.72624969482422
1779120924297396600,1779120924289408984,2026-05-19T00:15:24.297+08:00,0.2947193682193756,-1.7580221891403198,0.0,-0.9117801189422607,-4.039752960205078,-89.74075317382812
1779120924525446040,1779120924521293048,2026-05-19T00:15:24.525+08:00,0.29524993896484375,-1.776707649230957,0.0,-0.9091068506240845,-4.0447821617126465,-89.76254272460938
1779120924759009784,1779120924733529560,2026-05-19T00:15:24.759+08:00,0.2950843274593353,-1.794625163078308,0.009999990463256836,-0.9459987282752991,-4.074270248413086,-89.79660034179688
1779120924992218936,1779120924983187608,2026-05-19T00:15:24.992+08:00,0.2946828305721283,-1.8153120279312134,0.009999990463256836,-0.897057294845581,-4.164539813995361,-89.82687377929688
1779120925225133784,1779120925203388280,2026-05-19T00:15:25.225+08:00,0.29486051201820374,-1.834742546081543,0.009999990463256836,-0.8089544177055359,-4.255580902099609,-89.85539245605469
1779120925425582136,1779120925401556632,2026-05-19T00:15:25.425+08:00,0.2949845790863037,-1.8528701066970825,0.009999990463256836,-0.8151698708534241,-4.265547752380371,-89.87899780273438
1779120925658731480,1779120925641256952,2026-05-19T00:15:25.658+08:00,0.2958676218986511,-1.8734828233718872,0.009999990463256836,-0.9000945091247559,-4.221627712249756,-89.91189575195312
1779120925859637112,1779120925826695640,2026-05-19T00:15:25.859+08:00,0.29567283391952515,-1.8918650150299072,0.009999990463256836,-0.9390940070152283,-4.204187393188477,-89.94186401367188
1779120926092088600,1779120926060587736,2026-05-19T00:15:26.092+08:00,0.2959546148777008,-1.9114933013916016,0.009999990463256836,-0.9429563879966736,-4.250076770782471,-89.97673797607422
1779120926293285720,1779120926260376024,2026-05-19T00:15:26.293+08:00,0.2965584397315979,-1.9289848804473877,0.019999980926513672,-0.9718695282936096,-4.352374076843262,-90.02505493164062
1779120926525573368,1779120926502002200,2026-05-19T00:15:26.525+08:00,0.2971596121788025,-1.950839877128601,0.019999980926513672,-0.9762095808982849,-4.359561443328857,-90.0713882446289
1779120926758375768,1779120926732498936,2026-05-19T00:15:26.758+08:00,0.2951403260231018,-1.9736965894699097,0.019999980926513672,-0.8160853385925293,-4.260626792907715,-90.1320571899414
1779120926958977304,1779120926951353624,2026-05-19T00:15:26.958+08:00,0.29429081082344055,-1.9958741664886475,0.019999980926513672,-0.5617538690567017,-4.200038433074951,-90.23136901855469
1779120927193012536,1779120927159406936,2026-05-19T00:15:27.193+08:00,0.2955610156059265,-2.0151140689849854,0.029999971389770508,-0.38558560609817505,-4.199300289154053,-90.2750244140625
1779120927426368088,1779120927397291416,2026-05-19T00:15:27.426+08:00,0.29674428701400757,-2.0386176109313965,0.029999971389770508,-0.4416484832763672,-4.273842811584473,-90.27964782714844
1779120927659032056,1779120927634750680,2026-05-19T00:15:27.659+08:00,0.29660874605178833,-2.0615344047546387,0.029999971389770508,-0.6968277096748352,-4.281378746032715,-90.19831085205078
1779120927891761624,1779120927882601688,2026-05-19T00:15:27.891+08:00,0.29679223895072937,-2.084516763687134,0.029999971389770508,-0.8352938294410706,-4.210679054260254,-90.14817810058594
1779120928125697432,1779120928117537848,2026-05-19T00:15:28.125+08:00,0.2965799570083618,-2.1076507568359375,0.029999971389770508,-0.8058741092681885,-4.147541046142578,-90.1504135131836
1779120928358249112,1779120928352656600,2026-05-19T00:15:28.358+08:00,0.29497548937797546,-2.1309120655059814,0.039999961853027344,-0.592900276184082,-4.064283847808838,-90.1578369140625
1779120928558330168,1779120928554555992,2026-05-19T00:15:28.558+08:00,0.2941470444202423,-2.15036678314209,0.029999971389770508,-0.2885454595088959,-3.9639933109283447,-90.17589569091797
1779120928792187704,1779120928755415928,2026-05-19T00:15:28.792+08:00,0.2976609766483307,-2.169264316558838,0.039999961853027344,-0.09151020646095276,-3.83566951751709,-90.14439392089844
1779120929025625464,1779120929017193240,2026-05-19T00:15:29.025+08:00,0.297411173582077,-2.1927781105041504,0.029999971389770508,-0.3628256916999817,-3.680906295776367,-90.05915069580078
1779120929259354808,1779120929251408664,2026-05-19T00:15:29.259+08:00,0.29591530561447144,-2.2137982845306396,0.029999971389770508,-0.6045448184013367,-3.5840392112731934,-90.05546569824219
1779120929492040696,1779120929490307640,2026-05-19T00:15:29.492+08:00,0.2966887056827545,-2.2318055629730225,0.039999961853027344,-0.7429328560829163,-3.4744749069213867,-90.06051635742188
1779120929692091992,1779120929660439416,2026-05-19T00:15:29.692+08:00,0.2980498671531677,-2.2410573959350586,0.029999971389770508,-0.8151324391365051,-3.4608163833618164,-90.01758575439453
1779120929924944984,1779120929920705336,2026-05-19T00:15:29.924+08:00,0.2987869381904602,-2.254704236984253,0.039999961853027344,-0.9355573654174805,-3.5006754398345947,-89.91764068603516
1779120930159378424,1779120930150423736,2026-05-19T00:15:30.159+08:00,0.2975345849990845,-2.2646172046661377,0.039999961853027344,-0.9993844032287598,-3.4513487815856934,-89.89566802978516
1779120930391854072,1779120930385201208,2026-05-19T00:15:30.391+08:00,0.2977469265460968,-2.271451950073242,0.039999961853027344,-0.8223746418952942,-3.512742042541504,-89.86817932128906
1779120930625779800,1779120930592758840,2026-05-19T00:15:30.625+08:00,0.2988632619380951,-2.275184392929077,0.039999961853027344,-0.6445512175559998,-3.5858616828918457,-89.79917907714844
1779120930858336920,1779120930850513944,2026-05-19T00:15:30.858+08:00,0.29856106638908386,-2.277548313140869,0.029999971389770508,-0.47157153487205505,-3.6636388301849365,-89.70865631103516
1779120931058696856,1779120931050669752,2026-05-19T00:15:31.058+08:00,0.29856935143470764,-2.277864456176758,0.039999961853027344,-0.36717382073402405,-3.8047008514404297,-89.66448974609375
1779120931258718968,1779120931250575704,2026-05-19T00:15:31.258+08:00,0.29973500967025757,-2.277386426925659,0.039999961853027344,-0.4696560800075531,-3.8676159381866455,-89.62132263183594
1779120931459178552,1779120931450334200,2026-05-19T00:15:31.459+08:00,0.2999958097934723,-2.2758145332336426,0.039999961853027344,-0.6429117918014526,-3.785276412963867,-89.57438659667969
1779120931691869112,1779120931654730584,2026-05-19T00:15:31.691+08:00,0.29947608709335327,-2.273146629333496,0.029999971389770508,-0.7465878129005432,-3.7234911918640137,-89.54564666748047
1779120931892478872,1779120931850211224,2026-05-19T00:15:31.892+08:00,0.2994844913482666,-2.2695555686950684,0.039999961853027344,-0.8146412968635559,-3.732192039489746,-89.54086303710938
1779120932125141496,1779120932096467288,2026-05-19T00:15:32.125+08:00,0.30044397711753845,-2.264680862426758,0.039999961853027344,-0.8799009919166565,-3.6989073753356934,-89.51761627197266
1779120932358586808,1779120932331659224,2026-05-19T00:15:32.358+08:00,0.29947414994239807,-2.260286331176758,0.039999961853027344,-0.9579110741615295,-3.606022596359253,-89.54624938964844
1779120932558860440,1779120932529961912,2026-05-19T00:15:32.558+08:00,0.29745516180992126,-2.2572569847106934,0.029999971389770508,-0.8447447419166565,-3.569024085998535,-89.65626525878906
1779120932761684568,1779120932729117848,2026-05-19T00:15:32.761+08:00,0.29719364643096924,-2.2529561519622803,0.039999961853027344,-0.6086788177490234,-3.55348539352417,-89.70599365234375
1779120932992209784,1779120932969587064,2026-05-19T00:15:32.992+08:00,0.29920923709869385,-2.2476725578308105,0.039999961853027344,-0.40002864599227905,-3.5367910861968994,-89.69500732421875
1779120933193199096,1779120933169478136,2026-05-19T00:15:33.193+08:00,0.30050742626190186,-2.243241548538208,0.039999961853027344,-0.45188698172569275,-3.5559346675872803,-89.6294937133789
1779120933425190584,1779120933410523864,2026-05-19T00:15:33.425+08:00,0.29925087094306946,-2.2371737957000732,0.04999995231628418,-0.6966921091079712,-3.6070258617401123,-89.65182495117188
1779120933658677016,1779120933638414904,2026-05-19T00:15:33.658+08:00,0.29827529191970825,-2.233232259750366,0.039999961853027344,-0.8153908252716064,-3.6607377529144287,-89.67950439453125
1779120933892071000,1779120933855240920,2026-05-19T00:15:33.892+08:00,0.298480361700058,-2.230003833770752,0.039999961853027344,-0.769015371799469,-3.693364143371582,-89.6748046875
1779120934092170424,1779120934066489112,2026-05-19T00:15:34.092+08:00,0.2983079254627228,-2.2273547649383545,0.039999961853027344,-0.6418550610542297,-3.678164482116699,-89.66876220703125
1779120934293586936,1779120934269223608,2026-05-19T00:15:34.293+08:00,0.29765915870666504,-2.2241930961608887,0.039999961853027344,-0.5138271450996399,-3.7047483921051025,-89.63322448730469
1779120934532290456,1779120934509940440,2026-05-19T00:15:34.532+08:00,0.2979496717453003,-2.2197654247283936,0.04999995231628418,-0.3436011075973511,-3.7998859882354736,-89.5941390991211
1779120934758646392,1779120934741417688,2026-05-19T00:15:34.758+08:00,0.2989119589328766,-2.216216802597046,0.04999995231628418,-0.26180946826934814,-3.7990617752075195,-89.54818725585938
1779120934960171128,1779120934934763544,2026-05-19T00:15:34.960+08:00,0.2991088032722473,-2.2140583992004395,0.04999995231628418,-0.3517015278339386,-3.7336137294769287,-89.49234008789062
1779120935191931032,1779120935172595416,2026-05-19T00:15:35.191+08:00,0.29851046204566956,-2.2129743099212646,0.04999995231628418,-0.4778854548931122,-3.6205382347106934,-89.47462463378906
1779120935392708920,1779120935373186936,2026-05-19T00:15:35.392+08:00,0.29859068989753723,-2.2118682861328125,0.039999961853027344,-0.4936700165271759,-3.5279922485351562,-89.45724487304688
1779120935625471672,1779120935605025208,2026-05-19T00:15:35.625+08:00,0.29860278964042664,-2.210055112838745,0.039999961853027344,-0.4282357394695282,-3.4757232666015625,-89.51750183105469
1779120935858288024,1779120935831215960,2026-05-19T00:15:35.858+08:00,0.297904908657074,-2.2088887691497803,0.04999995231628418,-0.33779922127723694,-3.4243886470794678,-89.55570983886719
1779120936091612184,1779120936068252824,2026-05-19T00:15:36.091+08:00,0.29894542694091797,-2.208470582962036,0.04999995231628418,-0.17462795972824097,-3.3460700511932373,-89.60606384277344
1779120936293133176,1779120936266876184,2026-05-19T00:15:36.293+08:00,0.3002285957336426,-2.208653211593628,0.04999995231628418,-0.08378662168979645,-3.2999582290649414,-89.58622741699219
1779120936525297208,1779120936510535928,2026-05-19T00:15:36.525+08:00,0.3013532757759094,-2.208979845046997,0.04999995231628418,-0.10977247357368469,-3.312386989593506,-89.67481994628906
1779120936725349112,1779120936713352440,2026-05-19T00:15:36.725+08:00,0.30195900797843933,-2.2093162536621094,0.04999995231628418,-0.19687773287296295,-3.378858804702759,-89.59716033935547
1779120936925884216,1779120936923615928,2026-05-19T00:15:36.925+08:00,0.3025573790073395,-2.2101597785949707,0.039999961853027344,-0.3964954614639282,-3.445617198944092,-89.5181884765625
1779120937159171864,1779120937122301304,2026-05-19T00:15:37.159+08:00,0.30187204480171204,-2.2111735343933105,0.039999961853027344,-0.608664870262146,-3.457775592803955,-89.48993682861328
1779120937391923896,1779120937364243672,2026-05-19T00:15:37.391+08:00,0.3007090985774994,-2.2119057178497314,0.04999995231628418,-0.6762579083442688,-3.466188907623291,-89.48682403564453
1779120937625662968,1779120937597262456,2026-05-19T00:15:37.625+08:00,0.29961735010147095,-2.2116360664367676,0.04999995231628418,-0.4839913547039032,-3.5204129219055176,-89.5179443359375
1779120937859074776,1779120937853321144,2026-05-19T00:15:37.859+08:00,0.2995832860469818,-2.2114923000335693,0.04999995231628418,-0.14750252664089203,-3.6477389335632324,-89.5473403930664
1779120938059999448,1779120938050491640,2026-05-19T00:15:38.059+08:00,0.29999303817749023,-2.2123849391937256,0.04999995231628418,0.07261355966329575,-3.5730202198028564,-89.48063659667969
1779120938292265176,1779120938255977720,2026-05-19T00:15:38.292+08:00,0.30037716031074524,-2.213623046875,0.04999995231628418,0.10793613642454147,-3.4118380546569824,-89.43401336669922
1779120938525102168,1779120938495216344,2026-05-19T00:15:38.525+08:00,0.299907922744751,-2.2145583629608154,0.039999961853027344,-0.093071848154068,-3.440338611602783,-89.40592956542969
1779120938725442072,1779120938701156728,2026-05-19T00:15:38.725+08:00,0.2995259165763855,-2.2154741287231445,0.039999961853027344,-0.24535982310771942,-3.5016372203826904,-89.39376831054688
1779120938958492536,1779120938920546840,2026-05-19T00:15:38.958+08:00,0.2994491457939148,-2.215986490249634,0.039999961853027344,-0.3483891785144806,-3.442431926727295,-89.430419921875
1779120939158671960,1779120939134365016,2026-05-19T00:15:39.158+08:00,0.2996790111064911,-2.2168514728546143,0.039999961853027344,-0.4006941318511963,-3.402646780014038,-89.46989440917969
1779120939358886840,1779120939329500248,2026-05-19T00:15:39.358+08:00,0.29963698983192444,-2.2173314094543457,0.04999995231628418,-0.3661574721336365,-3.406437635421753,-89.58722686767578
1779120939592691928,1779120939574122424,2026-05-19T00:15:39.592+08:00,0.29928961396217346,-2.2185773849487305,0.039999961853027344,-0.24240726232528687,-3.3928844928741455,-89.68537902832031
1779120939825931928,1779120939823162392,2026-05-19T00:15:39.825+08:00,0.2994021475315094,-2.219402313232422,0.039999961853027344,-0.12461111694574356,-3.4487833976745605,-89.81706237792969
1779120940058551288,1779120940029230872,2026-05-19T00:15:40.058+08:00,0.29959139227867126,-2.2202517986297607,0.039999961853027344,-0.11490519344806671,-3.5218958854675293,-89.77213287353516
1779120940259000952,1779120940243214712,2026-05-19T00:15:40.259+08:00,0.29915058612823486,-2.221548080444336,0.039999961853027344,-0.11124522238969803,-3.557793140411377,-89.75540161132812
1779120940492342648,1779120940473235288,2026-05-19T00:15:40.492+08:00,0.29924657940864563,-2.2229251861572266,0.039999961853027344,-0.00977746769785881,-3.579150915145874,-89.4268798828125
1779120940725204344,1779120940708125752,2026-05-19T00:15:40.725+08:00,0.30613282322883606,-2.2196855545043945,0.039999961853027344,-0.2667551040649414,-3.435727119445801,-84.87947845458984
1779120940958935064,1779120940951088472,2026-05-19T00:15:40.958+08:00,0.321145623922348,-2.218012809753418,0.019999980926513672,-1.4001859426498413,-3.189495086669922,-74.16584777832031
1779120941191569880,1779120941154473784,2026-05-19T00:15:41.191+08:00,0.3260393738746643,-2.214625358581543,0.0,-2.573444128036499,-2.8806114196777344,-63.64060974121094
1779120941392044024,1779120941359057624,2026-05-19T00:15:41.392+08:00,0.32471171021461487,-2.210449457168579,0.009999990463256836,-3.4272921085357666,-2.5784027576446533,-53.02479934692383
1779120941592605688,1779120941560586456,2026-05-19T00:15:41.592+08:00,0.3195955455303192,-2.2064530849456787,0.029999971389770508,-3.433044672012329,-2.436887502670288,-43.167510986328125
1779120941824979128,1779120941818069656,2026-05-19T00:15:41.824+08:00,0.3097674548625946,-2.2036149501800537,0.029999971389770508,-2.2918031215667725,-2.5133097171783447,-32.06068420410156
1779120942026458424,1779120942024522392,2026-05-19T00:15:42.026+08:00,0.30187687277793884,-2.2034313678741455,0.029999971389770508,-0.8178733587265015,-2.8093984127044678,-24.362178802490234
1779120942226623672,1779120942224495512,2026-05-19T00:15:42.226+08:00,0.29640817642211914,-2.2062900066375732,0.039999961853027344,0.5301635265350342,-3.180492877960205,-18.631792068481445
1779120942458922648,1779120942423198360,2026-05-19T00:15:42.458+08:00,0.29297706484794617,-2.210038900375366,0.039999961853027344,1.5515960454940796,-3.4984970092773438,-14.407402992248535
1779120942691737976,1779120942666449752,2026-05-19T00:15:42.691+08:00,0.2899091839790344,-2.2132935523986816,0.029999971389770508,2.253917932510376,-3.882883071899414,-9.625621795654297
1779120942892299544,1779120942889660856,2026-05-19T00:15:42.892+08:00,0.28703996539115906,-2.2143211364746094,0.029999971389770508,2.0698814392089844,-4.12412691116333,-6.561878681182861
1779120943092562264,1779120943090989784,2026-05-19T00:15:43.092+08:00,0.284325510263443,-2.215623617172241,0.029999971389770508,1.5360324382781982,-4.264037132263184,-4.401462554931641
1779120943325775032,1779120943299438296,2026-05-19T00:15:43.325+08:00,0.2827756702899933,-2.217729330062866,0.029999971389770508,0.8779227137565613,-4.30869722366333,-2.691196918487549
1779120943558877368,1779120943529076184,2026-05-19T00:15:43.558+08:00,0.2840418517589569,-2.2192797660827637,0.029999971389770508,0.7560952305793762,-4.212385177612305,-1.4608818292617798
1779120943791852376,1779120943769265240,2026-05-19T00:15:43.791+08:00,0.29149577021598816,-2.2064738273620605,0.029999971389770508,1.77883780002594,-4.29306173324585,-0.2519451975822449
1779120944025247224,1779120943999586264,2026-05-19T00:15:44.025+08:00,0.30385148525238037,-2.1872549057006836,0.029999971389770508,2.8683383464813232,-4.6102705001831055,0.7391425967216492
1779120944225677560,1779120944196849592,2026-05-19T00:15:44.225+08:00,0.3203609585762024,-2.1764743328094482,0.029999971389770508,3.067715644836426,-4.855480194091797,1.5120741128921509
1779120944458343896,1779120944440207704,2026-05-19T00:15:44.458+08:00,0.3433164358139038,-2.167433261871338,0.019999980926513672,2.3374385833740234,-4.978009223937988,2.2951622009277344
1779120944691989176,1779120944673163064,2026-05-19T00:15:44.691+08:00,0.36627113819122314,-2.1583898067474365,0.009999990463256836,1.1108986139297485,-4.935429096221924,2.9605932235717773
1779120944892125336,1779120944854901112,2026-05-19T00:15:44.892+08:00,0.3866097629070282,-2.1577188968658447,0.009999990463256836,0.11751280725002289,-4.876599311828613,3.3867902755737305
1779120945125253400,1779120945089937848,2026-05-19T00:15:45.125+08:00,0.4201880991458893,-2.1683545112609863,0.009999990463256836,-0.571803867816925,-4.895411491394043,3.816197395324707
1779120945358935352,1779120945325533656,2026-05-19T00:15:45.358+08:00,0.4561872184276581,-2.1729063987731934,0.019999980926513672,-0.028928549960255623,-4.883630275726318,4.0155229568481445
1779120945593217304,1779120945572977848,2026-05-19T00:15:45.593+08:00,0.49535900354385376,-2.172973871231079,0.019999980926513672,1.0219331979751587,-4.691235542297363,4.066694736480713
1779120945825766072,1779120945823999832,2026-05-19T00:15:45.825+08:00,0.5372160077095032,-2.1722447872161865,0.019999980926513672,2.158571243286133,-4.479880332946777,4.0872602462768555
1779120946058579448,1779120946032103160,2026-05-19T00:15:46.058+08:00,0.5698934197425842,-2.172322988510132,0.029999971389770508,2.6564271450042725,-4.312831878662109,4.1164937019348145
1779120946258783928,1779120946235925528,2026-05-19T00:15:46.258+08:00,0.6050015687942505,-2.1709823608398438,0.019999980926513672,2.721280097961426,-4.054470539093018,4.152700424194336
1779120946492221592,1779120946466340792,2026-05-19T00:15:46.492+08:00,0.6474453210830688,-2.1716344356536865,0.029999971389770508,2.3499090671539307,-3.804725170135498,4.194672107696533
1779120946725007480,1779120946703547928,2026-05-19T00:15:46.725+08:00,0.6903409361839294,-2.1742265224456787,0.019999980926513672,1.8885526657104492,-3.742384433746338,4.207027912139893
1779120946958342712,1779120946922707448,2026-05-19T00:15:46.958+08:00,0.7296361327171326,-2.1741886138916016,0.019999980926513672,1.6225699186325073,-3.7009081840515137,4.150746822357178
1779120947158764888,1779120947134584856,2026-05-19T00:15:47.158+08:00,0.7654263377189636,-2.1743900775909424,0.029999971389770508,1.4141616821289062,-3.6914238929748535,4.047529220581055
1779120947392070296,1779120947366664408,2026-05-19T00:15:47.392+08:00,0.809029757976532,-2.176912546157837,0.019999980926513672,0.5911744832992554,-3.823967218399048,3.8594119548797607
1779120947742726104,1779120947568094232,2026-05-19T00:15:47.742+08:00,0.8462902307510376,-2.1848394870758057,0.019999980926513672,-0.20179471373558044,-4.105472087860107,3.6136550903320312
1779120947991863416,1779120947822807864,2026-05-19T00:15:47.991+08:00,0.8930714130401611,-2.2020840644836426,0.019999980926513672,-0.5529277920722961,-4.340173721313477,3.1747403144836426
1779120948192590072,1779120948160574712,2026-05-19T00:15:48.192+08:00,0.9587894678115845,-2.216413974761963,0.029999971389770508,0.8682731986045837,-4.454019546508789,2.4424550533294678
1779120948425604440,1779120948398085432,2026-05-19T00:15:48.425+08:00,1.004390835762024,-2.2138023376464844,0.029999971389770508,2.2815520763397217,-4.567530155181885,1.969614863395691
1779120948658205816,1779120948629566648,2026-05-19T00:15:48.658+08:00,1.0454000234603882,-2.21663761138916,0.039999961853027344,3.079073190689087,-4.671003818511963,1.6149367094039917
1779120948858619384,1779120948848885112,2026-05-19T00:15:48.858+08:00,1.0828320980072021,-2.2195589542388916,0.029999971389770508,3.258199691772461,-4.587334632873535,1.3736876249313354
1779120949058647768,1779120949030081464,2026-05-19T00:15:49.058+08:00,1.1119592189788818,-2.2200419902801514,0.029999971389770508,3.106534957885742,-4.417606353759766,1.313800573348999
1779120949292167512,1779120949262636792,2026-05-19T00:15:49.292+08:00,1.1392887830734253,-2.2115538120269775,0.039999961853027344,2.5127053260803223,-4.105371952056885,1.428390622138977
1779120949492369976,1779120949465742904,2026-05-19T00:15:49.492+08:00,1.1620972156524658,-2.2089381217956543,0.029999971389770508,1.4882028102874756,-3.7680599689483643,1.6021915674209595
1779120949725470488,1779120949704677752,2026-05-19T00:15:49.725+08:00,1.1817512512207031,-2.212202548980713,0.019999980926513672,0.5786334276199341,-3.4712164402008057,1.6487257480621338
1779120949927521368,1779120949923420280,2026-05-19T00:15:49.927+08:00,1.1954487562179565,-2.2125861644744873,0.029999971389770508,0.6066451072692871,-3.2655653953552246,1.6435825824737549
1779120950158969848,1779120950121813912,2026-05-19T00:15:50.158+08:00,1.2076094150543213,-2.212637424468994,0.029999971389770508,1.159748911857605,-3.0923922061920166,1.6774193048477173
1779120950391786008,1779120950366908472,2026-05-19T00:15:50.391+08:00,1.216782569885254,-2.208378791809082,0.029999971389770508,1.8308866024017334,-3.054673433303833,1.815027117729187
1779120950625153592,1779120950606221336,2026-05-19T00:15:50.625+08:00,1.2225083112716675,-2.2047431468963623,0.029999971389770508,1.934016466140747,-3.2877633571624756,1.9487144947052002
1779120950825783448,1779120950772964632,2026-05-19T00:15:50.825+08:00,1.2216590642929077,-2.2062630653381348,0.029999971389770508,1.6571061611175537,-3.4721169471740723,1.9198979139328003
1779120951058453848,1779120951026367096,2026-05-19T00:15:51.058+08:00,1.2184561491012573,-2.2072482109069824,0.019999980926513672,1.2225234508514404,-3.774183988571167,1.7968792915344238
1779120951258955608,1779120951228215416,2026-05-19T00:15:51.258+08:00,1.2138468027114868,-2.206845283508301,0.029999971389770508,1.031217336654663,-4.088489532470703,1.7496963739395142
1779120951459234040,1779120951434200888,2026-05-19T00:15:51.459+08:00,1.207802176475525,-2.206890106201172,0.029999971389770508,1.010362982749939,-4.382933139801025,1.7305172681808472
1779120951692235640,1779120951672865432,2026-05-19T00:15:51.692+08:00,1.1994606256484985,-2.208357810974121,0.039999961853027344,1.1236333847045898,-4.571170806884766,1.6916807889938354
1779120951924915064,1779120951893563064,2026-05-19T00:15:51.924+08:00,1.1916648149490356,-2.2096245288848877,0.029999971389770508,1.3788539171218872,-4.584226608276367,1.6334670782089233
1779120952125109432,1779120952103932696,2026-05-19T00:15:52.125+08:00,1.183401346206665,-2.209280490875244,0.029999971389770508,1.4942156076431274,-4.5836591720581055,1.6012626886367798
1779120952358673240,1779120952337860792,2026-05-19T00:15:52.358+08:00,1.1750789880752563,-2.2094359397888184,0.039999961853027344,1.4708027839660645,-4.64085578918457,1.575164556503296
1779120952558849656,1779120952538043320,2026-05-19T00:15:52.558+08:00,1.1671082973480225,-2.2095000743865967,0.029999971389770508,1.4021196365356445,-4.604496002197266,1.517845630645752
1779120952792208248,1779120952776455608,2026-05-19T00:15:52.792+08:00,1.158414363861084,-2.2092995643615723,0.029999971389770508,1.279070258140564,-4.46249532699585,1.4547619819641113
1779120953025402488,1779120952989031256,2026-05-19T00:15:53.025+08:00,1.1511456966400146,-2.2102086544036865,0.029999971389770508,1.1418983936309814,-4.35038948059082,1.414006233215332
1779120953225540440,1779120953224210296,2026-05-19T00:15:53.225+08:00,1.144236445426941,-2.211315393447876,0.029999971389770508,1.0334588289260864,-4.299986362457275,1.372581124305725
1779120953458525432,1779120953428983256,2026-05-19T00:15:53.458+08:00,1.1392744779586792,-2.211818218231201,0.029999971389770508,1.06239652633667,-4.1878132820129395,1.3542283773422241
1779120953691671160,1779120953660257784,2026-05-19T00:15:53.691+08:00,1.1341336965560913,-2.210982322692871,0.039999961853027344,1.1665865182876587,-4.022506237030029,1.3438397645950317
1779120953892444120,1779120953855629464,2026-05-19T00:15:53.892+08:00,1.1300376653671265,-2.211158275604248,0.039999961853027344,1.2752751111984253,-3.958049774169922,1.321839690208435
1779120954124946872,1779120954099725688,2026-05-19T00:15:54.124+08:00,1.1250108480453491,-2.211273670196533,0.029999971389770508,1.3890312910079956,-3.8830406665802,1.3194217681884766
1779120954325157912,1779120954307902936,2026-05-19T00:15:54.325+08:00,1.121123194694519,-2.210850477218628,0.039999961853027344,1.4229745864868164,-3.860138177871704,1.3193193674087524
1779120954526738680,1779120954511080536,2026-05-19T00:15:54.526+08:00,1.1184065341949463,-2.210524797439575,0.039999961853027344,1.392661213874817,-3.9261698722839355,1.2726281881332397
1779120954758522680,1779120954745079416,2026-05-19T00:15:54.758+08:00,1.115207552909851,-2.2107841968536377,0.039999961853027344,1.309426188468933,-4.013940811157227,1.2115594148635864
1779120954959061368,1779120954935761336,2026-05-19T00:15:54.959+08:00,1.113499402999878,-2.210740089416504,0.039999961853027344,1.2267253398895264,-4.045608043670654,1.209442138671875
1779120955159260760,1779120955141377944,2026-05-19T00:15:55.159+08:00,1.1113715171813965,-2.2106988430023193,0.039999961853027344,1.1809288263320923,-4.103542327880859,1.202120065689087
1779120955391997304,1779120955372912248,2026-05-19T00:15:55.391+08:00,1.1089141368865967,-2.2109434604644775,0.039999961853027344,1.187754511833191,-4.2393059730529785,1.1978238821029663
1779120955625481816,1779120955604134392,2026-05-19T00:15:55.625+08:00,1.1072933673858643,-2.211824893951416,0.039999961853027344,1.3483637571334839,-4.258735656738281,1.1807621717453003
1779120955860120440,1779120955856244376,2026-05-19T00:15:55.860+08:00,1.1064084768295288,-2.2120487689971924,0.039999961853027344,1.5327364206314087,-4.222149848937988,1.165763020515442
1779120956091845528,1779120956066621656,2026-05-19T00:15:56.091+08:00,1.1055415868759155,-2.211379289627075,0.04999995231628418,1.638319969177246,-4.183896064758301,1.1627850532531738
1779120956292219928,1779120956270018968,2026-05-19T00:15:56.292+08:00,1.1049550771713257,-2.2107155323028564,0.04999995231628418,1.6245317459106445,-4.099759578704834,1.1305670738220215
1779120956493625496,1779120956470673848,2026-05-19T00:15:56.493+08:00,1.1051300764083862,-2.2107362747192383,0.04999995231628418,1.4591686725616455,-3.996567726135254,1.1218791007995605
1779120956725237368,1779120956708517976,2026-05-19T00:15:56.725+08:00,1.1048589944839478,-2.2110934257507324,0.04999995231628418,1.322779893875122,-3.9044034481048584,1.1317486763000488
1779120956958627224,1779120956928874904,2026-05-19T00:15:56.958+08:00,1.1038649082183838,-2.2111103534698486,0.04999995231628418,1.3031915426254272,-3.8991100788116455,1.102542757987976
1779120957158776056,1779120957136095064,2026-05-19T00:15:57.158+08:00,1.103469729423523,-2.2102060317993164,0.04999995231628418,1.3399770259857178,-3.884223222732544,1.081034541130066
1779120957391830936,1779120957376818232,2026-05-19T00:15:57.391+08:00,1.1038252115249634,-2.2098546028137207,0.04999995231628418,1.3498954772949219,-3.8394277095794678,1.084196925163269
1779120957624769816,1779120957609682136,2026-05-19T00:15:57.624+08:00,1.104212999343872,-2.2109932899475098,0.04999995231628418,1.424702525138855,-3.8586843013763428,1.0459887981414795
1779120957825141784,1779120957811887352,2026-05-19T00:15:57.825+08:00,1.104507565498352,-2.21146559715271,0.04999995231628418,1.4923961162567139,-3.917821168899536,1.0081154108047485
1779120958025386104,1779120958014677304,2026-05-19T00:15:58.025+08:00,1.1048439741134644,-2.2109568119049072,0.04999995231628418,1.5483518838882446,-3.9887967109680176,0.9992635250091553
1779120958225495480,1779120958216975896,2026-05-19T00:15:58.225+08:00,1.1054794788360596,-2.210416078567505,0.039999961853027344,1.5778223276138306,-4.025692462921143,1.0684055089950562
1779120958458352024,1779120958450977848,2026-05-19T00:15:58.458+08:00,1.1069711446762085,-2.209780693054199,0.04999995231628418,1.4713900089263916,-4.004141807556152,1.0626202821731567
1779120958658649624,1779120958655616472,2026-05-19T00:15:58.658+08:00,1.1089630126953125,-2.2097489833831787,0.04999995231628418,1.3573460578918457,-4.016319751739502,1.026010513305664
1779120958892160856,1779120958865351448,2026-05-19T00:15:58.892+08:00,1.1105856895446777,-2.209796667098999,0.04999995231628418,1.2280491590499878,-4.046460151672363,0.9834379553794861
1779120959125696248,1779120959099484344,2026-05-19T00:15:59.125+08:00,1.111562728881836,-2.2102959156036377,0.04999995231628418,1.1109418869018555,-4.028397083282471,1.0071797370910645
1779120959358248760,1779120959337417496,2026-05-19T00:15:59.358+08:00,1.113108515739441,-2.210754156112671,0.04999995231628418,1.1570136547088623,-3.9441468715667725,1.0168581008911133
1779120959558805432,1779120959537850104,2026-05-19T00:15:59.558+08:00,1.1134541034698486,-2.210569381713867,0.04999995231628418,1.27249276638031,-3.928673267364502,0.9960464835166931
1779120959791752632,1779120959777597784,2026-05-19T00:15:59.791+08:00,1.1136276721954346,-2.2100658416748047,0.039999961853027344,1.3644872903823853,-3.967813491821289,0.9991678595542908
1779120959992604856,1779120959970946136,2026-05-19T00:15:59.992+08:00,1.1136945486068726,-2.2104406356811523,0.04999995231628418,1.3791757822036743,-3.940108060836792,1.0123159885406494
1779120960225283064,1779120960210213592,2026-05-19T00:16:00.225+08:00,1.1137839555740356,-2.2110860347747803,0.04999995231628418,1.34170401096344,-3.907557964324951,1.0086618661880493
1779120960425461304,1779120960402700120,2026-05-19T00:16:00.425+08:00,1.1135402917861938,-2.2104568481445312,0.039999961853027344,1.2962199449539185,-3.918142795562744,1.030470609664917
1779120960658331320,1779120960640290584,2026-05-19T00:16:00.658+08:00,1.1134746074676514,-2.2091619968414307,0.039999961853027344,1.2275882959365845,-3.953788995742798,1.1121050119400024
1779120960892498808,1779120960854211896,2026-05-19T00:16:00.892+08:00,1.1127701997756958,-2.209369659423828,0.039999961853027344,0.9461642503738403,-3.9902632236480713,1.9763766527175903
1779120961124768824,1779120961097891224,2026-05-19T00:16:01.124+08:00,1.1116210222244263,-2.209345817565918,0.009999990463256836,-0.05115611478686333,-3.960780620574951,8.961447715759277
1779120961325170456,1779120961298029880,2026-05-19T00:16:01.325+08:00,1.1100826263427734,-2.2063353061676025,0.029999971389770508,-1.2578468322753906,-3.9962215423583984,19.011531829833984
1779120961525319480,1779120961498115480,2026-05-19T00:16:01.525+08:00,1.10503351688385,-2.1988534927368164,0.009999990463256836,-2.387281656265259,-3.946803569793701,29.985322952270508
1779120961726338552,1779120961702046456,2026-05-19T00:16:01.726+08:00,1.0999075174331665,-2.1973249912261963,0.019999980926513672,-3.090688943862915,-3.760753870010376,40.36381149291992
1779120961929085304,1779120961922697304,2026-05-19T00:16:01.929+08:00,1.0973249673843384,-2.20186710357666,0.019999980926513672,-2.937784433364868,-3.615593194961548,50.53337478637695
1779120962158821080,1779120962118926648,2026-05-19T00:16:02.158+08:00,1.0971136093139648,-2.209522247314453,0.039999961853027344,-1.9846878051757812,-3.712099075317383,58.49292755126953
1779120962358929560,1779120962333723160,2026-05-19T00:16:02.358+08:00,1.0978277921676636,-2.2176225185394287,0.039999961853027344,-0.39800214767456055,-4.041121959686279,65.8595962524414
1779120962559023320,1779120962529934040,2026-05-19T00:16:02.559+08:00,1.098699927330017,-2.2224113941192627,0.04999995231628418,0.9565696120262146,-4.487513065338135,71.39591217041016
1779120962791694648,1779120962769496888,2026-05-19T00:16:02.791+08:00,1.1007143259048462,-2.2253828048706055,0.04999995231628418,1.8407814502716064,-5.068567752838135,76.78506469726562
1779120963025321144,1779120963017802872,2026-05-19T00:16:03.025+08:00,1.1038472652435303,-2.22737979888916,0.039999961853027344,1.803704857826233,-5.616381645202637,81.00460815429688
1779120963225361080,1779120963223505336,2026-05-19T00:16:03.225+08:00,1.1064339876174927,-2.2289369106292725,0.039999961853027344,1.2238304615020752,-6.0621538162231445,83.95417022705078
1779120963460954008,1779120963429509240,2026-05-19T00:16:03.460+08:00,1.1083065271377563,-2.228912830352783,0.039999961853027344,0.520666778087616,-6.369989395141602,86.02995300292969
1779120963692738616,1779120963671821944,2026-05-19T00:16:03.692+08:00,1.1098958253860474,-2.2284958362579346,0.039999961853027344,-0.0907440185546875,-6.5078253746032715,87.75714111328125
1779120963925147896,1779120963918808952,2026-05-19T00:16:03.925+08:00,1.1079435348510742,-2.226884365081787,0.039999961853027344,0.2835424244403839,-6.477766990661621,88.71617889404297
1779120964125183992,1779120964117893048,2026-05-19T00:16:04.125+08:00,1.0968906879425049,-2.2227652072906494,0.039999961853027344,1.176332712173462,-6.57359504699707,89.61260986328125
1779120964358809912,1779120964353717688,2026-05-19T00:16:04.358+08:00,1.0844186544418335,-2.2149739265441895,0.029999971389770508,1.8759833574295044,-6.6762471199035645,90.50933837890625
1779120964559509080,1779120964557731736,2026-05-19T00:16:04.559+08:00,1.0797392129898071,-2.2068986892700195,0.029999971389770508,1.7030616998672485,-6.583329677581787,91.18639373779297
1779120964792096376,1779120964760481624,2026-05-19T00:16:04.792+08:00,1.0775638818740845,-2.198101758956909,0.019999980926513672,1.1083590984344482,-6.35195255279541,91.698974609375
1779120965024833624,1779120965009695576,2026-05-19T00:16:05.024+08:00,1.0730869770050049,-2.186042308807373,0.019999980926513672,0.0320277065038681,-5.977398872375488,92.15453338623047
1779120965226186744,1779120965216766616,2026-05-19T00:16:05.226+08:00,1.0711009502410889,-2.174643039703369,0.019999980926513672,-0.7907609939575195,-5.702929973602295,92.35870361328125
1779120965440624792,1779120965418988792,2026-05-19T00:16:05.440+08:00,1.0704389810562134,-2.1628451347351074,0.009999990463256836,-1.3117985725402832,-5.40589714050293,92.47418975830078
1779120965659576120,1779120965648769112,2026-05-19T00:16:05.659+08:00,1.069682002067566,-2.147965908050537,0.019999980926513672,-1.368510365486145,-5.161111831665039,92.5085220336914
1779120965892286680,1779120965878988664,2026-05-19T00:16:05.892+08:00,1.0702539682388306,-2.1343753337860107,0.009999990463256836,-0.901441216468811,-5.216865539550781,92.5444564819336
1779120966125360344,1779120966107961368,2026-05-19T00:16:06.125+08:00,1.0708881616592407,-2.118154764175415,0.019999980926513672,-0.06161877140402794,-5.4185943603515625,92.54486083984375
1779120966358735384,1779120966343694360,2026-05-19T00:16:06.358+08:00,1.069168210029602,-2.1005799770355225,0.019999980926513672,0.5015323758125305,-5.507945537567139,92.53267669677734
1779120966558990232,1779120966543910008,2026-05-19T00:16:06.558+08:00,1.0676785707473755,-2.085970878601074,0.019999980926513672,0.5410762429237366,-5.629744529724121,92.51026916503906
1779120966791839032,1779120966744566072,2026-05-19T00:16:06.791+08:00,1.0679802894592285,-2.070521831512451,0.019999980926513672,0.263526976108551,-5.805918216705322,92.49390411376953
1779120966993153624,1779120966983009944,2026-05-19T00:16:06.993+08:00,1.0692079067230225,-2.052687883377075,0.019999980926513672,-0.16031236946582794,-5.920142650604248,92.4759292602539
1779120967225211928,1779120967218502040,2026-05-19T00:16:07.225+08:00,1.0705459117889404,-2.0331413745880127,0.019999980926513672,-0.4013506770133972,-5.846343994140625,92.45457458496094
1779120967426026072,1779120967387656024,2026-05-19T00:16:07.426+08:00,1.0691633224487305,-2.017486572265625,0.019999980926513672,-0.46963271498680115,-5.744761943817139,92.43150329589844
1779120967626511896,1779120967595061720,2026-05-19T00:16:07.626+08:00,1.0670506954193115,-2.0013139247894287,0.019999980926513672,-0.559517502784729,-5.751507759094238,92.45664978027344
1779120967858576728,1779120967855276344,2026-05-19T00:16:07.858+08:00,1.0686770677566528,-1.976811170578003,0.019999980926513672,-0.544641375541687,-5.695156097412109,92.45220184326172
1779120968091797784,1779120968055018520,2026-05-19T00:16:08.091+08:00,1.0701545476913452,-1.9580944776535034,0.019999980926513672,-0.3489576280117035,-5.551262378692627,92.33358764648438
1779120968291979736,1779120968255414744,2026-05-19T00:16:08.291+08:00,1.06951904296875,-1.9412357807159424,0.019999980926513672,-0.1277329921722412,-5.484562397003174,92.19422149658203
1779120968525279160,1779120968495207096,2026-05-19T00:16:08.525+08:00,1.0693743228912354,-1.9199001789093018,0.019999980926513672,-0.023320622742176056,-5.49163818359375,92.11763000488281
1779120968759306392,1779120968727593720,2026-05-19T00:16:08.759+08:00,1.0708752870559692,-1.9001898765563965,0.019999980926513672,0.030523084104061127,-5.426708698272705,91.96024322509766
1779120968991943576,1779120968983427800,2026-05-19T00:16:08.991+08:00,1.0725769996643066,-1.8791335821151733,0.019999980926513672,0.0571434423327446,-5.358010292053223,91.78175354003906
1779120969225296888,1779120969218704888,2026-05-19T00:16:09.225+08:00,1.0740841627120972,-1.8613263368606567,0.019999980926513672,0.002732810564339161,-5.373468399047852,91.59441375732422
1779120969425674328,1779120969388251608,2026-05-19T00:16:09.425+08:00,1.0730903148651123,-1.8497893810272217,0.029999971389770508,0.003834804054349661,-5.438041687011719,91.4195785522461
1779120969625792920,1779120969623816344,2026-05-19T00:16:09.625+08:00,1.0717147588729858,-1.8350545167922974,0.029999971389770508,-0.08123095333576202,-5.482255458831787,91.30361938476562
1779120969858694424,1779120969843874488,2026-05-19T00:16:09.858+08:00,1.0699677467346191,-1.8171957731246948,0.029999971389770508,-0.2086811661720276,-5.557394027709961,91.40093231201172
1779120970091818264,1779120970082564280,2026-05-19T00:16:10.091+08:00,1.0685558319091797,-1.7989426851272583,0.029999971389770508,-0.24188098311424255,-5.731133460998535,91.56112670898438
1779120970291839608,1779120970284675352,2026-05-19T00:16:10.291+08:00,1.0689438581466675,-1.7783968448638916,0.029999971389770508,-0.20985561609268188,-5.847149848937988,91.70645904541016
1779120970492279064,1779120970454400088,2026-05-19T00:16:10.492+08:00,1.0700260400772095,-1.7630916833877563,0.029999971389770508,-0.19688889384269714,-5.8733134269714355,91.80388641357422
1779120970692654264,1779120970654581176,2026-05-19T00:16:10.692+08:00,1.0716331005096436,-1.7428864240646362,0.029999971389770508,-0.2927686274051666,-5.854456424713135,91.96604919433594
1779120970925218392,1779120970914232728,2026-05-19T00:16:10.925+08:00,1.076948642730713,-1.7159265279769897,0.039999961853027344,-0.4217115044593811,-5.802081108093262,92.07817077636719
1779120971125429464,1779120971119851768,2026-05-19T00:16:11.125+08:00,1.07852303981781,-1.6980218887329102,0.039999961853027344,-0.3693888187408447,-5.843388080596924,91.99310302734375
1779120971358846520,1779120971320641464,2026-05-19T00:16:11.358+08:00,1.0792838335037231,-1.6799017190933228,0.039999961853027344,-0.3155635893344879,-5.866831302642822,92.00122833251953
1779120971559002840,1779120971522680536,2026-05-19T00:16:11.559+08:00,1.080113410949707,-1.659969449043274,0.029999971389770508,-0.22350265085697174,-5.712412357330322,91.97601318359375
1779120971791639800,1779120971761508888,2026-05-19T00:16:11.791+08:00,1.0809431076049805,-1.640037178993225,0.039999961853027344,-0.08098603785037994,-5.527843475341797,91.93114471435547
1779120971991674328,1779120971988188120,2026-05-19T00:16:11.991+08:00,1.0826656818389893,-1.6164026260375977,0.039999961853027344,-0.04416383430361748,-5.460556983947754,91.84695434570312
1779120972224998232,1779120972223149272,2026-05-19T00:16:12.224+08:00,1.083423376083374,-1.5928184986114502,0.04999995231628418,-0.008585290051996708,-5.379334926605225,91.70708465576172
1779120972425473784,1779120972390051320,2026-05-19T00:16:12.425+08:00,1.0844244956970215,-1.5765953063964844,0.039999961853027344,0.029653675854206085,-5.3195953369140625,91.65678405761719
1779120972625671384,1779120972589687352,2026-05-19T00:16:12.625+08:00,1.0855563879013062,-1.556160569190979,0.039999961853027344,0.15502722561359406,-5.3720293045043945,91.62494659423828
1779120972861371832,1779120972852615992,2026-05-19T00:16:12.861+08:00,1.0799614191055298,-1.530522108078003,0.04999995231628418,0.26315462589263916,-5.547065734863281,91.63917541503906
1779120973092014616,1779120973054361688,2026-05-19T00:16:13.092+08:00,1.0768531560897827,-1.5129798650741577,0.04999995231628418,0.036354534327983856,-5.577703952789307,91.68479919433594
1779120973292181336,1779120973265640056,2026-05-19T00:16:13.292+08:00,1.079973578453064,-1.49137544631958,0.039999961853027344,-0.3326681852340698,-5.66188383102417,91.76849365234375
1779120973525511320,1779120973504433496,2026-05-19T00:16:13.525+08:00,1.084492564201355,-1.467056155204773,0.04999995231628418,-0.3113018572330475,-5.882214069366455,91.8314208984375
1779120973758719960,1779120973739398712,2026-05-19T00:16:13.758+08:00,1.088634967803955,-1.4447633028030396,0.04999995231628418,0.11229483038187027,-6.047613620758057,91.86259460449219
1779120973991897144,1779120973970678200,2026-05-19T00:16:13.991+08:00,1.0893629789352417,-1.420375943183899,0.059999942779541016,0.8991385698318481,-6.190998077392578,91.83415222167969
1779120974192610488,1779120974171336056,2026-05-19T00:16:14.192+08:00,1.0791915655136108,-1.3986475467681885,0.059999942779541016,1.3149287700653076,-6.360146999359131,91.81214141845703
1779120974425005976,1779120974411850744,2026-05-19T00:16:14.425+08:00,1.0750157833099365,-1.3728965520858765,0.04999995231628418,0.6301724314689636,-6.523428440093994,91.89409637451172
1779120974632186744,1779120974578412504,2026-05-19T00:16:14.632+08:00,1.0784964561462402,-1.3560259342193604,0.04999995231628418,-0.10705751180648804,-6.548819065093994,91.94296264648438
1779120974858900504,1779120974846791416,2026-05-19T00:16:14.858+08:00,1.0801005363464355,-1.3251914978027344,0.039999961853027344,-0.7440429329872131,-6.556783676147461,91.97809600830078
1779120975091389304,1779120975077502552,2026-05-19T00:16:15.091+08:00,1.0788919925689697,-1.3009223937988281,0.04999995231628418,-0.798216700553894,-6.57206392288208,91.99312591552734
1779120975291785496,1779120975283412408,2026-05-19T00:16:15.291+08:00,1.0778571367263794,-1.2764805555343628,0.039999961853027344,-0.5900826454162598,-6.46419620513916,92.00984954833984
1779120975525363096,1779120975518513944,2026-05-19T00:16:15.525+08:00,1.0768225193023682,-1.2520387172698975,0.04999995231628418,-0.2567618787288666,-6.222681045532227,92.02217102050781
1779120975758642040,1779120975727089496,2026-05-19T00:16:15.758+08:00,1.077728271484375,-1.2272050380706787,0.059999942779541016,-0.08936919271945953,-6.009609699249268,92.03658294677734
1779120975964276728,1779120975919550584,2026-05-19T00:16:15.964+08:00,1.0790183544158936,-1.207221269607544,0.04999995231628418,0.09870347380638123,-5.91084623336792,91.97810363769531
1779120976192039864,1779120976163961336,2026-05-19T00:16:16.192+08:00,1.0796420574188232,-1.1786655187606812,0.04999995231628418,0.42790910601615906,-5.787964820861816,91.93937683105469
1779120976424876664,1779120976392769368,2026-05-19T00:16:16.424+08:00,1.0805423259735107,-1.1530768871307373,0.04999995231628418,0.42264729738235474,-5.6933417320251465,92.10321807861328
1779120976625499800,1779120976598606296,2026-05-19T00:16:16.625+08:00,1.0842595100402832,-1.1274725198745728,0.04999995231628418,0.124358631670475,-5.7516303062438965,92.16392517089844
1779120976858707384,1779120976849526520,2026-05-19T00:16:16.858+08:00,1.0926523208618164,-1.0963801145553589,0.039999961853027344,-0.08311514556407928,-6.026492118835449,92.16703796386719
1779120977091925560,1779120977055327768,2026-05-19T00:16:17.091+08:00,1.0916941165924072,-1.0736461877822876,0.04999995231628418,0.13576769828796387,-6.153436660766602,92.14432525634766
1779120977291980216,1779120977256487096,2026-05-19T00:16:17.291+08:00,1.0887891054153442,-1.0512988567352295,0.039999961853027344,0.2769785225391388,-6.233561038970947,92.05062103271484
1779120977525193208,1779120977522522328,2026-05-19T00:16:17.525+08:00,1.0925875902175903,-1.017643690109253,0.039999961853027344,0.11223258823156357,-6.509421348571777,91.86038208007812
1779120977725999128,1779120977698781944,2026-05-19T00:16:17.725+08:00,1.0961445569992065,-0.997649610042572,0.029999971389770508,0.07563377916812897,-6.621755123138428,91.77050018310547
1779120977959701016,1779120977954008728,2026-05-19T00:16:17.959+08:00,1.0984210968017578,-0.9654487371444702,0.039999961853027344,0.29003575444221497,-6.582615852355957,91.63444519042969
1779120978191814872,1779120978159864792,2026-05-19T00:16:18.191+08:00,1.0968732833862305,-0.9430806040763855,0.029999971389770508,0.35225215554237366,-6.531036376953125,91.52316284179688
1779120978391830296,1779120978364322616,2026-05-19T00:16:18.391+08:00,1.0979125499725342,-0.9177352786064148,0.039999961853027344,0.25512948632240295,-6.461218357086182,91.43126678466797
1779120978592143928,1779120978566577144,2026-05-19T00:16:18.592+08:00,1.09959876537323,-0.894906222820282,0.039999961853027344,0.29956117272377014,-6.302237510681152,91.36539459228516
1779120978824841624,1779120978819603800,2026-05-19T00:16:18.824+08:00,1.1006149053573608,-0.86678546667099,0.039999961853027344,0.43997249007225037,-5.98614501953125,91.24443817138672
1779120979025636728,1779120979023517720,2026-05-19T00:16:19.025+08:00,1.1004643440246582,-0.8408368825912476,0.039999961853027344,0.5692194700241089,-5.81096887588501,91.15215301513672
1779120979258579288,1779120979229099640,2026-05-19T00:16:19.258+08:00,1.0980786085128784,-0.8175806999206543,0.029999971389770508,0.5723087787628174,-5.751538276672363,91.11176300048828
1779120979459122936,1779120979433631032,2026-05-19T00:16:19.459+08:00,1.0987378358840942,-0.7955871820449829,0.029999971389770508,0.3644365966320038,-5.619991302490234,91.11100769042969
1779120979692315000,1779120979662751000,2026-05-19T00:16:19.692+08:00,1.099250316619873,-0.7713446021080017,0.029999971389770508,0.17872609198093414,-5.498525142669678,91.11325073242188
1779120979893589816,1779120979883580216,2026-05-19T00:16:19.893+08:00,1.0993340015411377,-0.7449000477790833,0.029999971389770508,0.04878395423293114,-5.632308483123779,91.09483337402344
1779120980124995416,1779120980121174296,2026-05-19T00:16:20.124+08:00,1.0996794700622559,-0.7218687534332275,0.029999971389770508,0.011003891937434673,-5.80891752243042,91.03031921386719
1779120980326171832,1779120980320953752,2026-05-19T00:16:20.326+08:00,1.1001765727996826,-0.7002786993980408,0.029999971389770508,0.12948310375213623,-5.861563682556152,91.02484130859375
1779120980558940120,1779120980550175320,2026-05-19T00:16:20.558+08:00,1.0995173454284668,-0.6732304096221924,0.029999971389770508,0.26390254497528076,-5.914400577545166,91.02983093261719
1779120980791865272,1779120980754335768,2026-05-19T00:16:20.791+08:00,1.095863699913025,-0.6521905064582825,0.029999971389770508,0.32076945900917053,-6.04952335357666,91.01132202148438
1779120981024969720,1779120981019298328,2026-05-19T00:16:21.024+08:00,1.1001203060150146,-0.6246667504310608,0.029999971389770508,0.16134802997112274,-6.268890380859375,91.04816436767578
1779120981225484664,1779120981220475160,2026-05-19T00:16:21.225+08:00,1.1015040874481201,-0.6062852740287781,0.029999971389770508,0.1292763501405716,-6.342586517333984,91.06040954589844
1779120981459343000,1779120981456448952,2026-05-19T00:16:21.459+08:00,1.1018800735473633,-0.5847721695899963,0.039999961853027344,0.24844618141651154,-6.383948802947998,91.07428741455078
1779120981692232440,1779120981669497848,2026-05-19T00:16:21.692+08:00,1.098654866218567,-0.5690940618515015,0.039999961853027344,0.3040606677532196,-6.456207275390625,91.22847747802734
1779120981892244920,1779120981854255512,2026-05-19T00:16:21.892+08:00,1.0972168445587158,-0.5580409169197083,0.029999971389770508,0.08620625734329224,-6.523982048034668,91.3558578491211
1779120982124825240,1779120982100411384,2026-05-19T00:16:22.124+08:00,1.0987478494644165,-0.5459251403808594,0.039999961853027344,-0.20757848024368286,-6.528690814971924,91.37313079833984
1779120982325423768,1779120982296311128,2026-05-19T00:16:22.325+08:00,1.0996546745300293,-0.5377861261367798,0.039999961853027344,-0.13330908119678497,-6.480009078979492,91.31803131103516
1779120982558880664,1779120982528234072,2026-05-19T00:16:22.558+08:00,1.099578619003296,-0.5308852791786194,0.039999961853027344,0.20478548109531403,-6.433908462524414,91.29457092285156
1779120982791838296,1779120982773296248,2026-05-19T00:16:22.791+08:00,1.0983903408050537,-0.5265476107597351,0.039999961853027344,0.428303986787796,-6.361191749572754,91.32572937011719
1779120982992162712,1779120982955506936,2026-05-19T00:16:22.992+08:00,1.0981898307800293,-0.524591326713562,0.04999995231628418,0.2976394593715668,-6.314621448516846,91.28440856933594
1779120983225526296,1779120983197721176,2026-05-19T00:16:23.225+08:00,1.0997071266174316,-0.5231279134750366,0.04999995231628418,0.009409359656274319,-6.286165237426758,91.2285385131836
1779120983425544856,1779120983398398360,2026-05-19T00:16:23.425+08:00,1.100264310836792,-0.5235687494277954,0.04999995231628418,-0.02323009818792343,-6.281689167022705,91.17511749267578
1779120983658533208,1779120983636441432,2026-05-19T00:16:23.658+08:00,1.0986963510513306,-0.5252045392990112,0.059999942779541016,-0.02751542069017887,-6.295225143432617,91.16265869140625
1779120983892387128,1779120983887481848,2026-05-19T00:16:23.892+08:00,1.097943902015686,-0.5284656286239624,0.04999995231628418,-0.13129697740077972,-6.246294975280762,91.1781997680664
1779120984125185816,1779120984117381208,2026-05-19T00:16:24.125+08:00,1.0995750427246094,-0.5321723222732544,0.059999942779541016,-0.13171830773353577,-6.15052604675293,91.14387512207031
1779120984326945176,1779120984317561784,2026-05-19T00:16:24.326+08:00,1.100461721420288,-0.5366165637969971,0.059999942779541016,0.029902834445238113,-6.147680282592773,91.07928466796875
1779120984558318328,1779120984551342264,2026-05-19T00:16:24.558+08:00,1.0986496210098267,-0.5431979894638062,0.059999942779541016,0.21001793444156647,-6.176848888397217,91.072265625
1779120984759427288,1779120984757289336,2026-05-19T00:16:24.759+08:00,1.098527193069458,-0.5484110713005066,0.06999993324279785,0.13202287256717682,-6.135281562805176,91.09143829345703
1779120984991791288,1779120984989883736,2026-05-19T00:16:24.991+08:00,1.100624442100525,-0.55392986536026,0.06999993324279785,0.10139233618974686,-6.071069240570068,91.06287384033203
1779120985192002104,1779120985188963128,2026-05-19T00:16:25.192+08:00,1.1017076969146729,-0.5582139492034912,0.06999993324279785,0.21601319313049316,-6.0510687828063965,91.02398681640625
1779120985392056056,1779120985387367640,2026-05-19T00:16:25.392+08:00,1.1009297370910645,-0.5631477236747742,0.06999993324279785,0.41083821654319763,-6.064522743225098,90.99262237548828
1779120985625129816,1779120985623293240,2026-05-19T00:16:25.625+08:00,1.0992255210876465,-0.5682685375213623,0.06999993324279785,0.5345514416694641,-6.075379371643066,91.07813262939453
1779120985825526424,1779120985814530968,2026-05-19T00:16:25.825+08:00,1.0994491577148438,-0.5706146359443665,0.06999993324279785,0.5656920075416565,-6.1091084480285645,91.18254089355469
1779120986059011288,1779120986053828216,2026-05-19T00:16:26.059+08:00,1.099822998046875,-0.5738006234169006,0.06999993324279785,0.571323573589325,-6.208714008331299,91.22322082519531
1779120986291992920,1779120986287393784,2026-05-19T00:16:26.291+08:00,1.0995725393295288,-0.5774096250534058,0.06999993324279785,0.575777530670166,-6.3058600425720215,91.25984191894531
1779120986492549176,1779120986487519736,2026-05-19T00:16:26.492+08:00,1.099530577659607,-0.5802618861198425,0.06999993324279785,0.5581192374229431,-6.4028801918029785,91.25959014892578
1779120986724960344,1779120986720646040,2026-05-19T00:16:26.724+08:00,1.0999958515167236,-0.5830783247947693,0.06999993324279785,0.4502559304237366,-6.472855091094971,91.21871185302734
1779120986926097016,1779120986918564024,2026-05-19T00:16:26.926+08:00,1.100166916847229,-0.5852198004722595,0.06999993324279785,0.4233844578266144,-6.465709209442139,91.15763854980469
1779120987159076792,1779120987157388568,2026-05-19T00:16:27.159+08:00,1.1000639200210571,-0.5879266858100891,0.07999992370605469,0.4438493251800537,-6.448346138000488,91.06871795654297
1779120987391862808,1779120987358494776,2026-05-19T00:16:27.391+08:00,1.1001039743423462,-0.5902254581451416,0.06999993324279785,0.462585985660553,-6.395556449890137,91.00969696044922
1779120987591993112,1779120987564235640,2026-05-19T00:16:27.591+08:00,1.1001173257827759,-0.5921123623847961,0.06999993324279785,0.5614045858383179,-6.32294225692749,90.96759796142578
1779120987826324984,1779120987819335576,2026-05-19T00:16:27.826+08:00,1.0999995470046997,-0.5934091806411743,0.06999993324279785,0.6344844698905945,-6.205589771270752,90.93089294433594
1779120988058039768,1779120988026890712,2026-05-19T00:16:28.058+08:00,1.0996779203414917,-0.5942991375923157,0.06999993324279785,0.6448617577552795,-6.050590991973877,90.89826965332031
1779120988258976760,1779120988240222616,2026-05-19T00:16:28.258+08:00,1.0996910333633423,-0.5955448746681213,0.06999993324279785,0.6081470251083374,-5.986135959625244,90.861328125
1779120988459224856,1779120988439855352,2026-05-19T00:16:28.459+08:00,1.0999971628189087,-0.5971458554267883,0.06999993324279785,0.5171624422073364,-5.998898506164551,90.82792663574219
1779120988692546904,1779120988670391576,2026-05-19T00:16:28.692+08:00,1.100480318069458,-0.5979751348495483,0.06999993324279785,0.44115906953811646,-6.002839088439941,90.75532531738281
1779120988925336152,1779120988895956280,2026-05-19T00:16:28.925+08:00,1.1009082794189453,-0.5975647568702698,0.059999942779541016,0.41308996081352234,-5.998776912689209,90.74026489257812
1779120989158904696,1779120989131141240,2026-05-19T00:16:29.158+08:00,1.1011910438537598,-0.5975845456123352,0.059999942779541016,0.470181405544281,-6.065949440002441,90.73092651367188
1779120989391749752,1779120989370081624,2026-05-19T00:16:29.391+08:00,1.1006006002426147,-0.5985373854637146,0.06999993324279785,0.602759599685669,-6.172391891479492,90.73075103759766
1779120989591898872,1779120989569304024,2026-05-19T00:16:29.591+08:00,1.100023627281189,-0.5991962552070618,0.059999942779541016,0.6188594102859497,-6.255954742431641,90.73612976074219
1779120989825275672,1779120989823331992,2026-05-19T00:16:29.825+08:00,1.0998646020889282,-0.5997423529624939,0.059999942779541016,0.5694199800491333,-6.303689002990723,90.7354507446289
1779120990026893016,1779120990024965560,2026-05-19T00:16:30.026+08:00,1.0997655391693115,-0.5996708869934082,0.059999942779541016,0.46286827325820923,-6.296840190887451,90.70802307128906
1779120990227564632,1779120990224506360,2026-05-19T00:16:30.227+08:00,1.099798321723938,-0.599305272102356,0.04999995231628418,0.3644479215145111,-6.306251049041748,90.62818908691406
1779120990458276888,1779120990456336600,2026-05-19T00:16:30.458+08:00,1.1000025272369385,-0.598337709903717,0.04999995231628418,0.3068546652793884,-6.311141490936279,90.58709716796875
1779120990659267096,1779120990624233016,2026-05-19T00:16:30.659+08:00,1.0999879837036133,-0.5977871417999268,0.04999995231628418,0.25540006160736084,-6.311871528625488,90.60757446289062
1779120990892282744,1779120990886741336,2026-05-19T00:16:30.892+08:00,1.0999493598937988,-0.5963075160980225,0.039999961853027344,0.26991987228393555,-6.264174461364746,90.52957153320312
1779120991092468120,1779120991088134712,2026-05-19T00:16:31.092+08:00,1.1003000736236572,-0.5945351719856262,0.04999995231628418,0.35870829224586487,-6.154127597808838,90.5564956665039
1779120991324897752,1779120991290234072,2026-05-19T00:16:31.324+08:00,1.1003156900405884,-0.5941066741943359,0.04999995231628418,0.42229193449020386,-6.087782382965088,90.68031311035156
1779120991524900376,1779120991493673976,2026-05-19T00:16:31.524+08:00,1.099921464920044,-0.5936493277549744,0.04999995231628418,0.45338672399520874,-6.105894088745117,90.68437957763672
1779120991725411064,1779120991693796888,2026-05-19T00:16:31.725+08:00,1.0997227430343628,-0.5935170650482178,0.059999942779541016,0.499979704618454,-6.1351423263549805,90.57467651367188
1779120991926076312,1779120991920505304,2026-05-19T00:16:31.926+08:00,1.0991261005401611,-0.5927278995513916,0.04999995231628418,0.5156848430633545,-6.168763160705566,90.57494354248047
1779120992159434456,1779120992120908984,2026-05-19T00:16:32.159+08:00,1.098387360572815,-0.5913228988647461,0.04999995231628418,0.4732441306114197,-6.167091369628906,90.71421813964844
1779120992359867480,1779120992326503480,2026-05-19T00:16:32.359+08:00,1.0973886251449585,-0.5898687243461609,0.04999995231628418,0.3686113953590393,-6.187283039093018,90.80745697021484
1779120992592002808,1779120992563849208,2026-05-19T00:16:32.592+08:00,1.0985124111175537,-0.5900188088417053,0.04999995231628418,0.09012705087661743,-6.317705154418945,91.37846374511719
1779120992824898008,1779120992817886168,2026-05-19T00:16:32.824+08:00,1.0976316928863525,-0.5961910486221313,0.029999971389770508,-0.6908008456230164,-6.11698579788208,96.85877227783203
1779120993025508408,1779120992983316568,2026-05-19T00:16:33.025+08:00,1.0893175601959229,-0.603138267993927,0.019999980926513672,-1.8592983484268188,-5.786484718322754,105.17676544189453
1779120993225577144,1779120993223060216,2026-05-19T00:16:33.225+08:00,1.0814733505249023,-0.6113895773887634,0.009999990463256836,-3.5699613094329834,-5.333635330200195,118.66107177734375
1779120993426139384,1779120993423599256,2026-05-19T00:16:33.426+08:00,1.0778316259384155,-0.6186425685882568,0.019999980926513672,-4.522642612457275,-4.81827974319458,130.55726623535156
1779120993627255640,1779120993621177336,2026-05-19T00:16:33.627+08:00,1.0746105909347534,-0.6251994371414185,0.019999980926513672,-4.896644115447998,-4.348239421844482,141.19313049316406
1779120993858383928,1779120993848106680,2026-05-19T00:16:33.858+08:00,1.0809478759765625,-0.6321277618408203,0.019999980926513672,-4.90334415435791,-3.6654999256134033,155.353759765625
1779120994059584632,1779120994052656728,2026-05-19T00:16:34.059+08:00,1.0874412059783936,-0.6374254822731018,0.029999971389770508,-4.553900241851807,-3.046302318572998,167.3434295654297
1779120994291735448,1779120994288014616,2026-05-19T00:16:34.291+08:00,1.0954798460006714,-0.6387102007865906,0.029999971389770508,-4.028322696685791,-2.3497607707977295,-178.10247802734375
1779120994492227640,1779120994454726936,2026-05-19T00:16:34.492+08:00,1.1009138822555542,-0.6371191740036011,0.029999971389770508,-3.755361318588257,-2.00465989112854,-168.3346710205078
1779120994725207736,1779120994696669464,2026-05-19T00:16:34.725+08:00,1.1098923683166504,-0.6314159631729126,0.039999961853027344,-3.729321241378784,-1.8064924478530884,-153.69725036621094
1779120994958398072,1779120994956542520,2026-05-19T00:16:34.958+08:00,1.1147149801254272,-0.6196146011352539,0.029999971389770508,-3.8618974685668945,-1.8867428302764893,-139.16883850097656
1779120995161171704,1779120995156190712,2026-05-19T00:16:35.161+08:00,1.1145836114883423,-0.6098660230636597,0.039999961853027344,-3.6559197902679443,-2.0425050258636475,-129.35858154296875
1779120995391797560,1779120995360246808,2026-05-19T00:16:35.391+08:00,1.1128836870193481,-0.6010282039642334,0.04999995231628418,-3.004824638366699,-2.3256924152374268,-120.91472625732422
1779120995591938648,1779120995560551576,2026-05-19T00:16:35.591+08:00,1.111085057258606,-0.5928671956062317,0.059999942779541016,-1.910565972328186,-2.711634397506714,-113.88673400878906
1779120995792018424,1779120995766259320,2026-05-19T00:16:35.792+08:00,1.1094496250152588,-0.5868895053863525,0.059999942779541016,-0.5739589929580688,-3.1278812885284424,-107.65142059326172
1779120996025391992,1779120995987510584,2026-05-19T00:16:36.025+08:00,1.107957124710083,-0.5828729271888733,0.06999993324279785,0.4349713623523712,-3.4478719234466553,-102.73849487304688
1779120996225565912,1779120996188825752,2026-05-19T00:16:36.225+08:00,1.1061879396438599,-0.5798489451408386,0.06999993324279785,0.9331161379814148,-3.698211431503296,-99.18401336669922
1779120996458425880,1779120996455050808,2026-05-19T00:16:36.458+08:00,1.103851556777954,-0.5764484405517578,0.06999993324279785,1.1189976930618286,-3.8475735187530518,-95.75957489013672
1779120996659542840,1779120996630369208,2026-05-19T00:16:36.659+08:00,1.102886438369751,-0.5753995776176453,0.059999942779541016,1.0232635736465454,-3.7079014778137207,-93.99126434326172
1779120996891841944,1779120996879175896,2026-05-19T00:16:36.891+08:00,1.1010359525680542,-0.5748468041419983,0.059999942779541016,0.8335508704185486,-3.3715875148773193,-92.30431365966797
1779120997125189240,1779120997118077720,2026-05-19T00:16:37.125+08:00,1.1032359600067139,-0.576947808265686,0.06999993324279785,-0.00834608543664217,-3.971517562866211,-94.59794616699219
1779120997326194136,1779120997323450776,2026-05-19T00:16:37.326+08:00,1.116088628768921,-0.5819653868675232,0.059999942779541016,-4.445978164672852,-6.76706600189209,-105.07245635986328
1779120997529491320,1779120997519710808,2026-05-19T00:16:37.529+08:00,1.1272412538528442,-0.5880680084228516,0.06999993324279785,-12.381142616271973,-15.648246765136719,-130.4931640625
1779120997758403128,1779120997756617240,2026-05-19T00:16:37.758+08:00,1.1440744400024414,-0.5998035073280334,0.059999942779541016,4.483694076538086,-45.12357711791992,123.51568603515625
1779120997958775096,1779120997947016152,2026-05-19T00:16:37.958+08:00,1.1645839214324951,-0.6058380603790283,0.059999942779541016,28.118358612060547,-18.469675064086914,9.22102165222168
1779120998192044984,1779120998181013112,2026-05-19T00:16:38.192+08:00,1.1840490102767944,-0.6117332577705383,0.06999993324279785,11.872061729431152,-4.355891227722168,-39.916805267333984
1779120998425126936,1779120998414974488,2026-05-19T00:16:38.425+08:00,1.2048357725143433,-0.6128502488136292,0.059999942779541016,3.3947079181671143,-3.459843635559082,-49.82465362548828
1779120998625629176,1779120998621329624,2026-05-19T00:16:38.625+08:00,1.2280235290527344,-0.6088083982467651,0.059999942779541016,1.3561259508132935,-3.524460792541504,-44.93278884887695
1779120998827323320,1779120998822085432,2026-05-19T00:16:38.827+08:00,1.2490341663360596,-0.5992999076843262,0.059999942779541016,1.2304540872573853,-3.5375640392303467,-36.12471389770508
1779120999058482648,1779120999054498712,2026-05-19T00:16:39.058+08:00,1.2716684341430664,-0.587169885635376,0.059999942779541016,2.199308395385742,-3.7227718830108643,-25.320768356323242
1779120999258987864,1779120999257103736,2026-05-19T00:16:39.258+08:00,1.2923150062561035,-0.577466607093811,0.04999995231628418,2.995466947555542,-4.04416561126709,-17.72086524963379
1779120999492315064,1779120999466109048,2026-05-19T00:16:39.492+08:00,1.3162446022033691,-0.5734484195709229,0.04999995231628418,3.1793534755706787,-4.383518695831299,-10.666337966918945
1779120999724784056,1779120999697995864,2026-05-19T00:16:39.724+08:00,1.3383580446243286,-0.5774818658828735,0.039999961853027344,2.4076998233795166,-4.6432952880859375,-4.798822402954102
1779120999925224920,1779120999921533176,2026-05-19T00:16:39.925+08:00,1.360126256942749,-0.5880417823791504,0.019999980926513672,0.9864768385887146,-4.7774858474731445,-0.0457690991461277
1779121000158681656,1779121000122878008,2026-05-19T00:16:40.158+08:00,1.3836567401885986,-0.601334273815155,0.0,-0.43948423862457275,-4.593166828155518,3.7468369007110596
1779121000359044440,1779121000330944120,2026-05-19T00:16:40.359+08:00,1.4099535942077637,-0.6168959736824036,0.0,-1.364869236946106,-4.262664318084717,6.393487453460693
1779121000592042520,1779121000566376568,2026-05-19T00:16:40.592+08:00,1.4426937103271484,-0.6368719339370728,-0.009999990463256836,-1.7939177751541138,-3.9397311210632324,8.741767883300781
1779121000824944632,1779121000819072504,2026-05-19T00:16:40.824+08:00,1.4786722660064697,-0.6643203496932983,0.0,-1.7297346591949463,-3.9643635749816895,10.44013500213623
1779121001025338008,1779121001017151000,2026-05-19T00:16:41.025+08:00,1.5120995044708252,-0.6896668672561646,-0.009999990463256836,-1.4038136005401611,-4.351223945617676,11.50718879699707
1779121001225698968,1779121001217087288,2026-05-19T00:16:41.225+08:00,1.545386552810669,-0.715438723564148,-0.009999990463256836,-0.9418030381202698,-4.8294291496276855,12.300966262817383
1779121001426645720,1779121001417270584,2026-05-19T00:16:41.426+08:00,1.5800899267196655,-0.7430848479270935,0.0,-0.591336190700531,-5.376382827758789,12.927608489990234
1779121001658524568,1779121001655313208,2026-05-19T00:16:41.658+08:00,1.6192742586135864,-0.7737647294998169,0.009999990463256836,-0.3378159701824188,-6.189870357513428,13.550651550292969
1779121001891871512,1779121001883624184,2026-05-19T00:16:41.891+08:00,1.6643462181091309,-0.8084476590156555,0.019999980926513672,-0.26139315962791443,-6.966446399688721,14.045846939086914
1779121002092162264,1779121002054044536,2026-05-19T00:16:42.092+08:00,1.695117473602295,-0.8314617872238159,0.009999990463256836,-0.3204335570335388,-7.45443868637085,14.311206817626953
1779121002292362072,1779121002262205432,2026-05-19T00:16:42.292+08:00,1.7311360836029053,-0.859634280204773,0.0,-0.4511324465274811,-8.01386547088623,14.62177562713623
1779121002526320728,1779121002499841400,2026-05-19T00:16:42.526+08:00,1.7765239477157593,-0.8927584886550903,0.009999990463256836,-0.555519700050354,-8.64320182800293,14.964889526367188
1779121002758161400,1779121002726381880,2026-05-19T00:16:42.758+08:00,1.8238489627838135,-0.9275219440460205,0.019999980926513672,-0.7213778495788574,-9.136214256286621,15.25961971282959
1779121002958485240,1779121002947826008,2026-05-19T00:16:42.958+08:00,1.8631762266159058,-0.9588619470596313,0.029999971389770508,-0.6085250973701477,-9.36088752746582,15.47264575958252
1779121003191770040,1779121003184314072,2026-05-19T00:16:43.191+08:00,1.909553050994873,-0.9925123453140259,0.029999971389770508,-0.14546984434127808,-9.430560111999512,15.757116317749023
1779121003425139384,1779121003415817720,2026-05-19T00:16:43.425+08:00,1.9540903568267822,-1.0201719999313354,0.029999971389770508,0.3467406928539276,-9.393904685974121,16.066736221313477
1779121003658094200,1779121003648803576,2026-05-19T00:16:43.658+08:00,2.003385066986084,-1.0544259548187256,0.039999961853027344,1.1024725437164307,-9.105814933776855,16.2312068939209
1779121003891850584,1779121003887365976,2026-05-19T00:16:43.891+08:00,2.0527546405792236,-1.0817747116088867,0.04999995231628418,2.4562947750091553,-8.476966857910156,16.161163330078125
1779121004092881144,1779121004090096312,2026-05-19T00:16:44.092+08:00,2.092466115951538,-1.097419261932373,0.04999995231628418,3.9138643741607666,-7.62065315246582,16.160869598388672
1779121004293115608,1779121004255862328,2026-05-19T00:16:44.293+08:00,2.1229703426361084,-1.1026555299758911,0.059999942779541016,5.050037384033203,-6.741485595703125,16.18549919128418
1779121004525637368,1779121004495652664,2026-05-19T00:16:44.525+08:00,2.166975498199463,-1.1097415685653687,0.059999942779541016,6.267909049987793,-5.323615074157715,15.959405899047852
1779121004758437880,1779121004726757848,2026-05-19T00:16:44.758+08:00,2.2078940868377686,-1.1114072799682617,0.04999995231628418,6.622550010681152,-4.012129306793213,15.86181640625
1779121004991701880,1779121004983024760,2026-05-19T00:16:44.991+08:00,2.2505719661712646,-1.1096433401107788,0.039999961853027344,5.893345355987549,-2.703861951828003,15.842083930969238
1779121005225308632,1779121005188581784,2026-05-19T00:16:45.225+08:00,2.2852413654327393,-1.1101430654525757,0.029999971389770508,4.839059352874756,-1.9144539833068848,15.808964729309082
1779121005425661496,1779121005388277496,2026-05-19T00:16:45.425+08:00,2.3195371627807617,-1.1105761528015137,0.029999971389770508,3.9512929916381836,-1.5220285654067993,15.740628242492676
1779121005658437432,1779121005629536824,2026-05-19T00:16:45.658+08:00,2.3592782020568848,-1.1074891090393066,0.019999980926513672,3.1414999961853027,-1.5335763692855835,15.561978340148926
1779121005859070072,1779121005844790328,2026-05-19T00:16:45.859+08:00,2.3962135314941406,-1.103811264038086,0.009999990463256836,2.5789172649383545,-1.8705787658691406,15.331603050231934
1779121006092818712,1779121006079969880,2026-05-19T00:16:46.092+08:00,2.432358980178833,-1.102432131767273,0.0,2.2153961658477783,-2.396653652191162,15.098344802856445
1779121006293374232,1779121006280369592,2026-05-19T00:16:46.293+08:00,2.4651942253112793,-1.1013212203979492,0.0,2.1045515537261963,-2.9529621601104736,14.906041145324707
1779121006524906360,1779121006520110776,2026-05-19T00:16:46.524+08:00,2.507297992706299,-1.099552869796753,-0.009999990463256836,2.1080374717712402,-3.508681297302246,14.702125549316406
1779121006758271640,1779121006753236312,2026-05-19T00:16:46.758+08:00,2.5511281490325928,-1.0973427295684814,0.0,2.107393980026245,-3.797239303588867,14.526958465576172
1779121006959115064,1779121006947626040,2026-05-19T00:16:46.959+08:00,2.589193105697632,-1.0962574481964111,0.0,2.168391227722168,-3.864471197128296,14.4175386428833
1779121007159131992,1779121007147841624,2026-05-19T00:16:47.159+08:00,2.626987934112549,-1.0972023010253906,0.0,2.1777613162994385,-3.856041669845581,14.337264060974121
1779121007391945432,1779121007387450936,2026-05-19T00:16:47.391+08:00,2.671689748764038,-1.095633625984192,-0.009999990463256836,2.0885562896728516,-3.8844194412231445,14.249058723449707
1779121007592057496,1779121007589739480,2026-05-19T00:16:47.592+08:00,2.7099788188934326,-1.0960454940795898,-0.009999990463256836,2.021265983581543,-3.9211502075195312,14.203474044799805
1779121007792276952,1779121007756886392,2026-05-19T00:16:47.792+08:00,2.74127459526062,-1.095622181892395,0.0,1.9699535369873047,-3.8744935989379883,14.15804672241211
1779121008025276792,1779121007992238840,2026-05-19T00:16:48.025+08:00,2.788583517074585,-1.0943909883499146,-0.009999990463256836,1.798543930053711,-3.7526323795318604,14.13320541381836
1779121008225539256,1779121008197889432,2026-05-19T00:16:48.225+08:00,2.828267812728882,-1.0930110216140747,-0.009999990463256836,1.666286587715149,-3.730849504470825,14.142166137695312
1779121008458094552,1779121008429561368,2026-05-19T00:16:48.458+08:00,2.8731424808502197,-1.0923476219177246,0.0,1.606634497642517,-3.769270658493042,14.154303550720215
1779121008658659736,1779121008637546328,2026-05-19T00:16:48.658+08:00,2.909480333328247,-1.092570424079895,-0.009999990463256836,1.6485345363616943,-3.799297332763672,14.142643928527832
1779121008858795064,1779121008849022328,2026-05-19T00:16:48.858+08:00,2.9565839767456055,-1.0938853025436401,-0.009999990463256836,1.8230094909667969,-3.8464653491973877,14.151817321777344
1779121009091817560,1779121009066932664,2026-05-19T00:16:49.091+08:00,3.0039570331573486,-1.095241904258728,-0.009999990463256836,1.9845787286758423,-3.8506503105163574,14.142023086547852
1779121009292631640,1779121009266899576,2026-05-19T00:16:49.292+08:00,3.044283151626587,-1.0941784381866455,0.0,2.0011041164398193,-3.8057868480682373,14.138928413391113
1779121009524888504,1779121009500124504,2026-05-19T00:16:49.524+08:00,3.0870895385742188,-1.091690182685852,0.0,1.984717845916748,-3.790757894515991,14.148545265197754
1779121009725414712,1779121009707161336,2026-05-19T00:16:49.725+08:00,3.1275575160980225,-1.090170979499817,-0.009999990463256836,1.8687613010406494,-3.8199267387390137,14.154631614685059
1779121009925862296,1779121009921363576,2026-05-19T00:16:49.925+08:00,3.1674535274505615,-1.0908361673355103,0.0,1.678574562072754,-3.8168070316314697,14.171748161315918
1779121010158322616,1779121010155885336,2026-05-19T00:16:50.158+08:00,3.21684193611145,-1.0931634902954102,0.009999990463256836,1.6297098398208618,-3.7738420963287354,14.191999435424805
1779121010359410872,1779121010357764408,2026-05-19T00:16:50.359+08:00,3.2595131397247314,-1.0950785875320435,0.0,1.7095013856887817,-3.7387938499450684,14.200502395629883
1779121010592054392,1779121010563796280,2026-05-19T00:16:50.592+08:00,3.305206298828125,-1.0961863994598389,0.009999990463256836,2.0084824562072754,-3.6818103790283203,14.199396133422852
1779121010825135800,1779121010818800056,2026-05-19T00:16:50.825+08:00,3.3547699451446533,-1.0930277109146118,0.009999990463256836,2.242792844772339,-3.611487627029419,14.179076194763184
1779121011025874904,1779121010987522648,2026-05-19T00:16:51.025+08:00,3.39148211479187,-1.0931514501571655,0.0,2.210643768310547,-3.5392043590545654,14.160075187683105
1779121011258916152,1779121011231800728,2026-05-19T00:16:51.258+08:00,3.439408540725708,-1.09273362159729,0.0,2.1749043464660645,-3.425177574157715,14.161358833312988
1779121011492294680,1779121011465632376,2026-05-19T00:16:51.492+08:00,3.4904518127441406,-1.0939228534698486,0.0,2.1637325286865234,-3.4174044132232666,14.175224304199219
1779121011692422168,1779121011671150136,2026-05-19T00:16:51.692+08:00,3.530832529067993,-1.0963464975357056,0.0,2.2532687187194824,-3.4384829998016357,14.201725006103516
1779121011925163736,1779121011918751576,2026-05-19T00:16:51.925+08:00,3.5784428119659424,-1.0941264629364014,0.009999990463256836,2.352097272872925,-3.340144634246826,14.204150199890137
1779121012158830616,1779121012130702328,2026-05-19T00:16:52.158+08:00,3.6255476474761963,-1.093137502670288,0.0,2.2166268825531006,-3.2970292568206787,14.242877006530762
1779121012391572664,1779121012366890616,2026-05-19T00:16:52.391+08:00,3.675506591796875,-1.093347430229187,0.0,2.038984775543213,-3.367820978164673,14.238430976867676
1779121012591899288,1779121012567083992,2026-05-19T00:16:52.591+08:00,3.715667247772217,-1.0936509370803833,0.0,1.9791314601898193,-3.348733425140381,14.19107723236084
1779121012796115352,1779121012773533496,2026-05-19T00:16:52.796+08:00,3.7573163509368896,-1.094117522239685,0.0,1.989778995513916,-3.2420883178710938,14.133512496948242
1779121013025466680,1779121013000045912,2026-05-19T00:16:53.025+08:00,3.8036320209503174,-1.0936379432678223,0.0,2.0278186798095703,-3.208740472793579,14.08271598815918
1779121013225779992,1779121013198857144,2026-05-19T00:16:53.225+08:00,3.842971086502075,-1.0943338871002197,0.0,1.9840301275253296,-3.2900989055633545,14.07036018371582
1779121013425894104,1779121013402106648,2026-05-19T00:16:53.425+08:00,3.885376214981079,-1.094215750694275,0.0,1.9374363422393799,-3.3439693450927734,14.102052688598633
1779121013658427640,1779121013637966552,2026-05-19T00:16:53.658+08:00,3.9373130798339844,-1.0959599018096924,0.0,1.9345945119857788,-3.2477142810821533,14.068495750427246
1779121013892151544,1779121013854431544,2026-05-19T00:16:53.892+08:00,3.9824464321136475,-1.0956974029541016,0.009999990463256836,1.9620856046676636,-3.1555943489074707,13.988945007324219
1779121014124794712,1779121014094570776,2026-05-19T00:16:54.124+08:00,4.032249927520752,-1.094717025756836,0.0,1.9719682931900024,-3.1207773685455322,14.011695861816406
1779121014325191704,1779121014296668344,2026-05-19T00:16:54.325+08:00,4.074213981628418,-1.0959315299987793,0.0,1.9194597005844116,-3.107851982116699,14.058011054992676
1779121014525436792,1779121014502486104,2026-05-19T00:16:54.525+08:00,4.119192123413086,-1.0972539186477661,0.0,1.95784592628479,-3.069852828979492,14.048503875732422
1779121014760417432,1779121014733210232,2026-05-19T00:16:54.760+08:00,4.164401054382324,-1.0966322422027588,0.0,2.114182233810425,-2.9843664169311523,14.046216011047363
1779121014994424280,1779121014984534648,2026-05-19T00:16:54.994+08:00,4.220323085784912,-1.096057653427124,0.0,2.3192965984344482,-2.883765935897827,13.999551773071289
1779121015225146488,1779121015218859800,2026-05-19T00:16:55.225+08:00,4.265167236328125,-1.0940577983856201,0.0,2.237471580505371,-2.8978383541107178,13.972723007202148
1779121015425314072,1779121015419757176,2026-05-19T00:16:55.425+08:00,4.30620813369751,-1.0941306352615356,-0.009999990463256836,2.0767340660095215,-2.9666454792022705,14.078317642211914
1779121015658556280,1779121015652908024,2026-05-19T00:16:55.658+08:00,4.356153964996338,-1.094527006149292,-0.009999990463256836,2.0038974285125732,-2.9942188262939453,14.080619812011719
1779121015892250584,1779121015879936024,2026-05-19T00:16:55.892+08:00,4.4041361808776855,-1.093856692314148,0.0,1.9655574560165405,-2.952345132827759,14.059602737426758
1779121016124777848,1779121016112800440,2026-05-19T00:16:56.124+08:00,4.454513072967529,-1.0935150384902954,0.0,1.9524953365325928,-2.931997060775757,14.050545692443848
1779121016325746424,1779121016285833496,2026-05-19T00:16:56.325+08:00,4.492407321929932,-1.0924407243728638,-0.009999990463256836,1.950028657913208,-2.9760427474975586,14.040580749511719
1779121016559033144,1779121016527499960,2026-05-19T00:16:56.559+08:00,4.5440874099731445,-1.094606876373291,-0.009999990463256836,1.9554054737091064,-3.0980420112609863,13.983077049255371
1779121016759228888,1779121016728312792,2026-05-19T00:16:56.759+08:00,4.583343505859375,-1.0938862562179565,-0.009999990463256836,2.199098587036133,-3.13452410697937,13.39277172088623
1779121016992104312,1779121016983574776,2026-05-19T00:16:56.992+08:00,4.623648643493652,-1.0870031118392944,0.009999990463256836,3.043146848678589,-3.175316333770752,11.275494575500488
1779121017225313656,1779121017216679000,2026-05-19T00:16:57.225+08:00,4.6414971351623535,-1.0786302089691162,0.009999990463256836,3.5457887649536133,-3.3575632572174072,9.358294486999512
1779121017458571416,1779121017446667800,2026-05-19T00:16:57.458+08:00,4.654226303100586,-1.0778254270553589,-0.009999990463256836,3.2998147010803223,-3.4371776580810547,7.407811641693115
1779121017691914872,1779121017683211480,2026-05-19T00:16:57.691+08:00,4.660170078277588,-1.080613374710083,-0.009999990463256836,2.5754289627075195,-3.318355083465576,5.602319240570068
1779121017892343192,1779121017859425912,2026-05-19T00:16:57.892+08:00,4.660395622253418,-1.0825889110565186,-0.009999990463256836,1.7965030670166016,-3.247673273086548,4.537390232086182
1779121018092839832,1779121018056412440,2026-05-19T00:16:58.092+08:00,4.6572957038879395,-1.0865644216537476,-0.020000040531158447,0.9152272343635559,-3.20512056350708,3.372180461883545
1779121018296788056,1779121018264869400,2026-05-19T00:16:58.296+08:00,4.649873733520508,-1.0930083990097046,-0.030000030994415283,0.5971982479095459,-3.194354295730591,2.307661294937134
1779121018525534776,1779121018498593080,2026-05-19T00:16:58.525+08:00,4.639991760253906,-1.099542260169983,-0.009999990463256836,0.8750783801078796,-3.094621419906616,1.4583204984664917
1779121018759016376,1779121018735873784,2026-05-19T00:16:58.759+08:00,4.626406192779541,-1.104928731918335,-0.009999990463256836,1.567702293395996,-2.7624123096466064,0.7282552719116211
1779121018991340888,1779121018989100856,2026-05-19T00:16:58.991+08:00,4.608829021453857,-1.1091487407684326,-0.009999990463256836,2.2060019969940186,-2.3875679969787598,0.12420699000358582
1779121019191835448,1779121019158796184,2026-05-19T00:16:59.191+08:00,4.597656726837158,-1.1118139028549194,-0.009999990463256836,2.2914042472839355,-2.233804702758789,-0.13277888298034668
1779121019425469336,1779121019398310296,2026-05-19T00:16:59.425+08:00,4.577681541442871,-1.1160069704055786,0.0,2.154792070388794,-2.0138823986053467,-0.3421514928340912
1779121019658726584,1779121019633360696,2026-05-19T00:16:59.658+08:00,4.555843353271484,-1.1184476613998413,0.0,1.885029911994934,-1.6917221546173096,-0.4685714542865753
1779121019892101080,1779121019883709080,2026-05-19T00:16:59.892+08:00,4.531037330627441,-1.1200851202011108,-0.009999990463256836,1.6831812858581543,-1.3624097108840942,-0.5440313816070557
1779121020092743032,1779121020079621912,2026-05-19T00:17:00.092+08:00,4.508887767791748,-1.1202569007873535,-0.020000040531158447,1.6111767292022705,-1.2361317873001099,-0.594110369682312
1779121020326280728,1779121020316775512,2026-05-19T00:17:00.326+08:00,4.480937480926514,-1.1201426982879639,-0.009999990463256836,1.5864120721817017,-1.2358237504959106,-0.6092392206192017
1779121020558352984,1779121020552826904,2026-05-19T00:17:00.558+08:00,4.450758457183838,-1.12034273147583,-0.009999990463256836,1.5809199810028076,-1.2618424892425537,-0.6378030776977539
1779121020758920600,1779121020753652408,2026-05-19T00:17:00.758+08:00,4.4279255867004395,-1.1197320222854614,-0.020000040531158447,1.6638094186782837,-1.149258017539978,-0.6504321098327637
1779121020991995480,1779121020980826008,2026-05-19T00:17:00.991+08:00,4.402809143066406,-1.1190613508224487,-0.009999990463256836,1.6529361009597778,-0.9548947811126709,-0.6663532257080078
1779121021225133944,1779121021217798840,2026-05-19T00:17:01.225+08:00,4.375410079956055,-1.1183298826217651,-0.020000040531158447,1.6146432161331177,-0.8767182230949402,-0.696037232875824
1779121021458175736,1779121021455443864,2026-05-19T00:17:01.458+08:00,4.3439106941223145,-1.1190258264541626,-0.020000040531158447,1.611354947090149,-0.8432692289352417,-0.7348054051399231
1779121021658237720,1779121021654104440,2026-05-19T00:17:01.658+08:00,4.313540458679199,-1.119856834411621,-0.020000040531158447,1.5888499021530151,-0.7560451626777649,-0.7765105366706848
1779121021859486232,1779121021855540088,2026-05-19T00:17:01.859+08:00,4.283557891845703,-1.1188204288482666,-0.020000040531158447,1.5925238132476807,-0.685121476650238,-0.7945832014083862
1779121022092239992,1779121022064804376,2026-05-19T00:17:02.092+08:00,4.2501678466796875,-1.1185277700424194,-0.009999990463256836,1.5037659406661987,-0.7025458812713623,-1.2117643356323242
1779121022325377880,1779121022302721720,2026-05-19T00:17:02.325+08:00,4.212113380432129,-1.1271573305130005,-0.020000040531158447,0.9415643215179443,-0.7190616130828857,-2.8191401958465576
1779121022558755672,1779121022534470840,2026-05-19T00:17:02.558+08:00,4.178354263305664,-1.1374847888946533,-0.009999990463256836,0.5622379183769226,-0.6501750349998474,-4.79221773147583
1779121022758955352,1779121022734709464,2026-05-19T00:17:02.758+08:00,4.146246433258057,-1.146373987197876,-0.020000040531158447,0.6046916842460632,-0.5868852138519287,-6.6349687576293945
1779121022959052024,1779121022949485912,2026-05-19T00:17:02.959+08:00,4.110100269317627,-1.155433177947998,-0.020000040531158447,0.9174042344093323,-0.6631006002426147,-8.502492904663086
1779121023191478104,1779121023188437304,2026-05-19T00:17:03.191+08:00,4.06999397277832,-1.1612976789474487,-0.009999990463256836,1.2755953073501587,-0.9644023180007935,-10.21221923828125
1779121023392861080,1779121023359483320,2026-05-19T00:17:03.392+08:00,4.043236255645752,-1.1644859313964844,0.0,1.3913618326187134,-1.1751664876937866,-11.164968490600586
1779121023625587224,1779121023595505976,2026-05-19T00:17:03.625+08:00,4.001030445098877,-1.1682426929473877,-0.009999990463256836,1.3631491661071777,-1.3480110168457031,-12.350969314575195
1779121023858434456,1779121023851675992,2026-05-19T00:17:03.858+08:00,3.9545185565948486,-1.1709786653518677,-0.009999990463256836,1.0808974504470825,-1.3946384191513062,-13.35735034942627
1779121024058608152,1779121024056590456,2026-05-19T00:17:04.058+08:00,3.917544364929199,-1.1733965873718262,-0.009999990463256836,0.9014149904251099,-1.422968864440918,-13.96906852722168
1779121024291989368,1779121024267210328,2026-05-19T00:17:04.291+08:00,3.876011371612549,-1.1755534410476685,-0.009999990463256836,0.8171386122703552,-1.545271635055542,-14.52823543548584
1779121024492029432,1779121024464037560,2026-05-19T00:17:04.492+08:00,3.8381006717681885,-1.1775908470153809,-0.009999990463256836,0.7084009647369385,-1.6534823179244995,-14.949207305908203
1779121024692157656,1779121024665463480,2026-05-19T00:17:04.692+08:00,3.799550771713257,-1.179471492767334,-0.009999990463256836,0.6475112438201904,-1.6784634590148926,-15.29936408996582
1779121024925442072,1779121024920710296,2026-05-19T00:17:04.925+08:00,3.7529234886169434,-1.1790077686309814,-0.009999990463256836,0.614336371421814,-1.6111444234848022,-15.635525703430176
1779121025125825112,1779121025115526328,2026-05-19T00:17:05.125+08:00,3.7145371437072754,-1.1792049407958984,-0.009999990463256836,0.49161550402641296,-1.6168466806411743,-15.920904159545898
1779121025359719544,1779121025348586520,2026-05-19T00:17:05.359+08:00,3.6709859371185303,-1.1802729368209839,-0.009999990463256836,0.5631926655769348,-1.7097138166427612,-16.282590866088867
1779121025591971448,1779121025586367608,2026-05-19T00:17:05.591+08:00,3.6330313682556152,-1.1803600788116455,0.0,0.7323341965675354,-1.8797918558120728,-16.901323318481445
1779121025825726520,1779121025812817080,2026-05-19T00:17:05.825+08:00,3.5986251831054688,-1.1849302053451538,-0.009999990463256836,0.2149191051721573,-2.0062077045440674,-18.32758331298828
1779121026058616792,1779121026042648344,2026-05-19T00:17:06.058+08:00,3.5577123165130615,-1.1934187412261963,-0.020000040531158447,-0.6044346690177917,-2.0892815589904785,-20.379112243652344
1779121026291927256,1779121026275584440,2026-05-19T00:17:06.291+08:00,3.5178301334381104,-1.2087476253509521,-0.009999990463256836,-1.1596789360046387,-2.1254923343658447,-22.297582626342773
1779121026492026232,1779121026477743960,2026-05-19T00:17:06.492+08:00,3.4796948432922363,-1.2172421216964722,-0.009999990463256836,-1.2142953872680664,-2.0342471599578857,-23.95125961303711
1779121026692055448,1779121026679548024,2026-05-19T00:17:06.692+08:00,3.4410383701324463,-1.2237643003463745,0.009999990463256836,-1.0826970338821411,-1.9999487400054932,-25.444217681884766
1779121026893655640,1779121026879655320,2026-05-19T00:17:06.893+08:00,3.402355909347534,-1.2275371551513672,0.009999990463256836,-0.9408034682273865,-2.069185733795166,-26.723312377929688
1779121027125070200,1779121027108511096,2026-05-19T00:17:07.125+08:00,3.353640556335449,-1.2307316064834595,0.009999990463256836,-0.9034988880157471,-1.9819658994674683,-27.969263076782227
1779121027325394904,1779121027308730296,2026-05-19T00:17:07.325+08:00,3.3140885829925537,-1.2323445081710815,0.009999990463256836,-0.9313347339630127,-1.660460114479065,-28.829524993896484
1779121027558367576,1779121027544409752,2026-05-19T00:17:07.558+08:00,3.2631676197052,-1.235635757446289,0.009999990463256836,-0.8500383496284485,-1.2761998176574707,-29.69336700439453
1779121027758626072,1779121027745300856,2026-05-19T00:17:07.758+08:00,3.219097852706909,-1.236997127532959,0.019999980926513672,-0.7094723582267761,-1.1059869527816772,-30.247526168823242
1779121027958881016,1779121027928232920,2026-05-19T00:17:07.958+08:00,3.179523229598999,-1.2380118370056152,0.019999980926513672,-0.5442620515823364,-0.9883967638015747,-30.695287704467773
1779121028158916248,1779121028134482904,2026-05-19T00:17:08.158+08:00,3.137502431869507,-1.2362853288650513,0.029999971389770508,-0.27386951446533203,-0.9953978061676025,-31.2307186126709
1779121028391943544,1779121028375903928,2026-05-19T00:17:08.391+08:00,3.091583490371704,-1.2287070751190186,0.039999961853027344,0.2790396511554718,-1.3253446817398071,-31.65386199951172
1779121028626214008,1779121028606289592,2026-05-19T00:17:08.626+08:00,3.050879716873169,-1.2195019721984863,0.029999971389770508,0.6973004341125488,-1.9320193529129028,-32.04255676269531
1779121028858388152,1779121028855255064,2026-05-19T00:17:08.858+08:00,3.0108327865600586,-1.2197248935699463,0.029999971389770508,0.11951011419296265,-2.6025919914245605,-33.371341705322266
1779121029059198264,1779121029033509976,2026-05-19T00:17:09.059+08:00,2.9773926734924316,-1.2257335186004639,0.029999971389770508,-0.8062067627906799,-2.9486448764801025,-34.6738166809082
1779121029292815352,1779121029266717752,2026-05-19T00:17:09.292+08:00,2.9315662384033203,-1.2339282035827637,0.019999980926513672,-2.0925731658935547,-3.47065806388855,-36.44883346557617
1779121029525174872,1779121029502435512,2026-05-19T00:17:09.525+08:00,2.878957509994507,-1.2477070093154907,0.019999980926513672,-3.0072498321533203,-4.067562103271484,-38.15599822998047
1779121029725315576,1779121029705351416,2026-05-19T00:17:09.725+08:00,2.830986261367798,-1.257514238357544,0.029999971389770508,-3.185803174972534,-4.458489418029785,-39.48188781738281
1779121029958401112,1779121029926635352,2026-05-19T00:17:09.958+08:00,2.778757095336914,-1.2673903703689575,0.029999971389770508,-2.6978659629821777,-4.663682460784912,-40.77995300292969
1779121030158617400,1779121030132969880,2026-05-19T00:17:10.158+08:00,2.733795404434204,-1.2743676900863647,0.039999961853027344,-1.8859624862670898,-4.637434005737305,-41.784603118896484
1779121030358705464,1779121030333619544,2026-05-19T00:17:10.358+08:00,2.687401294708252,-1.2801780700683594,0.039999961853027344,-1.045485258102417,-4.373401165008545,-42.64153289794922
1779121030558840728,1779121030531397592,2026-05-19T00:17:10.558+08:00,2.6428685188293457,-1.2847999334335327,0.04999995231628418,-0.156751349568367,-3.8795149326324463,-43.43486022949219
1779121030759010168,1779121030738573656,2026-05-19T00:17:10.759+08:00,2.600337505340576,-1.285666584968567,0.059999942779541016,0.8869695663452148,-3.263730525970459,-44.19209671020508
1779121030963977880,1779121030961703192,2026-05-19T00:17:10.963+08:00,2.5645699501037598,-1.2778844833374023,0.059999942779541016,1.9612904787063599,-2.6309778690338135,-44.76591491699219
1779121031191640664,1779121031189423800,2026-05-19T00:17:11.191+08:00,2.5275795459747314,-1.272141456604004,0.059999942779541016,1.8316445350646973,-2.08062744140625,-45.567832946777344
1779121031391850712,1779121031366603448,2026-05-19T00:17:11.391+08:00,2.4907360076904297,-1.2743276357650757,0.039999961853027344,0.8098659515380859,-1.5576651096343994,-46.68206787109375
1779121031625400728,1779121031595024984,2026-05-19T00:17:11.625+08:00,2.443613290786743,-1.2788586616516113,0.039999961853027344,-0.7800599932670593,-1.157119631767273,-48.19198989868164
1779121031825666904,1779121031815987640,2026-05-19T00:17:11.825+08:00,2.395900011062622,-1.2839268445968628,0.039999961853027344,-2.1176302433013916,-1.3089373111724854,-49.54283905029297
1779121032058359768,1779121032046423256,2026-05-19T00:17:12.058+08:00,2.338531017303467,-1.2906306982040405,0.029999971389770508,-2.917505979537964,-1.8692244291305542,-50.853946685791016
1779121032258970584,1779121032246676728,2026-05-19T00:17:12.258+08:00,2.291084051132202,-1.29273521900177,0.029999971389770508,-2.9544427394866943,-2.432180404663086,-51.85905075073242
1779121032459068824,1779121032448317560,2026-05-19T00:17:12.459+08:00,2.2432305812835693,-1.2972108125686646,0.029999971389770508,-2.642327070236206,-3.002614974975586,-52.716678619384766
1779121032692646008,1779121032690746040,2026-05-19T00:17:12.692+08:00,2.1851603984832764,-1.3026491403579712,0.029999971389770508,-1.8107154369354248,-3.6391260623931885,-53.6428108215332
1779121032892647544,1779121032882648568,2026-05-19T00:17:12.892+08:00,2.141214609146118,-1.305910348892212,0.04999995231628418,-0.5009884238243103,-3.9712116718292236,-54.51190948486328
1779121033124834648,1779121033116145528,2026-05-19T00:17:13.124+08:00,2.1027626991271973,-1.3074193000793457,0.04999995231628418,1.1419733762741089,-4.047579765319824,-55.42533874511719
1779121033325446008,1779121033317562808,2026-05-19T00:17:13.325+08:00,2.06683349609375,-1.310640811920166,0.039999961853027344,1.640031337738037,-3.90183687210083,-56.614845275878906
1779121033559015352,1779121033556567864,2026-05-19T00:17:13.559+08:00,2.015324354171753,-1.3163056373596191,0.029999971389770508,1.0329409837722778,-3.4944536685943604,-58.42444610595703
1779121033791671288,1779121033760091800,2026-05-19T00:17:13.791+08:00,1.9703372716903687,-1.321251392364502,0.029999971389770508,-0.033799055963754654,-3.2413876056671143,-59.9645881652832
1779121033991813944,1779121033979537624,2026-05-19T00:17:13.991+08:00,1.9173583984375,-1.3281818628311157,0.019999980926513672,-1.430699348449707,-3.004472255706787,-61.48720169067383
1779121034227170328,1779121034185401208,2026-05-19T00:17:14.227+08:00,1.8631370067596436,-1.334676742553711,0.009999990463256836,-2.687134027481079,-2.7424089908599854,-62.84486389160156
1779121034458083768,1779121034453796376,2026-05-19T00:17:14.458+08:00,1.7969919443130493,-1.3403964042663574,0.009999990463256836,-3.588369607925415,-2.5565438270568848,-64.25076293945312
1779121034658574040,1779121034622275992,2026-05-19T00:17:14.658+08:00,1.7505851984024048,-1.3425414562225342,0.019999980926513672,-3.578787326812744,-2.4066596031188965,-65.17935180664062
1779121034891471832,1779121034879482968,2026-05-19T00:17:14.891+08:00,1.6990565061569214,-1.3404674530029297,0.019999980926513672,-2.3628602027893066,-2.220686435699463,-66.38452911376953
1779121035091648760,1779121035086129400,2026-05-19T00:17:15.091+08:00,1.6624834537506104,-1.3355913162231445,0.029999971389770508,-0.5208931565284729,-2.0222995281219482,-67.25933837890625
1779121035325180376,1779121035318513240,2026-05-19T00:17:15.325+08:00,1.6296863555908203,-1.3336113691329956,0.029999971389770508,0.5144089460372925,-1.9320261478424072,-68.52882385253906
1779121035525514392,1779121035489468056,2026-05-19T00:17:15.525+08:00,1.5954875946044922,-1.3367727994918823,0.019999980926513672,0.23150354623794556,-1.9054341316223145,-69.85151672363281
1779121035726305272,1779121035697920056,2026-05-19T00:17:15.726+08:00,1.5516180992126465,-1.338429570198059,0.0,-0.7057142853736877,-1.9193520545959473,-71.37982940673828
1779121035958555864,1779121035920463864,2026-05-19T00:17:15.958+08:00,1.4987523555755615,-1.3369646072387695,0.0,-2.135530710220337,-2.2249178886413574,-72.96949768066406
1779121036192054648,1779121036188847960,2026-05-19T00:17:16.192+08:00,1.4309080839157104,-1.3397599458694458,0.019999980926513672,-3.691082000732422,-2.6479218006134033,-74.77190399169922
1779121036425266328,1779121036422538520,2026-05-19T00:17:16.425+08:00,1.3718599081039429,-1.3383829593658447,0.009999990463256836,-4.545869827270508,-2.828583240509033,-76.07237243652344
1779121036658341048,1779121036622573784,2026-05-19T00:17:16.658+08:00,1.322259545326233,-1.3335092067718506,0.009999990463256836,-4.604134559631348,-3.0422372817993164,-77.01583862304688
1779121036858544536,1779121036843444504,2026-05-19T00:17:16.858+08:00,1.2743359804153442,-1.3278942108154297,0.009999990463256836,-3.5698132514953613,-3.2751312255859375,-78.04914855957031
1779121037091467800,1779121037077967352,2026-05-19T00:17:17.091+08:00,1.2357335090637207,-1.3206254243850708,0.009999990463256836,-1.9045642614364624,-3.258361577987671,-79.1189956665039
1779121037292539864,1779121037287877560,2026-05-19T00:17:17.292+08:00,1.1962306499481201,-1.3152250051498413,0.019999980926513672,-1.0895392894744873,-3.132031202316284,-80.46308135986328
1779121037525786520,1779121037520995224,2026-05-19T00:17:17.525+08:00,1.1547417640686035,-1.313279151916504,0.019999980926513672,-0.6187487244606018,-3.1611945629119873,-82.04010009765625
1779121037726590456,1779121037694887576,2026-05-19T00:17:17.726+08:00,1.1261464357376099,-1.3160516023635864,0.019999980926513672,-0.08213768899440765,-3.2995595932006836,-83.33991241455078
1779121037958548952,1779121037953032728,2026-05-19T00:17:17.958+08:00,1.0984731912612915,-1.3245413303375244,0.019999980926513672,0.5896353125572205,-3.549959182739258,-85.02379608154297
1779121038191597016,1779121038184094168,2026-05-19T00:17:18.191+08:00,1.0857653617858887,-1.3340641260147095,0.029999971389770508,1.1917874813079834,-4.0153326988220215,-86.24462890625
1779121038392088760,1779121038386198200,2026-05-19T00:17:18.392+08:00,1.0765966176986694,-1.3431978225708008,0.019999980926513672,1.3566510677337646,-4.508650779724121,-86.97334289550781
1779121038625399320,1779121038618283832,2026-05-19T00:17:18.625+08:00,1.0725224018096924,-1.3548345565795898,0.019999980926513672,1.0636653900146484,-4.961008071899414,-87.4463882446289
1779121038825524696,1779121038813323416,2026-05-19T00:17:18.825+08:00,1.07168710231781,-1.3663066625595093,0.019999980926513672,0.5008363127708435,-5.226430416107178,-87.62376403808594
1779121039058204216,1779121039055872408,2026-05-19T00:17:19.058+08:00,1.072081446647644,-1.3793197870254517,0.019999980926513672,-0.27619701623916626,-5.408002853393555,-87.67655181884766
1779121039259086840,1779121039219360504,2026-05-19T00:17:19.259+08:00,1.0725562572479248,-1.3876945972442627,0.019999980926513672,-0.7538546323776245,-5.477656364440918,-87.68980407714844
1779121039492315992,1779121039466001240,2026-05-19T00:17:19.492+08:00,1.0755136013031006,-1.3986880779266357,0.019999980926513672,-1.2811241149902344,-5.487720489501953,-87.7081298828125
1779121039725204152,1779121039711391640,2026-05-19T00:17:19.725+08:00,1.078284502029419,-1.407352089881897,0.019999980926513672,-1.504151701927185,-5.322157382965088,-87.78763580322266
1779121039958479320,1779121039955749592,2026-05-19T00:17:19.958+08:00,1.0796743631362915,-1.4159659147262573,0.019999980926513672,-1.4507088661193848,-4.919976234436035,-87.88855743408203
1779121040192086680,1779121040187787768,2026-05-19T00:17:20.192+08:00,1.0821285247802734,-1.423492431640625,0.019999980926513672,-1.2089159488677979,-4.407754421234131,-88.01004028320312
1779121040392087512,1779121040366399896,2026-05-19T00:17:20.392+08:00,1.0846843719482422,-1.4273536205291748,0.019999980926513672,-1.177244782447815,-4.145198822021484,-88.08928680419922
1779121040626189688,1779121040595758424,2026-05-19T00:17:20.626+08:00,1.085821270942688,-1.4308351278305054,0.019999980926513672,-1.2217676639556885,-3.8691608905792236,-88.21492004394531
1779121040858572536,1779121040849236440,2026-05-19T00:17:20.858+08:00,1.086967945098877,-1.4329915046691895,0.009999990463256836,-1.0991791486740112,-3.3902111053466797,-88.37305450439453
1779121041058730008,1779121041022781208,2026-05-19T00:17:21.058+08:00,1.0889849662780762,-1.4339613914489746,0.009999990463256836,-1.0499969720840454,-3.2086617946624756,-88.47005462646484
1779121041292019000,1779121041264015512,2026-05-19T00:17:21.292+08:00,1.0900448560714722,-1.4340370893478394,0.009999990463256836,-1.0567817687988281,-3.24049711227417,-88.59700012207031
1779121041525968664,1779121041499408888,2026-05-19T00:17:21.525+08:00,1.089629888534546,-1.432701587677002,0.009999990463256836,-0.9891638159751892,-3.2573866844177246,-88.68614959716797
1779121041758733048,1779121041732365464,2026-05-19T00:17:21.758+08:00,1.090225338935852,-1.4314520359039307,0.019999980926513672,-0.9453007578849792,-3.1940085887908936,-88.74798583984375
1779121041991812408,1779121041982330968,2026-05-19T00:17:21.991+08:00,1.090572714805603,-1.4293185472488403,0.009999990463256836,-1.0175191164016724,-3.3096423149108887,-88.81976318359375
1779121042225150008,1779121042217085816,2026-05-19T00:17:22.225+08:00,1.0906553268432617,-1.4263087511062622,0.009999990463256836,-1.0494112968444824,-3.459399938583374,-88.8915023803711
1779121042425174232,1779121042418385912,2026-05-19T00:17:22.425+08:00,1.0909593105316162,-1.424023151397705,0.009999990463256836,-1.1239765882492065,-3.5011327266693115,-88.93973541259766
1779121042658156728,1779121042655002616,2026-05-19T00:17:22.658+08:00,1.0914466381072998,-1.4218237400054932,0.0,-1.2220072746276855,-3.4213178157806396,-89.00887298583984
1779121042858241592,1779121042845665816,2026-05-19T00:17:22.858+08:00,1.0913002490997314,-1.4194532632827759,0.009999990463256836,-1.1676796674728394,-3.3705523014068604,-89.0860824584961
1779121043058571000,1779121043046519960,2026-05-19T00:17:23.058+08:00,1.0914074182510376,-1.4174363613128662,0.019999980926513672,-1.098927617073059,-3.3184943199157715,-89.12934112548828
1779121043258681336,1779121043250219096,2026-05-19T00:17:23.258+08:00,1.091721534729004,-1.4154255390167236,0.019999980926513672,-1.0743118524551392,-3.13693904876709,-89.16341400146484
1779121043491568248,1779121043479245560,2026-05-19T00:17:23.491+08:00,1.0924701690673828,-1.4126132726669312,0.019999980926513672,-1.005434274673462,-2.903275489807129,-89.18930053710938
1779121043691744504,1779121043677970200,2026-05-19T00:17:23.691+08:00,1.0925686359405518,-1.4102143049240112,0.009999990463256836,-1.047572135925293,-2.8303585052490234,-89.21629333496094
1779121043892382936,1779121043875088536,2026-05-19T00:17:23.892+08:00,1.0922194719314575,-1.407774806022644,0.019999980926513672,-1.1790602207183838,-2.8096442222595215,-89.25746154785156
1779121044125227384,1779121044118810200,2026-05-19T00:17:24.125+08:00,1.0929402112960815,-1.4051710367202759,0.019999980926513672,-1.2656344175338745,-2.7064480781555176,-89.32416534423828
1779121044358547928,1779121044351686744,2026-05-19T00:17:24.358+08:00,1.0928535461425781,-1.4036589860916138,0.019999980926513672,-1.3053309917449951,-2.636052370071411,-89.4190673828125
1779121044559844184,1779121044548204568,2026-05-19T00:17:24.559+08:00,1.0925521850585938,-1.4025745391845703,0.019999980926513672,-1.235685110092163,-2.7204179763793945,-89.458740234375
1779121044791822424,1779121044755950232,2026-05-19T00:17:24.791+08:00,1.0933624505996704,-1.401798129081726,0.019999980926513672,-1.1602338552474976,-2.8101284503936768,-89.48580932617188
1779121044991935672,1779121044988095832,2026-05-19T00:17:24.991+08:00,1.0940377712249756,-1.4014619588851929,0.019999980926513672,-1.1660962104797363,-2.8490278720855713,-89.51463317871094
1779121045225485688,1779121045195520376,2026-05-19T00:17:25.225+08:00,1.0936040878295898,-1.4010307788848877,0.029999971389770508,-1.197629451751709,-2.878720760345459,-89.56645965576172
1779121045458705656,1779121045427747352,2026-05-19T00:17:25.458+08:00,1.0929149389266968,-1.3997867107391357,0.029999971389770508,-1.119236707687378,-2.951298475265503,-89.56489562988281
1779121045692780248,1779121045664186136,2026-05-19T00:17:25.692+08:00,1.0936002731323242,-1.3993568420410156,0.029999971389770508,-1.0335891246795654,-2.989931344985962,-89.56613159179688
1779121045925232216,1779121045916492952,2026-05-19T00:17:25.925+08:00,1.0944393873214722,-1.39997136592865,0.029999971389770508,-1.2082724571228027,-2.9108688831329346,-89.55091857910156
1779121046158327192,1779121046148959544,2026-05-19T00:17:26.158+08:00,1.094001054763794,-1.4005593061447144,0.029999971389770508,-1.3278656005859375,-2.8132102489471436,-89.53071594238281
1779121046358693656,1779121046355606936,2026-05-19T00:17:26.358+08:00,1.093534231185913,-1.4009413719177246,0.029999971389770508,-1.2602460384368896,-2.797767400741577,-89.53987884521484
1779121046558898296,1779121046522692600,2026-05-19T00:17:26.558+08:00,1.0942816734313965,-1.400981068611145,0.029999971389770508,-1.1508512496948242,-2.790898561477661,-89.55333709716797
1779121046759410104,1779121046727850968,2026-05-19T00:17:26.759+08:00,1.0955296754837036,-1.4013184309005737,0.039999961853027344,-1.1170693635940552,-2.768571138381958,-89.59410095214844
1779121046991761048,1779121046956876248,2026-05-19T00:17:26.991+08:00,1.0958027839660645,-1.401719093322754,0.039999961853027344,-1.1329272985458374,-2.702240467071533,-89.60812377929688
1779121047225572568,1779121047198325240,2026-05-19T00:17:27.225+08:00,1.0941802263259888,-1.40256667137146,0.039999961853027344,-1.1769630908966064,-2.677166223526001,-89.69699096679688
1779121047458604568,1779121047432218456,2026-05-19T00:17:27.458+08:00,1.0934669971466064,-1.403801441192627,0.039999961853027344,-1.0884228944778442,-2.5848419666290283,-89.68415832519531
1779121047692180920,1779121047663896184,2026-05-19T00:17:27.692+08:00,1.0945168733596802,-1.4051177501678467,0.039999961853027344,-0.9310083389282227,-2.4472460746765137,-89.62740325927734
1779121047925986168,1779121047915091992,2026-05-19T00:17:27.925+08:00,1.0952454805374146,-1.406036376953125,0.039999961853027344,-0.9159142971038818,-2.475689172744751,-89.54986572265625
1779121048126358296,1779121048117421432,2026-05-19T00:17:28.126+08:00,1.0960400104522705,-1.4062360525131226,0.04999995231628418,-0.9840774536132812,-2.5593514442443848,-89.51786041259766
1779121048358467128,1779121048352477144,2026-05-19T00:17:28.358+08:00,1.0964148044586182,-1.4069067239761353,0.04999995231628418,-1.0543824434280396,-2.6000282764434814,-89.46781921386719
1779121048558786712,1779121048523220760,2026-05-19T00:17:28.558+08:00,1.0959564447402954,-1.4085158109664917,0.04999995231628418,-1.0303303003311157,-2.5321030616760254,-89.45518493652344
1779121048791695768,1779121048765996280,2026-05-19T00:17:28.791+08:00,1.0962104797363281,-1.4103460311889648,0.04999995231628418,-0.895976185798645,-2.522246837615967,-89.44168853759766
1779121049024884664,1779121049018195512,2026-05-19T00:17:29.024+08:00,1.0967541933059692,-1.4105497598648071,0.04999995231628418,-0.7318397760391235,-2.6529958248138428,-89.43390655517578
1779121049225923576,1779121049187705912,2026-05-19T00:17:29.225+08:00,1.0965875387191772,-1.41029953956604,0.04999995231628418,-0.6516724824905396,-2.667056083679199,-89.47612762451172
1779121049458118744,1779121049455760312,2026-05-19T00:17:29.458+08:00,1.0961393117904663,-1.410584807395935,0.04999995231628418,-0.5836180448532104,-2.6266870498657227,-89.52188873291016
1779121049658552184,1779121049632131800,2026-05-19T00:17:29.658+08:00,1.0953439474105835,-1.4120620489120483,0.04999995231628418,-0.5230952501296997,-2.640258550643921,-89.51351165771484
1779121049858636504,1779121049854818840,2026-05-19T00:17:29.858+08:00,1.0952221155166626,-1.4127883911132812,0.04999995231628418,-0.5003828406333923,-2.5961718559265137,-89.45720672607422
1779121050058885816,1779121050049317112,2026-05-19T00:17:30.058+08:00,1.0960540771484375,-1.413022756576538,0.059999942779541016,-0.4803074896335602,-2.5420141220092773,-89.43138885498047
1779121050292748248,1779121050291301080,2026-05-19T00:17:30.292+08:00,1.0966140031814575,-1.412404179573059,0.06999993324279785,-0.5354912877082825,-2.5567753314971924,-89.20204162597656
1779121050525371320,1779121050497003960,2026-05-19T00:17:30.525+08:00,1.0973107814788818,-1.409589409828186,0.04999995231628418,-0.9117822051048279,-2.426525831222534,-85.75543975830078
1779121050758744664,1779121050730770520,2026-05-19T00:17:30.758+08:00,1.106752872467041,-1.40524160861969,0.029999971389770508,-2.059420108795166,-2.01631760597229,-75.18453216552734
1779121050958841208,1779121050921862040,2026-05-19T00:17:30.958+08:00,1.1118175983428955,-1.40050208568573,0.019999980926513672,-3.3426289558410645,-1.5947990417480469,-63.607181549072266
1779121051191481080,1779121051169219288,2026-05-19T00:17:31.191+08:00,1.108727216720581,-1.3909162282943726,0.019999980926513672,-4.277106761932373,-1.1600888967514038,-48.50230026245117
1779121051391620792,1779121051364788408,2026-05-19T00:17:31.391+08:00,1.1011245250701904,-1.383047342300415,0.019999980926513672,-4.099469184875488,-0.8923694491386414,-35.632789611816406
1779121051593378488,1779121051570119768,2026-05-19T00:17:31.593+08:00,1.0911694765090942,-1.3786015510559082,0.039999961853027344,-3.302468776702881,-0.7876312136650085,-22.920011520385742
1779121051826995320,1779121051821203736,2026-05-19T00:17:31.826+08:00,1.0786631107330322,-1.3769053220748901,0.04999995231628418,-2.1230509281158447,-1.0828663110733032,-8.824071884155273
1779121052058249048,1779121052032064376,2026-05-19T00:17:32.058+08:00,1.0685328245162964,-1.3810079097747803,0.04999995231628418,-1.0003284215927124,-1.725040316581726,2.4887568950653076
1779121052258847384,1779121052237192440,2026-05-19T00:17:32.258+08:00,1.0613844394683838,-1.3874536752700806,0.04999995231628418,0.0054779453203082085,-2.4791102409362793,11.355995178222656
1779121052491767832,1779121052471860920,2026-05-19T00:17:32.491+08:00,1.0558452606201172,-1.3969985246658325,0.059999942779541016,0.9852197766304016,-3.4727632999420166,20.232824325561523
1779121052692000120,1779121052671986360,2026-05-19T00:17:32.692+08:00,1.0544761419296265,-1.4036945104599,0.059999942779541016,1.464735984802246,-4.22634220123291,26.237045288085938
1779121052892012792,1779121052882165048,2026-05-19T00:17:32.892+08:00,1.0563528537750244,-1.4111194610595703,0.059999942779541016,1.613067388534546,-4.8420023918151855,31.53547477722168
1779121053124783800,1779121053119471736,2026-05-19T00:17:33.124+08:00,1.0598597526550293,-1.4175440073013306,0.04999995231628418,1.6906423568725586,-5.2529144287109375,35.612205505371094
1779121053326028952,1779121053316316728,2026-05-19T00:17:33.326+08:00,1.062929391860962,-1.421366810798645,0.04999995231628418,1.737686038017273,-5.326744079589844,38.417110443115234
1779121053558675768,1779121053552124216,2026-05-19T00:17:33.558+08:00,1.0666507482528687,-1.4256187677383423,0.04999995231628418,1.8588054180145264,-5.082699775695801,40.862064361572266
1779121053792057688,1779121053751452056,2026-05-19T00:17:33.792+08:00,1.0697517395019531,-1.4291621446609497,0.04999995231628418,2.122082471847534,-4.858304500579834,42.1894645690918
1779121054024906936,1779121054009995608,2026-05-19T00:17:34.024+08:00,1.0769851207733154,-1.4330543279647827,0.039999961853027344,2.109534740447998,-4.391173839569092,42.9458122253418
1779121054225002520,1779121054208824984,2026-05-19T00:17:34.225+08:00,1.0842065811157227,-1.4362504482269287,0.039999961853027344,1.325218677520752,-3.9302210807800293,43.855220794677734
1779121054425148888,1779121054417348600,2026-05-19T00:17:34.425+08:00,1.0914280414581299,-1.4394465684890747,0.029999971389770508,0.22437931597232819,-3.9683167934417725,44.87586212158203
1779121054658533848,1779121054649935192,2026-05-19T00:17:34.658+08:00,1.1231298446655273,-1.44734525680542,0.019999980926513672,-0.6850560903549194,-4.690267086029053,45.947471618652344
1779121054858747256,1779121054844871416,2026-05-19T00:17:34.858+08:00,1.1539937257766724,-1.45308256149292,0.019999980926513672,-0.9297727346420288,-5.415013790130615,46.700706481933594
1779121055058948344,1779121055046144568,2026-05-19T00:17:35.058+08:00,1.1872693300247192,-1.4581630229949951,0.029999971389770508,-0.7956081032752991,-5.994937896728516,47.328495025634766
1779121055259074264,1779121055252261400,2026-05-19T00:17:35.259+08:00,1.2229762077331543,-1.458749532699585,0.029999971389770508,-0.3732403516769409,-6.4287943840026855,47.801490783691406
1779121055459759256,1779121055447889368,2026-05-19T00:17:35.459+08:00,1.2603192329406738,-1.4587537050247192,0.019999980926513672,0.08281222730875015,-6.789588928222656,48.22554397583008
1779121055691794232,1779121055682783992,2026-05-19T00:17:35.691+08:00,1.3075470924377441,-1.4580144882202148,0.029999971389770508,0.589303731918335,-7.048505783081055,48.57707977294922
1779121055892071000,1779121055884100472,2026-05-19T00:17:35.892+08:00,1.347470998764038,-1.457248568534851,0.029999971389770508,1.2421846389770508,-7.065242290496826,48.69702911376953
1779121056092616344,1779121056082193080,2026-05-19T00:17:36.092+08:00,1.3806602954864502,-1.4493211507797241,0.029999971389770508,2.308406352996826,-6.975148677825928,48.75701141357422
1779121056325525016,1779121056315969688,2026-05-19T00:17:36.325+08:00,1.4105205535888672,-1.431715488433838,0.039999961853027344,3.3125669956207275,-6.682076454162598,48.83890151977539
1779121056558542968,1779121056549024696,2026-05-19T00:17:36.558+08:00,1.435402512550354,-1.4108407497406006,0.039999961853027344,4.068402290344238,-6.2609734535217285,48.84651184082031
1779121056791864344,1779121056752066744,2026-05-19T00:17:36.791+08:00,1.451846957206726,-1.3917063474655151,0.04999995231628418,4.400012493133545,-6.100880146026611,48.863834381103516
1779121057033873368,1779121057008127128,2026-05-19T00:17:37.033+08:00,1.4675164222717285,-1.3647286891937256,0.04999995231628418,4.5513458251953125,-5.838603496551514,49.035247802734375
1779121057259781400,1779121057253158552,2026-05-19T00:17:37.259+08:00,1.4780210256576538,-1.339212417602539,0.039999961853027344,4.52202033996582,-5.442928314208984,49.27341079711914
1779121057491611096,1779121057485750360,2026-05-19T00:17:37.491+08:00,1.4840314388275146,-1.3096495866775513,0.039999961853027344,4.38202428817749,-5.276014804840088,49.46346664428711
1779121057692410584,1779121057686510296,2026-05-19T00:17:37.692+08:00,1.4877907037734985,-1.2846012115478516,0.039999961853027344,4.120046615600586,-5.270395278930664,49.56235122680664
1779121057926094296,1779121057908053656,2026-05-19T00:17:37.926+08:00,1.491081953048706,-1.2579790353775024,0.029999971389770508,3.671288251876831,-5.207225322723389,49.661277770996094
1779121058158789752,1779121058148273656,2026-05-19T00:17:38.158+08:00,1.4904274940490723,-1.2295576333999634,0.029999971389770508,3.3314156532287598,-5.251046180725098,49.751956939697266
1779121058391637016,1779121058386568568,2026-05-19T00:17:38.391+08:00,1.4904836416244507,-1.2029871940612793,0.029999971389770508,3.2298591136932373,-5.6371660232543945,49.746341705322266
1779121058592314904,1779121058585053624,2026-05-19T00:17:38.592+08:00,1.48939049243927,-1.179659128189087,0.019999980926513672,3.235468864440918,-5.900271415710449,49.68828582763672
1779121058827924248,1779121058812881368,2026-05-19T00:17:38.827+08:00,1.4885762929916382,-1.153060793876648,0.019999980926513672,2.9945693016052246,-5.973985195159912,49.71024703979492
1779121059058690872,1779121059050230008,2026-05-19T00:17:39.058+08:00,1.4935119152069092,-1.1287660598754883,0.019999980926513672,1.7077597379684448,-6.028675079345703,49.615970611572266
1779121059292190584,1779121059286715384,2026-05-19T00:17:39.292+08:00,1.510270357131958,-1.1101090908050537,0.009999990463256836,-0.12843582034111023,-6.245026588439941,49.2690544128418
1779121059524894648,1779121059522587768,2026-05-19T00:17:39.524+08:00,1.5389714241027832,-1.0959049463272095,0.0,-1.668962001800537,-6.729621887207031,48.733795166015625
1779121059725234040,1779121059691922232,2026-05-19T00:17:39.725+08:00,1.5645853281021118,-1.090119481086731,0.019999980926513672,-2.2014052867889404,-7.177436828613281,48.28672409057617
1779121059958379896,1779121059950907672,2026-05-19T00:17:39.958+08:00,1.611121654510498,-1.083518385887146,0.029999971389770508,-1.994642734527588,-8.119746208190918,47.56068801879883
1779121060158635288,1779121060156130808,2026-05-19T00:17:40.158+08:00,1.6518536806106567,-1.079234004020691,0.029999971389770508,-1.2834223508834839,-8.752598762512207,47.016944885253906
1779121060393184056,1779121060390368696,2026-05-19T00:17:40.393+08:00,1.7014875411987305,-1.0741839408874512,0.039999961853027344,0.06642986834049225,-9.156478881835938,46.25941467285156
1779121060625554360,1779121060588263448,2026-05-19T00:17:40.625+08:00,1.7412233352661133,-1.0682977437973022,0.059999942779541016,1.7391586303710938,-9.145005226135254,45.621376037597656
1779121060858382904,1779121060845880216,2026-05-19T00:17:40.858+08:00,1.7782325744628906,-1.0447958707809448,0.06999993324279785,4.006328105926514,-8.549395561218262,44.8992919921875
1779121061058385752,1779121061050632952,2026-05-19T00:17:41.058+08:00,1.8034605979919434,-1.0214885473251343,0.07999992370605469,5.039282321929932,-7.642159461975098,44.595619201660156
1779121061258814296,1779121061249831512,2026-05-19T00:17:41.258+08:00,1.828102707862854,-0.9963169097900391,0.07999992370605469,5.525702953338623,-6.561313629150391,44.573585510253906
1779121061491538168,1779121061485540632,2026-05-19T00:17:41.491+08:00,1.8485456705093384,-0.962382972240448,0.09000003337860107,5.804693222045898,-5.3317341804504395,44.645233154296875
1779121061692149752,1779121061654360376,2026-05-19T00:17:41.692+08:00,1.8572328090667725,-0.9380765557289124,0.09000003337860107,5.798658847808838,-4.712779998779297,44.75371170043945
1779121061925091448,1779121061921552888,2026-05-19T00:17:41.925+08:00,1.8675512075424194,-0.8988860249519348,0.09000003337860107,5.444302082061768,-3.9794790744781494,44.98735809326172
1779121062125737208,1779121062087976728,2026-05-19T00:17:42.125+08:00,1.872182011604309,-0.8763825297355652,0.09000003337860107,5.090635776519775,-3.7518744468688965,45.116180419921875
1779121062358864280,1779121062326995032,2026-05-19T00:17:42.358+08:00,1.875247836112976,-0.8400734663009644,0.09000003337860107,4.5204362869262695,-3.698482036590576,45.23383331298828
1779121062591986296,1779121062566725368,2026-05-19T00:17:42.591+08:00,1.87492036819458,-0.8042992353439331,0.07999992370605469,3.9989025592803955,-3.7733547687530518,45.25453567504883
1779121062792162328,1779121062767719448,2026-05-19T00:17:42.792+08:00,1.8748605251312256,-0.7741461396217346,0.07999992370605469,3.600276470184326,-3.8176074028015137,45.202388763427734
1779121063025060920,1779121063017937240,2026-05-19T00:17:43.025+08:00,1.8744653463363647,-0.7409071922302246,0.07999992370605469,3.3329436779022217,-3.9729933738708496,45.07898712158203
1779121063258470168,1779121063255700152,2026-05-19T00:17:43.258+08:00,1.8720759153366089,-0.7072056531906128,0.06999993324279785,3.2239675521850586,-4.271862506866455,44.967891693115234
1779121063491686744,1779121063489409144,2026-05-19T00:17:43.491+08:00,1.8727867603302002,-0.674886167049408,0.06999993324279785,2.7277536392211914,-4.512073516845703,45.032081604003906
1779121063725256408,1779121063717827352,2026-05-19T00:17:43.725+08:00,1.8780338764190674,-0.6478911638259888,0.059999942779541016,2.224876880645752,-4.525834560394287,45.150081634521484
1779121063958717560,1779121063948032600,2026-05-19T00:17:43.958+08:00,1.8866899013519287,-0.6236124634742737,0.059999942779541016,1.7339578866958618,-4.441434383392334,45.351070404052734
1779121064159349656,1779121064153926808,2026-05-19T00:17:44.159+08:00,1.895043969154358,-0.6079207062721252,0.059999942779541016,1.417659878730774,-4.330964088439941,45.505615234375
1779121064391470072,1779121064356807576,2026-05-19T00:17:44.391+08:00,1.9041614532470703,-0.595019519329071,0.04999995231628418,1.2745640277862549,-4.132126331329346,45.59792709350586
1779121064591988088,1779121064564895416,2026-05-19T00:17:44.591+08:00,1.9126412868499756,-0.5835893154144287,0.04999995231628418,1.3719673156738281,-3.9760324954986572,45.62870407104492
1779121064825522008,1779121064819939416,2026-05-19T00:17:44.825+08:00,1.9192094802856445,-0.5742194056510925,0.04999995231628418,1.5645309686660767,-3.9980311393737793,45.63004684448242
1779121065058628472,1779121065051904408,2026-05-19T00:17:45.058+08:00,1.925301194190979,-0.567547082901001,0.039999961853027344,1.5574575662612915,-4.099795818328857,45.60175323486328
1779121065291880504,1779121065255653080,2026-05-19T00:17:45.291+08:00,1.9296684265136719,-0.5644521117210388,0.04999995231628418,1.569726824760437,-4.22302770614624,45.56838607788086
1779121065492164664,1779121065463758360,2026-05-19T00:17:45.492+08:00,1.9327541589736938,-0.5633029937744141,0.039999961853027344,1.650326132774353,-4.416249752044678,45.52664566040039
1779121065692428920,1779121065660543384,2026-05-19T00:17:45.692+08:00,1.9342806339263916,-0.5630118250846863,0.039999961853027344,1.7037014961242676,-4.516542434692383,45.488319396972656
1779121065892425368,1779121065884911544,2026-05-19T00:17:45.892+08:00,1.9352527856826782,-0.5637657642364502,0.04999995231628418,1.8637206554412842,-4.5698981285095215,45.44272232055664
1779121066125163576,1779121066122793688,2026-05-19T00:17:46.125+08:00,1.9356428384780884,-0.5664050579071045,0.039999961853027344,2.030409097671509,-4.5182108879089355,45.429100036621094
1779121066358754712,1779121066330880952,2026-05-19T00:17:46.358+08:00,1.9349310398101807,-0.5689941048622131,0.039999961853027344,2.1199402809143066,-4.4520978927612305,45.38477325439453
1779121066591997976,1779121066563519544,2026-05-19T00:17:46.591+08:00,1.933225393295288,-0.5729359984397888,0.04999995231628418,2.173300266265869,-4.465150356292725,45.345603942871094
1779121066825214008,1779121066821829720,2026-05-19T00:17:46.825+08:00,1.931959629058838,-0.5776576995849609,0.059999942779541016,2.221328020095825,-4.355786323547363,45.26750946044922
1779121067059318808,1779121067055719384,2026-05-19T00:17:47.059+08:00,1.9307420253753662,-0.5807406902313232,0.04999995231628418,2.2793567180633545,-4.238117694854736,45.23847579956055
1779121067291785816,1779121067264273656,2026-05-19T00:17:47.291+08:00,1.9272810220718384,-0.5829815864562988,0.059999942779541016,2.2835540771484375,-4.3051018714904785,45.23213577270508
1779121067493525976,1779121067468963832,2026-05-19T00:17:47.493+08:00,1.925089955329895,-0.5859296917915344,0.04999995231628418,2.213810920715332,-4.414777755737305,45.239810943603516
1779121067725116248,1779121067702924152,2026-05-19T00:17:47.725+08:00,1.9234811067581177,-0.5901279449462891,0.059999942779541016,2.219040870666504,-4.4713521003723145,45.22201156616211
1779121067926012376,1779121067920551800,2026-05-19T00:17:47.926+08:00,1.921727180480957,-0.5928285121917725,0.059999942779541016,2.4009335041046143,-4.495603084564209,45.20690155029297
1779121068158920280,1779121068132485080,2026-05-19T00:17:48.158+08:00,1.9193488359451294,-0.5948606729507446,0.059999942779541016,2.6310219764709473,-4.558529853820801,45.20655059814453
1779121068392028696,1779121068368397976,2026-05-19T00:17:48.392+08:00,1.9160292148590088,-0.5968777537345886,0.059999942779541016,2.7326712608337402,-4.668900012969971,45.22269821166992
1779121068625042744,1779121068597899800,2026-05-19T00:17:48.625+08:00,1.9144771099090576,-0.5992482900619507,0.059999942779541016,2.6911613941192627,-4.727413177490234,45.235572814941406
1779121068858427768,1779121068847738712,2026-05-19T00:17:48.858+08:00,1.9135149717330933,-0.6019055247306824,0.06999993324279785,2.6720330715179443,-4.7078166007995605,45.19245529174805
1779121069058778776,1779121069048665688,2026-05-19T00:17:49.058+08:00,1.9116382598876953,-0.6029077172279358,0.06999993324279785,2.6796698570251465,-4.675658702850342,45.200557708740234
1779121069291801368,1779121069282130296,2026-05-19T00:17:49.291+08:00,1.9089833498001099,-0.6041421890258789,0.059999942779541016,2.6377182006835938,-4.705729961395264,45.253841400146484
1779121069492115032,1779121069481867384,2026-05-19T00:17:49.492+08:00,1.9069887399673462,-0.6052542328834534,0.059999942779541016,2.599485397338867,-4.721342086791992,45.209991455078125
1779121069724999544,1779121069717589912,2026-05-19T00:17:49.724+08:00,1.9066288471221924,-0.6063840389251709,0.06999993324279785,2.5524415969848633,-4.639596939086914,45.18074035644531
1779121069925148952,1779121069917671000,2026-05-19T00:17:49.925+08:00,1.9060741662979126,-0.6065815687179565,0.059999942779541016,2.521970748901367,-4.639690399169922,45.298126220703125
1779121070125179032,1779121070117704152,2026-05-19T00:17:50.125+08:00,1.9055347442626953,-0.6065026521682739,0.06999993324279785,2.547855854034424,-4.743104934692383,45.29137420654297
1779121070405711576,1779121070254072248,2026-05-19T00:17:50.405+08:00,1.9051209688186646,-0.6067054271697998,0.059999942779541016,2.5766279697418213,-4.813269138336182,45.30753707885742
1779121070610397016,1779121070559625400,2026-05-19T00:17:50.610+08:00,1.9046885967254639,-0.6068894863128662,0.059999942779541016,2.563145637512207,-4.944450378417969,45.346893310546875
1779121070825189208,1779121070819360760,2026-05-19T00:17:50.825+08:00,1.905472993850708,-0.607060968875885,0.059999942779541016,2.524723768234253,-4.983227729797363,45.33442687988281
1779121071058195640,1779121071055600056,2026-05-19T00:17:51.058+08:00,1.9058220386505127,-0.6064684987068176,0.059999942779541016,2.4600167274475098,-5.059239387512207,45.30591583251953
1779121071258323576,1779121071255643320,2026-05-19T00:17:51.258+08:00,1.9065738916397095,-0.6061270236968994,0.059999942779541016,2.4078309535980225,-5.077212333679199,45.29172134399414
1779121071491669720,1779121071487607640,2026-05-19T00:17:51.491+08:00,1.907708764076233,-0.6059194803237915,0.059999942779541016,2.3475241661071777,-5.004554271697998,45.26774978637695
1779121071692991736,1779121071656596728,2026-05-19T00:17:51.692+08:00,1.9081497192382812,-0.6058074831962585,0.059999942779541016,2.321354627609253,-4.959418296813965,45.286048889160156
1779121071925178328,1779121071916219992,2026-05-19T00:17:51.925+08:00,1.909029483795166,-0.6050128936767578,0.059999942779541016,2.3561878204345703,-4.866591930389404,45.26488494873047
1779121072159564568,1779121072126256184,2026-05-19T00:17:52.159+08:00,1.90951406955719,-0.6041420698165894,0.059999942779541016,2.376636266708374,-4.7854108810424805,45.236175537109375
1779121072391662904,1779121072362440024,2026-05-19T00:17:52.391+08:00,1.9102110862731934,-0.603560745716095,0.04999995231628418,2.398777723312378,-4.715497970581055,45.230499267578125
1779121072625071160,1779121072597309336,2026-05-19T00:17:52.625+08:00,1.910622239112854,-0.6032955646514893,0.059999942779541016,2.4025685787200928,-4.710102558135986,45.21730422973633
1779121072858274680,1779121072848836344,2026-05-19T00:17:52.858+08:00,1.910281777381897,-0.6024648547172546,0.059999942779541016,2.3346853256225586,-4.733885765075684,45.2051887512207
1779121073058753496,1779121073049034904,2026-05-19T00:17:53.058+08:00,1.9095138311386108,-0.601916491985321,0.04999995231628418,2.1506378650665283,-4.798456192016602,45.2022590637207
1779121073291790200,1779121073283454488,2026-05-19T00:17:53.291+08:00,1.9104387760162354,-0.6021872758865356,0.039999961853027344,1.8983253240585327,-4.879627704620361,45.216102600097656
1779121073491969176,1779121073485572408,2026-05-19T00:17:53.491+08:00,1.9116652011871338,-0.6026975512504578,0.04999995231628418,1.8250365257263184,-4.9052734375,45.28852462768555
1779121073726400856,1779121073721542584,2026-05-19T00:17:53.726+08:00,1.9124951362609863,-0.6017955541610718,0.04999995231628418,1.9474523067474365,-4.990775108337402,45.3401985168457
1779121073927159128,1779121073916471000,2026-05-19T00:17:53.927+08:00,1.9114999771118164,-0.6012866497039795,0.039999961853027344,2.099918842315674,-5.043344497680664,45.327613830566406
1779121074158499448,1779121074151878456,2026-05-19T00:17:54.158+08:00,1.9102096557617188,-0.6015969514846802,0.04999995231628418,2.1872918605804443,-5.000051498413086,45.31311798095703
1779121074392410104,1779121074387940120,2026-05-19T00:17:54.392+08:00,1.9101316928863525,-0.6023716926574707,0.04999995231628418,2.1106715202331543,-5.001093864440918,45.31745910644531
1779121074624707224,1779121074593184984,2026-05-19T00:17:54.624+08:00,1.9095929861068726,-0.6025499105453491,0.04999995231628418,2.0257368087768555,-5.020361423492432,45.326637268066406
1779121074825157528,1779121074814504760,2026-05-19T00:17:54.825+08:00,1.9089051485061646,-0.6027283668518066,0.039999961853027344,1.9260280132293701,-4.913853645324707,45.33683395385742
1779121075025719384,1779121075015474808,2026-05-19T00:17:55.025+08:00,1.9089189767837524,-0.6035109162330627,0.04999995231628418,1.8470139503479004,-4.900334358215332,45.31289291381836
1779121075258507896,1779121075249686296,2026-05-19T00:17:55.258+08:00,1.9095410108566284,-0.6046090722084045,0.04999995231628418,1.8189492225646973,-4.985164642333984,45.275447845458984
1779121075464482264,1779121075455047128,2026-05-19T00:17:55.464+08:00,1.9102187156677246,-0.6042341589927673,0.04999995231628418,1.9611235857009888,-4.908048629760742,44.98451614379883
1779121075691676984,1779121075684367576,2026-05-19T00:17:55.691+08:00,1.9097363948822021,-0.6032763123512268,0.059999942779541016,2.9448509216308594,-4.793331623077393,39.95947265625
1779121075892443032,1779121075886078680,2026-05-19T00:17:55.892+08:00,1.9120303392410278,-0.6092488765716553,0.059999942779541016,4.285820007324219,-4.725008964538574,30.972291946411133
1779121076125514904,1779121076116348088,2026-05-19T00:17:56.125+08:00,1.9162280559539795,-0.617663562297821,0.06999993324279785,5.678443431854248,-4.223845481872559,18.71236228942871
1779121076358660536,1779121076322861304,2026-05-19T00:17:56.358+08:00,1.9180172681808472,-0.6240116953849792,0.06999993324279785,6.37362003326416,-3.4570865631103516,5.544528961181641
1779121076591778008,1779121076566568888,2026-05-19T00:17:56.591+08:00,1.9172905683517456,-0.6288126111030579,0.059999942779541016,6.1183881759643555,-2.699197769165039,-9.04825210571289
1779121076825790488,1779121076820144696,2026-05-19T00:17:56.825+08:00,1.9140530824661255,-0.6315805912017822,0.059999942779541016,5.204864501953125,-1.9457223415374756,-23.35807991027832
1779121077058159256,1779121077023714168,2026-05-19T00:17:57.058+08:00,1.9110599756240845,-0.6316308975219727,0.04999995231628418,4.134627819061279,-1.5279510021209717,-35.4778938293457
1779121077258258136,1779121077232366392,2026-05-19T00:17:57.258+08:00,1.9101288318634033,-0.6288697719573975,0.059999942779541016,3.1950156688690186,-1.4225956201553345,-45.340003967285156
1779121077458341528,1779121077435595128,2026-05-19T00:17:57.458+08:00,1.9098025560379028,-0.6238201260566711,0.04999995231628418,2.2500953674316406,-1.4810847043991089,-53.97639465332031
1779121077823045560,1779121077636955064,2026-05-19T00:17:57.823+08:00,1.9099504947662354,-0.6192063689231873,0.039999961853027344,1.2465296983718872,-1.6414934396743774,-61.312225341796875
1779121078025144248,1779121078017394008,2026-05-19T00:17:58.025+08:00,1.909226894378662,-0.6126305460929871,0.039999961853027344,-0.45584747195243835,-2.260650634765625,-72.05008697509766
1779121078226255608,1779121078224394520,2026-05-19T00:17:58.226+08:00,1.9088538885116577,-0.6095291376113892,0.04999995231628418,-1.1020184755325317,-2.708580255508423,-76.62869262695312
1779121078458889464,1779121078455788920,2026-05-19T00:17:58.458+08:00,1.9094421863555908,-0.6067187190055847,0.039999961853027344,-1.40751314163208,-3.049938440322876,-80.28523254394531
1779121078691725528,1779121078668000376,2026-05-19T00:17:58.691+08:00,1.90932297706604,-0.6040538549423218,0.039999961853027344,-1.5864620208740234,-3.238978624343872,-83.07695007324219
1779121078891966008,1779121078886592536,2026-05-19T00:17:58.891+08:00,1.9079372882843018,-0.6017586588859558,0.039999961853027344,-1.5362262725830078,-3.243342876434326,-85.21705627441406
1779121079125873528,1779121079121545432,2026-05-19T00:17:59.125+08:00,1.90758216381073,-0.5990533828735352,0.039999961853027344,-1.3320857286453247,-3.1604535579681396,-86.96468353271484
1779121079358684632,1779121079322438072,2026-05-19T00:17:59.358+08:00,1.9079564809799194,-0.5971251726150513,0.04999995231628418,-1.3524296283721924,-2.981693983078003,-87.61468505859375
1779121079559018008,1779121079526029880,2026-05-19T00:17:59.559+08:00,1.9076968431472778,-0.5951224565505981,0.039999961853027344,-1.8687794208526611,-2.807786464691162,-87.68522644042969
1779121079791781208,1779121079765450456,2026-05-19T00:17:59.791+08:00,1.8914070129394531,-0.5939187407493591,0.039999961853027344,-2.7992029190063477,-2.7153873443603516,-88.22041320800781
1779121079991799992,1779121079978721912,2026-05-19T00:17:59.991+08:00,1.8785277605056763,-0.5978161692619324,0.039999961853027344,-3.0297961235046387,-2.6747872829437256,-88.92153930664062
1779121080224892920,1779121080219543096,2026-05-19T00:18:00.224+08:00,1.871289610862732,-0.6049697995185852,0.04999995231628418,-2.3768932819366455,-2.750108242034912,-89.75208282470703
1779121080425159128,1779121080395400248,2026-05-19T00:18:00.425+08:00,1.8670284748077393,-0.6107637882232666,0.059999942779541016,-1.6824383735656738,-2.898338556289673,-90.30118560791016
1779121080625330776,1779121080601747640,2026-05-19T00:18:00.625+08:00,1.8615784645080566,-0.6180456280708313,0.04999995231628418,-2.993922233581543,-2.6715006828308105,-89.09788513183594
1779121080825916536,1779121080823495480,2026-05-19T00:18:00.825+08:00,1.858033299446106,-0.6244663596153259,0.059999942779541016,-9.162839889526367,-1.0622628927230835,-82.73542785644531
1779121081058685944,1779121081056709592,2026-05-19T00:18:01.058+08:00,1.854398250579834,-0.630936324596405,0.04999995231628418,-26.129894256591797,8.130331039428711,-62.5941162109375
1779121081259219736,1779121081226351096,2026-05-19T00:18:01.259+08:00,1.8502426147460938,-0.6375429630279541,0.04999995231628418,-47.28278732299805,40.61020278930664,-24.292619705200195
1779121081492032024,1779121081466403896,2026-05-19T00:18:01.492+08:00,1.8372801542282104,-0.6531620025634766,0.04999995231628418,53.34415817260742,43.202518463134766,171.99998474121094
1779121081692222200,1779121081668482392,2026-05-19T00:18:01.692+08:00,1.8242210149765015,-0.6660669445991516,0.04999995231628418,27.75168228149414,4.907790184020996,-140.2889862060547
1779121081892978040,1779121081886838648,2026-05-19T00:18:01.892+08:00,1.816569447517395,-0.671474277973175,0.04999995231628418,9.23114013671875,-2.173311233520508,-120.87117004394531
1779121082124992344,1779121082087701528,2026-05-19T00:18:02.124+08:00,1.8086931705474854,-0.672453761100769,0.04999995231628418,3.794031858444214,-2.832080602645874,-121.10504150390625
1779121082325504472,1779121082323628088,2026-05-19T00:18:02.325+08:00,1.803025245666504,-0.6707693934440613,0.04999995231628418,2.195591926574707,-2.947418451309204,-130.14077758789062
1779121082526357240,1779121082495764440,2026-05-19T00:18:02.526+08:00,1.8033689260482788,-0.666645348072052,0.04999995231628418,1.831451654434204,-2.942490816116333,-138.25726318359375
1779121082759089880,1779121082731480216,2026-05-19T00:18:02.759+08:00,1.8070604801177979,-0.6578194499015808,0.029999971389770508,0.908133327960968,-3.019395589828491,-151.28321838378906
1779121082991991128,1779121082966432760,2026-05-19T00:18:02.991+08:00,1.8063349723815918,-0.6422815322875977,0.029999971389770508,-0.7759702801704407,-3.4692583084106445,-164.51629638671875
1779121083225302744,1779121083204701240,2026-05-19T00:18:03.225+08:00,1.8008776903152466,-0.6218051314353943,0.009999990463256836,-2.9488909244537354,-4.201501846313477,-174.56602478027344
1779121083458411128,1779121083446442488,2026-05-19T00:18:03.458+08:00,1.7922388315200806,-0.6032070517539978,0.009999990463256836,-3.8179550170898438,-5.036886692047119,178.98118591308594
1779121083658591416,1779121083650320376,2026-05-19T00:18:03.658+08:00,1.7785825729370117,-0.6018663644790649,0.019999980926513672,-3.4627907276153564,-5.800403594970703,175.98997497558594
1779121083892057560,1779121083880517016,2026-05-19T00:18:03.892+08:00,1.7553489208221436,-0.6093981266021729,0.019999980926513672,-2.3600099086761475,-6.6293721199035645,173.96302795410156
1779121084092630584,1779121084087312280,2026-05-19T00:18:04.092+08:00,1.7301026582717896,-0.6185485124588013,0.029999971389770508,-0.882448673248291,-7.085971832275391,173.14405822753906
1779121084325468760,1779121084317816248,2026-05-19T00:18:04.325+08:00,1.7007999420166016,-0.634211003780365,0.029999971389770508,0.5106520056724548,-7.30915641784668,173.07406616210938
1779121084558905080,1779121084551553336,2026-05-19T00:18:04.558+08:00,1.6629160642623901,-0.6604939103126526,0.029999971389770508,1.2870575189590454,-7.559532165527344,173.3724365234375
1779121084792810168,1779121084754299160,2026-05-19T00:18:04.792+08:00,1.6313751935958862,-0.685225248336792,0.029999971389770508,1.3757975101470947,-7.761769771575928,173.7065887451172
1779121085025247096,1779121085015518136,2026-05-19T00:18:05.025+08:00,1.588889718055725,-0.7183806300163269,0.029999971389770508,1.079061508178711,-7.953754425048828,174.06398010253906
1779121085225257400,1779121085217506008,2026-05-19T00:18:05.225+08:00,1.5540430545806885,-0.7452744245529175,0.029999971389770508,0.8523237705230713,-7.997529983520508,174.2016143798828
1779121085458214008,1779121085454099960,2026-05-19T00:18:05.458+08:00,1.511513113975525,-0.7774962186813354,0.029999971389770508,0.8893857002258301,-7.970069408416748,174.27476501464844
1779121085658237144,1779121085626067640,2026-05-19T00:18:05.658+08:00,1.4795085191726685,-0.8013392686843872,0.039999961853027344,1.2100472450256348,-7.9083428382873535,174.2708740234375
1779121085858734072,1779121085845502488,2026-05-19T00:18:05.858+08:00,1.4378125667572021,-0.8311883211135864,0.029999971389770508,1.641527771949768,-7.860049247741699,174.19456481933594
1779121086092040952,1779121086086094904,2026-05-19T00:18:06.092+08:00,1.3937325477600098,-0.8578349947929382,0.029999971389770508,1.6437865495681763,-7.803488731384277,174.03509521484375
1779121086325157016,1779121086317432216,2026-05-19T00:18:06.325+08:00,1.3516346216201782,-0.8743886947631836,0.019999980926513672,1.1039141416549683,-7.605945110321045,173.8557891845703
1779121086558162456,1779121086551571992,2026-05-19T00:18:06.558+08:00,1.304332971572876,-0.8902893662452698,0.019999980926513672,-0.16510869562625885,-7.274106025695801,173.63072204589844
1779121086758564568,1779121086754481752,2026-05-19T00:18:06.758+08:00,1.2660235166549683,-0.8951459527015686,0.019999980926513672,-1.529493808746338,-6.962462902069092,173.5105438232422
1779121086958617400,1779121086941452280,2026-05-19T00:18:06.958+08:00,1.2293792963027954,-0.89255291223526,0.009999990463256836,-2.468153238296509,-6.645181179046631,173.2437286376953
1779121087159458744,1779121087141879192,2026-05-19T00:18:07.159+08:00,1.1913644075393677,-0.8922490477561951,0.019999980926513672,-2.6042284965515137,-6.347164630889893,172.97557067871094
1779121087392015960,1779121087379500856,2026-05-19T00:18:07.392+08:00,1.1478773355484009,-0.8934701681137085,0.019999980926513672,-1.9744130373001099,-6.058845520019531,172.71107482910156
1779121087624914104,1779121087607544696,2026-05-19T00:18:07.624+08:00,1.1002782583236694,-0.8916149139404297,0.019999980926513672,-1.0380698442459106,-5.897439002990723,172.52716064453125
1779121087831404088,1779121087773346264,2026-05-19T00:18:07.831+08:00,1.0688568353652954,-0.8921746015548706,0.029999971389770508,-0.5573152303695679,-5.838297367095947,172.4700164794922
1779121088058609304,1779121088038289240,2026-05-19T00:18:08.058+08:00,1.0170753002166748,-0.894843339920044,0.029999971389770508,-0.3329336941242218,-5.677432060241699,172.45693969726562
1779121088291734232,1779121088274098008,2026-05-19T00:18:08.291+08:00,0.968928873538971,-0.8906687498092651,0.029999971389770508,-0.5015618205070496,-5.634247303009033,172.47161865234375
1779121088492338136,1779121088480359928,2026-05-19T00:18:08.492+08:00,0.9300971031188965,-0.8899457454681396,0.019999980926513672,-0.7368306517601013,-5.691302299499512,172.48431396484375
1779121088725275768,1779121088715224984,2026-05-19T00:18:08.725+08:00,0.8818349242210388,-0.8897314667701721,0.019999980926513672,-0.9431942701339722,-5.7256035804748535,172.5270233154297
1779121088925763448,1779121088912390264,2026-05-19T00:18:08.925+08:00,0.8401067852973938,-0.890133798122406,0.019999980926513672,-0.9856126308441162,-5.676150321960449,172.564697265625
1779121089158800792,1779121089141537112,2026-05-19T00:18:09.158+08:00,0.791090190410614,-0.8903554081916809,0.019999980926513672,-1.0511691570281982,-5.68712043762207,172.61611938476562
1779121089358851512,1779121089342984120,2026-05-19T00:18:09.358+08:00,0.7499236464500427,-0.8898361921310425,0.019999980926513672,-1.0534262657165527,-5.745362281799316,172.6732177734375
1779121089559449592,1779121089545198872,2026-05-19T00:18:09.559+08:00,0.7083990573883057,-0.8891504406929016,0.019999980926513672,-0.9266588091850281,-5.790149211883545,172.72412109375
1779121089792141080,1779121089752159096,2026-05-19T00:18:09.792+08:00,0.6658212542533875,-0.8885945081710815,0.019999980926513672,-0.7786349654197693,-5.80783748626709,172.78866577148438
1779121089992275160,1779121089978367096,2026-05-19T00:18:09.992+08:00,0.6186200380325317,-0.8898696303367615,0.019999980926513672,-0.6539186835289001,-5.803012371063232,172.84771728515625
1779121090226077144,1779121090214411224,2026-05-19T00:18:10.226+08:00,0.5672104358673096,-0.8906545639038086,0.019999980926513672,-0.6083065271377563,-5.787740707397461,172.90496826171875
1779121090458699544,1779121090447395480,2026-05-19T00:18:10.458+08:00,0.5162851214408875,-0.8843536376953125,0.019999980926513672,-0.5810025930404663,-5.815632343292236,172.9674072265625
1779121090691846456,1779121090688088536,2026-05-19T00:18:10.691+08:00,0.4649445712566376,-0.8846977353096008,0.019999980926513672,-0.3774353861808777,-5.926243305206299,173.00357055664062
1779121090933581272,1779121090907229976,2026-05-19T00:18:10.933+08:00,0.4168160557746887,-0.8876129984855652,0.019999980926513672,-0.32335275411605835,-6.106307506561279,173.05409240722656
1779121091158664632,1779121091145523256,2026-05-19T00:18:11.158+08:00,0.3618823289871216,-0.8853248357772827,0.029999971389770508,-0.38624751567840576,-6.253000736236572,173.11349487304688
1779121091358815000,1779121091341643192,2026-05-19T00:18:11.358+08:00,0.3195648491382599,-0.8883528113365173,0.019999980926513672,-0.3897996246814728,-6.281850814819336,173.13461303710938
1779121091591485592,1779121091576106520,2026-05-19T00:18:11.591+08:00,0.27214178442955017,-0.889670193195343,0.029999971389770508,-0.4769649803638458,-6.24877405166626,173.1571807861328
1779121091791904504,1779121091744590616,2026-05-19T00:18:11.791+08:00,0.23324546217918396,-0.8886364698410034,0.019999980926513672,-0.6361443400382996,-6.215627670288086,173.1806182861328
1779121091992053272,1779121091981513720,2026-05-19T00:18:11.992+08:00,0.18056929111480713,-0.8864803910255432,0.019999980926513672,-0.6797205805778503,-6.185220718383789,173.1245574951172
1779121092225176184,1779121092215027800,2026-05-19T00:18:12.225+08:00,0.13564658164978027,-0.8863629102706909,0.029999971389770508,-0.5560312867164612,-6.1551618576049805,173.08026123046875
1779121092459657432,1779121092454520824,2026-05-19T00:18:12.459+08:00,0.08358070254325867,-0.885158896446228,0.019999980926513672,-0.3526553809642792,-6.145057201385498,172.9990692138672
1779121092691483352,1779121092684944280,2026-05-19T00:18:12.691+08:00,0.0313575342297554,-0.8857936859130859,0.029999971389770508,-0.07018886506557465,-6.190120220184326,171.3592529296875
1779121092892307160,1779121092886740536,2026-05-19T00:18:12.892+08:00,-0.011696435511112213,-0.8771063089370728,0.039999961853027344,0.8690184354782104,-6.51448392868042,165.9841766357422
1779121093092406232,1779121093086226904,2026-05-19T00:18:13.092+08:00,-0.05029205605387688,-0.8662604689598083,0.059999942779541016,2.7293784618377686,-7.035783290863037,158.42601013183594
1779121093325243864,1779121093292235960,2026-05-19T00:18:13.325+08:00,-0.06409943103790283,-0.8638675808906555,0.059999942779541016,4.318439960479736,-7.55722713470459,150.46116638183594
1779121093558812024,1779121093530366808,2026-05-19T00:18:13.558+08:00,-0.06966781616210938,-0.8607969880104065,0.059999942779541016,4.438412666320801,-7.869527816772461,141.6357879638672
1779121093791805400,1779121093766350008,2026-05-19T00:18:13.791+08:00,-0.06456632912158966,-0.8567807674407959,0.04999995231628418,2.6144208908081055,-7.731420516967773,134.05026245117188
1779121094025605816,1779121093987627928,2026-05-19T00:18:14.025+08:00,-0.054035164415836334,-0.8549444675445557,0.039999961853027344,0.3165360987186432,-7.4654130935668945,128.38150024414062
1779121094226400920,1779121094196807832,2026-05-19T00:18:14.226+08:00,-0.04224901273846626,-0.8550769686698914,0.04999995231628418,-1.3441191911697388,-7.37875509262085,124.29148864746094
1779121094458544856,1779121094431009560,2026-05-19T00:18:14.458+08:00,-0.02624969370663166,-0.8559170961380005,0.06999993324279785,-2.462486743927002,-7.404877185821533,120.47025299072266
1779121094691819352,1779121094659840088,2026-05-19T00:18:14.691+08:00,-0.007821327075362206,-0.8581750392913818,0.06999993324279785,-2.6240806579589844,-7.410895347595215,117.80630493164062
1779121094891951800,1779121094885216344,2026-05-19T00:18:14.891+08:00,0.0189678855240345,-0.8597769737243652,0.07999992370605469,-2.20747447013855,-7.319731712341309,115.56959533691406
1779121095125168760,1779121095116128440,2026-05-19T00:18:15.125+08:00,0.047570619732141495,-0.8623736500740051,0.07999992370605469,-1.804485559463501,-7.18208646774292,113.97919464111328
1779121095359301336,1779121095329199512,2026-05-19T00:18:15.359+08:00,0.07697619497776031,-0.8662062287330627,0.09000003337860107,-1.3770129680633545,-6.969180107116699,112.6331558227539
1779121095591522136,1779121095561714904,2026-05-19T00:18:15.591+08:00,0.10493917763233185,-0.8717907071113586,0.09000003337860107,-0.4420526623725891,-6.531800270080566,111.30864715576172
1779121095791931992,1779121095766346936,2026-05-19T00:18:15.791+08:00,0.12451474368572235,-0.8790324330329895,0.10000002384185791,0.6452230215072632,-6.078131198883057,110.33998107910156
1779121095992397848,1779121095981547256,2026-05-19T00:18:15.992+08:00,0.14353758096694946,-0.8881527185440063,0.10000002384185791,1.8422092199325562,-5.612045764923096,109.26036071777344
1779121096225232248,1779121096215425272,2026-05-19T00:18:16.225+08:00,0.15728047490119934,-0.8996375203132629,0.11000001430511475,2.9271132946014404,-5.161663055419922,105.76480102539062
1779121096458430392,1779121096447356920,2026-05-19T00:18:16.458+08:00,0.18101371824741364,-0.9088203310966492,0.10000002384185791,3.0829341411590576,-4.648143768310547,99.12337493896484
1779121096658556312,1779121096651552120,2026-05-19T00:18:16.658+08:00,0.2065085470676422,-0.9152800440788269,0.11000001430511475,2.3590025901794434,-4.3082404136657715,93.06745147705078
1779121096891550328,1779121096873363736,2026-05-19T00:18:16.891+08:00,0.23695488274097443,-0.9252088665962219,0.10000002384185791,1.3538388013839722,-4.16677713394165,86.70829772949219
1779121097091887928,1779121097075008888,2026-05-19T00:18:17.091+08:00,0.2641350030899048,-0.9363178014755249,0.10000002384185791,0.662771999835968,-4.299495697021484,81.64495086669922
1779121097292286680,1779121097279720696,2026-05-19T00:18:17.292+08:00,0.293807715177536,-0.9477201700210571,0.09000003337860107,0.2745325267314911,-4.6970648765563965,77.33782958984375
1779121097525547192,1779121097514835224,2026-05-19T00:18:17.525+08:00,0.33201074600219727,-0.9602127075195312,0.09000003337860107,0.38122156262397766,-5.408880710601807,72.98017883300781
1779121097726391384,1779121097715234648,2026-05-19T00:18:17.726+08:00,0.36607426404953003,-0.9690163731575012,0.07999992370605469,0.9624615907669067,-5.982886791229248,69.90502166748047
1779121097958698840,1779121097947986968,2026-05-19T00:18:17.958+08:00,0.40854260325431824,-0.9826189875602722,0.09000003337860107,1.6874014139175415,-6.50734806060791,66.8623046875
1779121098191827352,1779121098189199416,2026-05-19T00:18:18.191+08:00,0.4498261511325836,-0.9966760277748108,0.07999992370605469,2.0039222240448,-6.90963077545166,64.40216064453125
1779121098392220120,1779121098390393592,2026-05-19T00:18:18.392+08:00,0.4851512610912323,-1.0083117485046387,0.059999942779541016,1.8869571685791016,-7.039684772491455,62.745643615722656
1779121098595518968,1779121098560405944,2026-05-19T00:18:18.595+08:00,0.5137530565261841,-1.0204434394836426,0.06999993324279785,1.6123664379119873,-7.050127029418945,61.649192810058594
1779121098825066456,1779121098766096696,2026-05-19T00:18:18.825+08:00,0.5491051077842712,-1.036217451095581,0.06999993324279785,1.380981683731079,-7.055952548980713,60.37480926513672
1779121099058684728,1779121099031019480,2026-05-19T00:18:19.058+08:00,0.5865446925163269,-1.0541249513626099,0.06999993324279785,1.8144954442977905,-6.8455705642700195,59.09537887573242
1779121099293165688,1779121099265990360,2026-05-19T00:18:19.293+08:00,0.6103315353393555,-1.0674408674240112,0.07999992370605469,2.9059805870056152,-6.429409027099609,58.06134033203125
1779121099525352920,1779121099505396280,2026-05-19T00:18:19.525+08:00,0.6297633647918701,-1.0792224407196045,0.07999992370605469,3.732065200805664,-5.925915718078613,56.999385833740234
1779121099758485784,1779121099741839480,2026-05-19T00:18:19.758+08:00,0.648130476474762,-1.0926028490066528,0.07999992370605469,3.7900168895721436,-5.25087308883667,53.13527297973633
1779121099959268056,1779121099923337016,2026-05-19T00:18:19.959+08:00,0.6695963740348816,-1.10419499874115,0.07999992370605469,3.0979928970336914,-4.737006187438965,49.38768005371094
1779121100159805272,1779121100123489176,2026-05-19T00:18:20.159+08:00,0.7010222673416138,-1.1189601421356201,0.06999993324279785,2.0259742736816406,-4.430395126342773,45.142913818359375
1779121100391811992,1779121100361191704,2026-05-19T00:18:20.391+08:00,0.740622341632843,-1.1392900943756104,0.059999942779541016,0.772764265537262,-4.505141735076904,40.38505935668945
1779121100625390872,1779121100601937304,2026-05-19T00:18:20.625+08:00,0.7853860855102539,-1.1619166135787964,0.04999995231628418,0.10498018562793732,-4.894762992858887,36.27081298828125
1779121100825591544,1779121100808686744,2026-05-19T00:18:20.825+08:00,0.8237616419792175,-1.1822617053985596,0.04999995231628418,0.3497627079486847,-5.371445655822754,33.34602355957031
1779121101025597720,1779121100998969816,2026-05-19T00:18:21.025+08:00,0.858262300491333,-1.2006558179855347,0.06999993324279785,0.941013753414154,-5.801736831665039,31.069923400878906
1779121101258495896,1779121101235166456,2026-05-19T00:18:21.258+08:00,0.9034691452980042,-1.2284172773361206,0.07999992370605469,1.7736657857894897,-6.31026029586792,28.5242977142334
1779121101458703384,1779121101436165752,2026-05-19T00:18:21.458+08:00,0.9355175495147705,-1.2521083354949951,0.06999993324279785,2.4875071048736572,-6.659152030944824,26.67275619506836
1779121101691992760,1779121101670957816,2026-05-19T00:18:21.691+08:00,0.9688552021980286,-1.2825093269348145,0.059999942779541016,3.596750259399414,-6.686362266540527,21.826879501342773
1779121101893277240,1779121101891034392,2026-05-19T00:18:21.893+08:00,0.9962209463119507,-1.3148694038391113,0.04999995231628418,4.542257308959961,-6.150649547576904,14.344442367553711
1779121102126408856,1779121102089344568,2026-05-19T00:18:22.126+08:00,1.0227538347244263,-1.344680666923523,0.059999942779541016,4.765992641448975,-5.391152381896973,6.861328125
1779121102359473176,1779121102357144216,2026-05-19T00:18:22.359+08:00,1.0604937076568604,-1.3874870538711548,0.059999942779541016,3.93501615524292,-4.415690898895264,-2.3532869815826416
1779121102591600056,1779121102556797720,2026-05-19T00:18:22.591+08:00,1.0880687236785889,-1.4209513664245605,0.059999942779541016,2.973259210586548,-3.901555061340332,-8.677167892456055
1779121102795513368,1779121102756684888,2026-05-19T00:18:22.795+08:00,1.1161037683486938,-1.4516119956970215,0.04999995231628418,2.692279100418091,-3.5758683681488037,-14.334695816040039
1779121103025236728,1779121103006682936,2026-05-19T00:18:23.025+08:00,1.1555578708648682,-1.4839794635772705,0.059999942779541016,3.2923285961151123,-3.3520395755767822,-20.43323516845703
1779121103258231768,1779121103245860888,2026-05-19T00:18:23.258+08:00,1.1968693733215332,-1.5024436712265015,0.059999942779541016,4.357419967651367,-3.462263345718384,-24.885766983032227
1779121103458604920,1779121103446790872,2026-05-19T00:18:23.458+08:00,1.2312031984329224,-1.5173826217651367,0.04999995231628418,5.208888053894043,-3.4309186935424805,-29.803251266479492
1779121103659514776,1779121103620348408,2026-05-19T00:18:23.659+08:00,1.2580221891403198,-1.5277526378631592,0.04999995231628418,5.685137748718262,-3.232008695602417,-36.78752899169922
1779121103891815768,1779121103877958040,2026-05-19T00:18:23.891+08:00,1.2838962078094482,-1.5478554964065552,0.039999961853027344,5.8672871589660645,-2.7751920223236084,-47.77749252319336
1779121104091919640,1779121104078266936,2026-05-19T00:18:24.091+08:00,1.3028243780136108,-1.5655211210250854,0.04999995231628418,5.859838008880615,-2.388922929763794,-56.89854431152344
1779121104325248376,1779121104315653080,2026-05-19T00:18:24.325+08:00,1.331315279006958,-1.5796552896499634,0.029999971389770508,5.630670070648193,-2.1149282455444336,-67.05081176757812
1779121104558682136,1779121104550249944,2026-05-19T00:18:24.558+08:00,1.3606388568878174,-1.5925087928771973,0.029999971389770508,5.035621643066406,-2.0735859870910645,-75.88375091552734
1779121104791630328,1779121104752010296,2026-05-19T00:18:24.791+08:00,1.3888835906982422,-1.603256344795227,0.029999971389770508,4.363101005554199,-1.9921486377716064,-82.08048248291016
1779121104991962680,1779121104981139960,2026-05-19T00:18:24.991+08:00,1.4270163774490356,-1.6164966821670532,0.019999980926513672,4.12324333190918,-1.9684314727783203,-83.94125366210938
1779121105225092216,1779121105215712504,2026-05-19T00:18:25.225+08:00,1.4654000997543335,-1.6269313097000122,0.029999971389770508,6.094313621520996,-3.7836601734161377,-63.11697769165039
1779121105426665464,1779121105419810872,2026-05-19T00:18:25.426+08:00,1.5008248090744019,-1.6364881992340088,0.019999980926513672,5.929973125457764,-10.090840339660645,-4.097293853759766
1779121105660461240,1779121105648552952,2026-05-19T00:18:25.660+08:00,1.53440260887146,-1.650986909866333,0.009999990463256836,-5.0776872634887695,-7.648383617401123,126.6861801147461
1779121105892312824,1779121105876934712,2026-05-19T00:18:25.892+08:00,1.548072338104248,-1.6594734191894531,0.009999990463256836,-2.3656387329101562,-1.0472989082336426,-160.13722229003906
1779121106125973816,1779121106085718136,2026-05-19T00:18:26.125+08:00,1.5586357116699219,-1.665047526359558,0.009999990463256836,-0.8544096350669861,-0.4182361662387848,-138.78067016601562
1779121106358542584,1779121106355125272,2026-05-19T00:18:26.358+08:00,1.5656532049179077,-1.662721872329712,0.009999990463256836,-1.3063149452209473,-0.7637890577316284,-140.99444580078125
1779121106558767960,1779121106530609816,2026-05-19T00:18:26.558+08:00,1.5689005851745605,-1.6570223569869995,0.0,-1.5220468044281006,-1.382360816001892,-148.18203735351562
1779121106791671160,1779121106760776888,2026-05-19T00:18:26.791+08:00,1.576149582862854,-1.6511896848678589,0.0,-1.2680665254592896,-2.100804567337036,-154.46165466308594
1779121106992168056,1779121106982102744,2026-05-19T00:18:26.992+08:00,1.5871045589447021,-1.6563053131103516,-0.020000040531158447,-1.7394858598709106,-2.279454231262207,-152.65562438964844
1779121107225544152,1779121107215109112,2026-05-19T00:18:27.225+08:00,1.6052629947662354,-1.6654497385025024,-0.020000040531158447,-2.6907284259796143,-2.315768241882324,-146.19073486328125
1779121107458564952,1779121107456329976,2026-05-19T00:18:27.458+08:00,1.6347980499267578,-1.6676746606826782,-0.009999990463256836,-3.128946542739868,-2.25921630859375,-137.25633239746094
1779121107693503096,1779121107691264824,2026-05-19T00:18:27.693+08:00,1.6703938245773315,-1.6645539999008179,0.009999990463256836,-2.413341999053955,-2.2237203121185303,-128.2694091796875
1779121107925151160,1779121107918058392,2026-05-19T00:18:27.925+08:00,1.7083144187927246,-1.66286039352417,0.019999980926513672,-0.9715734720230103,-2.082566022872925,-120.82172393798828
1779121108158403224,1779121108155771384,2026-05-19T00:18:28.158+08:00,1.7515947818756104,-1.6579432487487793,0.029999971389770508,0.6056439280509949,-1.7525581121444702,-113.83919525146484
1779121108359082104,1779121108329989016,2026-05-19T00:18:28.359+08:00,1.782928705215454,-1.6531156301498413,0.029999971389770508,1.213919997215271,-1.5191792249679565,-109.358642578125
1779121108592695352,1779121108563932088,2026-05-19T00:18:28.592+08:00,1.824707269668579,-1.646679162979126,0.019999980926513672,1.147343635559082,-1.264940857887268,-104.17518615722656
1779121108826258296,1779121108819612024,2026-05-19T00:18:28.826+08:00,1.861446499824524,-1.6395004987716675,0.009999990463256836,-0.020630674436688423,-1.0951128005981445,-99.94866180419922
1779121109058156184,1779121109055765752,2026-05-19T00:18:29.058+08:00,1.8674705028533936,-1.6296523809432983,0.009999990463256836,-0.9773271679878235,-0.995483934879303,-96.56083679199219
1779121109258648472,1779121109236647928,2026-05-19T00:18:29.258+08:00,1.8754386901855469,-1.621767282485962,0.009999990463256836,-0.8933751583099365,-1.082370400428772,-94.66034698486328
1779121109492121240,1779121109475410392,2026-05-19T00:18:29.492+08:00,1.8888367414474487,-1.6090058088302612,0.019999980926513672,-0.5009654760360718,-1.4607746601104736,-92.83887481689453
1779121109725061208,1779121109711918616,2026-05-19T00:18:29.725+08:00,1.9004015922546387,-1.5957701206207275,0.009999990463256836,-0.7811294198036194,-0.9528270959854126,-93.987060546875
1779121109958953240,1779121109926508024,2026-05-19T00:18:29.958+08:00,1.8990942239761353,-1.5845420360565186,0.009999990463256836,-2.317434549331665,2.292656898498535,-102.29431915283203
1779121110192282616,1779121110166628696,2026-05-19T00:18:30.192+08:00,1.8984546661376953,-1.5706889629364014,0.0,-10.915665626525879,11.362980842590332,-136.5355224609375
1779121110426220920,1779121110405986552,2026-05-19T00:18:30.426+08:00,1.8981465101242065,-1.5542998313903809,-0.020000040531158447,-37.487117767333984,-0.02994748391211033,120.16370391845703
1779121110658863736,1779121110645840728,2026-05-19T00:18:30.658+08:00,1.8959094285964966,-1.5393781661987305,-0.009999990463256836,-13.770394325256348,-20.026124954223633,1.3030840158462524
1779121110892200600,1779121110866911576,2026-05-19T00:18:30.892+08:00,1.8993278741836548,-1.528930425643921,0.0,-2.262885093688965,-10.060444831848145,-45.330265045166016
1779121111092859544,1779121111064811512,2026-05-19T00:18:31.092+08:00,1.9014161825180054,-1.5211235284805298,0.009999990463256836,0.844629168510437,-5.5671868324279785,-62.388607025146484
1779121111325760632,1779121111305066584,2026-05-19T00:18:31.325+08:00,1.9061208963394165,-1.509220838546753,0.019999980926513672,3.2044103145599365,-3.7064948081970215,-72.47367095947266
1779121111558255992,1779121111540822840,2026-05-19T00:18:31.558+08:00,1.9102972745895386,-1.4948244094848633,0.009999990463256836,4.078993320465088,-3.1151387691497803,-78.08619689941406
1779121111758348600,1779121111742849176,2026-05-19T00:18:31.758+08:00,1.9124293327331543,-1.482362151145935,0.009999990463256836,3.4451563358306885,-2.7251014709472656,-81.11177825927734
1779121111958840216,1779121111932457560,2026-05-19T00:18:31.958+08:00,1.9144268035888672,-1.4708911180496216,0.0,2.015937566757202,-2.3020200729370117,-83.05680084228516
1779121112158950712,1779121112130808312,2026-05-19T00:18:32.158+08:00,1.9146515130996704,-1.4586448669433594,0.0,0.2032189816236496,-1.9409160614013672,-84.70860290527344
1779121112392592824,1779121112370811128,2026-05-19T00:18:32.392+08:00,1.9122307300567627,-1.4457275867462158,0.0,-1.4454879760742188,-1.586838960647583,-86.26744079589844
1779121112625780472,1779121112607336120,2026-05-19T00:18:32.625+08:00,1.909122347831726,-1.4331897497177124,0.0,-2.050877332687378,-1.1860591173171997,-87.47217559814453
1779121112858481432,1779121112829760216,2026-05-19T00:18:32.858+08:00,1.9085614681243896,-1.4222408533096313,0.009999990463256836,-1.979811191558838,-0.955891489982605,-88.27212524414062
1779121113058528760,1779121113026452280,2026-05-19T00:18:33.058+08:00,1.9085297584533691,-1.413289189338684,0.009999990463256836,-1.6492949724197388,-0.9119490385055542,-88.79320526123047
1779121113258548024,1779121113226715576,2026-05-19T00:18:33.258+08:00,1.9064356088638306,-1.4046075344085693,0.009999990463256836,-1.1115379333496094,-1.0024287700653076,-89.22261810302734
1779121113492057720,1779121113470533528,2026-05-19T00:18:33.492+08:00,1.9025663137435913,-1.3962767124176025,0.009999990463256836,-0.39068034291267395,-1.370465874671936,-89.64095306396484
1779121113692160504,1779121113668887096,2026-05-19T00:18:33.692+08:00,1.9027916193008423,-1.3909746408462524,0.019999980926513672,-0.012013209983706474,-1.790658950805664,-89.88996887207031
1779121113926053880,1779121113915152664,2026-05-19T00:18:33.926+08:00,1.903342604637146,-1.3856078386306763,0.019999980926513672,-0.12755177915096283,-2.202284574508667,-90.03652954101562
1779121114162337304,1779121114154054488,2026-05-19T00:18:34.162+08:00,1.901660680770874,-1.3808648586273193,0.009999990463256836,-0.5433453321456909,-2.561063051223755,-90.1494369506836
1779121114391614264,1779121114387682744,2026-05-19T00:18:34.391+08:00,1.900325894355774,-1.3768973350524902,0.019999980926513672,-0.923456072807312,-2.9443089962005615,-90.29570770263672
1779121114591658328,1779121114587566968,2026-05-19T00:18:34.591+08:00,1.8991901874542236,-1.3747546672821045,0.019999980926513672,-1.0724117755889893,-3.109509229660034,-90.39120483398438
1779121114791973720,1779121114761783256,2026-05-19T00:18:34.791+08:00,1.898258090019226,-1.37353515625,0.019999980926513672,-0.9899012446403503,-3.066361665725708,-90.45452117919922
1779121114992160920,1779121114981845688,2026-05-19T00:18:34.992+08:00,1.8989291191101074,-1.3734735250473022,0.029999971389770508,-0.820562481880188,-2.9381487369537354,-90.51173400878906
1779121115226078680,1779121115214849560,2026-05-19T00:18:35.226+08:00,1.8996366262435913,-1.3742449283599854,0.029999971389770508,-0.7261399030685425,-2.84102725982666,-90.5357894897461
1779121115458475096,1779121115451216536,2026-05-19T00:18:35.458+08:00,1.898800253868103,-1.3754196166992188,0.029999971389770508,-0.5991590023040771,-2.6434664726257324,-90.53217315673828
1779121115691691416,1779121115684299256,2026-05-19T00:18:35.691+08:00,1.898424744606018,-1.3773988485336304,0.039999961853027344,-0.6131768226623535,-2.4349656105041504,-90.54446411132812
1779121115925973560,1779121115906680312,2026-05-19T00:18:35.925+08:00,1.899356484413147,-1.3802553415298462,0.039999961853027344,-0.7215123176574707,-2.256843328475952,-90.56958770751953
1779121116158637944,1779121116145787992,2026-05-19T00:18:36.158+08:00,1.8998290300369263,-1.3841947317123413,0.039999961853027344,-0.96235591173172,-2.0722408294677734,-90.5480728149414
1779121116391742648,1779121116385828920,2026-05-19T00:18:36.391+08:00,1.898821473121643,-1.3882691860198975,0.039999961853027344,-1.219359040260315,-1.9402590990066528,-90.50172424316406
1779121116592063416,1779121116588008504,2026-05-19T00:18:36.592+08:00,1.8983458280563354,-1.39089834690094,0.039999961853027344,-1.2104527950286865,-1.9195852279663086,-90.47193908691406
1779121116792242168,1779121116752376312,2026-05-19T00:18:36.792+08:00,1.8984596729278564,-1.3927143812179565,0.04999995231628418,-1.0671218633651733,-1.9322737455368042,-90.46064758300781
1779121117025152248,1779121117011873176,2026-05-19T00:18:37.025+08:00,1.8990802764892578,-1.3965134620666504,0.04999995231628418,-0.7757276296615601,-1.9184989929199219,-90.46903228759766
1779121117258352952,1779121117255968216,2026-05-19T00:18:37.258+08:00,1.9002586603164673,-1.4001952409744263,0.04999995231628418,-0.5759889483451843,-1.843732476234436,-90.48150634765625
1779121117458517336,1779121117421054136,2026-05-19T00:18:37.458+08:00,1.901058554649353,-1.4018280506134033,0.04999995231628418,-0.5646023750305176,-1.833006501197815,-90.42823791503906
1779121117692506584,1779121117688729176,2026-05-19T00:18:37.692+08:00,1.89995539188385,-1.4036142826080322,0.04999995231628418,-0.7312992811203003,-1.8892309665679932,-90.4277114868164
1779121117931352216,1779121117913980056,2026-05-19T00:18:37.931+08:00,1.899272084236145,-1.405339241027832,0.04999995231628418,-0.8169295787811279,-1.915544867515564,-90.45083618164062
1779121118158408760,1779121118150810712,2026-05-19T00:18:38.158+08:00,1.8989934921264648,-1.4075427055358887,0.04999995231628418,-0.7666555047035217,-1.9359378814697266,-90.47516632080078
1779121118391647096,1779121118385650968,2026-05-19T00:18:38.391+08:00,1.8981313705444336,-1.409531593322754,0.059999942779541016,-0.6950913667678833,-1.965874433517456,-90.46089172363281
1779121118592127352,1779121118589790296,2026-05-19T00:18:38.592+08:00,1.8982394933700562,-1.4115551710128784,0.059999942779541016,-0.6171419620513916,-1.931384801864624,-90.42367553710938
1779121118826606616,1779121118812147640,2026-05-19T00:18:38.826+08:00,1.8985850811004639,-1.413754940032959,0.06999993324279785,-0.5533219575881958,-1.8622429370880127,-90.39006042480469
1779121119058718328,1779121119041783736,2026-05-19T00:18:39.058+08:00,1.898182988166809,-1.415235161781311,0.06999993324279785,-0.5118516683578491,-1.7881016731262207,-90.3405990600586
1779121119292118200,1779121119273702744,2026-05-19T00:18:39.292+08:00,1.8982969522476196,-1.415704369544983,0.059999942779541016,-0.4981352984905243,-1.7446485757827759,-90.33987426757812
1779121119492607640,1779121119473999544,2026-05-19T00:18:39.492+08:00,1.8979508876800537,-1.4163188934326172,0.059999942779541016,-0.5603772401809692,-1.7659839391708374,-90.3177719116211
1779121119725361432,1779121119706949976,2026-05-19T00:18:39.725+08:00,1.8972207307815552,-1.4170628786087036,0.06999993324279785,-0.5489924550056458,-1.7886402606964111,-90.31853485107422
1779121119959377112,1779121119953469496,2026-05-19T00:18:39.959+08:00,1.8972238302230835,-1.4180974960327148,0.059999942779541016,-0.486009418964386,-1.7452560663223267,-90.34435272216797
1779121120191689208,1779121120156815448,2026-05-19T00:18:40.191+08:00,1.898126244544983,-1.4186757802963257,0.059999942779541016,-0.4667471647262573,-1.7232431173324585,-90.33704376220703
1779121120391830712,1779121120360564984,2026-05-19T00:18:40.391+08:00,1.8988960981369019,-1.4179048538208008,0.059999942779541016,-0.5787737369537354,-1.7833751440048218,-90.32357788085938
1779121120625110008,1779121120592279800,2026-05-19T00:18:40.625+08:00,1.8979498147964478,-1.4170118570327759,0.059999942779541016,-0.7297978401184082,-1.856195092201233,-90.34909057617188
1779121120858333528,1779121120847827448,2026-05-19T00:18:40.858+08:00,1.897868275642395,-1.416259527206421,0.059999942779541016,-0.7522693872451782,-1.8495512008666992,-90.40372467041016
1779121121058487512,1779121121053403160,2026-05-19T00:18:41.058+08:00,1.8983697891235352,-1.4164315462112427,0.059999942779541016,-0.7481335997581482,-1.818282127380371,-90.465576171875
1779121121259549784,1779121121230894712,2026-05-19T00:18:41.259+08:00,1.898306965827942,-1.4165887832641602,0.059999942779541016,-0.6963509917259216,-1.7933917045593262,-90.49153137207031
1779121121492405336,1779121121460027512,2026-05-19T00:18:41.492+08:00,1.8976868391036987,-1.4158440828323364,0.06999993324279785,-0.6249775290489197,-1.8156113624572754,-90.5708999633789
1779121121724837016,1779121121694435608,2026-05-19T00:18:41.724+08:00,1.8982126712799072,-1.4153881072998047,0.04999995231628418,-0.5898947715759277,-1.8522322177886963,-90.62632751464844
1779121121925365592,1779121121914516216,2026-05-19T00:18:41.925+08:00,1.8985493183135986,-1.4148021936416626,0.04999995231628418,-0.5923376083374023,-1.787333607673645,-90.61680603027344
1779121122158405144,1779121122150554232,2026-05-19T00:18:42.158+08:00,1.897599458694458,-1.414757490158081,0.059999942779541016,-0.6641421914100647,-1.720548391342163,-90.61548614501953
1779121122358777912,1779121122347256568,2026-05-19T00:18:42.358+08:00,1.8971079587936401,-1.4144017696380615,0.059999942779541016,-0.701466977596283,-1.7217895984649658,-90.62648010253906
1779121122592014232,1779121122586704248,2026-05-19T00:18:42.592+08:00,1.8972142934799194,-1.413358449935913,0.04999995231628418,-0.6911141276359558,-1.7137839794158936,-90.61103057861328
1779121122825151128,1779121122817516440,2026-05-19T00:18:42.825+08:00,1.8971960544586182,-1.4123835563659668,0.059999942779541016,-0.698087215423584,-1.7067513465881348,-90.62660217285156
1779121123026170424,1779121123016070232,2026-05-19T00:18:43.026+08:00,1.8973747491836548,-1.4116331338882446,0.04999995231628418,-0.7273014783859253,-1.7445857524871826,-90.63288879394531
1779121123258277944,1779121123254246744,2026-05-19T00:18:43.258+08:00,1.8975098133087158,-1.4108941555023193,0.059999942779541016,-0.7519650459289551,-1.7979741096496582,-90.61750793457031
1779121123492716728,1779121123491041080,2026-05-19T00:18:43.492+08:00,1.8974401950836182,-1.4111415147781372,0.04999995231628418,-0.7169811725616455,-1.7551190853118896,-90.62345123291016
1779121123725051096,1779121123721393688,2026-05-19T00:18:43.725+08:00,1.8978172540664673,-1.4114599227905273,0.04999995231628418,-0.7026922106742859,-1.7717945575714111,-90.6934585571289
1779121123958475800,1779121123951800792,2026-05-19T00:18:43.958+08:00,1.8980588912963867,-1.4109374284744263,0.04999995231628418,-0.7092391848564148,-1.8448621034622192,-90.66603088378906
1779121124158885496,1779121124127152120,2026-05-19T00:18:44.158+08:00,1.8976033926010132,-1.4100046157836914,0.04999995231628418,-0.756996214389801,-1.8525718450546265,-90.68504333496094
1779121124358909016,1779121124330745464,2026-05-19T00:18:44.358+08:00,1.897190809249878,-1.40975821018219,0.04999995231628418,-0.8021069169044495,-1.7989563941955566,-90.63525390625
1779121124591567096,1779121124565531704,2026-05-19T00:18:44.591+08:00,1.897271990776062,-1.4098340272903442,0.04999995231628418,-0.8509238958358765,-1.758756399154663,-90.63325500488281
1779121124792841400,1779121124764588152,2026-05-19T00:18:44.792+08:00,1.8980402946472168,-1.4097075462341309,0.04999995231628418,-0.8486592769622803,-1.7562400102615356,-90.35645294189453
1779121125025812472,1779121124981025016,2026-05-19T00:18:45.025+08:00,1.89950692653656,-1.4120723009109497,0.04999995231628418,-0.7064674496650696,-1.7498748302459717,-90.03549194335938
1779121125258360056,1779121125255062968,2026-05-19T00:18:45.258+08:00,1.9011619091033936,-1.419985055923462,0.04999995231628418,-0.44616878032684326,-1.6862305402755737,-89.76553344726562
1779121125458610232,1779121125455467992,2026-05-19T00:18:45.458+08:00,1.902853012084961,-1.427670955657959,0.04999995231628418,-0.3169972002506256,-1.7026987075805664,-89.63383483886719
1779121125692142200,1779121125667402680,2026-05-19T00:18:45.692+08:00,1.9051430225372314,-1.4367057085037231,0.04999995231628418,-0.3220207989215851,-1.759484052658081,-89.50336456298828
1779121125924855896,1779121125914662488,2026-05-19T00:18:45.924+08:00,1.9063433408737183,-1.447591781616211,0.04999995231628418,-0.5303202271461487,-1.8031646013259888,-89.37861633300781
1779121126125349336,1779121126115531544,2026-05-19T00:18:46.125+08:00,1.9055628776550293,-1.4588679075241089,0.04999995231628418,-0.7176123261451721,-1.854723334312439,-89.27767944335938
1779121126358135288,1779121126351624120,2026-05-19T00:18:46.358+08:00,1.9046037197113037,-1.4740391969680786,0.04999995231628418,-0.6614994406700134,-1.841441035270691,-89.20288848876953
1779121126559669656,1779121126521120440,2026-05-19T00:18:46.559+08:00,1.9054923057556152,-1.4855940341949463,0.04999995231628418,-0.46264728903770447,-1.8057788610458374,-89.23320770263672
1779121126791939736,1779121126756727096,2026-05-19T00:18:46.791+08:00,1.9067600965499878,-1.499890685081482,0.04999995231628418,-0.32159456610679626,-1.8244969844818115,-89.24494934082031
1779121126992070744,1779121126990046424,2026-05-19T00:18:46.992+08:00,1.9064987897872925,-1.5148831605911255,0.04999995231628418,-0.2805229425430298,-1.804348349571228,-89.23587036132812
1779121127225543992,1779121127188373720,2026-05-19T00:18:47.225+08:00,1.9057990312576294,-1.5282683372497559,0.04999995231628418,-0.37698304653167725,-1.7936311960220337,-89.2072525024414
1779121127425804664,1779121127396386232,2026-05-19T00:18:47.425+08:00,1.906316876411438,-1.5430363416671753,0.039999961853027344,-0.5424217581748962,-1.7620912790298462,-89.17715454101562
1779121127658609528,1779121127627600088,2026-05-19T00:18:47.658+08:00,1.9059473276138306,-1.5609924793243408,0.039999961853027344,-0.6707016229629517,-1.6140235662460327,-89.14437103271484
1779121127891831448,1779121127882826968,2026-05-19T00:18:47.891+08:00,1.9044303894042969,-1.5798228979110718,0.039999961853027344,-0.7180870175361633,-1.5720608234405518,-89.22674560546875
1779121128092001912,1779121128085633240,2026-05-19T00:18:48.092+08:00,1.9052611589431763,-1.5936838388442993,0.039999961853027344,-0.6773117184638977,-1.6004183292388916,-89.25223541259766
1779121128295801016,1779121128289726296,2026-05-19T00:18:48.295+08:00,1.9066110849380493,-1.6073271036148071,0.039999961853027344,-0.6041802167892456,-1.537637710571289,-89.26411437988281
1779121128524896856,1779121128494240088,2026-05-19T00:18:48.524+08:00,1.9063289165496826,-1.6226439476013184,0.039999961853027344,-0.670327365398407,-1.4451895952224731,-89.29580688476562
1779121128725108632,1779121128697507896,2026-05-19T00:18:48.725+08:00,1.9051858186721802,-1.6385685205459595,0.039999961853027344,-0.7999185919761658,-1.4024652242660522,-89.31709289550781
1779121128958546520,1779121128950838808,2026-05-19T00:18:48.958+08:00,1.9051769971847534,-1.6597906351089478,0.039999961853027344,-0.8307052254676819,-1.289147973060608,-89.30525970458984
1779121129191484440,1779121129183868792,2026-05-19T00:18:49.191+08:00,1.9060200452804565,-1.6795276403427124,0.039999961853027344,-0.8824321031570435,-1.2883284091949463,-89.3153305053711
1779121129391743192,1779121129388077432,2026-05-19T00:18:49.391+08:00,1.905059814453125,-1.6967328786849976,0.039999961853027344,-0.920677900314331,-1.3572475910186768,-89.3248519897461
1779121129591793656,1779121129584542328,2026-05-19T00:18:49.591+08:00,1.9042552709579468,-1.7138917446136475,0.039999961853027344,-0.8483037352561951,-1.2913979291915894,-89.3463134765625
1779121129825093880,1779121129809441496,2026-05-19T00:18:49.825+08:00,1.9037662744522095,-1.732598066329956,0.029999971389770508,-0.60994553565979,-1.2297736406326294,-89.43177032470703
1779121130025478872,1779121130011493240,2026-05-19T00:18:50.025+08:00,1.904768943786621,-1.7499449253082275,0.039999961853027344,-0.4479442536830902,-1.271272897720337,-89.48204040527344
1779121130258699640,1779121130249464472,2026-05-19T00:18:50.258+08:00,1.9075177907943726,-1.770340085029602,0.039999961853027344,-0.6178163886070251,-1.2401684522628784,-89.51345825195312
1779121130491796856,1779121130484572472,2026-05-19T00:18:50.491+08:00,1.9059675931930542,-1.7900683879852295,0.039999961853027344,-0.9630915522575378,-1.247073769569397,-89.51537322998047
1779121130692257208,1779121130684499096,2026-05-19T00:18:50.692+08:00,1.9052993059158325,-1.8077337741851807,0.039999961853027344,-1.07541024684906,-1.2884272336959839,-89.5128173828125
1779121130924702936,1779121130917675896,2026-05-19T00:18:50.924+08:00,1.9053642749786377,-1.828180193901062,0.029999971389770508,-1.0668221712112427,-1.2635912895202637,-89.53146362304688
1779121131125126680,1779121131116553560,2026-05-19T00:18:51.125+08:00,1.9064340591430664,-1.8478472232818604,0.029999971389770508,-1.008865237236023,-1.2236864566802979,-89.50530242919922
1779121131325302360,1779121131316565880,2026-05-19T00:18:51.325+08:00,1.9059836864471436,-1.8663380146026611,0.039999961853027344,-1.1476434469223022,-1.2861542701721191,-89.45269775390625
1779121131559097432,1779121131557217400,2026-05-19T00:18:51.559+08:00,1.9017335176467896,-1.888616681098938,0.029999971389770508,-1.3433655500411987,-1.486680507659912,-89.49166870117188
1779121131792498968,1779121131753581912,2026-05-19T00:18:51.792+08:00,1.8991237878799438,-1.907831072807312,0.029999971389770508,-1.2424572706222534,-1.677466869354248,-89.54509735107422
1779121132026949464,1779121132007192824,2026-05-19T00:18:52.026+08:00,1.8987011909484863,-1.9331313371658325,0.039999961853027344,-1.0230261087417603,-1.701797604560852,-89.63955688476562
1779121132259312536,1779121132242646072,2026-05-19T00:18:52.259+08:00,1.89705228805542,-1.9577828645706177,0.029999971389770508,-0.8392688035964966,-1.713509440422058,-89.73709106445312
1779121132491668632,1779121132485566296,2026-05-19T00:18:52.491+08:00,1.8966095447540283,-1.9825267791748047,0.029999971389770508,-0.7142735719680786,-1.7333863973617554,-89.90106201171875
1779121132725423864,1779121132721287192,2026-05-19T00:18:52.725+08:00,1.8968952894210815,-2.0058186054229736,0.029999971389770508,-0.8018715977668762,-1.6803231239318848,-89.99462127685547
1779121132925899416,1779121132910803736,2026-05-19T00:18:52.925+08:00,1.8954976797103882,-2.024094581604004,0.039999961853027344,-0.9409084916114807,-1.59685480594635,-90.05050659179688
1779121133127343512,1779121133113602680,2026-05-19T00:18:53.127+08:00,1.8948338031768799,-2.0443780422210693,0.039999961853027344,-1.0709760189056396,-1.449917197227478,-90.06549072265625
1779121133358146008,1779121133345595032,2026-05-19T00:18:53.358+08:00,1.8967280387878418,-2.0687057971954346,0.039999961853027344,-1.1698304414749146,-1.3531737327575684,-90.06016540527344
1779121133559342872,1779121133548610296,2026-05-19T00:18:53.559+08:00,1.8962397575378418,-2.0887703895568848,0.039999961853027344,-1.2896357774734497,-1.336366891860962,-90.03856658935547
1779121133794872152,1779121133751594584,2026-05-19T00:18:53.794+08:00,1.8940403461456299,-2.1082000732421875,0.039999961853027344,-1.3187042474746704,-1.2952083349227905,-89.97267150878906
1779121134025150168,1779121134016566968,2026-05-19T00:18:54.025+08:00,1.8906543254852295,-2.13346004486084,0.039999961853027344,-1.0038275718688965,-1.2680565118789673,-89.93402099609375
1779121134225185400,1779121134214629560,2026-05-19T00:18:54.225+08:00,1.8906863927841187,-2.1535396575927734,0.04999995231628418,-0.6109325885772705,-1.2763094902038574,-89.92171478271484
1779121134425362072,1779121134419337304,2026-05-19T00:18:54.425+08:00,1.895784616470337,-2.1747794151306152,0.04999995231628418,-0.4399486780166626,-1.3797544240951538,-89.91385650634766
1779121134658173976,1779121134629298840,2026-05-19T00:18:54.658+08:00,1.8989447355270386,-2.1970276832580566,0.039999961853027344,-0.8352057337760925,-1.5572081804275513,-89.88410949707031
1779121134860067480,1779121134842216984,2026-05-19T00:18:54.860+08:00,1.901637077331543,-2.2192466259002686,0.04999995231628418,-1.491821050643921,-1.6622414588928223,-89.84529876708984
1779121135092053016,1779121135080250936,2026-05-19T00:18:55.092+08:00,1.904573917388916,-2.243485450744629,0.039999961853027344,-2.0775554180145264,-1.7053592205047607,-89.8387451171875
1779121135293382552,1779121135281577560,2026-05-19T00:18:55.293+08:00,1.907021403312683,-2.2636847496032715,0.039999961853027344,-2.3146162033081055,-1.6927611827850342,-89.8310775756836
1779121135525531032,1779121135489354680,2026-05-19T00:18:55.525+08:00,1.9041212797164917,-2.2783803939819336,0.039999961853027344,-2.4031121730804443,-1.590529203414917,-89.80247497558594
1779121135758893688,1779121135727456408,2026-05-19T00:18:55.758+08:00,1.8924261331558228,-2.2862391471862793,0.039999961853027344,-1.8431367874145508,-1.4601497650146484,-89.89227294921875
1779121135959999288,1779121135949580216,2026-05-19T00:18:55.959+08:00,1.8892651796340942,-2.2919838428497314,0.059999942779541016,-0.47545769810676575,-1.4389692544937134,-89.92176818847656
1779121136191544504,1779121136185877496,2026-05-19T00:18:56.191+08:00,1.895472764968872,-2.2956864833831787,0.04999995231628418,0.595350444316864,-1.537843108177185,-89.92940521240234
1779121136392008440,1779121136389428888,2026-05-19T00:18:56.392+08:00,1.897619605064392,-2.2976255416870117,0.04999995231628418,0.6458634734153748,-1.6411030292510986,-89.99434661865234
1779121136625450360,1779121136600501336,2026-05-19T00:18:56.625+08:00,1.8956812620162964,-2.2977185249328613,0.029999971389770508,0.0533350445330143,-1.6236625909805298,-90.08554077148438
1779121136858940312,1779121136848730008,2026-05-19T00:18:56.858+08:00,1.8936395645141602,-2.2964744567871094,0.039999961853027344,-0.811254620552063,-1.5339025259017944,-90.23159790039062
1779121137091731320,1779121137084370008,2026-05-19T00:18:57.091+08:00,1.8933767080307007,-2.2945804595947266,0.029999971389770508,-1.4748039245605469,-1.4689074754714966,-90.18927001953125
1779121137324837688,1779121137322588632,2026-05-19T00:18:57.324+08:00,1.8931139707565308,-2.292686700820923,0.029999971389770508,-1.69736647605896,-1.426992416381836,-90.09374237060547
1779121137526375480,1779121137523697848,2026-05-19T00:18:57.526+08:00,1.8941320180892944,-2.288892984390259,0.039999961853027344,-1.641830325126648,-1.4038913249969482,-90.01351165771484
1779121137758838104,1779121137729729144,2026-05-19T00:18:57.758+08:00,1.8959406614303589,-2.2836825847625732,0.039999961853027344,-1.4313024282455444,-1.4597065448760986,-89.92135620117188
1779121137992140632,1779121137983403224,2026-05-19T00:18:57.992+08:00,1.898292064666748,-2.276909351348877,0.039999961853027344,-1.0963728427886963,-1.6219604015350342,-89.8270492553711
1779121138225051992,1779121138223073656,2026-05-19T00:18:58.225+08:00,1.9004626274108887,-2.2706573009490967,0.039999961853027344,-1.0431358814239502,-1.605189323425293,-89.80677795410156
1779121138425142040,1779121138394647416,2026-05-19T00:18:58.425+08:00,1.9019097089767456,-2.266488790512085,0.029999971389770508,-1.1697276830673218,-1.564387559890747,-89.79800415039062
1779121138625497144,1779121138597770360,2026-05-19T00:18:58.625+08:00,1.8990254402160645,-2.258347749710083,0.039999961853027344,-1.370020866394043,-1.5854862928390503,-89.80117797851562
1779121138825961208,1779121138817314648,2026-05-19T00:18:58.825+08:00,1.8947030305862427,-2.2486886978149414,0.04999995231628418,-1.277297854423523,-1.669236660003662,-89.88485717773438
1779121139058542328,1779121139051368056,2026-05-19T00:18:59.058+08:00,1.890431523323059,-2.2383017539978027,0.04999995231628418,-0.8301520347595215,-1.6944295167922974,-89.93289947509766
1779121139258650104,1779121139221374968,2026-05-19T00:18:59.258+08:00,1.8872277736663818,-2.2305116653442383,0.04999995231628418,-0.5091360211372375,-1.6649538278579712,-89.93299865722656
1779121139458798296,1779121139423676248,2026-05-19T00:18:59.458+08:00,1.8836681842803955,-2.2218563556671143,0.04999995231628418,-0.24228022992610931,-1.7562483549118042,-89.9009780883789
1779121139692359768,1779121139660074584,2026-05-19T00:18:59.692+08:00,1.893867015838623,-2.216226816177368,0.059999942779541016,-0.09386788308620453,-1.9958463907241821,-89.84204864501953
1779121139925000760,1779121139913381048,2026-05-19T00:18:59.925+08:00,1.909980058670044,-2.2119154930114746,0.039999961853027344,-1.087802767753601,-2.133892774581909,-89.6209945678711
1779121140125022840,1779121140113791832,2026-05-19T00:19:00.125+08:00,1.9077305793762207,-2.2101964950561523,0.029999971389770508,-2.3952598571777344,-2.130587339401245,-89.34461975097656
1779121140358306424,1779121140351362456,2026-05-19T00:19:00.358+08:00,1.8971635103225708,-2.2091562747955322,0.039999961853027344,-3.0378782749176025,-2.337230682373047,-89.3034896850586
1779121140592741656,1779121140555197848,2026-05-19T00:19:00.592+08:00,1.8949507474899292,-2.208158016204834,0.039999961853027344,-2.5450704097747803,-2.5587055683135986,-89.50704193115234
1779121140825932408,1779121140821232440,2026-05-19T00:19:00.825+08:00,1.8990141153335571,-2.2078514099121094,0.039999961853027344,-1.3093150854110718,-2.799682140350342,-89.72783660888672
1779121141058210360,1779121141054093752,2026-05-19T00:19:01.058+08:00,1.8997938632965088,-2.209998607635498,0.04999995231628418,-0.7825046181678772,-2.884492874145508,-89.85214233398438
1779121141258391512,1779121141254510040,2026-05-19T00:19:01.258+08:00,1.898708701133728,-2.211839437484741,0.039999961853027344,-0.725665271282196,-2.7869911193847656,-89.89671325683594
1779121141492360280,1779121141455030392,2026-05-19T00:19:01.492+08:00,1.8975433111190796,-2.2128875255584717,0.04999995231628418,-0.8397564888000488,-2.61151123046875,-89.93310546875
1779121141692417720,1779121141656422744,2026-05-19T00:19:01.692+08:00,1.8972347974777222,-2.213501214981079,0.04999995231628418,-1.0245994329452515,-2.3882341384887695,-89.94303894042969
1779121141925379608,1779121141917599672,2026-05-19T00:19:01.925+08:00,1.896971583366394,-2.2146992683410645,0.04999995231628418,-1.2783604860305786,-1.9943124055862427,-89.95150756835938
1779121142158015384,1779121142153314488,2026-05-19T00:19:02.158+08:00,1.8968112468719482,-2.2161595821380615,0.04999995231628418,-1.4841004610061646,-1.6420737504959106,-89.98104095458984
1779121142358789016,1779121142356128248,2026-05-19T00:19:02.358+08:00,1.8965667486190796,-2.2172930240631104,0.04999995231628418,-1.4787436723709106,-1.4589118957519531,-89.98698425292969
1779121142594115192,1779121142556530104,2026-05-19T00:19:02.594+08:00,1.896207332611084,-2.2182822227478027,0.059999942779541016,-1.3410815000534058,-1.3810019493103027,-89.98699951171875
1779121142825333816,1779121142820058456,2026-05-19T00:19:02.825+08:00,1.897191047668457,-2.2194125652313232,0.059999942779541016,-1.1837679147720337,-1.4454954862594604,-89.99545288085938
1779121143058571672,1779121143054598776,2026-05-19T00:19:03.058+08:00,1.897479772567749,-2.219403028488159,0.059999942779541016,-1.136517882347107,-1.6644549369812012,-89.96907806396484
1779121143258979800,1779121143254413432,2026-05-19T00:19:03.258+08:00,1.8968960046768188,-2.219975709915161,0.059999942779541016,-1.1760190725326538,-1.8479316234588623,-89.97647857666016
1779121143491510808,1779121143482712536,2026-05-19T00:19:03.491+08:00,1.896228551864624,-2.221266031265259,0.059999942779541016,-1.2634737491607666,-2.0809216499328613,-90.09120178222656
1779121143691622616,1779121143684800120,2026-05-19T00:19:03.691+08:00,1.8965656757354736,-2.2220096588134766,0.04999995231628418,-1.2318099737167358,-2.2565970420837402,-90.0858154296875
1779121143891862392,1779121143875470424,2026-05-19T00:19:03.891+08:00,1.8970328569412231,-2.2226574420928955,0.059999942779541016,-1.184779405593872,-2.293306350708008,-90.12443542480469
1779121144125566136,1779121144117389336,2026-05-19T00:19:04.125+08:00,1.8980963230133057,-2.2237143516540527,0.06999993324279785,-1.2442138195037842,-2.2856225967407227,-90.08719635009766
1779121144326962232,1779121144314394424,2026-05-19T00:19:04.326+08:00,1.8980647325515747,-2.223802328109741,0.059999942779541016,-1.3554363250732422,-2.2956299781799316,-90.049560546875
1779121144558631800,1779121144551427096,2026-05-19T00:19:04.558+08:00,1.896834373474121,-2.223539352416992,0.059999942779541016,-1.321610927581787,-2.181248903274536,-90.0293960571289
1779121144759624056,1779121144755373944,2026-05-19T00:19:04.759+08:00,1.8965129852294922,-2.223726749420166,0.06999993324279785,-1.167738437652588,-2.0119104385375977,-90.00131225585938
1779121144992029080,1779121144983651864,2026-05-19T00:19:04.992+08:00,1.897950530052185,-2.224644422531128,0.059999942779541016,-1.009671688079834,-1.8261888027191162,-90.03431701660156
1779121145225741240,1779121145220257560,2026-05-19T00:19:05.225+08:00,1.8991801738739014,-2.2253952026367188,0.059999942779541016,-1.0567786693572998,-1.7066433429718018,-90.00395202636719
1779121145458463448,1779121145422293208,2026-05-19T00:19:05.458+08:00,1.8984004259109497,-2.225019693374634,0.059999942779541016,-1.2113231420516968,-1.6838788986206055,-89.96583557128906
1779121145691759512,1779121145656146648,2026-05-19T00:19:05.691+08:00,1.8968302011489868,-2.224100112915039,0.059999942779541016,-1.2778823375701904,-1.6843554973602295,-89.94435119628906
1779121145891877848,1779121145879317880,2026-05-19T00:19:05.891+08:00,1.8972527980804443,-2.223436117172241,0.06999993324279785,-1.2110562324523926,-1.7163275480270386,-89.96086883544922
1779121146125327128,1779121146119236440,2026-05-19T00:19:06.125+08:00,1.8972089290618896,-2.2223405838012695,0.06999993324279785,-1.1539616584777832,-1.7780628204345703,-89.9292984008789
1779121146326283928,1779121146315312664,2026-05-19T00:19:06.326+08:00,1.8966679573059082,-2.221794366836548,0.059999942779541016,-1.1538152694702148,-1.8154710531234741,-89.91862487792969
1779121146558937016,1779121146526647896,2026-05-19T00:19:06.558+08:00,1.8965725898742676,-2.221381425857544,0.059999942779541016,-1.1404740810394287,-1.8970081806182861,-89.92200469970703
1779121146791568312,1779121146765335064,2026-05-19T00:19:06.791+08:00,1.8968571424484253,-2.220918655395508,0.059999942779541016,-1.1165611743927002,-2.0263357162475586,-89.9405517578125
1779121146992052056,1779121146960124344,2026-05-19T00:19:06.992+08:00,1.8972058296203613,-2.2213566303253174,0.059999942779541016,-1.1564481258392334,-2.072455406188965,-89.97160339355469
1779121147225179800,1779121147196772120,2026-05-19T00:19:07.225+08:00,1.897087574005127,-2.221787691116333,0.059999942779541016,-1.3034623861312866,-2.059109687805176,-89.93187713623047
1779121147458200536,1779121147432181880,2026-05-19T00:19:07.458+08:00,1.8962562084197998,-2.222148895263672,0.059999942779541016,-1.4137285947799683,-2.0159099102020264,-89.89197540283203
1779121147658699544,1779121147638183704,2026-05-19T00:19:07.658+08:00,1.895923137664795,-2.221898078918457,0.059999942779541016,-1.3807978630065918,-2.031331777572632,-89.92453002929688
1779121147891794520,1779121147860577336,2026-05-19T00:19:07.891+08:00,1.8964812755584717,-2.2212185859680176,0.059999942779541016,-1.2755942344665527,-2.0525572299957275,-89.93898010253906
1779121148091853912,1779121148063987768,2026-05-19T00:19:08.091+08:00,1.8970564603805542,-2.221191644668579,0.059999942779541016,-1.2350597381591797,-1.9431641101837158,-89.9561767578125
1779121148291882264,1779121148263939960,2026-05-19T00:19:08.291+08:00,1.89698326587677,-2.2211897373199463,0.059999942779541016,-1.2333252429962158,-1.8323875665664673,-89.95843505859375
1779121148525370136,1779121148497764920,2026-05-19T00:19:08.525+08:00,1.89646315574646,-2.2206032276153564,0.059999942779541016,-1.2146915197372437,-1.8761996030807495,-89.91915893554688
1779121148758514904,1779121148729015832,2026-05-19T00:19:08.758+08:00,1.8969063758850098,-2.2197139263153076,0.059999942779541016,-1.2056663036346436,-1.933032512664795,-89.9391860961914
1779121148991877720,1779121148984175608,2026-05-19T00:19:08.991+08:00,1.8976320028305054,-2.220181941986084,0.04999995231628418,-1.325010061264038,-1.858426570892334,-89.99833679199219
1779121149225481944,1779121149214111256,2026-05-19T00:19:09.225+08:00,1.8967716693878174,-2.2204575538635254,0.04999995231628418,-1.4501043558120728,-1.8858263492584229,-90.02818298339844
1779121149459274072,1779121149448270488,2026-05-19T00:19:09.459+08:00,1.8963135480880737,-2.220454454421997,0.04999995231628418,-1.553902268409729,-2.0190582275390625,-90.02104949951172
1779121149692280888,1779121149683250040,2026-05-19T00:19:09.692+08:00,1.896795630455017,-2.2201108932495117,0.04999995231628418,-1.5792155265808105,-2.091869831085205,-90.01641082763672
1779121149924899128,1779121149913029368,2026-05-19T00:19:09.924+08:00,1.8972461223602295,-2.219883918762207,0.04999995231628418,-1.558333158493042,-2.0953774452209473,-89.99549102783203
1779121150124984632,1779121150115807032,2026-05-19T00:19:10.124+08:00,1.8971405029296875,-2.2197866439819336,0.04999995231628418,-1.5549228191375732,-2.0973713397979736,-89.95487976074219
1779121150358574968,1779121150350368152,2026-05-19T00:19:10.358+08:00,1.8961910009384155,-2.219729423522949,0.059999942779541016,-1.5007030963897705,-2.099264621734619,-90.08439636230469
1779121150591714200,1779121150588575288,2026-05-19T00:19:10.591+08:00,1.8960132598876953,-2.2202234268188477,0.059999942779541016,-1.4124737977981567,-2.0748088359832764,-90.0685806274414
1779121150827668632,1779121150812033272,2026-05-19T00:19:10.827+08:00,1.896570086479187,-2.2206790447235107,0.059999942779541016,-1.364864706993103,-2.0225846767425537,-89.9720230102539
1779121151058952920,1779121151043023128,2026-05-19T00:19:11.058+08:00,1.896709680557251,-2.2220845222473145,0.059999942779541016,-1.387967586517334,-1.9550701379776,-89.86078643798828
1779121151294201144,1779121151277251832,2026-05-19T00:19:11.294+08:00,1.896085262298584,-2.2229743003845215,0.04999995231628418,-1.3856048583984375,-1.8720983266830444,-89.91184997558594
1779121151525606840,1779121151511180952,2026-05-19T00:19:11.525+08:00,1.8958415985107422,-2.2234973907470703,0.04999995231628418,-1.3981702327728271,-1.7980966567993164,-89.93482971191406
1779121151759303416,1779121151746357144,2026-05-19T00:19:11.759+08:00,1.8967047929763794,-2.2237067222595215,0.059999942779541016,-1.4716408252716064,-1.7885090112686157,-89.91554260253906
1779121151991579800,1779121151980292216,2026-05-19T00:19:11.991+08:00,1.896139144897461,-2.2239222526550293,0.04999995231628418,-1.5158790349960327,-1.8389499187469482,-89.95124816894531
1779121152225196440,1779121152215693176,2026-05-19T00:19:12.225+08:00,1.8957083225250244,-2.2244012355804443,0.059999942779541016,-1.5241026878356934,-1.8730634450912476,-89.99607849121094
1779121152425221016,1779121152419433400,2026-05-19T00:19:12.425+08:00,1.896681308746338,-2.224806547164917,0.059999942779541016,-1.4270625114440918,-1.8424307107925415,-90.0069580078125
1779121152658343608,1779121152623024280,2026-05-19T00:19:12.658+08:00,1.8973699808120728,-2.2246992588043213,0.04999995231628418,-1.3403382301330566,-1.8476357460021973,-89.99325561523438
1779121152858863672,1779121152842446584,2026-05-19T00:19:12.858+08:00,1.8973441123962402,-2.2235331535339355,0.059999942779541016,-1.353309988975525,-1.9505665302276611,-89.97587585449219
1779121153059494904,1779121153048288472,2026-05-19T00:19:13.059+08:00,1.8971916437149048,-2.222546339035034,0.059999942779541016,-1.345176100730896,-1.980319619178772,-89.96966552734375
1779121153291926648,1779121153276417528,2026-05-19T00:19:13.291+08:00,1.897348165512085,-2.222288131713867,0.059999942779541016,-1.3207812309265137,-1.9115256071090698,-89.96665954589844
1779121153492164536,1779121153476092248,2026-05-19T00:19:13.492+08:00,1.897610068321228,-2.2221133708953857,0.059999942779541016,-1.3349765539169312,-1.8980571031570435,-89.94697570800781
1779121153725161784,1779121153710012792,2026-05-19T00:19:13.725+08:00,1.89775550365448,-2.2218399047851562,0.059999942779541016,-1.39046311378479,-1.8751006126403809,-89.98297119140625
1779121153925507096,1779121153922045560,2026-05-19T00:19:13.925+08:00,1.8970718383789062,-2.2211360931396484,0.059999942779541016,-1.4297473430633545,-1.7814911603927612,-89.99539947509766
1779121154158793208,1779121154130847256,2026-05-19T00:19:14.158+08:00,1.8964308500289917,-2.220162868499756,0.059999942779541016,-1.4039870500564575,-1.7888801097869873,-89.97901916503906
1779121154392216504,1779121154368566328,2026-05-19T00:19:14.392+08:00,1.896604299545288,-2.218985080718994,0.04999995231628418,-1.3597053289413452,-1.8359589576721191,-89.96455383300781
1779121154625070296,1779121154601051704,2026-05-19T00:19:14.625+08:00,1.8976259231567383,-2.219240665435791,0.059999942779541016,-1.3644472360610962,-1.7819571495056152,-89.99949645996094
1779121154825374040,1779121154822156152,2026-05-19T00:19:14.825+08:00,1.8975404500961304,-2.2206904888153076,0.04999995231628418,-1.501246452331543,-1.7407081127166748,-89.98290252685547
1779121155058464792,1779121155026740536,2026-05-19T00:19:15.058+08:00,1.8964002132415771,-2.2215306758880615,0.059999942779541016,-1.610921859741211,-1.7448580265045166,-89.8984375
1779121155259443448,1779121155234102360,2026-05-19T00:19:15.259+08:00,1.8955024480819702,-2.2214460372924805,0.04999995231628418,-1.5595592260360718,-1.7233922481536865,-89.86241149902344
1779121155492150520,1779121155471079960,2026-05-19T00:19:15.492+08:00,1.8960938453674316,-2.2207231521606445,0.059999942779541016,-1.3478068113327026,-1.7194786071777344,-89.84872436523438
1779121155724996984,1779121155709463800,2026-05-19T00:19:15.724+08:00,1.8964643478393555,-2.219615936279297,0.04999995231628418,-1.2356162071228027,-1.7700109481811523,-89.8588638305664
1779121155958633464,1779121155921893496,2026-05-19T00:19:15.958+08:00,1.8965380191802979,-2.219022035598755,0.04999995231628418,-1.221315622329712,-1.7239974737167358,-89.8779067993164
1779121156158883256,1779121156122928408,2026-05-19T00:19:16.158+08:00,1.8969857692718506,-2.219144344329834,0.059999942779541016,-1.2873930931091309,-1.6286020278930664,-89.890869140625
1779121156391448312,1779121156369562904,2026-05-19T00:19:16.391+08:00,1.897030234336853,-2.218784809112549,0.059999942779541016,-1.496551513671875,-1.6389135122299194,-89.8736572265625
1779121156592043480,1779121156567555224,2026-05-19T00:19:16.592+08:00,1.8961384296417236,-2.2183215618133545,0.059999942779541016,-1.577434778213501,-1.695846438407898,-89.85954284667969
1779121156794471672,1779121156772826104,2026-05-19T00:19:16.794+08:00,1.8955916166305542,-2.2180237770080566,0.059999942779541016,-1.5327445268630981,-1.688948392868042,-89.90840911865234
1779121157025523480,1779121156985625624,2026-05-19T00:19:17.025+08:00,1.8965191841125488,-2.218010663986206,0.04999995231628418,-1.418626070022583,-1.6544604301452637,-89.95257568359375
1779121157258714712,1779121157234380984,2026-05-19T00:19:17.258+08:00,1.897951602935791,-2.218132972717285,0.059999942779541016,-1.3620213270187378,-1.684146523475647,-89.9969253540039
1779121157492266136,1779121157468130168,2026-05-19T00:19:17.492+08:00,1.8971644639968872,-2.2180705070495605,0.04999995231628418,-1.3495330810546875,-1.7588492631912231,-90.08058166503906
1779121157692651352,1779121157673148792,2026-05-19T00:19:17.692+08:00,1.8966913223266602,-2.2192845344543457,0.04999995231628418,-1.3188183307647705,-1.70745849609375,-90.13143157958984
1779121157925220856,1779121157892677784,2026-05-19T00:19:17.925+08:00,1.8974577188491821,-2.220168113708496,0.04999995231628418,-1.3177944421768188,-1.618915319442749,-90.12097930908203
1779121158158746328,1779121158132662232,2026-05-19T00:19:18.158+08:00,1.897804856300354,-2.2196156978607178,0.059999942779541016,-1.4035943746566772,-1.6709364652633667,-90.0713882446289
1779121158393031640,1779121158368021592,2026-05-19T00:19:18.393+08:00,1.8967819213867188,-2.21931529045105,0.04999995231628418,-1.4783999919891357,-1.680670976638794,-90.05364990234375
1779121158625670552,1779121158603996120,2026-05-19T00:19:18.625+08:00,1.8960460424423218,-2.220466375350952,0.04999995231628418,-1.4526335000991821,-1.5850833654403687,-90.03329467773438
1779121158826698136,1779121158782581944,2026-05-19T00:19:18.826+08:00,1.8962175846099854,-2.221435308456421,0.04999995231628418,-1.3918375968933105,-1.5582114458084106,-90.04351043701172
1779121159058203224,1779121159055467096,2026-05-19T00:19:19.058+08:00,1.8962472677230835,-2.220534563064575,0.059999942779541016,-1.2990717887878418,-1.65172278881073,-90.01016235351562
1779121159291950584,1779121159255799160,2026-05-19T00:19:19.291+08:00,1.8958457708358765,-2.219799041748047,0.04999995231628418,-1.2514233589172363,-1.6815780401229858,-89.96085357666016
1779121159492384056,1779121159465942392,2026-05-19T00:19:19.492+08:00,1.8959367275238037,-2.2198617458343506,0.059999942779541016,-1.2032470703125,-1.623532772064209,-89.90662384033203
1779121159725260920,1779121159706000024,2026-05-19T00:19:19.725+08:00,1.8967392444610596,-2.220482587814331,0.04999995231628418,-1.2288551330566406,-1.6209909915924072,-89.80990600585938
1779121159925273208,1779121159920568952,2026-05-19T00:19:19.925+08:00,1.8973791599273682,-2.2213871479034424,0.059999942779541016,-1.2772351503372192,-1.6672775745391846,-89.75799560546875
1779121160158469848,1779121160154153016,2026-05-19T00:19:20.158+08:00,1.8974599838256836,-2.2220263481140137,0.059999942779541016,-1.3679934740066528,-1.6978192329406738,-89.74645233154297
1779121160391421176,1779121160389597624,2026-05-19T00:19:20.391+08:00,1.8965296745300293,-2.222313642501831,0.04999995231628418,-1.443972110748291,-1.6493552923202515,-89.71614074707031
1779121160592176632,1779121160589920504,2026-05-19T00:19:20.592+08:00,1.896331548690796,-2.223428249359131,0.04999995231628418,-1.2804632186889648,-1.646209478378296,-89.69066619873047
1779121160825066936,1779121160820808152,2026-05-19T00:19:20.825+08:00,1.8965041637420654,-2.223176956176758,0.04999995231628418,-1.0402727127075195,-1.6644035577774048,-89.69764709472656
1779121161025269368,1779121160987641784,2026-05-19T00:19:21.025+08:00,1.896348476409912,-2.2228496074676514,0.059999942779541016,-0.954344630241394,-1.6065223217010498,-89.72547149658203
1779121161258328344,1779121161223103448,2026-05-19T00:19:21.258+08:00,1.8963439464569092,-2.223024845123291,0.04999995231628418,-0.8616340756416321,-1.5103975534439087,-89.77296447753906
1779121161458635544,1779121161455540056,2026-05-19T00:19:21.458+08:00,1.8967831134796143,-2.2229602336883545,0.04999995231628418,-0.9162154197692871,-1.53329598903656,-89.76839447021484
1779121161658639768,1779121161626095480,2026-05-19T00:19:21.658+08:00,1.8970474004745483,-2.2222468852996826,0.04999995231628418,-1.0193021297454834,-1.5981563329696655,-89.83789825439453
1779121161859449880,1779121161846228056,2026-05-19T00:19:21.859+08:00,1.8976523876190186,-2.222306251525879,0.04999995231628418,-1.1453840732574463,-1.6183520555496216,-89.90087127685547
1779121162091702328,1779121162086121752,2026-05-19T00:19:22.091+08:00,1.8973417282104492,-2.2222068309783936,0.059999942779541016,-1.297235369682312,-1.6298794746398926,-89.88763427734375
1779121162291809688,1779121162255837016,2026-05-19T00:19:22.291+08:00,1.897061824798584,-2.2220683097839355,0.059999942779541016,-1.2997477054595947,-1.6828193664550781,-89.88029479980469
1779121162492761208,1779121162490246680,2026-05-19T00:19:22.492+08:00,1.8978338241577148,-2.2215523719787598,0.059999942779541016,-1.1833118200302124,-1.7545702457427979,-89.8899917602539
1779121162725245848,1779121162689615224,2026-05-19T00:19:22.725+08:00,1.8987661600112915,-2.2228007316589355,0.04999995231628418,-1.0348865985870361,-1.728938102722168,-89.81758117675781
1779121162925995096,1779121162908977176,2026-05-19T00:19:22.925+08:00,1.8977088928222656,-2.2239530086517334,0.059999942779541016,-0.9462166428565979,-1.6981710195541382,-89.7503890991211
1779121163158258552,1779121163142323864,2026-05-19T00:19:23.158+08:00,1.8964751958847046,-2.224698543548584,0.059999942779541016,-0.8704464435577393,-1.6971465349197388,-89.72440338134766
1779121163391373304,1779121163380790200,2026-05-19T00:19:23.391+08:00,1.897277593612671,-2.223881244659424,0.04999995231628418,-0.8287675380706787,-1.6974631547927856,-89.7327651977539
1779121163592335192,1779121163581080568,2026-05-19T00:19:23.592+08:00,1.8970825672149658,-2.2230541706085205,0.059999942779541016,-0.8781163692474365,-1.6728408336639404,-89.71324157714844
1779121163825498456,1779121163810080184,2026-05-19T00:19:23.825+08:00,1.8958295583724976,-2.2227656841278076,0.04999995231628418,-0.9332629442214966,-1.6080212593078613,-89.78206634521484
1779121164025690904,1779121163993791832,2026-05-19T00:19:24.025+08:00,1.8951857089996338,-2.2219295501708984,0.04999995231628418,-0.941215991973877,-1.6088968515396118,-89.80325317382812
1779121164258510936,1779121164233579352,2026-05-19T00:19:24.258+08:00,1.896012544631958,-2.220468759536743,0.04999995231628418,-0.8590637445449829,-1.6553136110305786,-89.80703735351562
1779121164491610136,1779121164466751704,2026-05-19T00:19:24.491+08:00,1.8968371152877808,-2.2203547954559326,0.059999942779541016,-0.807609498500824,-1.6300344467163086,-89.8162841796875
1779121164724896408,1779121164700246840,2026-05-19T00:19:24.724+08:00,1.8969571590423584,-2.220459222793579,0.059999942779541016,-0.8428539633750916,-1.6341798305511475,-89.75502014160156
1779121164924998584,1779121164920018008,2026-05-19T00:19:24.924+08:00,1.8968416452407837,-2.2196643352508545,0.04999995231628418,-0.8912560343742371,-1.7123602628707886,-89.73340606689453
1779121165158106808,1779121165155696440,2026-05-19T00:19:25.158+08:00,1.89682936668396,-2.2185776233673096,0.04999995231628418,-0.9146378040313721,-1.8090970516204834,-89.7286148071289
1779121165359950392,1779121165357843512,2026-05-19T00:19:25.359+08:00,1.8966286182403564,-2.2179343700408936,0.04999995231628418,-0.8885214328765869,-1.8702247142791748,-89.73135375976562
1779121165591482840,1779121165586470616,2026-05-19T00:19:25.591+08:00,1.8965023756027222,-2.2176730632781982,0.04999995231628418,-0.7723965644836426,-1.8901803493499756,-89.70242309570312
1779121165791942584,1779121165761473336,2026-05-19T00:19:25.791+08:00,1.8968110084533691,-2.2177486419677734,0.04999995231628418,-0.7007545828819275,-1.890066146850586,-89.73290252685547
1779121166024888152,1779121166022747192,2026-05-19T00:19:26.024+08:00,1.8978781700134277,-2.2181410789489746,0.04999995231628418,-0.7079252600669861,-1.8920161724090576,-89.78196716308594
1779121166225455320,1779121166185646104,2026-05-19T00:19:26.225+08:00,1.8978890180587769,-2.2183644771575928,0.04999995231628418,-0.7916283011436462,-1.9099863767623901,-89.83613586425781
1779121166458708984,1779121166422860280,2026-05-19T00:19:26.458+08:00,1.8973312377929688,-2.218698024749756,0.04999995231628418,-0.9181864857673645,-1.9338239431381226,-89.87428283691406
1779121166691620216,1779121166666517816,2026-05-19T00:19:26.691+08:00,1.8963384628295898,-2.219165563583374,0.04999995231628418,-0.9473128914833069,-1.893876075744629,-89.88386535644531
1779121166925054680,1779121166917645112,2026-05-19T00:19:26.925+08:00,1.8971009254455566,-2.2192888259887695,0.04999995231628418,-0.895482063293457,-1.8144614696502686,-89.88385009765625
1779121167159086040,1779121167120957368,2026-05-19T00:19:27.159+08:00,1.8976974487304688,-2.2192606925964355,0.04999995231628418,-0.87100750207901,-1.7914727926254272,-89.89859008789062
1779121167359156888,1779121167332894232,2026-05-19T00:19:27.359+08:00,1.8972052335739136,-2.2185909748077393,0.04999995231628418,-0.8295024633407593,-1.7710195779800415,-89.92916107177734
1779121167591835416,1779121167569010264,2026-05-19T00:19:27.591+08:00,1.89677894115448,-2.217705488204956,0.04999995231628418,-0.7782043218612671,-1.8234223127365112,-89.9052505493164
1779121167824740408,1779121167823062616,2026-05-19T00:19:27.824+08:00,1.8973361253738403,-2.217803955078125,0.04999995231628418,-0.7756463885307312,-1.8548659086227417,-89.89425659179688
1779121168025459768,1779121167987712024,2026-05-19T00:19:28.025+08:00,1.8975507020950317,-2.218027114868164,0.04999995231628418,-0.7932676672935486,-1.8179761171340942,-89.89076232910156
1779121168225506904,1779121168194420504,2026-05-19T00:19:28.225+08:00,1.8970164060592651,-2.2178266048431396,0.04999995231628418,-0.8147847652435303,-1.8440349102020264,-89.8927993774414
1779121168425547480,1779121168400850424,2026-05-19T00:19:28.425+08:00,1.8962432146072388,-2.2170305252075195,0.04999995231628418,-0.7801884412765503,-1.9646350145339966,-89.89631652832031
1779121168658573080,1779121168642968856,2026-05-19T00:19:28.658+08:00,1.8968027830123901,-2.216480016708374,0.059999942779541016,-0.7060382962226868,-2.033607006072998,-89.91212463378906
1779121168858875768,1779121168855993112,2026-05-19T00:19:28.858+08:00,1.8975862264633179,-2.21665620803833,0.04999995231628418,-0.7064511775970459,-1.9940506219863892,-89.90127563476562
1779121169091811160,1779121169055287416,2026-05-19T00:19:29.091+08:00,1.897221326828003,-2.2167141437530518,0.059999942779541016,-0.8096994757652283,-1.9339642524719238,-89.89917755126953
1779121169291855256,1779121169267383992,2026-05-19T00:19:29.291+08:00,1.8962448835372925,-2.2161688804626465,0.059999942779541016,-0.8560429811477661,-1.936042308807373,-89.92012023925781
1779121169492037304,1779121169466988344,2026-05-19T00:19:29.492+08:00,1.8957301378250122,-2.2155909538269043,0.04999995231628418,-0.7478750944137573,-1.9565907716751099,-89.90650939941406
1779121169725133496,1779121169699754488,2026-05-19T00:19:29.725+08:00,1.8963912725448608,-2.215764045715332,0.059999942779541016,-0.6006596088409424,-1.8676458597183228,-89.88972473144531
1779121169925738552,1779121169915721912,2026-05-19T00:19:29.925+08:00,1.8977099657058716,-2.2163262367248535,0.04999995231628418,-0.5636727213859558,-1.7960255146026611,-89.84937286376953
1779121170158473944,1779121170150731000,2026-05-19T00:19:30.158+08:00,1.8990018367767334,-2.216886281967163,0.059999942779541016,-0.6438875794410706,-1.833179235458374,-89.82808685302734
1779121170358802680,1779121170321757176,2026-05-19T00:19:30.358+08:00,1.8977996110916138,-2.2164275646209717,0.059999942779541016,-0.8203994631767273,-1.858661413192749,-89.81378173828125
1779121170558876888,1779121170532757016,2026-05-19T00:19:30.558+08:00,1.896754264831543,-2.2165074348449707,0.04999995231628418,-0.8903181552886963,-1.8237212896347046,-89.82890319824219
1779121170791812504,1779121170771279640,2026-05-19T00:19:30.791+08:00,1.8967599868774414,-2.216402053833008,0.059999942779541016,-0.7779611945152283,-1.8292394876480103,-89.946044921875
1779121171025186040,1779121170998656056,2026-05-19T00:19:31.025+08:00,1.8970125913619995,-2.2160489559173584,0.059999942779541016,-0.6161095499992371,-1.9086862802505493,-89.98419952392578
1779121171225924216,1779121171197260088,2026-05-19T00:19:31.225+08:00,1.8974181413650513,-2.215782403945923,0.059999942779541016,-0.5114696621894836,-1.9369686841964722,-89.97254180908203
1779121171458766424,1779121171434771928,2026-05-19T00:19:31.458+08:00,1.8978991508483887,-2.215667963027954,0.059999942779541016,-0.46813738346099854,-1.9349052906036377,-89.92910766601562
1779121171691998360,1779121171663273272,2026-05-19T00:19:31.691+08:00,1.8975659608840942,-2.215411901473999,0.059999942779541016,-0.5350380539894104,-1.9514706134796143,-89.89463806152344
1779121171925465784,1779121171917136088,2026-05-19T00:19:31.925+08:00,1.8970953226089478,-2.215057134628296,0.04999995231628418,-0.6003297567367554,-1.9435675144195557,-89.87921905517578
1779121172158093880,1779121172145886104,2026-05-19T00:19:32.158+08:00,1.8966115713119507,-2.2145884037017822,0.059999942779541016,-0.6268303394317627,-1.950073003768921,-89.87509155273438
1779121172358399416,1779121172352572152,2026-05-19T00:19:32.358+08:00,1.8964345455169678,-2.214524745941162,0.04999995231628418,-0.6016806960105896,-1.9290087223052979,-89.88294982910156
1779121172559345048,1779121172558010616,2026-05-19T00:19:32.559+08:00,1.8968912363052368,-2.214731216430664,0.04999995231628418,-0.5646907687187195,-1.907136082649231,-89.88172912597656
1779121172791727352,1779121172761800216,2026-05-19T00:19:32.791+08:00,1.897365689277649,-2.2150795459747314,0.04999995231628418,-0.5402007102966309,-1.8939969539642334,-89.89964294433594
1779121173025205976,1779121173014624600,2026-05-19T00:19:33.025+08:00,1.897121787071228,-2.214979887008667,0.04999995231628418,-0.5451854467391968,-1.8182575702667236,-89.91357421875
1779121173258350040,1779121173244543160,2026-05-19T00:19:33.258+08:00,1.8966392278671265,-2.2147881984710693,0.059999942779541016,-0.5734038949012756,-1.7853459119796753,-89.8967056274414
1779121173458554584,1779121173445708408,2026-05-19T00:19:33.458+08:00,1.896277666091919,-2.2146787643432617,0.04999995231628418,-0.5446794629096985,-1.8061552047729492,-89.91861724853516
1779121173692091160,1779121173687571096,2026-05-19T00:19:33.692+08:00,1.89632248878479,-2.214355230331421,0.04999995231628418,-0.3979971706867218,-1.8123631477355957,-89.91212463378906
1779121173924871128,1779121173909933848,2026-05-19T00:19:33.924+08:00,1.8967727422714233,-2.2143774032592773,0.059999942779541016,-0.27894484996795654,-1.868965983390808,-89.92931365966797
1779121174125331928,1779121174117084280,2026-05-19T00:19:34.125+08:00,1.8973230123519897,-2.214635133743286,0.059999942779541016,-0.23799756169319153,-1.951969027519226,-89.93029022216797
1779121174358506104,1779121174353843576,2026-05-19T00:19:34.358+08:00,1.8974146842956543,-2.2146689891815186,0.04999995231628418,-0.30498364567756653,-2.0568301677703857,-89.90158081054688
1779121174558833144,1779121174554058168,2026-05-19T00:19:34.558+08:00,1.8969732522964478,-2.214810848236084,0.04999995231628418,-0.45197564363479614,-2.132505416870117,-89.8489761352539
1779121174791870584,1779121174754530232,2026-05-19T00:19:34.791+08:00,1.896433711051941,-2.2151219844818115,0.04999995231628418,-0.5694364905357361,-2.1849923133850098,-89.81849670410156
1779121175024904952,1779121175007561272,2026-05-19T00:19:35.024+08:00,1.8965071439743042,-2.2150802612304688,0.04999995231628418,-0.5934539437294006,-2.270840644836426,-89.82452392578125
1779121175225320984,1779121175214646232,2026-05-19T00:19:35.225+08:00,1.8965871334075928,-2.215015411376953,0.04999995231628418,-0.5974243879318237,-2.3196749687194824,-89.8626480102539
1779121175458623480,1779121175444760088,2026-05-19T00:19:35.458+08:00,1.896714687347412,-2.2144436836242676,0.04999995231628418,-0.516893744468689,-2.3643829822540283,-89.91362762451172
1779121175691721464,1779121175683213912,2026-05-19T00:19:35.691+08:00,1.8968983888626099,-2.214158296585083,0.04999995231628418,-0.4239172339439392,-2.354387044906616,-89.95630645751953
1779121175892259992,1779121175848737144,2026-05-19T00:19:35.892+08:00,1.8973058462142944,-2.2141854763031006,0.04999995231628418,-0.4009230136871338,-2.3037784099578857,-89.99479675292969
1779121176130527480,1779121176128767352,2026-05-19T00:19:36.130+08:00,1.897274136543274,-2.213412046432495,0.04999995231628418,-0.5252094864845276,-2.3198084831237793,-90.08152770996094
1779121176358768632,1779121176351059096,2026-05-19T00:19:36.358+08:00,1.8960685729980469,-2.2118420600891113,0.04999995231628418,-0.5698809027671814,-2.4071507453918457,-90.19392395019531
1779121176559530232,1779121176557537432,2026-05-19T00:19:36.559+08:00,1.8958361148834229,-2.210566759109497,0.039999961853027344,-0.4097108542919159,-2.4557554721832275,-90.27812957763672
1779121176791827352,1779121176763349592,2026-05-19T00:19:36.791+08:00,1.8967888355255127,-2.209345579147339,0.04999995231628418,-0.2164245843887329,-2.51556134223938,-90.33816528320312
1779121176991884024,1779121176966359864,2026-05-19T00:19:36.991+08:00,1.8967477083206177,-2.207627534866333,0.059999942779541016,-0.19116468727588654,-2.5649044513702393,-90.41120910644531
1779121218359309112,1779121218303757208,2026-05-19T00:20:18.359+08:00,0.0,0.0,0.0,0.0,0.0,0.0
1779121218559644728,1779121218523803864,2026-05-19T00:20:18.559+08:00,-0.0467844121158123,-0.030287986621260643,0.0,1.9203386306762695,-6.541706085205078,5.6951141357421875
1779121218966352408,1779121218814957016,2026-05-19T00:20:18.966+08:00,-0.04725991189479828,-0.027839751914143562,0.009999990463256836,1.7858505249023438,-6.986800670623779,5.5711259841918945
1779121219193104024,1779121219178954616,2026-05-19T00:20:19.193+08:00,-0.04656212404370308,-0.028078140690922737,0.0,1.750161051750183,-6.968935012817383,5.308450222015381
1779121219425721176,1779121219419754872,2026-05-19T00:20:19.425+08:00,-0.04833712428808212,-0.028631990775465965,0.0,1.7427997589111328,-6.989600658416748,5.335422992706299
1779121219659258008,1779121219654104888,2026-05-19T00:20:19.659+08:00,-0.05011496692895889,-0.028691355139017105,0.0,1.8358274698257446,-7.031979084014893,5.540225982666016
1779121219859726040,1779121219844342168,2026-05-19T00:20:19.859+08:00,-0.050468143075704575,-0.026949046179652214,-0.009999990463256836,1.9051237106323242,-7.081150531768799,5.722694396972656
1779121220092461624,1779121220081834360,2026-05-19T00:20:20.092+08:00,-0.050191786140203476,-0.02544478140771389,0.0,1.9497466087341309,-7.105245113372803,5.779808521270752
1779121220325697752,1779121220318552600,2026-05-19T00:20:20.325+08:00,-0.049695950001478195,-0.025311924517154694,0.0,2.1120026111602783,-7.146476745605469,5.808420181274414
1779121220525719352,1779121220523778424,2026-05-19T00:20:20.525+08:00,-0.050502341240644455,-0.026001043617725372,0.0,2.0550284385681152,-7.207925319671631,5.7916178703308105
1779121220725774104,1779121220722621624,2026-05-19T00:20:20.725+08:00,-0.05106797069311142,-0.025752082467079163,0.0,2.0263209342956543,-7.178847312927246,5.688263416290283
1779121220926212408,1779121220913539768,2026-05-19T00:20:20.926+08:00,-0.05108723044395447,-0.025706568732857704,0.0,2.111156463623047,-7.102728366851807,5.569793701171875
1779121221159918232,1779121221153693944,2026-05-19T00:20:21.159+08:00,-0.05135246366262436,-0.027100184932351112,-0.009999990463256836,2.0247206687927246,-7.005744457244873,5.631654739379883
1779121221360144056,1779121221328537144,2026-05-19T00:20:21.360+08:00,-0.051864199340343475,-0.028484834358096123,-0.009999990463256836,2.013690710067749,-6.952447414398193,5.756586074829102
1779121221561282904,1779121221528502328,2026-05-19T00:20:21.561+08:00,-0.05240672081708908,-0.02967379055917263,-0.009999990463256836,2.179272174835205,-6.897646427154541,5.90712308883667
1779121221793043928,1779121221763971704,2026-05-19T00:20:21.793+08:00,-0.05235568806529045,-0.029019294306635857,0.0,2.3687446117401123,-6.892879486083984,6.117438316345215
1779121222025734360,1779121222018127832,2026-05-19T00:20:22.025+08:00,-0.05120306462049484,-0.027613060548901558,0.0,2.3664331436157227,-6.9498982429504395,6.255722522735596
1779121222225987896,1779121222215138680,2026-05-19T00:20:22.225+08:00,-0.05039001628756523,-0.026943881064653397,0.0,2.4395439624786377,-6.906836986541748,6.207979202270508
1779121222426019480,1779121222421954328,2026-05-19T00:20:22.426+08:00,-0.050940994173288345,-0.027669433504343033,-0.009999990463256836,2.4758057594299316,-6.6684250831604,6.102090835571289
1779121222626250104,1779121222621797720,2026-05-19T00:20:22.626+08:00,-0.052384428679943085,-0.028217103332281113,-0.009999990463256836,2.404080390930176,-6.536437034606934,5.9906768798828125
1779121222826318040,1779121222818152824,2026-05-19T00:20:22.826+08:00,-0.053796567022800446,-0.027379387989640236,-0.009999990463256836,2.3258683681488037,-6.640496730804443,5.843814373016357
1779121223027116760,1779121223015150840,2026-05-19T00:20:23.027+08:00,-0.0549735426902771,-0.025089867413043976,0.0,2.201465368270874,-6.688604831695557,5.704334735870361
1779121223227378136,1779121223221931576,2026-05-19T00:20:23.227+08:00,-0.054199472069740295,-0.02215876244008541,-0.009999990463256836,2.006131410598755,-6.471162796020508,5.758177280426025
1779121223459694360,1779121223432244120,2026-05-19T00:20:23.459+08:00,-0.053097158670425415,-0.021030591800808907,-0.009999990463256836,1.9896323680877686,-6.133146286010742,5.946547031402588
1779121223692959672,1779121223671486392,2026-05-19T00:20:23.692+08:00,-0.05294974520802498,-0.021338915452361107,0.0,2.2811295986175537,-5.8590474128723145,6.1528120040893555
1779121223893202712,1779121223861553528,2026-05-19T00:20:23.893+08:00,-0.05315497890114784,-0.021787745878100395,0.0,2.5785164833068848,-5.841951370239258,6.235231876373291
1779121224125692344,1779121224094428600,2026-05-19T00:20:24.125+08:00,-0.05337882041931152,-0.021343406289815903,0.0,2.722269296646118,-5.952820777893066,6.257102012634277
1779121224325822360,1779121224298425144,2026-05-19T00:20:24.325+08:00,-0.05348734185099602,-0.0211575198918581,0.0,2.7188661098480225,-6.153767108917236,6.233695030212402
1779121224526784632,1779121224503783384,2026-05-19T00:20:24.526+08:00,-0.05330953001976013,-0.02180718630552292,0.0,2.6420676708221436,-6.255090713500977,6.191833019256592
1779121224730786744,1779121224703206520,2026-05-19T00:20:24.730+08:00,-0.05394702032208443,-0.022901801392436028,0.0,2.596905469894409,-6.198882579803467,6.118264675140381
1779121224962135192,1779121224926857016,2026-05-19T00:20:24.962+08:00,-0.055376552045345306,-0.023839354515075684,0.0,2.6295440196990967,-6.194777965545654,6.056472301483154
1779121225181260536,1779121225164309272,2026-05-19T00:20:25.181+08:00,0.0,0.0,0.0,2.6050350666046143,-6.376272201538086,0.0
1779121225392977816,1779121225364691800,2026-05-19T00:20:25.392+08:00,-0.0005386570701375604,-0.000779862457420677,0.009999990463256836,2.52608585357666,-6.439652919769287,0.21509632468223572
1779121225626081624,1779121225604742104,2026-05-19T00:20:25.626+08:00,-0.0016016052104532719,-0.0006514221313409507,0.0,2.640963315963745,-6.2697906494140625,0.3113746643066406
1779121225859701144,1779121225857911128,2026-05-19T00:20:25.859+08:00,-0.0030746113043278456,0.0010987468995153904,0.0,2.691418170928955,-6.130329132080078,0.2949139177799225
1779121226092808184,1779121226060225560,2026-05-19T00:20:26.092+08:00,-0.0035371731501072645,0.0037265769205987453,0.0,2.4946277141571045,-6.087863922119141,0.28304988145828247
1779121226293396824,1779121226264109528,2026-05-19T00:20:26.293+08:00,-0.0033715383615344763,0.005315761547535658,0.0,2.2860989570617676,-6.052566051483154,0.15958736836910248
1779121226494209720,1779121226474121464,2026-05-19T00:20:26.494+08:00,-0.0034987193066626787,0.005932178348302841,-0.009999990463256836,2.1661291122436523,-6.04278564453125,-0.02558588795363903
1779121226726339800,1779121226712210680,2026-05-19T00:20:26.726+08:00,-0.004893871024250984,0.005366788245737553,0.0,2.0645856857299805,-6.068859577178955,-0.11938487738370895
1779121226926629272,1779121226894758328,2026-05-19T00:20:26.926+08:00,-0.0065605719573795795,0.005294574424624443,0.009999990463256836,2.1001136302948,-6.195301055908203,-0.10614114254713058
1779121227159719160,1779121227134689976,2026-05-19T00:20:27.159+08:00,-0.009453804232180119,0.0052496385760605335,0.009999990463256836,2.2452938556671143,-6.716572284698486,-0.04867192730307579
1779121227392760056,1779121227374364664,2026-05-19T00:20:27.392+08:00,-0.012786651030182838,0.003428738098591566,0.009999990463256836,2.4125711917877197,-7.55141544342041,0.04146607965230942
1779121227626090008,1779121227609051128,2026-05-19T00:20:27.626+08:00,-0.015272178687155247,0.0013943201629444957,0.019999980926513672,2.602224111557007,-8.381943702697754,0.06911468505859375
1779121227826304952,1779121227809735672,2026-05-19T00:20:27.826+08:00,-0.016752608120441437,0.0008922282140702009,0.019999980926513672,2.742084503173828,-8.79183578491211,0.10086140036582947
1779121228026567288,1779121227991943288,2026-05-19T00:20:28.026+08:00,-0.017215533182024956,0.001555679482407868,0.029999971389770508,2.658325672149658,-8.90041446685791,0.02529902011156082
1779121228260198776,1779121228230777656,2026-05-19T00:20:28.260+08:00,-0.013462134636938572,0.0004898980259895325,0.039999961853027344,2.3141276836395264,-8.766454696655273,-2.251380681991577
1779121228493165528,1779121228465820184,2026-05-19T00:20:28.493+08:00,-0.009194033220410347,-0.0037915771827101707,0.029999971389770508,1.9175879955291748,-8.336053848266602,-6.672309398651123
1779121228726523992,1779121228703600216,2026-05-19T00:20:28.726+08:00,-0.006749974098056555,-0.0060257758013904095,0.039999961853027344,1.6679894924163818,-7.5325775146484375,-11.784965515136719
1779121228959238456,1779121228956612280,2026-05-19T00:20:28.959+08:00,-0.005267165135592222,-0.006482862867414951,0.039999961853027344,1.4670583009719849,-6.555654525756836,-16.950111389160156
1779121229159312504,1779121229156335480,2026-05-19T00:20:29.159+08:00,-0.004713866859674454,-0.006344723980873823,0.029999971389770508,1.1494439840316772,-5.639171600341797,-21.051176071166992
1779121229359695544,1779121229331151992,2026-05-19T00:20:29.359+08:00,-0.0046068779192864895,-0.006462422199547291,0.029999971389770508,0.7466230392456055,-4.779327869415283,-24.511459350585938
1779121229592816664,1779121229571526104,2026-05-19T00:20:29.592+08:00,-0.005620612762868404,-0.0073908912017941475,0.029999971389770508,0.3025154769420624,-3.830087423324585,-28.74970054626465
1779121229795621080,1779121229773072056,2026-05-19T00:20:29.795+08:00,-0.0068656508810818195,-0.007144722156226635,0.039999961853027344,0.11642684787511826,-3.3102972507476807,-31.948564529418945
1779121230027095352,1779121229994393976,2026-05-19T00:20:30.027+08:00,-0.007626221980899572,-0.005496399477124214,0.029999971389770508,0.10481341928243637,-2.9453818798065186,-35.05314636230469
1779121230259881176,1779121230233604280,2026-05-19T00:20:30.259+08:00,-0.00836120080202818,-0.0041411807760596275,0.029999971389770508,0.1905984878540039,-2.7244749069213867,-38.094886779785156
1779121230492472088,1779121230475635096,2026-05-19T00:20:30.492+08:00,-0.009958202950656414,-0.003153467085212469,0.029999971389770508,0.27708402276039124,-2.8219597339630127,-40.77585983276367
1779121230692509720,1779121230674754520,2026-05-19T00:20:30.692+08:00,-0.012299777008593082,-0.002511468017473817,0.029999971389770508,0.41006091237068176,-3.113915205001831,-42.836978912353516
1779121230893412888,1779121230891475384,2026-05-19T00:20:30.893+08:00,-0.013754055835306644,-0.0014192627277225256,0.039999961853027344,0.5758282542228699,-3.3953213691711426,-44.88527297973633
1779121231125805848,1779121231096344568,2026-05-19T00:20:31.125+08:00,-0.014590236358344555,-0.0009179221815429628,0.039999961853027344,0.6686831712722778,-3.5579748153686523,-46.51215362548828
1779121231326008152,1779121231298896920,2026-05-19T00:20:31.326+08:00,-0.015578710474073887,-0.0004080336366314441,0.029999971389770508,0.6077892184257507,-3.712392568588257,-48.11850357055664
1779121231526285432,1779121231495292888,2026-05-19T00:20:31.526+08:00,-0.016505291685461998,5.04287781950552e-05,0.029999971389770508,0.5091260075569153,-3.8139443397521973,-49.314430236816406
1779121231726471480,1779121231695098488,2026-05-19T00:20:31.726+08:00,-0.01770680584013462,0.0005351981963030994,0.039999961853027344,0.4667363464832306,-3.8630776405334473,-50.47810363769531
1779121231926866680,1779121231915537752,2026-05-19T00:20:31.926+08:00,-0.018614396452903748,0.00025949181872420013,0.029999971389770508,0.4886661469936371,-3.843770980834961,-51.598663330078125
1779121232159659352,1779121232157743768,2026-05-19T00:20:32.159+08:00,-0.01904470846056938,-0.0005566185573115945,0.029999971389770508,0.7371219396591187,-3.655895471572876,-52.69976043701172
1779121232392350200,1779121232384887000,2026-05-19T00:20:32.392+08:00,-0.017305145040154457,-0.0013765239855274558,0.039999961853027344,1.0973517894744873,-3.342027187347412,-53.696434020996094
1779121232592394008,1779121232586629528,2026-05-19T00:20:32.592+08:00,-0.015652012079954147,-0.0010025070514529943,0.039999961853027344,1.1825543642044067,-3.2754111289978027,-54.40663528442383
1779121232793030552,1779121232759735608,2026-05-19T00:20:32.793+08:00,-0.015143278986215591,-0.0005699647590517998,0.039999961853027344,1.0865718126296997,-3.3512630462646484,-54.95137023925781
1779121233026206936,1779121233011912856,2026-05-19T00:20:33.026+08:00,-0.01666857860982418,-0.002199901035055518,0.039999961853027344,0.8223400712013245,-3.4040257930755615,-55.48821258544922
1779121233259934552,1779121233250729848,2026-05-19T00:20:33.259+08:00,-0.0182283204048872,-0.004167878068983555,0.039999961853027344,0.7136118412017822,-3.4578559398651123,-56.05084228515625
1779121233497141944,1779121233487086776,2026-05-19T00:20:33.497+08:00,-0.015489097684621811,-0.0055787828750908375,0.039999961853027344,0.8128443956375122,-3.418592929840088,-56.54448699951172
1779121233698641944,1779121233696419960,2026-05-19T00:20:33.698+08:00,-0.01268940418958664,-0.007337022572755814,0.039999961853027344,0.9376258254051208,-3.3171451091766357,-56.833839416503906
1779121233925814648,1779121233919757720,2026-05-19T00:20:33.925+08:00,-0.010071256197988987,-0.010359070263803005,0.039999961853027344,0.9839582443237305,-3.311753988265991,-57.081119537353516
1779121234125824184,1779121234123660088,2026-05-19T00:20:34.125+08:00,-0.008536487817764282,-0.011929851025342941,0.039999961853027344,0.9282351732254028,-3.385356903076172,-57.28207778930664
1779121234325928632,1779121234321460440,2026-05-19T00:20:34.325+08:00,-0.007787936832755804,-0.014395266771316528,0.029999971389770508,0.7158821225166321,-3.4346837997436523,-57.49076843261719
1779121234526466904,1779121234524584792,2026-05-19T00:20:34.526+08:00,-0.007399012800306082,-0.016861148178577423,0.039999961853027344,0.4796246886253357,-3.3931779861450195,-57.75669479370117
1779121234726742616,1779121234694144056,2026-05-19T00:20:34.726+08:00,-0.0070878732949495316,-0.01883384957909584,0.029999971389770508,0.4430190920829773,-3.287648916244507,-57.99819564819336
1779121234959438680,1779121234945737912,2026-05-19T00:20:34.959+08:00,-0.004144461825489998,-0.019899629056453705,0.04999995231628418,1.249166488647461,-3.1484920978546143,-58.94475173950195
1779121235159517432,1779121235145286136,2026-05-19T00:20:35.159+08:00,0.012532336637377739,-0.01851365529000759,0.039999961853027344,2.420729637145996,-3.315763473510742,-59.45454406738281
1779121235392505944,1779121235378670648,2026-05-19T00:20:35.392+08:00,0.04284381493926048,-0.016938548535108566,0.04999995231628418,3.9430136680603027,-3.906919479370117,-59.84188461303711
1779121235593190008,1779121235578060664,2026-05-19T00:20:35.593+08:00,0.07174862176179886,-0.019152658060193062,0.04999995231628418,4.675802707672119,-4.34904670715332,-60.03147506713867
1779121235825669016,1779121235811282648,2026-05-19T00:20:35.825+08:00,0.10337110608816147,-0.025300925597548485,0.029999971389770508,4.220487594604492,-4.792025566101074,-60.21091842651367
1779121236025995928,1779121236011781624,2026-05-19T00:20:36.025+08:00,0.12781217694282532,-0.03408731892704964,0.029999971389770508,2.652177572250366,-5.036165714263916,-60.39690399169922
1779121236226119544,1779121236209583736,2026-05-19T00:20:36.226+08:00,0.14765307307243347,-0.04564930126070976,0.019999980926513672,0.4959089159965515,-5.003627300262451,-60.57660675048828
1779121236426188056,1779121236411461496,2026-05-19T00:20:36.426+08:00,0.16550852358341217,-0.05938323214650154,0.019999980926513672,-1.6107747554779053,-4.800021171569824,-60.755516052246094
1779121236659368600,1779121236644104408,2026-05-19T00:20:36.659+08:00,0.17811378836631775,-0.07847330719232559,0.019999980926513672,-3.114393472671509,-4.476102828979492,-61.027549743652344
1779121236892451736,1779121236878452408,2026-05-19T00:20:36.892+08:00,0.1897706538438797,-0.09729840606451035,0.029999971389770508,-3.1572377681732178,-4.198562145233154,-61.362815856933594
1779121237092936888,1779121237084686616,2026-05-19T00:20:37.092+08:00,0.19974985718727112,-0.1144474521279335,0.019999980926513672,-2.547492265701294,-4.088465213775635,-61.658424377441406
1779121237330364344,1779121237323378840,2026-05-19T00:20:37.330+08:00,0.20197533071041107,-0.1404535174369812,0.029999971389770508,-1.5462619066238403,-3.968674659729004,-62.08036804199219
1779121237559445624,1779121237527114360,2026-05-19T00:20:37.559+08:00,0.2042495608329773,-0.16213367879390717,0.039999961853027344,-0.8312573432922363,-3.9460244178771973,-62.464744567871094
1779121237759655704,1779121237730845048,2026-05-19T00:20:37.759+08:00,0.20652371644973755,-0.18381430208683014,0.029999971389770508,-0.378227561712265,-3.9252092838287354,-62.79480743408203
1779121237993192728,1779121237987587224,2026-05-19T00:20:37.993+08:00,0.20948012173175812,-0.2119991034269333,0.029999971389770508,-0.23374831676483154,-3.714796543121338,-63.17112350463867
1779121238193555128,1779121238191521560,2026-05-19T00:20:38.193+08:00,0.20441937446594238,-0.2349366992712021,0.029999971389770508,-0.45249053835868835,-3.5123543739318848,-63.46592712402344
1779121238426326168,1779121238398183512,2026-05-19T00:20:38.426+08:00,0.19746150076389313,-0.26172327995300293,0.029999971389770508,-0.3605009913444519,-3.446047067642212,-63.79262924194336
1779121238626388600,1779121238596161304,2026-05-19T00:20:38.626+08:00,0.19931857287883759,-0.276365727186203,0.029999971389770508,-0.0299631766974926,-3.4611613750457764,-64.06986236572266
1779121238833502168,1779121238819240920,2026-05-19T00:20:38.833+08:00,0.20174655318260193,-0.2961742877960205,0.029999971389770508,0.10494158416986465,-3.3554329872131348,-64.47322845458984
1779121239059663576,1779121239024678968,2026-05-19T00:20:39.059+08:00,0.20220887660980225,-0.31450286507606506,0.029999971389770508,-0.04433315619826317,-3.2299230098724365,-64.69795227050781
1779121239293142616,1779121239260903960,2026-05-19T00:20:39.293+08:00,0.19719284772872925,-0.33756735920906067,0.029999971389770508,-0.18576043844223022,-3.270082950592041,-64.97978210449219
1779121239526468376,1779121239495137144,2026-05-19T00:20:39.526+08:00,0.19142070412635803,-0.35786327719688416,0.029999971389770508,-0.07068204134702682,-3.3914175033569336,-65.24111938476562
1779121239760902712,1779121239730515256,2026-05-19T00:20:39.760+08:00,0.19171598553657532,-0.3787352740764618,0.029999971389770508,0.08329837024211884,-3.372520923614502,-65.4334716796875
1779121239993338968,1779121239988133496,2026-05-19T00:20:39.993+08:00,0.19655679166316986,-0.40185096859931946,0.029999971389770508,0.21787381172180176,-3.20125150680542,-65.42571258544922
1779121240226173368,1779121240221562904,2026-05-19T00:20:40.226+08:00,0.21714697778224945,-0.42154863476753235,0.029999971389770508,0.754692554473877,-3.2635982036590576,-65.3404312133789
1779121240427014552,1779121240425389944,2026-05-19T00:20:40.427+08:00,0.23776187002658844,-0.4354986846446991,0.029999971389770508,1.200037956237793,-3.569688558578491,-65.12056732177734
1779121240627279032,1779121240625440312,2026-05-19T00:20:40.627+08:00,0.2530319392681122,-0.45322996377944946,0.029999971389770508,1.2017836570739746,-3.9681508541107178,-64.70344543457031
1779121240860352728,1779121240841901400,2026-05-19T00:20:40.860+08:00,0.26236921548843384,-0.47662729024887085,0.029999971389770508,0.5293309688568115,-4.271037578582764,-64.31035614013672
1779121241060720152,1779121241043215512,2026-05-19T00:20:41.060+08:00,0.2696287930011749,-0.49885305762290955,0.029999971389770508,-0.5192340016365051,-4.421023845672607,-63.91139221191406
1779121241292494808,1779121241283472760,2026-05-19T00:20:41.292+08:00,0.27834028005599976,-0.5255240201950073,0.029999971389770508,-1.7684736251831055,-4.496109485626221,-63.62567138671875
1779121241492857752,1779121241488629656,2026-05-19T00:20:41.492+08:00,0.28423574566841125,-0.5469964742660522,0.019999980926513672,-2.6487550735473633,-4.212777614593506,-63.40162658691406
1779121241726534680,1779121241721453656,2026-05-19T00:20:41.726+08:00,0.2860439717769623,-0.5761029124259949,0.029999971389770508,-2.913914442062378,-3.599740982055664,-63.24543380737305
1779121241959139512,1779121241951903352,2026-05-19T00:20:41.959+08:00,0.28961190581321716,-0.5981298685073853,0.039999961853027344,-1.9621148109436035,-3.457601547241211,-63.18949508666992
1779121242160602808,1779121242158539864,2026-05-19T00:20:42.160+08:00,0.2991625666618347,-0.6152456402778625,0.04999995231628418,-0.9130120873451233,-3.5973966121673584,-63.06663513183594
1779121242393046936,1779121242363537528,2026-05-19T00:20:42.393+08:00,0.3085859715938568,-0.6310105919837952,0.04999995231628418,-0.6290309429168701,-3.3712079524993896,-62.81354904174805
1779121242593065688,1779121242564601080,2026-05-19T00:20:42.593+08:00,0.31411537528038025,-0.6467582583427429,0.04999995231628418,-0.9116131663322449,-3.014645576477051,-62.59160614013672
1779121242794400984,1779121242764967224,2026-05-19T00:20:42.794+08:00,0.3168753981590271,-0.6600144505500793,0.04999995231628418,-1.3263976573944092,-2.9355664253234863,-62.57732009887695
1779121243025903224,1779121243020621432,2026-05-19T00:20:43.025+08:00,0.32350730895996094,-0.6691581010818481,0.06999993324279785,-1.5925084352493286,-2.929063558578491,-62.47698211669922
1779121243226890872,1779121243225047864,2026-05-19T00:20:43.226+08:00,0.3284687101840973,-0.6743241548538208,0.06999993324279785,-1.6702944040298462,-2.7032158374786377,-62.320133209228516
1779121243460451448,1779121243458449688,2026-05-19T00:20:43.460+08:00,0.33105728030204773,-0.6808909773826599,0.059999942779541016,-1.7207190990447998,-2.415757894515991,-62.18485641479492
1779121243693182968,1779121243664042456,2026-05-19T00:20:43.693+08:00,0.33294978737831116,-0.6836261749267578,0.06999993324279785,-1.5393919944763184,-2.2819972038269043,-62.10572052001953
1779121243893545400,1779121243888597752,2026-05-19T00:20:43.893+08:00,0.3351791799068451,-0.6842365264892578,0.059999942779541016,-1.2659820318222046,-2.2242937088012695,-62.00917053222656
1779121244126353624,1779121244092938136,2026-05-19T00:20:44.126+08:00,0.33618202805519104,-0.6834693551063538,0.06999993324279785,-1.2195653915405273,-2.1783623695373535,-61.91453170776367
1779121244327410840,1779121244293942808,2026-05-19T00:20:44.327+08:00,0.33552369475364685,-0.6820932626724243,0.059999942779541016,-1.3157094717025757,-2.0860908031463623,-61.8538932800293
1779121244559951256,1779121244532436216,2026-05-19T00:20:44.559+08:00,0.33305615186691284,-0.6796479821205139,0.059999942779541016,-1.4343643188476562,-2.0938518047332764,-61.820369720458984
1779121244793126456,1779121244767587928,2026-05-19T00:20:44.793+08:00,0.3317964971065521,-0.6745630502700806,0.06999993324279785,-1.471767544746399,-2.171741008758545,-61.74345016479492
1779121245026549784,1779121245015688632,2026-05-19T00:20:45.026+08:00,0.33229929208755493,-0.6700232028961182,0.06999993324279785,-1.544983983039856,-2.199009895324707,-61.62285614013672
1779121245226734392,1779121245216159768,2026-05-19T00:20:45.226+08:00,0.3308311998844147,-0.6662158370018005,0.059999942779541016,-1.7596617937088013,-2.3263049125671387,-61.54366683959961
1779121245459705272,1779121245443786552,2026-05-19T00:20:45.459+08:00,0.3276931047439575,-0.6610093116760254,0.059999942779541016,-1.9331259727478027,-2.4641499519348145,-61.53526306152344
1779121245692811352,1779121245682151608,2026-05-19T00:20:45.692+08:00,0.3239504396915436,-0.6549004912376404,0.059999942779541016,-1.8254995346069336,-2.4827308654785156,-61.571231842041016
1779121245893220216,1779121245860310424,2026-05-19T00:20:45.893+08:00,0.3211766481399536,-0.649657666683197,0.06999993324279785,-1.6194771528244019,-2.594160556793213,-61.594398498535156
1779121246093250072,1779121246067376600,2026-05-19T00:20:46.093+08:00,0.31843438744544983,-0.6438348889350891,0.06999993324279785,-1.410749077796936,-2.7635021209716797,-61.60245895385742
1779121246325903832,1779121246307760888,2026-05-19T00:20:46.325+08:00,0.3158845007419586,-0.637984573841095,0.06999993324279785,-1.2821190357208252,-2.7756314277648926,-61.64400100708008
1779121246526321912,1779121246504446552,2026-05-19T00:20:46.526+08:00,0.3141893744468689,-0.6348662972450256,0.059999942779541016,-1.2901118993759155,-2.74078369140625,-61.66983413696289
1779121246726660920,1779121246711873816,2026-05-19T00:20:46.726+08:00,0.3123963177204132,-0.632066547870636,0.06999993324279785,-1.428047776222229,-2.7024049758911133,-61.698997497558594
1779121246959814296,1779121246955448568,2026-05-19T00:20:46.959+08:00,0.31050172448158264,-0.6281646490097046,0.06999993324279785,-1.6055597066879272,-2.6483798027038574,-61.719459533691406
1779121247160809304,1779121247154541720,2026-05-19T00:20:47.160+08:00,0.30873289704322815,-0.624661386013031,0.06999993324279785,-1.6622703075408936,-2.6298863887786865,-61.7699089050293
1779121247392581976,1779121247387257592,2026-05-19T00:20:47.392+08:00,0.30620986223220825,-0.6201843619346619,0.06999993324279785,-1.6528979539871216,-2.5900051593780518,-61.7793083190918
1779121247605708312,1779121247556452408,2026-05-19T00:20:47.605+08:00,0.3047131299972534,-0.6170831918716431,0.07999992370605469,-1.6147637367248535,-2.567051887512207,-61.7820930480957
1779121247825818424,1779121247821161784,2026-05-19T00:20:47.825+08:00,0.30290687084198,-0.6134356260299683,0.06999993324279785,-1.494922161102295,-2.5251142978668213,-61.73686599731445
1779121248026188056,1779121248022229912,2026-05-19T00:20:48.026+08:00,0.30152034759521484,-0.612048327922821,0.07999992370605469,-1.3771443367004395,-2.451809883117676,-61.76353073120117
1779121248226401528,1779121248222417336,2026-05-19T00:20:48.226+08:00,0.30032530426979065,-0.6117504835128784,0.07999992370605469,-1.314167857170105,-2.37760329246521,-61.77922439575195
1779121248426665976,1779121248388302904,2026-05-19T00:20:48.426+08:00,0.2997775673866272,-0.6114538311958313,0.06999993324279785,-1.323652982711792,-2.3487281799316406,-61.80164337158203
1779121248660376024,1779121248658370200,2026-05-19T00:20:48.660+08:00,0.29941731691360474,-0.6106560230255127,0.06999993324279785,-1.4294582605361938,-2.3467798233032227,-61.73088073730469
1779121248892459928,1779121248889885592,2026-05-19T00:20:48.892+08:00,0.2985444962978363,-0.6087241768836975,0.06999993324279785,-1.4959458112716675,-2.4342141151428223,-61.747684478759766
1779121249094042008,1779121249054871800,2026-05-19T00:20:49.094+08:00,0.2975757420063019,-0.607719361782074,0.07999992370605469,-1.56212317943573,-2.5098538398742676,-61.77120590209961
1779121249326010712,1779121249292666264,2026-05-19T00:20:49.326+08:00,0.2972866892814636,-0.6075940132141113,0.07999992370605469,-1.6078622341156006,-2.515852928161621,-61.80169677734375
1779121249526561080,1779121249498249368,2026-05-19T00:20:49.526+08:00,0.2979792356491089,-0.6083442568778992,0.06999993324279785,-1.6189297437667847,-2.4372637271881104,-61.858604431152344
1779121249726619800,1779121249694742456,2026-05-19T00:20:49.726+08:00,0.2984451949596405,-0.6085561513900757,0.06999993324279785,-1.6296435594558716,-2.446850299835205,-61.93842315673828
1779121249959743032,1779121249924351800,2026-05-19T00:20:49.959+08:00,0.29841721057891846,-0.6080715656280518,0.07999992370605469,-1.5212997198104858,-2.555507183074951,-62.04743194580078
1779121250159974008,1779121250126429688,2026-05-19T00:20:50.159+08:00,0.29872581362724304,-0.6079274415969849,0.06999993324279785,-1.3253207206726074,-2.5838053226470947,-62.123329162597656
1779121250392990168,1779121250367331416,2026-05-19T00:20:50.392+08:00,0.2992625832557678,-0.6075642704963684,0.06999993324279785,-1.128800392150879,-2.693068027496338,-62.186851501464844
1779121250593243064,1779121250564163384,2026-05-19T00:20:50.593+08:00,0.2996132969856262,-0.6072788834571838,0.06999993324279785,-1.1338714361190796,-2.8533775806427,-62.23134231567383
1779121250826067576,1779121250815343992,2026-05-19T00:20:50.826+08:00,0.29899951815605164,-0.6087238192558289,0.07999992370605469,-1.3807868957519531,-2.773530960083008,-62.27892303466797
1779121251026455288,1779121251011388760,2026-05-19T00:20:51.026+08:00,0.2988494038581848,-0.6107279658317566,0.059999942779541016,-1.6752805709838867,-2.546692371368408,-62.23052215576172
1779121251259817720,1779121251243797848,2026-05-19T00:20:51.259+08:00,0.29923269152641296,-0.6128398180007935,0.06999993324279785,-1.9643969535827637,-2.3234143257141113,-62.192874908447266
1779121251460556504,1779121251443876248,2026-05-19T00:20:51.460+08:00,0.29938679933547974,-0.6140843629837036,0.06999993324279785,-2.0453760623931885,-2.1863205432891846,-62.143314361572266
1779121251692899192,1779121251684379256,2026-05-19T00:20:51.692+08:00,0.29887890815734863,-0.6142707467079163,0.06999993324279785,-2.0088725090026855,-2.1762194633483887,-62.13797378540039
1779121251925860280,1779121251911560216,2026-05-19T00:20:51.925+08:00,0.299162894487381,-0.6151325702667236,0.06999993324279785,-1.885190486907959,-2.168215036392212,-62.091514587402344
1779121252126237368,1779121252118197304,2026-05-19T00:20:52.126+08:00,0.2996598780155182,-0.6164799332618713,0.06999993324279785,-1.7360996007919312,-2.100867748260498,-62.1296272277832
1779121252359281208,1779121252356650552,2026-05-19T00:20:52.359+08:00,0.3000199496746063,-0.6177172064781189,0.06999993324279785,-1.6573406457901,-2.2142724990844727,-62.19377517700195
1779121252559294360,1779121252554323320,2026-05-19T00:20:52.559+08:00,0.30073973536491394,-0.618778645992279,0.059999942779541016,-1.6814334392547607,-2.350069761276245,-62.22024917602539
1779121252759766360,1779121252718841432,2026-05-19T00:20:52.759+08:00,0.3015982210636139,-0.6192818284034729,0.059999942779541016,-1.7854468822479248,-2.372844696044922,-62.22755813598633
1779121252959809368,1779121252948560888,2026-05-19T00:20:52.959+08:00,0.302720308303833,-0.620030403137207,0.059999942779541016,-2.0069081783294678,-2.3999645709991455,-62.224609375
1779121253193204152,1779121253185319128,2026-05-19T00:20:53.193+08:00,0.30399417877197266,-0.6204988360404968,0.06999993324279785,-2.2324466705322266,-2.3954286575317383,-62.239444732666016
1779121253426829880,1779121253395017784,2026-05-19T00:20:53.426+08:00,0.3048475384712219,-0.620701014995575,0.06999993324279785,-2.354764223098755,-2.3630244731903076,-62.25156021118164
1779121253659882712,1779121253632405688,2026-05-19T00:20:53.659+08:00,0.3055671453475952,-0.6215486526489258,0.059999942779541016,-2.3785011768341064,-2.346761465072632,-62.40121078491211
1779121253860215736,1779121253845065240,2026-05-19T00:20:53.860+08:00,0.30524370074272156,-0.6241987347602844,0.06999993324279785,-2.1556923389434814,-2.3420510292053223,-63.74205780029297
1779121254093227544,1779121254083280792,2026-05-19T00:20:54.093+08:00,0.3038600981235504,-0.6252492070198059,0.06999993324279785,-1.7860639095306396,-2.420306921005249,-65.99446105957031
1779121254326017656,1779121254322363832,2026-05-19T00:20:54.326+08:00,0.30345556139945984,-0.6246098279953003,0.06999993324279785,-1.5462397336959839,-2.693042039871216,-68.48856353759766
1779121254559203992,1779121254557183032,2026-05-19T00:20:54.559+08:00,0.30381694436073303,-0.6241258382797241,0.06999993324279785,-1.690129280090332,-2.861961841583252,-70.69123840332031
1779121254759244440,1779121254757339544,2026-05-19T00:20:54.759+08:00,0.3037976026535034,-0.6246159076690674,0.06999993324279785,-2.104799747467041,-2.8925955295562744,-72.5625228881836
1779121254959334424,1779121254918509048,2026-05-19T00:20:54.959+08:00,0.3034188449382782,-0.6256413459777832,0.059999942779541016,-2.5246834754943848,-2.9509594440460205,-74.13471984863281
1779121255159952536,1779121255128198424,2026-05-19T00:20:55.159+08:00,0.3034048080444336,-0.6271799802780151,0.06999993324279785,-2.853780746459961,-2.918269395828247,-75.75112915039062
1779121255393840216,1779121255392153976,2026-05-19T00:20:55.393+08:00,0.30414870381355286,-0.6296728849411011,0.06999993324279785,-2.9726669788360596,-2.5836408138275146,-77.61833953857422
1779121255626877816,1779121255592974904,2026-05-19T00:20:55.626+08:00,0.30544254183769226,-0.6309267282485962,0.06999993324279785,-2.899631977081299,-2.399977684020996,-78.90711212158203
1779121255859681816,1779121255843798424,2026-05-19T00:20:55.859+08:00,0.3068634867668152,-0.6308399438858032,0.07999992370605469,-2.8348660469055176,-2.358896255493164,-80.40426635742188
1779121256092716632,1779121256084051320,2026-05-19T00:20:56.092+08:00,0.3061220943927765,-0.6318668127059937,0.06999993324279785,-2.836031675338745,-2.202134132385254,-81.65778350830078
1779121256293735832,1779121256255054232,2026-05-19T00:20:56.293+08:00,0.3049353063106537,-0.6335569024085999,0.06999993324279785,-2.8098998069763184,-2.002671718597412,-82.34801483154297
1779121256526462136,1779121256519996056,2026-05-19T00:20:56.526+08:00,0.3051099181175232,-0.6348755955696106,0.07999992370605469,-2.6227195262908936,-1.9835551977157593,-83.41181182861328
1779121256761870104,1779121256723823288,2026-05-19T00:20:56.761+08:00,0.3065950274467468,-0.6337908506393433,0.07999992370605469,-2.6198806762695312,-2.147472858428955,-84.05066680908203
1779121256992969336,1779121256983701976,2026-05-19T00:20:56.992+08:00,0.3065003752708435,-0.6331055760383606,0.07999992370605469,-2.822049617767334,-2.2123589515686035,-84.82622528076172
1779121257226030488,1779121257214385784,2026-05-19T00:20:57.226+08:00,0.3061286211013794,-0.6336018443107605,0.09000003337860107,-2.965968608856201,-2.351367473602295,-85.4254379272461
1779121257426113112,1779121257413484984,2026-05-19T00:20:57.426+08:00,0.3068874478340149,-0.6344878077507019,0.07999992370605469,-3.0294508934020996,-2.481001853942871,-85.91219329833984
1779121257626182744,1779121257615881336,2026-05-19T00:20:57.626+08:00,0.30562007427215576,-0.6338728666305542,0.07999992370605469,-3.2142114639282227,-2.44003963470459,-86.32076263427734
1779121257859487768,1779121257844827000,2026-05-19T00:20:57.859+08:00,0.2943820059299469,-0.6285685896873474,0.059999942779541016,-3.8427348136901855,-2.3382012844085693,-86.85238647460938
1779121258060112472,1779121258055360312,2026-05-19T00:20:58.060+08:00,0.28069785237312317,-0.6303655505180359,0.06999993324279785,-4.240697860717773,-2.4236698150634766,-87.21357727050781
1779121258292808184,1779121258289170872,2026-05-19T00:20:58.292+08:00,0.2686557471752167,-0.6369386315345764,0.06999993324279785,-3.976170778274536,-2.54341983795166,-87.65534210205078
1779121258493497656,1779121258491109336,2026-05-19T00:20:58.493+08:00,0.26221975684165955,-0.6444219350814819,0.06999993324279785,-3.2082388401031494,-2.672248125076294,-88.0584716796875
1779121258726362744,1779121258693999640,2026-05-19T00:20:58.726+08:00,0.25674641132354736,-0.65277099609375,0.06999993324279785,-2.334031581878662,-2.9402894973754883,-88.46028137207031
1779121258926570520,1779121258910790904,2026-05-19T00:20:58.926+08:00,0.2530415952205658,-0.6618010997772217,0.06999993324279785,-1.4992369413375854,-3.269019842147827,-88.84732055664062
1779121259159491128,1779121259154952760,2026-05-19T00:20:59.159+08:00,0.2512836456298828,-0.6751556396484375,0.06999993324279785,-1.2163230180740356,-3.348874092102051,-89.23900604248047
1779121259360287000,1779121259320804056,2026-05-19T00:20:59.360+08:00,0.24936826527118683,-0.6876469254493713,0.06999993324279785,-1.511244535446167,-3.165970802307129,-89.51522827148438
1779121259593418168,1779121259587497592,2026-05-19T00:20:59.593+08:00,0.24645788967609406,-0.7062522172927856,0.059999942779541016,-2.16827392578125,-2.7939205169677734,-89.8935775756836
1779121259825829464,1779121259814280824,2026-05-19T00:20:59.825+08:00,0.24515366554260254,-0.7232766151428223,0.059999942779541016,-2.739131212234497,-2.678527593612671,-90.2158432006836
1779121260025930296,1779121260012068344,2026-05-19T00:21:00.025+08:00,0.24569392204284668,-0.7383153438568115,0.059999942779541016,-3.100881814956665,-2.6806561946868896,-90.4688720703125
1779121260226029304,1779121260222668184,2026-05-19T00:21:00.226+08:00,0.24741725623607635,-0.7546138167381287,0.04999995231628418,-3.241990327835083,-2.6688218116760254,-90.74869537353516
1779121260426200856,1779121260388292472,2026-05-19T00:21:00.426+08:00,0.24818646907806396,-0.7668862342834473,0.04999995231628418,-3.26869535446167,-2.731468915939331,-90.91072082519531
1779121260660100440,1779121260658234456,2026-05-19T00:21:00.660+08:00,0.24833376705646515,-0.789108157157898,0.059999942779541016,-3.1696462631225586,-2.8487467765808105,-91.13805389404297
1779121260892559160,1779121260878922392,2026-05-19T00:21:00.892+08:00,0.24713854491710663,-0.8077952861785889,0.04999995231628418,-2.904564619064331,-2.8339266777038574,-91.30200958251953
1779121261093169272,1779121261085728472,2026-05-19T00:21:01.093+08:00,0.24753277003765106,-0.8222528100013733,0.04999995231628418,-2.6188290119171143,-2.985779047012329,-91.41072845458984
1779121261293800792,1779121261291912888,2026-05-19T00:21:01.293+08:00,0.24726121127605438,-0.8379603028297424,0.04999995231628418,-2.5210976600646973,-3.208275318145752,-91.5049057006836
1779121261526662136,1779121261496858392,2026-05-19T00:21:01.526+08:00,0.24750182032585144,-0.8554814457893372,0.04999995231628418,-2.598327159881592,-3.1769747734069824,-91.60684967041016
1779121261730230296,1779121261696702936,2026-05-19T00:21:01.730+08:00,0.24794720113277435,-0.8731829524040222,0.04999995231628418,-2.742690324783325,-2.998116970062256,-91.71112060546875
1779121261959628056,1779121261945088536,2026-05-19T00:21:01.959+08:00,0.24891109764575958,-0.8966895937919617,0.039999961853027344,-3.008606433868408,-2.9479572772979736,-91.85494995117188
1779121262192809176,1779121262189016728,2026-05-19T00:21:02.192+08:00,0.24813909828662872,-0.9180724024772644,0.039999961853027344,-3.2300076484680176,-3.017899751663208,-91.96839904785156
1779121262393132120,1779121262355266904,2026-05-19T00:21:02.393+08:00,0.2471049427986145,-0.9335503578186035,0.04999995231628418,-3.283635139465332,-3.0068230628967285,-92.02906799316406
1779121262626462328,1779121262588847416,2026-05-19T00:21:02.626+08:00,0.24788205325603485,-0.9578707218170166,0.04999995231628418,-3.1782937049865723,-2.7768774032592773,-92.11851501464844
1779121262859446616,1779121262840799960,2026-05-19T00:21:02.859+08:00,0.2482748180627823,-0.9848329424858093,0.04999995231628418,-2.967961549758911,-2.5292506217956543,-92.23396301269531
1779121263060179576,1779121263043281496,2026-05-19T00:21:03.060+08:00,0.24967722594738007,-1.0029780864715576,0.04999995231628418,-2.860877275466919,-2.607572317123413,-92.29505157470703
1779121263293208728,1779121263282065688,2026-05-19T00:21:03.293+08:00,0.24890296161174774,-1.0247001647949219,0.04999995231628418,-2.8280622959136963,-2.7244515419006348,-92.2833023071289
1779121263494051544,1779121263478044376,2026-05-19T00:21:03.494+08:00,0.24736179411411285,-1.0426750183105469,0.04999995231628418,-2.8655786514282227,-2.6574647426605225,-92.26044464111328
1779121263695219128,1779121263685363224,2026-05-19T00:21:03.695+08:00,0.248342826962471,-1.0616519451141357,0.04999995231628418,-2.8117568492889404,-2.564607858657837,-92.20394897460938
1779121263925966616,1779121263917871640,2026-05-19T00:21:03.925+08:00,0.25856372714042664,-1.087680697441101,0.059999942779541016,-2.28692889213562,-2.64817214012146,-91.94257354736328
1779121264126458968,1779121264121860952,2026-05-19T00:21:04.126+08:00,0.27121564745903015,-1.1092827320098877,0.04999995231628418,-1.9930860996246338,-2.819187879562378,-91.73992156982422
1779121264359755768,1779121264322062648,2026-05-19T00:21:04.359+08:00,0.2798786759376526,-1.1306675672531128,0.04999995231628418,-2.084754228591919,-3.185634136199951,-91.58690643310547
1779121264560446968,1779121264525661880,2026-05-19T00:21:04.560+08:00,0.28553563356399536,-1.1511656045913696,0.04999995231628418,-2.4249894618988037,-3.5667991638183594,-91.25083923339844
1779121264760511000,1779121264728680088,2026-05-19T00:21:04.760+08:00,0.29037538170814514,-1.171873688697815,0.04999995231628418,-2.9017741680145264,-3.6723809242248535,-90.97030639648438
1779121264992556120,1779121264988914328,2026-05-19T00:21:04.992+08:00,0.29481038451194763,-1.1984333992004395,0.04999995231628418,-3.3545894622802734,-3.48087739944458,-90.74881744384766
1779121265193022008,1779121265163687512,2026-05-19T00:21:05.193+08:00,0.2964625060558319,-1.2173646688461304,0.04999995231628418,-3.4938299655914307,-3.243863344192505,-90.68644714355469
1779121265393285784,1779121265366983032,2026-05-19T00:21:05.393+08:00,0.29794391989707947,-1.2380825281143188,0.04999995231628418,-3.4537768363952637,-2.810415029525757,-90.61580657958984
1779121265626471864,1779121265599054072,2026-05-19T00:21:05.626+08:00,0.29914501309394836,-1.2630447149276733,0.04999995231628418,-3.182699203491211,-2.277150869369507,-90.52623748779297
1779121265826638008,1779121265822401784,2026-05-19T00:21:05.826+08:00,0.3008287847042084,-1.2852362394332886,0.059999942779541016,-2.9772863388061523,-2.007826089859009,-90.44908142089844
1779121266059898936,1779121266054946040,2026-05-19T00:21:06.059+08:00,0.3028358817100525,-1.3070448637008667,0.059999942779541016,-3.0042402744293213,-1.8855199813842773,-90.38478088378906
1779121266293311704,1779121266288160920,2026-05-19T00:21:06.293+08:00,0.29982173442840576,-1.332396388053894,0.04999995231628418,-3.1799986362457275,-1.7870197296142578,-90.29713439941406
1779121266526544856,1779121266498927384,2026-05-19T00:21:06.526+08:00,0.2966659367084503,-1.3547453880310059,0.059999942779541016,-3.133138656616211,-1.7596544027328491,-90.1666259765625
1779121266759966424,1779121266732138392,2026-05-19T00:21:06.759+08:00,0.295665442943573,-1.3770350217819214,0.059999942779541016,-2.7965047359466553,-1.865251064300537,-90.09896850585938
1779121266993006232,1779121266964013688,2026-05-19T00:21:06.993+08:00,0.2975552976131439,-1.4017539024353027,0.059999942779541016,-2.5687859058380127,-2.078758716583252,-89.98319244384766
1779121267193204952,1779121267167303928,2026-05-19T00:21:07.193+08:00,0.2989533245563507,-1.4209158420562744,0.059999942779541016,-2.624877452850342,-2.3215694427490234,-89.93805694580078
1779121267393195480,1779121267369178744,2026-05-19T00:21:07.393+08:00,0.3001819849014282,-1.4386940002441406,0.059999942779541016,-2.8564870357513428,-2.463013172149658,-89.9164047241211
1779121267626312248,1779121267602622456,2026-05-19T00:21:07.626+08:00,0.29944127798080444,-1.4569209814071655,0.059999942779541016,-3.2235617637634277,-2.4199178218841553,-89.93281555175781
1779121267826472536,1779121267821026136,2026-05-19T00:21:07.826+08:00,0.2980421781539917,-1.4725457429885864,0.06999993324279785,-3.296041488647461,-2.549593448638916,-89.99185180664062
1779121268059813400,1779121268027849624,2026-05-19T00:21:08.059+08:00,0.3037319779396057,-1.4841147661209106,0.06999993324279785,-3.0796148777008057,-2.7726900577545166,-90.11519622802734
1779121268259844376,1779121268227680664,2026-05-19T00:21:08.259+08:00,0.305486798286438,-1.4887394905090332,0.06999993324279785,-2.909376859664917,-2.740767478942871,-90.04521179199219
1779121268460309656,1779121268428376984,2026-05-19T00:21:08.460+08:00,0.30594196915626526,-1.494512915611267,0.06999993324279785,-2.9363090991973877,-2.6054534912109375,-89.90946960449219
1779121268692853112,1779121268661824632,2026-05-19T00:21:08.692+08:00,0.30236533284187317,-1.501432180404663,0.059999942779541016,-3.0465002059936523,-2.5020408630371094,-89.85294342041016
1779121268926121784,1779121268914760472,2026-05-19T00:21:08.926+08:00,0.30019211769104004,-1.5055112838745117,0.06999993324279785,-2.859377861022949,-2.2485387325286865,-89.81717681884766
1779121269126775608,1779121269115681560,2026-05-19T00:21:09.126+08:00,0.30078086256980896,-1.5071150064468384,0.06999993324279785,-2.657958984375,-2.0506107807159424,-89.74954986572266
1779121269361209464,1779121269323085912,2026-05-19T00:21:09.361+08:00,0.3014920651912689,-1.506602168083191,0.059999942779541016,-2.630486249923706,-2.0090363025665283,-89.6240463256836
1779121269593050008,1779121269562617592,2026-05-19T00:21:09.593+08:00,0.300857812166214,-1.504183292388916,0.059999942779541016,-2.7955453395843506,-2.003054618835449,-89.52630615234375
1779121269826337560,1779121269813721560,2026-05-19T00:21:09.826+08:00,0.29989850521087646,-1.501184344291687,0.059999942779541016,-2.8736443519592285,-1.867969274520874,-89.51152801513672
1779121270059736600,1779121270043638776,2026-05-19T00:21:10.059+08:00,0.29982122778892517,-1.4959676265716553,0.059999942779541016,-2.807631492614746,-1.8843331336975098,-89.47250366210938
1779121270260251448,1779121270248762840,2026-05-19T00:21:10.260+08:00,0.30099835991859436,-1.4900339841842651,0.06999993324279785,-2.7789344787597656,-2.0580384731292725,-89.39018249511719
1779121270492574232,1779121270489873528,2026-05-19T00:21:10.492+08:00,0.3017846345901489,-1.4830111265182495,0.059999942779541016,-2.859037160873413,-2.1337506771087646,-89.29216766357422
1779121270692793688,1779121270684025272,2026-05-19T00:21:10.692+08:00,0.3023662865161896,-1.4771605730056763,0.059999942779541016,-2.9407613277435303,-2.173558235168457,-89.24585723876953
1779121270893104984,1779121270868940504,2026-05-19T00:21:10.893+08:00,0.30289191007614136,-1.4718952178955078,0.059999942779541016,-3.0512611865997314,-2.2898690700531006,-89.22827911376953
1779121271126457016,1779121271112030872,2026-05-19T00:21:11.126+08:00,0.30328667163848877,-1.468837857246399,0.059999942779541016,-3.1894333362579346,-2.4294373989105225,-89.22325134277344
1779121271359590168,1779121271344969528,2026-05-19T00:21:11.359+08:00,0.294971227645874,-1.466380000114441,0.059999942779541016,-3.2106566429138184,-2.524980068206787,-89.2170639038086
1779121271592490232,1779121271577512536,2026-05-19T00:21:11.592+08:00,0.29328569769859314,-1.4575529098510742,0.06999993324279785,-2.7600483894348145,-2.4396679401397705,-89.26363372802734
1779121271793092408,1779121271753954616,2026-05-19T00:21:11.793+08:00,0.2957550287246704,-1.4512327909469604,0.06999993324279785,-2.3767025470733643,-2.2156662940979004,-89.22377014160156
1779121271993362456,1779121271981213528,2026-05-19T00:21:11.993+08:00,0.29804113507270813,-1.441711664199829,0.06999993324279785,-2.2034122943878174,-1.954591155052185,-89.07295989990234
1779121272229614744,1779121272223627672,2026-05-19T00:21:12.229+08:00,0.29722753167152405,-1.4309929609298706,0.06999993324279785,-2.4520273208618164,-1.9445128440856934,-89.03319549560547
1779121272459323160,1779121272456022776,2026-05-19T00:21:12.459+08:00,0.296100914478302,-1.4215209484100342,0.059999942779541016,-2.711916208267212,-1.9744175672531128,-89.11102294921875
1779121272692887640,1779121272655775320,2026-05-19T00:21:12.692+08:00,0.2965100407600403,-1.4143279790878296,0.06999993324279785,-2.848954439163208,-2.012037515640259,-89.15522766113281
1779121272892909912,1779121272878816504,2026-05-19T00:21:12.892+08:00,0.297536164522171,-1.4075254201889038,0.06999993324279785,-2.9278171062469482,-2.1127562522888184,-89.19366455078125
1779121273126012472,1779121273111796344,2026-05-19T00:21:13.126+08:00,0.2983793020248413,-1.4049376249313354,0.059999942779541016,-2.917370080947876,-2.1732168197631836,-89.19278717041016
1779121273359360408,1779121273356072024,2026-05-19T00:21:13.359+08:00,0.2993728518486023,-1.4031407833099365,0.059999942779541016,-2.895810842514038,-2.164742946624756,-89.24751281738281
1779121273559567608,1779121273524343320,2026-05-19T00:21:13.559+08:00,0.299448162317276,-1.4018027782440186,0.059999942779541016,-2.844463586807251,-2.2055366039276123,-89.30744171142578
1779121273760220504,1779121273730588504,2026-05-19T00:21:13.760+08:00,0.2992507517337799,-1.399937629699707,0.06999993324279785,-2.7450830936431885,-2.3712971210479736,-89.36144256591797
1779121273992488440,1779121273977485720,2026-05-19T00:21:13.992+08:00,0.29904794692993164,-1.398950457572937,0.06999993324279785,-2.589614152908325,-2.49684476852417,-89.42053985595703
1779121274193043832,1779121274187966392,2026-05-19T00:21:14.193+08:00,0.2992338240146637,-1.3997775316238403,0.059999942779541016,-2.4885342121124268,-2.3561196327209473,-89.46697998046875
1779121274426624184,1779121274424748888,2026-05-19T00:21:14.426+08:00,0.29961878061294556,-1.4010599851608276,0.06999993324279785,-2.4588701725006104,-2.239351987838745,-89.52723693847656
1779121274659813112,1779121274658024280,2026-05-19T00:21:14.659+08:00,0.3005833327770233,-1.4014170169830322,0.06999993324279785,-2.5594356060028076,-2.2455427646636963,-89.6239242553711
1779121274892728504,1779121274873848824,2026-05-19T00:21:14.892+08:00,0.30138030648231506,-1.4009493589401245,0.06999993324279785,-2.7630605697631836,-2.1860227584838867,-89.66899108886719
1779121275093054296,1779121275081983768,2026-05-19T00:21:15.093+08:00,0.30068641901016235,-1.4004490375518799,0.059999942779541016,-2.9477317333221436,-2.1590964794158936,-89.68923950195312
1779121275293598968,1779121275282784760,2026-05-19T00:21:15.293+08:00,0.2993031442165375,-1.4015196561813354,0.059999942779541016,-2.9775733947753906,-2.1252331733703613,-89.66117858886719
1779121275493887608,1779121275482999288,2026-05-19T00:21:15.493+08:00,0.2984870374202728,-1.4042127132415771,0.06999993324279785,-2.808661937713623,-2.013145685195923,-89.66826629638672
1779121275726393944,1779121275710677912,2026-05-19T00:21:15.726+08:00,0.2994331419467926,-1.4071732759475708,0.06999993324279785,-2.498438596725464,-1.9215474128723145,-89.73757934570312
1779121275959718328,1779121275947899832,2026-05-19T00:21:15.959+08:00,0.3008553087711334,-1.4088451862335205,0.06999993324279785,-2.318558931350708,-2.00386905670166,-89.80400848388672
1779121276192739320,1779121276177515512,2026-05-19T00:21:16.192+08:00,0.30080199241638184,-1.4100568294525146,0.06999993324279785,-2.423215866088867,-2.059405565261841,-89.7448501586914
1779121276392747544,1779121276389914520,2026-05-19T00:21:16.392+08:00,0.3005104064941406,-1.4120899438858032,0.059999942779541016,-2.5346598625183105,-2.0694618225097656,-89.7591323852539
1779121276593728504,1779121276591888888,2026-05-19T00:21:16.593+08:00,0.2994803488254547,-1.4147262573242188,0.06999993324279785,-2.615661382675171,-2.0428359508514404,-89.77716827392578
1779121276826163832,1779121276811893944,2026-05-19T00:21:16.826+08:00,0.2985715866088867,-1.416746973991394,0.059999942779541016,-2.6151556968688965,-2.0200600624084473,-89.85025024414062
1779121277059091704,1779121277048931288,2026-05-19T00:21:17.059+08:00,0.29821404814720154,-1.4163284301757812,0.059999942779541016,-2.4949235916137695,-2.117903232574463,-89.91425323486328
1779121277259756568,1779121277246141944,2026-05-19T00:21:17.259+08:00,0.2985951602458954,-1.4155246019363403,0.059999942779541016,-2.3818113803863525,-2.158848524093628,-89.92391967773438
1779121277492763064,1779121277488256728,2026-05-19T00:21:17.492+08:00,0.2988493740558624,-1.4152318239212036,0.059999942779541016,-2.353527784347534,-2.217010259628296,-89.908447265625
1779121277726830552,1779121277687940632,2026-05-19T00:21:17.726+08:00,0.2988477647304535,-1.4160585403442383,0.059999942779541016,-2.3571972846984863,-2.263914108276367,-89.91185760498047
1779121277960556856,1779121277945755064,2026-05-19T00:21:17.960+08:00,0.29950422048568726,-1.4181045293807983,0.059999942779541016,-2.5221664905548096,-2.1682260036468506,-89.91139221191406
1779121278204722968,1779121278189323704,2026-05-19T00:21:18.204+08:00,0.30042481422424316,-1.4207935333251953,0.059999942779541016,-2.664612293243408,-2.1280531883239746,-89.93698120117188
1779121278426970488,1779121278422156600,2026-05-19T00:21:18.426+08:00,0.2995327413082123,-1.4224389791488647,0.06999993324279785,-2.734426975250244,-2.167555570602417,-89.98965454101562
1779121278627142872,1779121278624981976,2026-05-19T00:21:18.627+08:00,0.29900267720222473,-1.423861026763916,0.059999942779541016,-2.6060500144958496,-2.1946048736572266,-90.04419708251953
1779121278859471896,1779121278842971160,2026-05-19T00:21:18.859+08:00,0.2994329333305359,-1.4267326593399048,0.06999993324279785,-2.388665199279785,-2.2205772399902344,-89.99055480957031
1779121279059719192,1779121279048982360,2026-05-19T00:21:19.059+08:00,0.2998242974281311,-1.4293429851531982,0.059999942779541016,-2.3368210792541504,-2.2825818061828613,-89.92288208007812
1779121279293428632,1779121279282805304,2026-05-19T00:21:19.293+08:00,0.3000788986682892,-1.441346526145935,0.06999993324279785,-2.39385986328125,-2.318577527999878,-89.86512756347656
1779121279525898584,1779121279523776248,2026-05-19T00:21:19.525+08:00,0.2980331480503082,-1.4545525312423706,0.059999942779541016,-2.438727855682373,-2.298689126968384,-89.81216430664062
1779121279726040088,1779121279722895640,2026-05-19T00:21:19.726+08:00,0.2976352870464325,-1.466050624847412,0.059999942779541016,-2.48941969871521,-2.4349377155303955,-89.77432250976562
1779121279961001720,1779121279958265752,2026-05-19T00:21:19.961+08:00,0.2972378432750702,-1.4799320697784424,0.059999942779541016,-2.4927284717559814,-2.5798020362854004,-89.73457336425781
1779121280192723544,1779121280186404824,2026-05-19T00:21:20.192+08:00,0.2968735098838806,-1.4926568269729614,0.059999942779541016,-2.3583595752716064,-2.4993462562561035,-89.72178649902344
1779121280426347992,1779121280396494552,2026-05-19T00:21:20.426+08:00,0.29654231667518616,-1.5042246580123901,0.06999993324279785,-2.2020699977874756,-2.4549384117126465,-89.7247543334961
1779121280660337816,1779121280635838264,2026-05-19T00:21:20.660+08:00,0.29654043912887573,-1.5230666399002075,0.06999993324279785,-2.064008951187134,-2.5048537254333496,-89.75084686279297
1779121280893133336,1779121280891440504,2026-05-19T00:21:20.893+08:00,0.29658347368240356,-1.5443298816680908,0.06999993324279785,-1.9862333536148071,-2.3881237506866455,-89.78093719482422
1779121281093214936,1779121281062487096,2026-05-19T00:21:21.093+08:00,0.2964959442615509,-1.5588585138320923,0.059999942779541016,-1.986420750617981,-2.3852293491363525,-89.7909927368164
1779121281293298040,1779121281263372664,2026-05-19T00:21:21.293+08:00,0.2977084219455719,-1.5737422704696655,0.06999993324279785,-2.062948226928711,-2.454463481903076,-89.73068237304688
1779121281527314424,1779121281493422264,2026-05-19T00:21:21.527+08:00,0.29938802123069763,-1.5895817279815674,0.06999993324279785,-2.24499773979187,-2.3742222785949707,-89.6630630493164
1779121281759699128,1779121281729513176,2026-05-19T00:21:21.759+08:00,0.29726120829582214,-1.6077097654342651,0.059999942779541016,-2.466421604156494,-2.2649779319763184,-89.59085083007812
1779121281992847768,1779121281982558744,2026-05-19T00:21:21.992+08:00,0.2940295934677124,-1.6270532608032227,0.059999942779541016,-2.2662460803985596,-2.278026580810547,-89.52525329589844
1779121282226635384,1779121282182111576,2026-05-19T00:21:22.226+08:00,0.2960309684276581,-1.6430730819702148,0.059999942779541016,-1.9702568054199219,-2.3364157676696777,-89.51566314697266
1779121282459773784,1779121282427348696,2026-05-19T00:21:22.459+08:00,0.2981874346733093,-1.664007306098938,0.059999942779541016,-1.910780668258667,-2.4621171951293945,-89.5197525024414
1779121282693228056,1779121282661424632,2026-05-19T00:21:22.693+08:00,0.296461820602417,-1.6861851215362549,0.059999942779541016,-1.99495267868042,-2.4458467960357666,-89.54149627685547
1779121282893436248,1779121282882702360,2026-05-19T00:21:22.893+08:00,0.29736265540122986,-1.707352638244629,0.059999942779541016,-2.024528741836548,-2.384443759918213,-89.5553207397461
1779121283097590392,1779121283082723640,2026-05-19T00:21:23.097+08:00,0.29799044132232666,-1.725083589553833,0.059999942779541016,-2.2562074661254883,-2.423672914505005,-89.56497955322266
1779121283325708952,1779121283323315160,2026-05-19T00:21:23.325+08:00,0.29601529240608215,-1.7441540956497192,0.059999942779541016,-2.407757520675659,-2.560642957687378,-89.61602783203125
1779121283527049176,1779121283525165560,2026-05-19T00:21:23.527+08:00,0.2950364649295807,-1.7602967023849487,0.059999942779541016,-2.256683588027954,-2.615980625152588,-89.60208129882812
1779121283759833880,1779121283728446744,2026-05-19T00:21:23.759+08:00,0.297985702753067,-1.7787556648254395,0.059999942779541016,-2.040503740310669,-2.4712626934051514,-89.56362915039062
1779121283993537304,1779121283991723256,2026-05-19T00:21:23.993+08:00,0.3031212091445923,-1.8039942979812622,0.059999942779541016,-2.0665276050567627,-2.196784734725952,-89.47518920898438
1779121284225783160,1779121284223882936,2026-05-19T00:21:24.225+08:00,0.30298420786857605,-1.8256407976150513,0.04999995231628418,-2.4781177043914795,-2.2569773197174072,-89.43758392333984
1779121284426085560,1779121284393900952,2026-05-19T00:21:24.426+08:00,0.3010149598121643,-1.8394355773925781,0.04999995231628418,-2.651665687561035,-2.430643081665039,-89.41325378417969
1779121284629110008,1779121284604670296,2026-05-19T00:21:24.629+08:00,0.2971738874912262,-1.8602038621902466,0.04999995231628418,-2.601152181625366,-2.6304032802581787,-89.40772247314453
1779121284864664632,1779121284858028248,2026-05-19T00:21:24.864+08:00,0.2970900535583496,-1.8887767791748047,0.059999942779541016,-2.1699044704437256,-2.5881927013397217,-89.45370483398438
1779121285092801528,1779121285090445112,2026-05-19T00:21:25.092+08:00,0.29979407787323,-1.910692572593689,0.059999942779541016,-1.8238240480422974,-2.6239356994628906,-89.4209213256836
1779121285293094904,1779121285291171480,2026-05-19T00:21:25.293+08:00,0.2993084788322449,-1.9279781579971313,0.059999942779541016,-1.755651831626892,-2.775218963623047,-89.39002990722656
1779121285493398136,1779121285457890648,2026-05-19T00:21:25.493+08:00,0.2979171574115753,-1.943779468536377,0.04999995231628418,-1.743029236793518,-2.8963065147399902,-89.3783950805664
1779121285726763320,1779121285695225176,2026-05-19T00:21:25.726+08:00,0.2976321280002594,-1.965371012687683,0.059999942779541016,-1.7755874395370483,-2.8691325187683105,-89.3587646484375
1779121285959245048,1779121285953948696,2026-05-19T00:21:25.959+08:00,0.29858025908470154,-1.9928052425384521,0.04999995231628418,-2.0640618801116943,-2.632781982421875,-89.3711929321289
1779121286159663384,1779121286124461112,2026-05-19T00:21:26.159+08:00,0.299233615398407,-2.0117979049682617,0.04999995231628418,-2.2669668197631836,-2.465441942214966,-89.39842987060547
1779121286360828312,1779121286325326392,2026-05-19T00:21:26.360+08:00,0.2999595105648041,-2.032900810241699,0.04999995231628418,-2.397090435028076,-2.2857789993286133,-89.47285461425781
1779121286593684792,1779121286568436568,2026-05-19T00:21:26.593+08:00,0.2988269627094269,-2.0563151836395264,0.04999995231628418,-2.4415905475616455,-2.1120657920837402,-89.51908111572266
1779121286825703160,1779121286772342680,2026-05-19T00:21:26.825+08:00,0.2970057725906372,-2.075042486190796,0.04999995231628418,-2.239687442779541,-2.104466438293457,-89.57317352294922
1779121287025777560,1779121286994040056,2026-05-19T00:21:27.025+08:00,0.2973775863647461,-2.0955593585968018,0.04999995231628418,-1.9219746589660645,-2.148545980453491,-89.65371704101562
1779121287225870552,1779121287202343416,2026-05-19T00:21:27.225+08:00,0.2988893985748291,-2.115966320037842,0.059999942779541016,-1.7674695253372192,-2.2585062980651855,-89.7317886352539
1779121287426262456,1779121287398537464,2026-05-19T00:21:27.426+08:00,0.29841548204421997,-2.1358585357666016,0.059999942779541016,-1.7812836170196533,-2.283470869064331,-89.74129486083984
1779121287659882904,1779121287638425016,2026-05-19T00:21:27.659+08:00,0.2988745868206024,-2.161750555038452,0.04999995231628418,-1.8841723203659058,-2.072486400604248,-89.72489166259766
1779121287893087000,1779121287887481496,2026-05-19T00:21:27.893+08:00,0.3002013862133026,-2.1876516342163086,0.04999995231628418,-2.030059337615967,-2.0729246139526367,-89.71675109863281
1779121288126476888,1779121288120619160,2026-05-19T00:21:28.126+08:00,0.3015281856060028,-2.213552951812744,0.059999942779541016,-2.2697536945343018,-2.3902504444122314,-89.76654052734375
1779121288326499832,1779121288323518136,2026-05-19T00:21:28.326+08:00,0.30146291851997375,-2.227165699005127,0.04999995231628418,-2.460857629776001,-2.357191562652588,-89.78290557861328
1779121288527380536,1779121288525390872,2026-05-19T00:21:28.527+08:00,0.3003770709037781,-2.2396621704101562,0.04999995231628418,-2.538924217224121,-2.117978096008301,-89.90776062011719
1779121288759462616,1779121288728290328,2026-05-19T00:21:28.759+08:00,0.2989889681339264,-2.2531354427337646,0.04999995231628418,-2.4493517875671387,-2.0852482318878174,-89.98941040039062
1779121288992725272,1779121288984172152,2026-05-19T00:21:28.992+08:00,0.2983416020870209,-2.26607346534729,0.059999942779541016,-2.0517055988311768,-2.105820894241333,-90.02745056152344
1779121289192973912,1779121289187740440,2026-05-19T00:21:29.192+08:00,0.2981020510196686,-2.2743120193481445,0.059999942779541016,-1.750181794166565,-2.0696322917938232,-89.97529602050781
1779121289426139992,1779121289420958424,2026-05-19T00:21:29.426+08:00,0.2999025285243988,-2.2806315422058105,0.04999995231628418,-1.586560606956482,-2.181337356567383,-89.85187530517578
1779121289626490072,1779121289588068888,2026-05-19T00:21:29.626+08:00,0.30120864510536194,-2.2835264205932617,0.059999942779541016,-1.679457426071167,-2.2782399654388428,-89.76760864257812
1779121289859072408,1779121289845108856,2026-05-19T00:21:29.859+08:00,0.3007996380329132,-2.2882232666015625,0.04999995231628418,-2.0177927017211914,-2.216313362121582,-89.70113372802734
1779121290060180152,1779121290054858296,2026-05-19T00:21:30.060+08:00,0.2999398112297058,-2.2908272743225098,0.04999995231628418,-2.2178280353546143,-2.1609668731689453,-89.66609191894531
1779121290292891512,1779121290263796184,2026-05-19T00:21:30.292+08:00,0.30051955580711365,-2.2904744148254395,0.04999995231628418,-2.3163516521453857,-2.2478137016296387,-89.59724426269531
1779121290526853304,1779121290498598136,2026-05-19T00:21:30.526+08:00,0.3007490932941437,-2.2865757942199707,0.04999995231628418,-2.2790441513061523,-2.350245952606201,-89.50738525390625
1779121290759606648,1779121290736543608,2026-05-19T00:21:30.759+08:00,0.30052924156188965,-2.28235125541687,0.04999995231628418,-2.1454169750213623,-2.329376697540283,-89.4732666015625
1779121290993951096,1779121290991456440,2026-05-19T00:21:30.993+08:00,0.3002643585205078,-2.2773797512054443,0.04999995231628418,-1.989345908164978,-2.2307612895965576,-89.45465850830078
1779121291225831768,1779121291192703320,2026-05-19T00:21:31.225+08:00,0.30060476064682007,-2.272747278213501,0.04999995231628418,-1.9490458965301514,-2.372159004211426,-89.43632507324219
1779121291428239224,1779121291402117016,2026-05-19T00:21:31.428+08:00,0.30056795477867126,-2.26815128326416,0.04999995231628418,-2.0069973468780518,-2.579395055770874,-89.4289779663086
1779121291659560728,1779121291632622136,2026-05-19T00:21:31.659+08:00,0.29949164390563965,-2.2652580738067627,0.059999942779541016,-2.0251893997192383,-2.369924783706665,-89.43557739257812
1779121291892982904,1779121291887744280,2026-05-19T00:21:31.892+08:00,0.3012976348400116,-2.262972116470337,0.059999942779541016,-1.9779119491577148,-2.2045114040374756,-89.42227172851562
1779121292126288312,1779121292117974840,2026-05-19T00:21:32.126+08:00,0.30243629217147827,-2.2586896419525146,0.059999942779541016,-2.1403110027313232,-2.4564437866210938,-89.33655548095703
1779121292359424344,1779121292356323000,2026-05-19T00:21:32.359+08:00,0.30046454071998596,-2.253695249557495,0.059999942779541016,-2.252002716064453,-2.345816135406494,-89.25476837158203
1779121292593836568,1779121292582684792,2026-05-19T00:21:32.593+08:00,0.2992020547389984,-2.2490482330322266,0.04999995231628418,-2.0769686698913574,-2.176156759262085,-89.23650360107422
1779121292826447992,1779121292812083032,2026-05-19T00:21:32.826+08:00,0.30092525482177734,-2.242720603942871,0.059999942779541016,-1.7987871170043945,-2.2984862327575684,-89.24539947509766
1779121293059514232,1779121293042923512,2026-05-19T00:21:33.059+08:00,0.3014112710952759,-2.236213445663452,0.059999942779541016,-1.6872199773788452,-2.39802885055542,-89.27704620361328
1779121293292563448,1779121293290263544,2026-05-19T00:21:33.292+08:00,0.30113494396209717,-2.2331602573394775,0.059999942779541016,-1.7721844911575317,-2.2911412715911865,-89.31005096435547
1779121293493652952,1779121293460069592,2026-05-19T00:21:33.493+08:00,0.301754355430603,-2.2322559356689453,0.059999942779541016,-1.8805514574050903,-2.2075843811035156,-89.2633056640625
1779121293726169720,1779121293693248984,2026-05-19T00:21:33.726+08:00,0.3014899790287018,-2.22965407371521,0.059999942779541016,-2.0962557792663574,-2.3816311359405518,-89.23629760742188
1779121293926424888,1779121293888422232,2026-05-19T00:21:33.926+08:00,0.2996707260608673,-2.2261483669281006,0.059999942779541016,-2.152305841445923,-2.6181540489196777,-89.2387466430664
1779121294159893496,1779121294123214680,2026-05-19T00:21:34.159+08:00,0.299453467130661,-2.223137855529785,0.06999993324279785,-1.9776197671890259,-2.681067705154419,-89.24409484863281
1779121294393338456,1779121294363139384,2026-05-19T00:21:34.393+08:00,0.30113908648490906,-2.2220184803009033,0.059999942779541016,-1.8196042776107788,-2.722892999649048,-89.24771881103516
1779121294626085016,1779121294595886776,2026-05-19T00:21:34.626+08:00,0.3020375967025757,-2.221813201904297,0.059999942779541016,-1.868490219116211,-2.7747106552124023,-89.2421875
1779121294826309464,1779121294818443608,2026-05-19T00:21:34.826+08:00,0.3012412488460541,-2.221022605895996,0.059999942779541016,-1.9824256896972656,-2.689300537109375,-89.2378158569336
1779121295064228504,1779121295052148760,2026-05-19T00:21:35.064+08:00,0.30078279972076416,-2.2197484970092773,0.059999942779541016,-2.050687789916992,-2.5643413066864014,-89.33489990234375
1779121295292640920,1779121295289856888,2026-05-19T00:21:35.292+08:00,0.3007057309150696,-2.218440294265747,0.06999993324279785,-2.047712802886963,-2.555774450302124,-89.3770523071289
1779121295493255896,1779121295491336344,2026-05-19T00:21:35.493+08:00,0.30025702714920044,-2.216860294342041,0.06999993324279785,-2.00522518157959,-2.623990535736084,-89.38560485839844
1779121295726038968,1779121295693215352,2026-05-19T00:21:35.726+08:00,0.2998940348625183,-2.2167768478393555,0.059999942779541016,-1.9485191106796265,-2.5479159355163574,-89.39765167236328
1779121295927572120,1779121295921907736,2026-05-19T00:21:35.927+08:00,0.30081474781036377,-2.2186672687530518,0.06999993324279785,-1.9192688465118408,-2.355609178543091,-89.4145278930664
1779121296159893176,1779121296122247160,2026-05-19T00:21:36.159+08:00,0.30098432302474976,-2.220254421234131,0.06999993324279785,-1.988594889640808,-2.322777032852173,-89.3993911743164
1779121296392774328,1779121296390079736,2026-05-19T00:21:36.392+08:00,0.29933997988700867,-2.2203707695007324,0.06999993324279785,-2.0874123573303223,-2.360930919647217,-89.46627044677734
1779121296593210520,1779121296591311864,2026-05-19T00:21:36.593+08:00,0.2985438406467438,-2.21928334236145,0.06999993324279785,-2.0378572940826416,-2.451841354370117,-89.48040771484375
1779121296793381848,1779121296762140664,2026-05-19T00:21:36.793+08:00,0.299740731716156,-2.2182061672210693,0.059999942779541016,-1.8948767185211182,-2.51820969581604,-89.48284149169922
1779121297026254008,1779121297012363736,2026-05-19T00:21:37.026+08:00,0.3020552098751068,-2.217195987701416,0.059999942779541016,-1.831278681755066,-2.5748496055603027,-89.21034240722656
1779121297226556088,1779121297212203480,2026-05-19T00:21:37.226+08:00,0.3022133708000183,-2.2174277305603027,0.059999942779541016,-1.9799102544784546,-2.6191940307617188,-89.08057403564453
1779121297459081624,1779121297453137304,2026-05-19T00:21:37.459+08:00,0.29977676272392273,-2.2179532051086426,0.059999942779541016,-2.1364262104034424,-2.641538619995117,-89.03666687011719
1779121297659571576,1779121297654796984,2026-05-19T00:21:37.659+08:00,0.29934877157211304,-2.2182562351226807,0.059999942779541016,-2.0633907318115234,-2.6889679431915283,-89.0401382446289
1779121297892823832,1779121297882364792,2026-05-19T00:21:37.892+08:00,0.30101636052131653,-2.2184677124023438,0.059999942779541016,-1.9174078702926636,-2.692495584487915,-88.96709442138672
1779121298093130232,1779121298082484120,2026-05-19T00:21:38.093+08:00,0.3033815026283264,-2.218212842941284,0.059999942779541016,-1.8912076950073242,-2.621018886566162,-88.92705535888672
1779121298294087096,1779121298283595768,2026-05-19T00:21:38.294+08:00,0.3037258982658386,-2.217921733856201,0.059999942779541016,-2.1094605922698975,-2.6264634132385254,-88.94723510742188
1779121298526707256,1779121298521401496,2026-05-19T00:21:38.526+08:00,0.30178123712539673,-2.217329502105713,0.059999942779541016,-2.352858781814575,-2.7205567359924316,-89.07757568359375
1779121298727820152,1779121298688214648,2026-05-19T00:21:38.727+08:00,0.300232470035553,-2.217785120010376,0.059999942779541016,-2.3778247833251953,-2.7541677951812744,-89.15201568603516
1779121298960121144,1779121298946471704,2026-05-19T00:21:38.960+08:00,0.298597127199173,-2.220261812210083,0.059999942779541016,-2.1300480365753174,-2.6513588428497314,-89.25333404541016
1779121299192677048,1779121299181642840,2026-05-19T00:21:39.192+08:00,0.299887090921402,-2.2218432426452637,0.059999942779541016,-1.880130648612976,-2.485156774520874,-89.31993865966797
1779121299392966616,1779121299381224280,2026-05-19T00:21:39.392+08:00,0.30137625336647034,-2.222182512283325,0.059999942779541016,-1.81264066696167,-2.4653196334838867,-89.40119171142578
1779121299626172984,1779121299618200600,2026-05-19T00:21:39.626+08:00,0.30268749594688416,-2.2212345600128174,0.04999995231628418,-2.046541690826416,-2.5016605854034424,-88.72564697265625
1779121299859362072,1779121299843988728,2026-05-19T00:21:39.859+08:00,0.30316591262817383,-2.2158288955688477,0.029999971389770508,-2.8713607788085938,-2.2440788745880127,-84.12509155273438
1779121300059414776,1779121300049719864,2026-05-19T00:21:40.059+08:00,0.30698734521865845,-2.211719274520874,0.04999995231628418,-3.664112091064453,-2.0597121715545654,-78.0324935913086
1779121300259930296,1779121300255580824,2026-05-19T00:21:40.259+08:00,0.30791592597961426,-2.2097320556640625,0.039999961853027344,-4.259368419647217,-1.9748096466064453,-71.44391632080078
1779121300493437560,1779121300457331640,2026-05-19T00:21:40.493+08:00,0.30716514587402344,-2.2095539569854736,0.04999995231628418,-4.273473739624023,-1.9344942569732666,-64.26837921142578
1779121300693639064,1779121300665072760,2026-05-19T00:21:40.693+08:00,0.307778924703598,-2.209355354309082,0.059999942779541016,-3.685117483139038,-2.0264036655426025,-58.0518798828125
1779121300926370840,1779121300910612312,2026-05-19T00:21:40.926+08:00,0.3082076907157898,-2.2091593742370605,0.059999942779541016,-2.722060203552246,-2.277604579925537,-51.17871856689453
1779121301126532568,1779121301111579704,2026-05-19T00:21:41.126+08:00,0.3059515655040741,-2.2101211547851562,0.059999942779541016,-1.9621026515960693,-2.6087753772735596,-45.97085952758789
1779121301359762456,1779121301348718136,2026-05-19T00:21:41.359+08:00,0.3019426167011261,-2.2105395793914795,0.06999993324279785,-1.2102553844451904,-3.2057266235351562,-40.339027404785156
1779121301593559992,1779121301581739160,2026-05-19T00:21:41.593+08:00,0.3004172742366791,-2.2107203006744385,0.059999942779541016,-0.8662338256835938,-3.744414806365967,-35.22932434082031
1779121301826362904,1779121301815639160,2026-05-19T00:21:41.826+08:00,0.3002036511898041,-2.2123420238494873,0.06999993324279785,-0.9385794997215271,-4.052204132080078,-31.04950714111328
1779121302026370808,1779121302011412664,2026-05-19T00:21:42.026+08:00,0.2990698516368866,-2.21553897857666,0.059999942779541016,-1.0331571102142334,-4.257482051849365,-27.671390533447266
1779121302259425272,1779121302244280792,2026-05-19T00:21:42.259+08:00,0.2986731231212616,-2.217952013015747,0.06999993324279785,-1.0020928382873535,-4.3392205238342285,-24.075611114501953
1779121302497756760,1779121302483318936,2026-05-19T00:21:42.497+08:00,0.29941150546073914,-2.218336820602417,0.06999993324279785,-0.9899306893348694,-4.161942481994629,-20.85529327392578
1779121302726094936,1779121302721289912,2026-05-19T00:21:42.726+08:00,0.3000293970108032,-2.2187156677246094,0.06999993324279785,-1.0146692991256714,-3.9800660610198975,-18.065563201904297
1779121302959312408,1779121302948210520,2026-05-19T00:21:42.959+08:00,0.3002650737762451,-2.219334125518799,0.06999993324279785,-1.0620311498641968,-3.837736129760742,-15.773420333862305
1779121303159417624,1779121303151327096,2026-05-19T00:21:43.159+08:00,0.30008453130722046,-2.2207889556884766,0.06999993324279785,-0.9888209104537964,-3.6409685611724854,-13.946972846984863
1779121303359648984,1779121303322334712,2026-05-19T00:21:43.359+08:00,0.2998855412006378,-2.222463369369507,0.06999993324279785,-0.8694874048233032,-3.4798436164855957,-12.438116073608398
1779121303559746424,1779121303522611576,2026-05-19T00:21:43.559+08:00,0.29997748136520386,-2.2242963314056396,0.06999993324279785,-0.6850173473358154,-3.4243836402893066,-10.900627136230469
1779121303759862648,1779121303729836152,2026-05-19T00:21:43.759+08:00,0.3006039559841156,-2.2250523567199707,0.06999993324279785,-0.44426193833351135,-3.431334972381592,-9.520299911499023
1779121303993282296,1779121303987257272,2026-05-19T00:21:43.993+08:00,0.3023964464664459,-2.221710681915283,0.06999993324279785,-0.35230752825737,-3.4933736324310303,-7.928640842437744
1779121304227519384,1779121304225273368,2026-05-19T00:21:44.227+08:00,0.3048613369464874,-2.217165231704712,0.06999993324279785,-0.6074880361557007,-3.6498968601226807,-6.826869487762451
1779121304458994648,1779121304457168056,2026-05-19T00:21:44.458+08:00,0.30498117208480835,-2.2172250747680664,0.06999993324279785,-1.2306095361709595,-3.951739549636841,-5.701206684112549
1779121304659813112,1779121304657566744,2026-05-19T00:21:44.659+08:00,0.3044261932373047,-2.2219090461730957,0.06999993324279785,-1.6310710906982422,-4.20609188079834,-4.865041255950928
1779121304893013976,1779121304883890200,2026-05-19T00:21:44.893+08:00,0.30454790592193604,-2.2258782386779785,0.06999993324279785,-1.5405107736587524,-4.234127521514893,-4.138070106506348
1779121305095005208,1779121305092081528,2026-05-19T00:21:45.095+08:00,0.30578795075416565,-2.2262885570526123,0.06999993324279785,-1.0390088558197021,-4.150749206542969,-3.531890869140625
1779121305325740312,1779121305297876440,2026-05-19T00:21:45.325+08:00,0.3084983825683594,-2.2219645977020264,0.06999993324279785,0.08946578204631805,-4.224767684936523,-2.787611961364746
1779121305526779768,1779121305499858808,2026-05-19T00:21:45.526+08:00,0.31845635175704956,-2.206437110900879,0.07999992370605469,1.43690025806427,-4.484274387359619,-2.1087729930877686
1779121305759068120,1779121305737018200,2026-05-19T00:21:45.759+08:00,0.33855921030044556,-2.1832189559936523,0.07999992370605469,2.45890474319458,-4.852121353149414,-1.2814322710037231
1779121305959173784,1779121305956378680,2026-05-19T00:21:45.959+08:00,0.36081793904304504,-2.1697301864624023,0.059999942779541016,2.2361109256744385,-5.08126163482666,-0.5997998714447021
1779121306192649560,1779121306190461144,2026-05-19T00:21:46.192+08:00,0.391081303358078,-2.1610801219940186,0.04999995231628418,0.8952136039733887,-5.344297885894775,0.18920306861400604
1779121306392873816,1779121306364302008,2026-05-19T00:21:46.392+08:00,0.41241469979286194,-2.1581778526306152,0.04999995231628418,-0.3159669041633606,-5.37416410446167,0.698154628276825
1779121306593085784,1779121306565954456,2026-05-19T00:21:46.593+08:00,0.4382546842098236,-2.156984806060791,0.039999961853027344,-1.4602911472320557,-5.20874547958374,1.1687204837799072
1779121306793262904,1779121306769029464,2026-05-19T00:21:46.793+08:00,0.4640933871269226,-2.155789375305176,0.039999961853027344,-2.2230186462402344,-5.007534503936768,1.540835976600647
1779121306993960376,1779121306992149688,2026-05-19T00:21:46.993+08:00,0.497399240732193,-2.156308174133301,0.039999961853027344,-2.312333583831787,-4.932525157928467,1.8642045259475708
1779121307226734936,1779121307196554360,2026-05-19T00:21:47.226+08:00,0.5303241014480591,-2.1597719192504883,0.029999971389770508,-1.8834640979766846,-4.959274768829346,2.082005500793457
1779121307459807032,1779121307429136152,2026-05-19T00:21:47.459+08:00,0.5698770880699158,-2.1626803874969482,0.029999971389770508,-1.0474635362625122,-4.9031572341918945,2.2179741859436035
1779121307693365752,1779121307661133400,2026-05-19T00:21:47.693+08:00,0.6106252670288086,-2.1594369411468506,0.029999971389770508,-0.22095701098442078,-4.740140438079834,2.3204338550567627
1779121307926235192,1779121307917197688,2026-05-19T00:21:47.926+08:00,0.6543078422546387,-2.1604087352752686,0.029999971389770508,-0.08109329640865326,-4.658444404602051,2.5025198459625244
1779121308159642008,1779121308150276792,2026-05-19T00:21:48.159+08:00,0.6934407949447632,-2.1629817485809326,0.029999971389770508,-0.19611237943172455,-4.652442455291748,2.6878979206085205
1779121308393023928,1779121308383437336,2026-05-19T00:21:48.393+08:00,0.7358221411705017,-2.1644136905670166,0.019999980926513672,-0.3357463777065277,-4.604878902435303,2.8334152698516846
1779121308593431192,1779121308581712120,2026-05-19T00:21:48.593+08:00,0.7700758576393127,-2.1623880863189697,0.019999980926513672,-0.691103994846344,-4.692568778991699,2.9019014835357666
1779121308825906680,1779121308817147960,2026-05-19T00:21:48.825+08:00,0.8140338659286499,-2.1674301624298096,0.019999980926513672,-1.745489239692688,-5.034479141235352,3.1219632625579834
1779121309026294648,1779121309021057976,2026-05-19T00:21:49.026+08:00,0.8498870134353638,-2.1833655834198,0.009999990463256836,-2.6944069862365723,-5.437757968902588,3.2533693313598633
1779121309226904568,1779121309187084792,2026-05-19T00:21:49.226+08:00,0.8784409165382385,-2.1943137645721436,0.019999980926513672,-3.0857908725738525,-5.727922439575195,3.2473998069763184
1779121309459686040,1779121309455114584,2026-05-19T00:21:49.459+08:00,0.928449273109436,-2.2068538665771484,0.019999980926513672,-2.664684772491455,-5.9782891273498535,3.0833864212036133
1779121309659856792,1779121309630136056,2026-05-19T00:21:49.659+08:00,0.9615662097930908,-2.2104387283325195,0.029999971389770508,-1.6695717573165894,-5.994083881378174,2.9057400226593018
1779121309893702584,1779121309891908280,2026-05-19T00:21:49.893+08:00,1.004146933555603,-2.2126309871673584,0.029999971389770508,-0.16537034511566162,-5.93460750579834,2.660754919052124
1779121310093891128,1779121310091619640,2026-05-19T00:21:50.093+08:00,1.0384331941604614,-2.2119176387786865,0.029999971389770508,0.5078728795051575,-5.7623066902160645,2.4902255535125732
1779121310325913848,1779121310323767896,2026-05-19T00:21:50.325+08:00,1.0756572484970093,-2.2111594676971436,0.029999971389770508,0.3945131003856659,-5.344635963439941,2.476653814315796
1779121310526698168,1779121310499859992,2026-05-19T00:21:50.526+08:00,1.1012448072433472,-2.212388515472412,0.029999971389770508,-0.1598416119813919,-5.0045647621154785,2.490020513534546
1779121310726854136,1779121310702725144,2026-05-19T00:21:50.726+08:00,1.1261272430419922,-2.2135064601898193,0.029999971389770508,-0.8092091679573059,-4.708977222442627,2.493121385574341
1779121310959438008,1779121310952454712,2026-05-19T00:21:50.959+08:00,1.1543993949890137,-2.214580774307251,0.039999961853027344,-1.2651129961013794,-4.388053894042969,2.5332489013671875
1779121311159533368,1779121311157881528,2026-05-19T00:21:51.159+08:00,1.1705927848815918,-2.2098748683929443,0.039999961853027344,-1.2791130542755127,-4.091542720794678,2.652080535888672
1779121311393235384,1779121311365666744,2026-05-19T00:21:51.393+08:00,1.1829274892807007,-2.2065563201904297,0.039999961853027344,-1.2626358270645142,-4.030511379241943,2.768883466720581
1779121311626188088,1779121311600792120,2026-05-19T00:21:51.626+08:00,1.194261074066162,-2.2072951793670654,0.04999995231628418,-1.2457923889160156,-4.0702290534973145,2.8597593307495117
1779121311859504376,1779121311844586296,2026-05-19T00:21:51.859+08:00,1.2003669738769531,-2.207648515701294,0.039999961853027344,-1.0281236171722412,-4.091533660888672,2.930567741394043
1779121312060306424,1779121312050667064,2026-05-19T00:21:52.060+08:00,1.2031821012496948,-2.2075693607330322,0.04999995231628418,-0.8769045472145081,-4.163782119750977,2.9786932468414307
1779121312292680088,1779121312288962744,2026-05-19T00:21:52.292+08:00,1.204423189163208,-2.207902431488037,0.04999995231628418,-0.8770096898078918,-4.2802019119262695,3.0023393630981445
1779121312494552056,1779121312486345176,2026-05-19T00:21:52.494+08:00,1.2037303447723389,-2.207679033279419,0.059999942779541016,-0.8563857078552246,-4.397328853607178,3.0038421154022217
1779121312726195800,1779121312719659064,2026-05-19T00:21:52.726+08:00,1.2012417316436768,-2.206524610519409,0.04999995231628418,-1.0456607341766357,-4.633272171020508,3.014551877975464
1779121312929230648,1779121312911592824,2026-05-19T00:21:52.929+08:00,1.1983554363250732,-2.2061755657196045,0.04999995231628418,-1.1795506477355957,-4.830707550048828,3.012946605682373
1779121313159454232,1779121313157910200,2026-05-19T00:21:53.159+08:00,1.1934635639190674,-2.2078442573547363,0.04999995231628418,-1.2508798837661743,-4.965552806854248,2.949678659439087
1779121313360385176,1779121313358313112,2026-05-19T00:21:53.360+08:00,1.1883964538574219,-2.2090506553649902,0.059999942779541016,-1.2295132875442505,-5.12905216217041,2.8776473999023438
1779121313593815736,1779121313592119416,2026-05-19T00:21:53.593+08:00,1.1816819906234741,-2.2072501182556152,0.04999995231628418,-1.1915193796157837,-5.413484573364258,2.806114912033081
1779121313826316440,1779121313815015032,2026-05-19T00:21:53.826+08:00,1.174860954284668,-2.2054443359375,0.04999995231628418,-1.4003591537475586,-5.550857067108154,2.7844631671905518
1779121314026823096,1779121314011953816,2026-05-19T00:21:54.026+08:00,1.1686395406723022,-2.20766282081604,0.059999942779541016,-1.4995250701904297,-5.549933910369873,2.684701442718506
1779121314227771480,1779121314219124088,2026-05-19T00:21:54.227+08:00,1.1623979806900024,-2.211798667907715,0.059999942779541016,-1.371402382850647,-5.5546770095825195,2.502547264099121
1779121314459152376,1779121314432264984,2026-05-19T00:21:54.459+08:00,1.1560099124908447,-2.212470293045044,0.059999942779541016,-1.0802230834960938,-5.611815929412842,2.3883395195007324
1779121314659965048,1779121314631004536,2026-05-19T00:21:54.659+08:00,1.1488165855407715,-2.2097647190093994,0.059999942779541016,-0.8069613575935364,-5.64120626449585,2.335371494293213
1779121314893322072,1779121314879032952,2026-05-19T00:21:54.893+08:00,1.1416107416152954,-2.2081592082977295,0.059999942779541016,-0.8437051177024841,-5.493147373199463,2.353471517562866
1779121315093904856,1779121315080220952,2026-05-19T00:21:55.093+08:00,1.1378282308578491,-2.209768533706665,0.059999942779541016,-0.9028142094612122,-5.325220584869385,2.288762331008911
1779121315325833496,1779121315311812504,2026-05-19T00:21:55.325+08:00,1.1338472366333008,-2.2096199989318848,0.059999942779541016,-0.9687687158584595,-5.217662334442139,2.197988986968994
1779121315559378296,1779121315554959960,2026-05-19T00:21:55.559+08:00,1.129404902458191,-2.2076468467712402,0.04999995231628418,-1.0810465812683105,-5.118133068084717,2.1145105361938477
1779121315760052632,1779121315757836312,2026-05-19T00:21:55.760+08:00,1.1257202625274658,-2.208446502685547,0.059999942779541016,-1.202380895614624,-4.954145431518555,2.106239080429077
1779121315993422744,1779121315984455192,2026-05-19T00:21:55.993+08:00,1.1221442222595215,-2.212245464324951,0.059999942779541016,-1.1479425430297852,-4.857970237731934,2.0537354946136475
1779121316193527448,1779121316183169144,2026-05-19T00:21:56.193+08:00,1.1184107065200806,-2.213305711746216,0.04999995231628418,-0.9372783899307251,-4.859200477600098,2.0622527599334717
1779121316425926872,1779121316423013208,2026-05-19T00:21:56.425+08:00,1.1140552759170532,-2.210097074508667,0.059999942779541016,-0.6981159448623657,-4.810412883758545,2.0450475215911865
1779121316627678552,1779121316585175640,2026-05-19T00:21:56.627+08:00,1.1120047569274902,-2.2089571952819824,0.059999942779541016,-0.6191352009773254,-4.75089168548584,1.9796142578125
1779121316859582328,1779121316844806008,2026-05-19T00:21:56.859+08:00,1.1081351041793823,-2.2117412090301514,0.04999995231628418,-0.6968523263931274,-4.80702543258667,1.919569969177246
1779121317060386968,1779121317048480920,2026-05-19T00:21:57.060+08:00,1.1058415174484253,-2.2133517265319824,0.04999995231628418,-0.7285398244857788,-4.937755584716797,1.884155511856079
1779121317293157400,1779121317287313112,2026-05-19T00:21:57.293+08:00,1.1039526462554932,-2.211829900741577,0.059999942779541016,-0.6431414484977722,-5.063111305236816,1.849382996559143
1779121317526995800,1779121317525009368,2026-05-19T00:21:57.526+08:00,1.1049280166625977,-2.209123134613037,0.04999995231628418,-0.6407510638237,-5.015213966369629,1.8578046560287476
1779121317761022744,1779121317755051544,2026-05-19T00:21:57.761+08:00,1.1071014404296875,-2.2067675590515137,0.04999995231628418,-0.9030638933181763,-4.896954536437988,1.845885992050171
1779121317992973528,1779121317981231000,2026-05-19T00:21:57.992+08:00,1.1075091361999512,-2.2070181369781494,0.04999995231628418,-1.2902131080627441,-4.949749946594238,1.8341721296310425
1779121318194816312,1779121318188741272,2026-05-19T00:21:58.194+08:00,1.1068724393844604,-2.2100281715393066,0.04999995231628418,-1.4971389770507812,-4.967498779296875,1.8465962409973145
1779121318426117304,1779121318422972952,2026-05-19T00:21:58.426+08:00,1.1068302392959595,-2.213540554046631,0.04999995231628418,-1.3667699098587036,-4.739742755889893,1.9149049520492554
1779121318659976440,1779121318622825048,2026-05-19T00:21:58.659+08:00,1.106866478919983,-2.214282989501953,0.04999995231628418,-0.9207689166069031,-4.591590881347656,1.8710893392562866
1779121318892606744,1779121318872737432,2026-05-19T00:21:58.892+08:00,1.1063164472579956,-2.212502956390381,0.04999995231628418,-0.3697405457496643,-4.666561603546143,1.8316655158996582
1779121319093226424,1779121319081891480,2026-05-19T00:21:59.093+08:00,1.106492519378662,-2.2106950283050537,0.04999995231628418,-0.25946274399757385,-4.71022891998291,1.849881649017334
1779121319293326712,1779121319252544408,2026-05-19T00:21:59.293+08:00,1.1077178716659546,-2.2097580432891846,0.04999995231628418,-0.4211191236972809,-4.648426532745361,1.8474500179290771
1779121319493407736,1779121319454326648,2026-05-19T00:21:59.493+08:00,1.109632134437561,-2.208200693130493,0.04999995231628418,-0.8358008861541748,-4.576140403747559,1.824766993522644
1779121319725877176,1779121319723792312,2026-05-19T00:21:59.725+08:00,1.110390305519104,-2.2079107761383057,0.04999995231628418,-1.5031609535217285,-4.701952934265137,1.7876790761947632
1779121319926289688,1779121319913436376,2026-05-19T00:21:59.926+08:00,1.1104384660720825,-2.2092959880828857,0.039999961853027344,-1.6534748077392578,-4.801973342895508,1.729779601097107
1779121320159937976,1779121320154593880,2026-05-19T00:22:00.159+08:00,1.111607551574707,-2.2103700637817383,0.04999995231628418,-1.6211796998977661,-4.78342342376709,1.633193850517273
1779121320360171832,1779121320354656856,2026-05-19T00:22:00.360+08:00,1.1123878955841064,-2.2108588218688965,0.039999961853027344,-1.3534796237945557,-4.797496795654297,1.583230972290039
1779121320592754136,1779121320586641912,2026-05-19T00:22:00.592+08:00,1.1115864515304565,-2.2128961086273193,0.04999995231628418,-0.7290987968444824,-4.897152900695801,1.517613410949707
1779121320792876728,1779121320767179416,2026-05-19T00:22:00.792+08:00,1.1108614206314087,-2.2132601737976074,0.04999995231628418,-0.2761661410331726,-4.903074264526367,1.4957021474838257
1779121320993387768,1779121320984623256,2026-05-19T00:22:00.993+08:00,1.1101781129837036,-2.2130634784698486,0.04999995231628418,-0.08548694103956223,-4.811580657958984,1.5020132064819336
1779121321193549048,1779121321191839928,2026-05-19T00:22:01.193+08:00,1.111974835395813,-2.2093608379364014,0.04999995231628418,-0.3267497420310974,-4.688106060028076,1.536198377609253
1779121321426605592,1779121321398427896,2026-05-19T00:22:01.426+08:00,1.1140625476837158,-2.207785129547119,0.039999961853027344,-0.8622545003890991,-4.610573768615723,1.6412397623062134
1779121321627835608,1779121321599832376,2026-05-19T00:22:01.627+08:00,1.1139148473739624,-2.209742546081543,0.04999995231628418,-1.3176906108856201,-4.666470527648926,1.6811827421188354
1779121321865672376,1779121321858705560,2026-05-19T00:22:01.865+08:00,1.1130142211914062,-2.210108518600464,0.039999961853027344,-1.6679015159606934,-4.752329349517822,1.650139570236206
1779121322092410456,1779121322083214968,2026-05-19T00:22:02.092+08:00,1.1129544973373413,-2.2092199325561523,0.04999995231628418,-1.5404605865478516,-4.786341190338135,1.6538279056549072
1779121322292692440,1779121322286277720,2026-05-19T00:22:02.292+08:00,1.1138827800750732,-2.209303617477417,0.04999995231628418,-1.163477897644043,-4.819722652435303,1.674543857574463
1779121322493493336,1779121322491680152,2026-05-19T00:22:02.493+08:00,1.1124807596206665,-2.2088215351104736,0.029999971389770508,-1.0639824867248535,-4.751509666442871,3.609898328781128
1779121322726757240,1779121322689395352,2026-05-19T00:22:02.726+08:00,1.1084778308868408,-2.2027156352996826,0.029999971389770508,-1.5939279794692993,-4.541557312011719,8.538726806640625
1779121322959199416,1779121322952873976,2026-05-19T00:22:02.959+08:00,1.1042643785476685,-2.1914706230163574,0.029999971389770508,-2.858936071395874,-4.386868476867676,16.78066062927246
1779121323160830360,1779121323158744280,2026-05-19T00:22:03.160+08:00,1.105144739151001,-2.1950907707214355,0.039999961853027344,-3.7673563957214355,-4.545220375061035,24.05416488647461
1779121323393700184,1779121323354988536,2026-05-19T00:22:03.393+08:00,1.1051464080810547,-2.1996657848358154,0.029999971389770508,-4.005743503570557,-4.796590328216553,29.649927139282227
1779121323595881656,1779121323560733208,2026-05-19T00:22:03.595+08:00,1.1041122674942017,-2.202765941619873,0.04999995231628418,-3.618461847305298,-5.035303592681885,36.043785095214844
1779121323826073432,1779121323815852408,2026-05-19T00:22:03.826+08:00,1.1027557849884033,-2.2027463912963867,0.04999995231628418,-2.742903470993042,-5.128693103790283,42.42008590698242
1779121324059431000,1779121324044595896,2026-05-19T00:22:04.059+08:00,1.103863000869751,-2.203650951385498,0.04999995231628418,-2.0606613159179688,-5.2753682136535645,48.17281723022461
1779121324292663320,1779121324285554168,2026-05-19T00:22:04.292+08:00,1.1057456731796265,-2.205610752105713,0.04999995231628418,-1.8134880065917969,-5.589955806732178,53.372825622558594
1779121324493631704,1779121324491976472,2026-05-19T00:22:04.493+08:00,1.1074525117874146,-2.2078025341033936,0.04999995231628418,-1.7859840393066406,-5.756899833679199,57.294193267822266
1779121324726464152,1779121324724728632,2026-05-19T00:22:04.726+08:00,1.109266757965088,-2.211489677429199,0.04999995231628418,-1.8072494268417358,-5.932244300842285,61.4327507019043
1779121324961608920,1779121324952512696,2026-05-19T00:22:04.961+08:00,1.1101775169372559,-2.213346481323242,0.04999995231628418,-1.8621793985366821,-6.106778621673584,64.83235931396484
1779121325192803416,1779121325188726616,2026-05-19T00:22:05.192+08:00,1.1096051931381226,-2.212533712387085,0.04999995231628418,-2.0562903881073,-6.102980613708496,68.19309997558594
1779121325425730328,1779121325424014744,2026-05-19T00:22:05.425+08:00,1.1099522113800049,-2.2101192474365234,0.04999995231628418,-2.3359739780426025,-5.8386945724487305,71.12252044677734
1779121325626341208,1779121325591930712,2026-05-19T00:22:05.626+08:00,1.111464500427246,-2.2090141773223877,0.04999995231628418,-2.429434061050415,-5.633760929107666,72.84390258789062
1779121325826811448,1779121325816578200,2026-05-19T00:22:05.826+08:00,1.1126084327697754,-2.2086946964263916,0.04999995231628418,-2.375657081604004,-5.4208478927612305,75.1561279296875
1779121326060732600,1779121326058732536,2026-05-19T00:22:06.060+08:00,1.1105996370315552,-2.20943021774292,0.059999942779541016,-2.2397584915161133,-5.276291370391846,77.37313079833984
1779121326293196824,1779121326264692888,2026-05-19T00:22:06.293+08:00,1.1094129085540771,-2.2095601558685303,0.04999995231628418,-2.1593239307403564,-5.22459077835083,78.94590759277344
1779121326526139736,1779121326499812216,2026-05-19T00:22:06.526+08:00,1.110806941986084,-2.208989143371582,0.04999995231628418,-2.2384119033813477,-5.115583419799805,80.6019287109375
1779121326726390008,1779121326703673528,2026-05-19T00:22:06.726+08:00,1.1119227409362793,-2.208672523498535,0.059999942779541016,-2.300466537475586,-5.107961654663086,81.77436828613281
1779121326926551640,1779121326905956440,2026-05-19T00:22:06.926+08:00,1.112028956413269,-2.2079246044158936,0.04999995231628418,-2.3184854984283447,-5.311040878295898,82.86091613769531
1779121327159456152,1779121327148221464,2026-05-19T00:22:07.159+08:00,1.1124547719955444,-2.206819534301758,0.059999942779541016,-2.3432538509368896,-5.408053874969482,83.9874038696289
1779121327359818552,1779121327349811928,2026-05-19T00:22:07.359+08:00,1.1129932403564453,-2.2054460048675537,0.04999995231628418,-2.3821802139282227,-5.327496528625488,84.8319091796875
1779121327592563224,1779121327588713240,2026-05-19T00:22:07.592+08:00,1.1124563217163086,-2.2050223350524902,0.04999995231628418,-2.4350075721740723,-5.470268726348877,85.72198486328125
1779121327793092216,1779121327762506360,2026-05-19T00:22:07.793+08:00,1.112512230873108,-2.2065439224243164,0.04999995231628418,-2.409284830093384,-5.646524906158447,86.17877960205078
1779121328025733880,1779121328020904824,2026-05-19T00:22:08.025+08:00,1.1090525388717651,-2.209083080291748,0.059999942779541016,-1.6871758699417114,-5.70454740524292,86.70491790771484
1779121328226921080,1779121328222827288,2026-05-19T00:22:08.226+08:00,1.0951545238494873,-2.2050046920776367,0.04999995231628418,-0.7401410937309265,-5.804286003112793,87.3332290649414
1779121328459806456,1779121328422806392,2026-05-19T00:22:08.459+08:00,1.0796070098876953,-2.197702646255493,0.04999995231628418,-0.3244185745716095,-6.024260520935059,87.89111328125
1779121328693187832,1779121328662579416,2026-05-19T00:22:08.693+08:00,1.0724432468414307,-2.186802864074707,0.04999995231628418,-0.889731228351593,-6.219040870666504,88.49148559570312
1779121328927395480,1779121328910154872,2026-05-19T00:22:08.927+08:00,1.0696061849594116,-2.1750118732452393,0.039999961853027344,-1.8171266317367554,-6.140660762786865,89.00685119628906
1779121329159994392,1779121329152171576,2026-05-19T00:22:09.159+08:00,1.0614598989486694,-2.162571668624878,0.029999971389770508,-2.5913610458374023,-6.083270072937012,89.44580841064453
1779121329392421784,1779121329387042424,2026-05-19T00:22:09.392+08:00,1.0532282590866089,-2.1518945693969727,0.029999971389770508,-3.3320696353912354,-5.942325592041016,89.92424011230469
1779121329592477368,1779121329590559800,2026-05-19T00:22:09.592+08:00,1.0472573041915894,-2.143746852874756,0.029999971389770508,-3.865346670150757,-5.612557888031006,90.30390167236328
1779121329793078104,1779121329759789688,2026-05-19T00:22:09.793+08:00,1.0418832302093506,-2.13641357421875,0.029999971389770508,-4.177008628845215,-5.5193772315979,90.67920684814453
1779121330025890840,1779121330016283448,2026-05-19T00:22:10.025+08:00,1.0341209173202515,-2.125821590423584,0.019999980926513672,-4.422155857086182,-5.906853199005127,91.30062103271484
1779121330226287192,1779121330222044536,2026-05-19T00:22:10.226+08:00,1.0281497240066528,-2.117673397064209,0.009999990463256836,-4.708416938781738,-6.257544994354248,91.74036407470703
1779121330459722232,1779121330422660920,2026-05-19T00:22:10.459+08:00,1.0221787691116333,-2.109525680541992,0.009999990463256836,-5.096577167510986,-6.476081371307373,92.07245635986328
1779121330693574968,1779121330656530744,2026-05-19T00:22:10.693+08:00,1.0150134563446045,-2.099748134613037,0.009999990463256836,-5.648873805999756,-6.638633728027344,92.37532043457031
1779121330928456120,1779121330911757304,2026-05-19T00:22:10.928+08:00,1.0078481435775757,-2.0899710655212402,0.009999990463256836,-6.068416595458984,-7.086126804351807,92.64678192138672
1779121331160288056,1779121331158285816,2026-05-19T00:22:11.160+08:00,1.000085711479187,-2.079378604888916,0.009999990463256836,-6.109241962432861,-7.677893161773682,92.90489959716797
1779121331392936184,1779121331386772472,2026-05-19T00:22:11.392+08:00,0.9992603659629822,-2.068310499191284,0.009999990463256836,-5.800052642822266,-7.727593898773193,93.04706573486328
1779121331593045880,1779121331590823992,2026-05-19T00:22:11.593+08:00,1.0335019826889038,-2.0469610691070557,0.019999980926513672,-5.2103800773620605,-7.733315944671631,93.09378814697266
1779121331793088920,1779121331757286072,2026-05-19T00:22:11.793+08:00,1.0620298385620117,-2.032223701477051,0.039999961853027344,-3.891726016998291,-8.059844017028809,92.95230102539062
1779121332025958680,1779121332018133272,2026-05-19T00:22:12.025+08:00,1.0870329141616821,-2.0112383365631104,0.04999995231628418,-0.9486854076385498,-8.392024993896484,92.89933013916016
1779121332226037880,1779121332220799480,2026-05-19T00:22:12.226+08:00,1.0927462577819824,-1.995118260383606,0.04999995231628418,1.302603006362915,-8.38563346862793,93.03189849853516
1779121332459375448,1779121332452577048,2026-05-19T00:22:12.459+08:00,1.084626317024231,-1.9726346731185913,0.04999995231628418,2.9099831581115723,-8.469892501831055,93.25434875488281
1779121332693414840,1779121332690729784,2026-05-19T00:22:12.693+08:00,1.0793230533599854,-1.9467602968215942,0.039999961853027344,2.7173192501068115,-8.391988754272461,93.56354522705078
1779121332926764856,1779121332920951384,2026-05-19T00:22:12.926+08:00,1.0782870054244995,-1.9208678007125854,0.039999961853027344,0.9117040038108826,-7.941380500793457,93.9154052734375
1779121333160455320,1779121333158630968,2026-05-19T00:22:13.160+08:00,1.0743143558502197,-1.8936958312988281,0.039999961853027344,-1.2276151180267334,-7.214523792266846,94.06022644042969
1779121333393131896,1779121333359459736,2026-05-19T00:22:13.393+08:00,1.0696724653244019,-1.8706345558166504,0.019999980926513672,-2.6543197631835938,-6.521113872528076,94.07747650146484
1779121333593195448,1779121333559812312,2026-05-19T00:22:13.593+08:00,1.068208932876587,-1.846183180809021,0.029999971389770508,-3.530982255935669,-5.770378112792969,93.99005889892578
1779121333793587864,1779121333760181912,2026-05-19T00:22:13.793+08:00,1.0683321952819824,-1.8252153396606445,0.029999971389770508,-3.681396484375,-5.234825611114502,93.78945922851562
1779121334026298616,1779121333988499576,2026-05-19T00:22:14.026+08:00,1.066649079322815,-1.803731083869934,0.029999971389770508,-3.0157272815704346,-5.044137477874756,93.67820739746094
1779121334259325944,1779121334257509880,2026-05-19T00:22:14.259+08:00,1.063075304031372,-1.7762211561203003,0.029999971389770508,-1.9377961158752441,-4.8508100509643555,93.50653076171875
1779121334459659672,1779121334435520664,2026-05-19T00:22:14.459+08:00,1.0616247653961182,-1.7602524757385254,0.039999961853027344,-1.6738507747650146,-4.869025230407715,93.41144561767578
1779121334692466104,1779121334671137432,2026-05-19T00:22:14.692+08:00,1.0674092769622803,-1.7324124574661255,0.029999971389770508,-2.0798823833465576,-5.072151184082031,93.3329086303711
1779121334892791832,1779121334887095672,2026-05-19T00:22:14.892+08:00,1.0784393548965454,-1.7081491947174072,0.029999971389770508,-2.522106409072876,-5.259997367858887,93.24243927001953
1779121335125902648,1779121335124196120,2026-05-19T00:22:15.125+08:00,1.0866413116455078,-1.6823630332946777,0.029999971389770508,-2.4466161727905273,-5.755198955535889,93.10282897949219
1779121335326745816,1779121335296618328,2026-05-19T00:22:15.326+08:00,1.0875979661941528,-1.6611603498458862,0.029999971389770508,-2.023637056350708,-6.183677673339844,92.9254150390625
1779121335560831480,1779121335528642232,2026-05-19T00:22:15.560+08:00,1.0855183601379395,-1.6343750953674316,0.039999961853027344,-1.6900835037231445,-6.371886253356934,92.79317474365234
1779121335793553592,1779121335762525592,2026-05-19T00:22:15.793+08:00,1.0871477127075195,-1.6060216426849365,0.039999961853027344,-1.6989423036575317,-6.328411102294922,92.7184829711914
1779121336026835416,1779121336022194232,2026-05-19T00:22:16.026+08:00,1.0928188562393188,-1.5778658390045166,0.039999961853027344,-1.663008451461792,-6.545910835266113,92.49925231933594
1779121336259089336,1779121336251321208,2026-05-19T00:22:16.259+08:00,1.093171238899231,-1.5525953769683838,0.04999995231628418,-1.5079683065414429,-6.430944442749023,92.34895324707031
1779121336459768344,1779121336429491800,2026-05-19T00:22:16.459+08:00,1.0912206172943115,-1.530647873878479,0.039999961853027344,-1.4941710233688354,-6.102102756500244,92.21865844726562
1779121336659997304,1779121336631603416,2026-05-19T00:22:16.659+08:00,1.0899533033370972,-1.5061589479446411,0.04999995231628418,-1.66750967502594,-5.72299337387085,92.05284118652344
1779121336893329624,1779121336854340984,2026-05-19T00:22:16.893+08:00,1.0904039144515991,-1.4804013967514038,0.04999995231628418,-1.8514899015426636,-5.314913749694824,91.98535919189453
1779121337093790168,1779121337057674200,2026-05-19T00:22:17.093+08:00,1.091135859489441,-1.4575010538101196,0.039999961853027344,-1.9055886268615723,-5.188760757446289,91.86951446533203
1779121337326713880,1779121337306721912,2026-05-19T00:22:17.326+08:00,1.0920265913009644,-1.432054042816162,0.04999995231628418,-1.9887502193450928,-5.195395469665527,91.71337127685547
1779121337559321080,1779121337529388920,2026-05-19T00:22:17.559+08:00,1.0925434827804565,-1.4083985090255737,0.04999995231628418,-1.8270751237869263,-4.975191593170166,91.61433410644531
1779121337759645784,1779121337730500024,2026-05-19T00:22:17.759+08:00,1.0933165550231934,-1.3839690685272217,0.04999995231628418,-1.5864369869232178,-4.770927429199219,91.5450668334961
1779121337992350008,1779121337986780888,2026-05-19T00:22:17.992+08:00,1.092039704322815,-1.354278802871704,0.04999995231628418,-1.4044671058654785,-4.719399929046631,91.43989562988281
1779121338192680952,1779121338187252824,2026-05-19T00:22:18.192+08:00,1.0903680324554443,-1.3336580991744995,0.04999995231628418,-1.5097013711929321,-4.842125415802002,91.38375854492188
1779121338393130712,1779121338361486808,2026-05-19T00:22:18.393+08:00,1.0923467874526978,-1.3153166770935059,0.039999961853027344,-1.6969678401947021,-5.005620002746582,91.27376556396484
1779121338593427832,1779121338567519352,2026-05-19T00:22:18.593+08:00,1.0952775478363037,-1.295566201210022,0.04999995231628418,-1.7892005443572998,-5.158545970916748,91.0405502319336
1779121338793703576,1779121338769077848,2026-05-19T00:22:18.793+08:00,1.0935964584350586,-1.273856282234192,0.04999995231628418,-1.7474092245101929,-5.168486595153809,90.89430236816406
1779121339025737688,1779121339022422040,2026-05-19T00:22:19.025+08:00,1.0881656408309937,-1.2469984292984009,0.04999995231628418,-1.8415660858154297,-5.060750961303711,90.83564758300781
1779121339226681560,1779121339194055064,2026-05-19T00:22:19.226+08:00,1.0847824811935425,-1.2311402559280396,0.04999995231628418,-2.070432424545288,-5.1012654304504395,90.86731719970703
1779121339459363640,1779121339435121112,2026-05-19T00:22:19.459+08:00,1.0912060737609863,-1.2072170972824097,0.039999961853027344,-2.552144765853882,-5.243462562561035,90.95439147949219
1779121339659996440,1779121339639552824,2026-05-19T00:22:19.659+08:00,1.0986011028289795,-1.1847188472747803,0.04999995231628418,-2.3563168048858643,-5.283336639404297,90.99287414550781
1779121339893471608,1779121339891715288,2026-05-19T00:22:19.893+08:00,1.0977669954299927,-1.1595509052276611,0.04999995231628418,-1.460148572921753,-5.280961513519287,91.03579711914062
1779121340126832952,1779121340099762520,2026-05-19T00:22:20.126+08:00,1.0902705192565918,-1.1358232498168945,0.04999995231628418,-0.9088208079338074,-5.4322381019592285,91.13034057617188
1779121340360030488,1779121340331556408,2026-05-19T00:22:20.360+08:00,1.0895979404449463,-1.1130626201629639,0.04999995231628418,-1.1907581090927124,-5.6241068840026855,91.16517639160156
1779121340593098008,1779121340568991672,2026-05-19T00:22:20.593+08:00,1.0888688564300537,-1.0882333517074585,0.039999961853027344,-1.994704008102417,-5.6656270027160645,91.19287872314453
1779121340793102616,1779121340769124728,2026-05-19T00:22:20.793+08:00,1.0882612466812134,-1.067542314529419,0.039999961853027344,-2.7663726806640625,-5.68521785736084,91.26423645019531
1779121340993252824,1779121340988127512,2026-05-19T00:22:20.993+08:00,1.0927629470825195,-1.044793963432312,0.039999961853027344,-3.278445243835449,-5.7339301109313965,91.3297119140625
1779121341193653624,1779121341165315192,2026-05-19T00:22:21.193+08:00,1.1005187034606934,-1.0261801481246948,0.039999961853027344,-3.1743266582489014,-5.642542362213135,91.35038757324219
1779121341426623288,1779121341396399064,2026-05-19T00:22:21.426+08:00,1.1046550273895264,-1.0001530647277832,0.039999961853027344,-2.167870283126831,-5.340733528137207,91.32797241210938
1779121341626705112,1779121341596428216,2026-05-19T00:22:21.626+08:00,1.0998961925506592,-0.9782034754753113,0.04999995231628418,-1.250766634941101,-5.234930515289307,91.29222106933594
1779121341859781016,1779121341849154200,2026-05-19T00:22:21.859+08:00,1.0982447862625122,-0.9514870643615723,0.039999961853027344,-0.9597501158714294,-5.241319179534912,91.15745544433594
1779121342092989592,1779121342052533944,2026-05-19T00:22:22.092+08:00,1.1022690534591675,-0.9287015795707703,0.039999961853027344,-1.0927175283432007,-5.124279499053955,91.09322357177734
1779121342293200120,1779121342291694776,2026-05-19T00:22:22.293+08:00,1.1056804656982422,-0.90080326795578,0.039999961853027344,-1.2767586708068848,-4.969693660736084,91.07859802246094
1779121342493331608,1779121342459587864,2026-05-19T00:22:22.493+08:00,1.1035575866699219,-0.8798483610153198,0.029999971389770508,-1.4766958951950073,-5.0783820152282715,91.08020782470703
1779121342726124408,1779121342705727288,2026-05-19T00:22:22.726+08:00,1.1008471250534058,-0.8531286716461182,0.029999971389770508,-1.9941364526748657,-5.307250499725342,91.0349349975586
1779121342959189688,1779121342949382296,2026-05-19T00:22:22.959+08:00,1.102313756942749,-0.8278326988220215,0.029999971389770508,-2.4885752201080322,-5.288296699523926,91.04655456542969
1779121343159616024,1779121343151278168,2026-05-19T00:22:23.159+08:00,1.106289267539978,-0.8053336143493652,0.029999971389770508,-2.6067652702331543,-5.164912223815918,90.93071746826172
1779121343393307864,1779121343391422392,2026-05-19T00:22:23.393+08:00,1.1076377630233765,-0.7801626324653625,0.029999971389770508,-2.364741563796997,-5.132898330688477,90.62528228759766
1779121343626026008,1779121343600108056,2026-05-19T00:22:23.626+08:00,1.1063534021377563,-0.7598557472229004,0.029999971389770508,-2.056626796722412,-5.219235897064209,90.37860870361328
1779121343826110040,1779121343818375480,2026-05-19T00:22:23.826+08:00,1.1055793762207031,-0.7412616014480591,0.029999971389770508,-1.8884408473968506,-5.1475725173950195,90.2665786743164
1779121344026999224,1779121344025488920,2026-05-19T00:22:24.026+08:00,1.10460364818573,-0.7250003814697266,0.029999971389770508,-1.7740718126296997,-5.077085494995117,90.09734344482422
1779121344261996824,1779121344248181592,2026-05-19T00:22:24.261+08:00,1.1040427684783936,-0.7041351199150085,0.029999971389770508,-1.9077033996582031,-5.051681041717529,89.91169738769531
1779121344492781304,1779121344487488024,2026-05-19T00:22:24.492+08:00,1.1040635108947754,-0.6785382032394409,0.029999971389770508,-2.2504169940948486,-4.876274585723877,89.77680969238281
1779121344726743192,1779121344686575032,2026-05-19T00:22:24.726+08:00,1.1043057441711426,-0.6576573252677917,0.019999980926513672,-2.3391976356506348,-4.7916035652160645,89.69488525390625
1779121344959538296,1779121344939637752,2026-05-19T00:22:24.959+08:00,1.104505181312561,-0.6355654001235962,0.029999971389770508,-2.3374786376953125,-4.864024639129639,89.53900909423828
1779121345193248760,1779121345172497176,2026-05-19T00:22:25.193+08:00,1.1045137643814087,-0.6196014285087585,0.029999971389770508,-2.2843286991119385,-4.953736782073975,89.49029541015625
1779121345427042200,1779121345409745816,2026-05-19T00:22:25.427+08:00,1.1041386127471924,-0.6034116148948669,0.029999971389770508,-2.1771066188812256,-4.927786827087402,89.55852508544922
1779121345659800664,1779121345643831544,2026-05-19T00:22:25.659+08:00,1.102264642715454,-0.589658260345459,0.029999971389770508,-2.1503851413726807,-5.017906188964844,89.67073059082031
1779121345893095672,1779121345878340280,2026-05-19T00:22:25.893+08:00,1.0993555784225464,-0.5749971866607666,0.029999971389770508,-2.3068737983703613,-5.052110195159912,89.79009246826172
1779121346126252216,1779121346111632280,2026-05-19T00:22:26.126+08:00,1.098369836807251,-0.5600152015686035,0.039999961853027344,-2.590684652328491,-4.800333023071289,90.18159484863281
1779121346359633144,1779121346356677848,2026-05-19T00:22:26.359+08:00,1.0987653732299805,-0.5440622568130493,0.039999961853027344,-2.7079083919525146,-4.877954959869385,90.63949584960938
1779121346559842456,1779121346522085976,2026-05-19T00:22:26.559+08:00,1.0982396602630615,-0.537919819355011,0.04999995231628418,-2.5984132289886475,-5.04584264755249,90.80741119384766
1779121346793253528,1779121346757573176,2026-05-19T00:22:26.793+08:00,1.097961187362671,-0.5315130949020386,0.039999961853027344,-2.3881423473358154,-5.098330020904541,90.95549011230469
1779121347026443512,1779121347018889784,2026-05-19T00:22:27.026+08:00,1.0991407632827759,-0.5272729396820068,0.04999995231628418,-2.11151123046875,-5.187348365783691,91.04389953613281
1779121347227033656,1779121347188252120,2026-05-19T00:22:27.227+08:00,1.099357008934021,-0.5260164737701416,0.04999995231628418,-1.9262187480926514,-5.234410285949707,91.08900451660156
1779121347461124568,1779121347435021112,2026-05-19T00:22:27.461+08:00,1.0987282991409302,-0.5248841643333435,0.059999942779541016,-1.815767765045166,-5.111164093017578,91.17138671875
1779121347692630296,1779121347661661784,2026-05-19T00:22:27.692+08:00,1.0980111360549927,-0.5243770480155945,0.04999995231628418,-1.9688212871551514,-4.864850044250488,91.25967407226562
1779121347892894360,1779121347883512312,2026-05-19T00:22:27.892+08:00,1.0983493328094482,-0.5259406566619873,0.04999995231628418,-2.2496144771575928,-4.787742614746094,91.31077575683594
1779121348126065912,1779121348112601432,2026-05-19T00:22:28.126+08:00,1.0994576215744019,-0.5297947525978088,0.059999942779541016,-2.4912357330322266,-4.856932640075684,91.33657836914062
1779121348359284760,1779121348356110552,2026-05-19T00:22:28.359+08:00,1.0998625755310059,-0.5360393524169922,0.059999942779541016,-2.429184913635254,-4.8016357421875,91.3275146484375
1779121348559318584,1779121348557003704,2026-05-19T00:22:28.559+08:00,1.0993813276290894,-0.5409972071647644,0.059999942779541016,-2.1919898986816406,-4.8626508712768555,91.30130004882812
1779121348759443256,1779121348724582328,2026-05-19T00:22:28.759+08:00,1.098166823387146,-0.5442631244659424,0.06999993324279785,-2.1127820014953613,-4.979905605316162,91.33617401123047
1779121348960004472,1779121348948831416,2026-05-19T00:22:28.960+08:00,1.0975735187530518,-0.5477721691131592,0.06999993324279785,-2.1634018421173096,-4.927414417266846,91.39371490478516
1779121349192963544,1779121349184301752,2026-05-19T00:22:29.192+08:00,1.0987805128097534,-0.5513705611228943,0.06999993324279785,-2.1426568031311035,-4.786332607269287,91.33555603027344
1779121349393447512,1779121349365220824,2026-05-19T00:22:29.393+08:00,1.0993051528930664,-0.5551111102104187,0.06999993324279785,-2.1486377716064453,-4.891769886016846,91.31318664550781
1779121349626482136,1779121349597633528,2026-05-19T00:22:29.626+08:00,1.098197102546692,-0.5620112419128418,0.06999993324279785,-2.100372791290283,-4.985881328582764,91.29750061035156
1779121349859970008,1779121349849260216,2026-05-19T00:22:29.859+08:00,1.098694086074829,-0.5682069063186646,0.06999993324279785,-2.0360586643218994,-4.826345443725586,91.2815933227539
1779121350092699128,1779121350086570232,2026-05-19T00:22:30.092+08:00,1.0998345613479614,-0.5742126703262329,0.06999993324279785,-1.9721908569335938,-4.761469841003418,91.23831176757812
1779121350293331832,1779121350253775288,2026-05-19T00:22:30.293+08:00,1.099435806274414,-0.5786067247390747,0.07999992370605469,-1.9147207736968994,-4.822325706481934,91.20011138916016
1779121350526681560,1779121350524972536,2026-05-19T00:22:30.526+08:00,1.0986844301223755,-0.5853562951087952,0.06999993324279785,-1.9309029579162598,-4.8798828125,91.16014099121094
1779121350759321080,1779121350729052824,2026-05-19T00:22:30.759+08:00,1.100034236907959,-0.5879577994346619,0.06999993324279785,-1.9857972860336304,-4.807888031005859,91.1218032836914
1779121350959475160,1779121350948913944,2026-05-19T00:22:30.959+08:00,1.1007543802261353,-0.5885582566261292,0.059999942779541016,-1.9220335483551025,-4.644515514373779,91.10126495361328
1779121351193484312,1779121351182542584,2026-05-19T00:22:31.193+08:00,1.1003291606903076,-0.5891732573509216,0.06999993324279785,-1.8473570346832275,-4.493658065795898,91.07049560546875
1779121351426903736,1779121351422573784,2026-05-19T00:22:31.426+08:00,1.0996835231781006,-0.5916623473167419,0.06999993324279785,-1.8615823984146118,-4.5896172523498535,91.02557373046875
1779121351659648120,1779121351623499992,2026-05-19T00:22:31.659+08:00,1.0990530252456665,-0.5952040553092957,0.06999993324279785,-1.9461249113082886,-4.783201217651367,91.0573501586914
1779121351892550840,1779121351882082520,2026-05-19T00:22:31.892+08:00,1.0986591577529907,-0.5966278910636902,0.06999993324279785,-2.1868772506713867,-4.7099199295043945,91.11378479003906
1779121352093110168,1779121352089299480,2026-05-19T00:22:32.093+08:00,1.0992624759674072,-0.595706582069397,0.059999942779541016,-2.340078353881836,-4.49770450592041,91.10218811035156
1779121352326714776,1779121352324416792,2026-05-19T00:22:32.326+08:00,1.1003161668777466,-0.5969417095184326,0.06999993324279785,-2.249908924102783,-4.544567584991455,91.03868865966797
1779121352560675704,1779121352558518424,2026-05-19T00:22:32.560+08:00,1.1005206108093262,-0.6001210808753967,0.059999942779541016,-2.047738790512085,-4.638854026794434,91.01094818115234
1779121352793165624,1779121352760415256,2026-05-19T00:22:32.793+08:00,1.1002318859100342,-0.6017118692398071,0.06999993324279785,-1.9285109043121338,-4.487703323364258,91.01402282714844
1779121353026601624,1779121353020989784,2026-05-19T00:22:33.026+08:00,1.1014564037322998,-0.6034192442893982,0.059999942779541016,-1.8508391380310059,-4.478536605834961,91.13946533203125
1779121353259165720,1779121353256609624,2026-05-19T00:22:33.259+08:00,1.1012898683547974,-0.6043967008590698,0.059999942779541016,-1.8244378566741943,-4.604379653930664,91.15433502197266
1779121353459659384,1779121353429982008,2026-05-19T00:22:33.459+08:00,1.0996947288513184,-0.6042274832725525,0.059999942779541016,-1.8566157817840576,-4.564838409423828,91.12223815917969
1779121353692673496,1779121353662775544,2026-05-19T00:22:33.692+08:00,1.0980669260025024,-0.6024816632270813,0.059999942779541016,-2.0540051460266113,-4.467849254608154,91.01397705078125
1779121353892985400,1779121353856544600,2026-05-19T00:22:33.892+08:00,1.098262906074524,-0.5999149680137634,0.04999995231628418,-2.218864679336548,-4.405088901519775,91.036376953125
1779121354126012664,1779121354122376856,2026-05-19T00:22:34.126+08:00,1.0986803770065308,-0.5982570052146912,0.04999995231628418,-2.3922231197357178,-4.3087053298950195,91.13017272949219
1779121354327377080,1779121354322533464,2026-05-19T00:22:34.327+08:00,1.0976133346557617,-0.5983375906944275,0.04999995231628418,-2.4570932388305664,-4.394270896911621,91.25012969970703
1779121354561373400,1779121354529421592,2026-05-19T00:22:34.561+08:00,1.0972487926483154,-0.598888635635376,0.04999995231628418,-2.458428144454956,-4.5249409675598145,91.34732818603516
1779121354793568888,1779121354762029048,2026-05-19T00:22:34.793+08:00,1.0989089012145996,-0.5982218384742737,0.04999995231628418,-2.3623502254486084,-4.474313259124756,91.49945831298828
1779121355025996056,1779121355014979256,2026-05-19T00:22:35.025+08:00,1.0995196104049683,-0.5959715247154236,0.04999995231628418,-2.203011989593506,-4.382827281951904,91.51205444335938
1779121355260105784,1779121355255057272,2026-05-19T00:22:35.260+08:00,1.099101185798645,-0.5950644016265869,0.04999995231628418,-2.0569469928741455,-4.419172286987305,91.46913146972656
1779121355493503000,1779121355489925336,2026-05-19T00:22:35.493+08:00,1.099047303199768,-0.5957821011543274,0.04999995231628418,-2.020122528076172,-4.462010383605957,91.42256164550781
1779121355727264088,1779121355698607448,2026-05-19T00:22:35.727+08:00,1.0989421606063843,-0.5959905982017517,0.04999995231628418,-2.2162647247314453,-4.4621758460998535,91.38121795654297
1779121355959282392,1779121355949993752,2026-05-19T00:22:35.959+08:00,1.0998905897140503,-0.5963951945304871,0.04999995231628418,-2.4197609424591064,-4.506669521331787,91.36839294433594
1779121356159405976,1779121356146690104,2026-05-19T00:22:36.159+08:00,1.1018513441085815,-0.5973405838012695,0.04999995231628418,-2.4502453804016113,-4.596618175506592,91.33747100830078
1779121356360008760,1779121356350314808,2026-05-19T00:22:36.360+08:00,1.1031286716461182,-0.5985905528068542,0.04999995231628418,-2.342647075653076,-4.5947089195251465,91.25532531738281
1779121356592867544,1779121356580796504,2026-05-19T00:22:36.592+08:00,1.0996758937835693,-0.5984721183776855,0.059999942779541016,-2.0739383697509766,-4.379258155822754,92.69265747070312
1779121356793136888,1779121356756360088,2026-05-19T00:22:36.793+08:00,1.0900086164474487,-0.5988728404045105,0.029999971389770508,-2.540348529815674,-4.0237345695495605,98.1905517578125
1779121356993161912,1779121356973032344,2026-05-19T00:22:36.993+08:00,1.0774365663528442,-0.6027874946594238,0.019999980926513672,-3.872490644454956,-3.619985818862915,107.54024505615234
1779121357193371896,1779121357187718264,2026-05-19T00:22:37.193+08:00,1.068954348564148,-0.6082624197006226,0.019999980926513672,-5.516702175140381,-3.0598840713500977,119.20580291748047
1779121357426353496,1779121357424455224,2026-05-19T00:22:37.426+08:00,1.0681484937667847,-0.6142840385437012,0.019999980926513672,-6.594156265258789,-2.302403688430786,132.0970916748047
1779121357626530712,1779121357624879928,2026-05-19T00:22:37.626+08:00,1.074422836303711,-0.6180588006973267,0.019999980926513672,-6.688215255737305,-1.5202654600143433,142.8105010986328
1779121357827729752,1779121357812056792,2026-05-19T00:22:37.827+08:00,1.0813229084014893,-0.6198208332061768,0.029999971389770508,-6.273254871368408,-0.9457283616065979,152.25350952148438
1779121358059305048,1779121358042641432,2026-05-19T00:22:38.059+08:00,1.0908836126327515,-0.6200950741767883,0.04999995231628418,-5.172325611114502,-0.7200626134872437,164.37916564941406
1779121358259811576,1779121358249762584,2026-05-19T00:22:38.259+08:00,1.0999197959899902,-0.6168837547302246,0.04999995231628418,-4.175680160522461,-0.9967041015625,173.8218231201172
1779121358459853656,1779121358449461880,2026-05-19T00:22:38.459+08:00,1.108072280883789,-0.6118619441986084,0.04999995231628418,-3.34273362159729,-1.4948651790618896,-177.37673950195312
1779121358692594040,1779121358690778680,2026-05-19T00:22:38.692+08:00,1.1136494874954224,-0.6081770062446594,0.04999995231628418,-2.9035873413085938,-2.2701339721679688,-167.60678100585938
1779121358893026584,1779121358879510488,2026-05-19T00:22:38.893+08:00,1.1163909435272217,-0.6063964366912842,0.059999942779541016,-3.0069937705993652,-2.881863594055176,-160.1143798828125
1779121359093298712,1779121359080124472,2026-05-19T00:22:39.093+08:00,1.119112253189087,-0.6036133766174316,0.04999995231628418,-3.321383476257324,-3.4355781078338623,-153.28627014160156
1779121359326205400,1779121359310969880,2026-05-19T00:22:39.326+08:00,1.1207001209259033,-0.5993665456771851,0.04999995231628418,-3.6746785640716553,-3.9700257778167725,-146.45750427246094
1779121359526270264,1779121359524159832,2026-05-19T00:22:39.526+08:00,1.1215020418167114,-0.5948315858840942,0.04999995231628418,-3.6950058937072754,-4.322848796844482,-140.2802276611328
1779121359726961848,1779121359725439704,2026-05-19T00:22:39.726+08:00,1.1211012601852417,-0.5916764140129089,0.04999995231628418,-3.3216540813446045,-4.3758063316345215,-135.19140625
1779121359959668376,1779121359938228472,2026-05-19T00:22:39.959+08:00,1.1205703020095825,-0.5894840955734253,0.059999942779541016,-2.65718150138855,-4.25445032119751,-130.13160705566406
1779121360159816856,1779121360142285144,2026-05-19T00:22:40.159+08:00,1.119903326034546,-0.5886337757110596,0.059999942779541016,-2.0608301162719727,-4.087648868560791,-125.96917724609375
1779121360360266936,1779121360349183992,2026-05-19T00:22:40.360+08:00,1.1188453435897827,-0.5888778567314148,0.059999942779541016,-1.6705394983291626,-3.806485414505005,-122.18793487548828
1779121360592856600,1779121360585812120,2026-05-19T00:22:40.592+08:00,1.1165915727615356,-0.5884100794792175,0.04999995231628418,-1.5044333934783936,-3.4892420768737793,-118.0868148803711
1779121360793061016,1779121360753138584,2026-05-19T00:22:40.793+08:00,1.1156402826309204,-0.5883186459541321,0.059999942779541016,-1.5035748481750488,-3.3895187377929688,-115.67340850830078
1779121360994663320,1779121360987553112,2026-05-19T00:22:40.994+08:00,1.1143940687179565,-0.5889735817909241,0.04999995231628418,-1.7822320461273193,-3.176454544067383,-112.31021881103516
1779121361225990328,1779121361223389752,2026-05-19T00:22:41.225+08:00,1.111698865890503,-0.591208279132843,0.04999995231628418,-2.1210877895355225,-2.926124334335327,-109.35635375976562
1779121361460090840,1779121361431171608,2026-05-19T00:22:41.460+08:00,1.1093424558639526,-0.5930559039115906,0.059999942779541016,-2.3378231525421143,-2.8555731773376465,-107.1698226928711
1779121361660223576,1779121361638569720,2026-05-19T00:22:41.660+08:00,1.1069892644882202,-0.5946692228317261,0.04999995231628418,-2.3816332817077637,-2.8672080039978027,-105.22130584716797
1779121361892765656,1779121361883963000,2026-05-19T00:22:41.892+08:00,1.1055186986923218,-0.5969018936157227,0.04999995231628418,-2.027906656265259,-2.8599796295166016,-102.99510192871094
1779121362093160312,1779121362091277080,2026-05-19T00:22:42.093+08:00,1.1048643589019775,-0.5997875332832336,0.04999995231628418,-1.7349592447280884,-2.823699712753296,-101.43540954589844
1779121362327811576,1779121362297397912,2026-05-19T00:22:42.327+08:00,1.1046102046966553,-0.6016798615455627,0.04999995231628418,-1.5947375297546387,-2.864286184310913,-99.95342254638672
1779121362560602808,1779121362527168760,2026-05-19T00:22:42.560+08:00,1.1033658981323242,-0.6008796691894531,0.039999961853027344,-1.6848161220550537,-3.0159075260162354,-98.59017181396484
1779121362793571032,1779121362765359672,2026-05-19T00:22:42.793+08:00,1.1010419130325317,-0.6002941131591797,0.039999961853027344,-1.5124174356460571,-2.5675106048583984,-101.71173095703125
1779121363027464312,1779121363016346104,2026-05-19T00:22:43.027+08:00,1.1012927293777466,-0.6023894548416138,0.039999961853027344,-0.8637505769729614,-0.5690218806266785,-118.47383880615234
1779121363227985208,1779121363218217560,2026-05-19T00:22:43.227+08:00,1.1022794246673584,-0.6049346923828125,0.039999961853027344,-1.2907534837722778,4.137479305267334,-160.80397033691406
1779121363459834456,1779121363444882488,2026-05-19T00:22:43.459+08:00,1.1024818420410156,-0.6067454218864441,0.029999971389770508,-10.73850154876709,6.356471061706543,91.96576690673828
1779121363692464600,1779121363686836760,2026-05-19T00:22:43.692+08:00,1.1080816984176636,-0.6054415106773376,0.029999971389770508,-9.536035537719727,-2.5670902729034424,-15.607111930847168
1779121363893642200,1779121363891952952,2026-05-19T00:22:43.893+08:00,1.1120038032531738,-0.6040080785751343,0.04999995231628418,-5.659574031829834,-3.396109104156494,-52.22067642211914
1779121364125756536,1779121364121830584,2026-05-19T00:22:44.125+08:00,1.1068909168243408,-0.6044268012046814,0.039999961853027344,-2.9583535194396973,-3.7109251022338867,-69.03764343261719
1779121364326474296,1779121364296339768,2026-05-19T00:22:44.326+08:00,1.1039063930511475,-0.605130136013031,0.039999961853027344,-1.2881183624267578,-4.0073652267456055,-74.2449722290039
1779121364526611576,1779121364493788888,2026-05-19T00:22:44.526+08:00,1.103702187538147,-0.6058964133262634,0.04999995231628418,-0.030562685802578926,-4.134446620941162,-77.00440216064453
1779121364759755160,1779121364729823384,2026-05-19T00:22:44.759+08:00,1.1043860912322998,-0.6072196364402771,0.039999961853027344,0.4647095203399658,-4.046072483062744,-79.10604858398438
1779121364994113720,1779121364981768376,2026-05-19T00:22:44.994+08:00,1.1023739576339722,-0.6062852144241333,0.039999961853027344,-0.47231525182724,-4.018251419067383,-80.4903335571289
1779121365227799736,1779121365190340760,2026-05-19T00:22:45.227+08:00,1.1005158424377441,-0.6051493883132935,0.029999971389770508,-1.5316375494003296,-3.9764456748962402,-81.3184814453125
1779121365459825304,1779121365426960600,2026-05-19T00:22:45.459+08:00,1.101067066192627,-0.6056331992149353,0.029999971389770508,-2.5038859844207764,-3.645136594772339,-82.24291229248047
1779121365660140856,1779121365631976984,2026-05-19T00:22:45.660+08:00,1.1034646034240723,-0.6064867377281189,0.039999961853027344,-2.923431634902954,-3.42152738571167,-82.90826416015625
1779121365892645144,1779121365883523640,2026-05-19T00:22:45.892+08:00,1.1059024333953857,-0.6072631478309631,0.029999971389770508,-3.0348961353302,-3.475794553756714,-83.64147186279297
1779121366126826680,1779121366118985816,2026-05-19T00:22:46.126+08:00,1.1036983728408813,-0.6076279878616333,0.029999971389770508,-2.7312517166137695,-3.4919164180755615,-84.2768325805664
1779121366329264792,1779121366319852856,2026-05-19T00:22:46.329+08:00,1.1010489463806152,-0.6083997488021851,0.029999971389770508,-2.169133186340332,-3.4197394847869873,-84.74317932128906
1779121366531873944,1779121366524096088,2026-05-19T00:22:46.531+08:00,1.1015746593475342,-0.6086812615394592,0.039999961853027344,-1.4916478395462036,-3.390367031097412,-85.19391632080078
1779121366759731064,1779121366731978648,2026-05-19T00:22:46.759+08:00,1.103453278541565,-0.6087218523025513,0.039999961853027344,-1.1080515384674072,-3.3861629962921143,-85.67084503173828
1779121366962118744,1779121366954784984,2026-05-19T00:22:46.962+08:00,1.103893518447876,-0.6075602769851685,0.029999971389770508,-1.5126938819885254,-3.3246097564697266,-86.04096221923828
1779121367192889368,1779121367189411704,2026-05-19T00:22:47.192+08:00,1.0916590690612793,-0.6049959063529968,0.029999971389770508,-2.8759243488311768,-3.178724765777588,-86.25006866455078
1779121367393016440,1779121367360876184,2026-05-19T00:22:47.393+08:00,1.0779309272766113,-0.6073470115661621,0.029999971389770508,-3.5438201427459717,-3.1840269565582275,-86.49736785888672
1779121367593043160,1779121367565899384,2026-05-19T00:22:47.593+08:00,1.0671758651733398,-0.6140804886817932,0.029999971389770508,-3.5301403999328613,-3.3870041370391846,-86.82719421386719
1779121367826560312,1779121367822016792,2026-05-19T00:22:47.826+08:00,1.0592879056930542,-0.6248814463615417,0.039999961853027344,-2.628706455230713,-3.7772209644317627,-87.36896514892578
1779121368026820504,1779121367987245464,2026-05-19T00:22:48.026+08:00,1.060237169265747,-0.6348796486854553,0.029999971389770508,-1.8168396949768066,-3.922607183456421,-87.69811248779297
1779121368226834232,1779121368194452248,2026-05-19T00:22:48.226+08:00,1.0593342781066895,-0.6468163728713989,0.039999961853027344,-1.2127619981765747,-4.019017219543457,-88.04766845703125
1779121368427818424,1779121368395910744,2026-05-19T00:22:48.427+08:00,1.0524849891662598,-0.6611287593841553,0.039999961853027344,-1.1805468797683716,-4.219424724578857,-88.49061584472656
1779121368659595896,1779121368629724088,2026-05-19T00:22:48.659+08:00,1.0489686727523804,-0.6755991578102112,0.029999971389770508,-1.2675037384033203,-4.285653591156006,-88.9236831665039
1779121368860108184,1779121368849354680,2026-05-19T00:22:48.860+08:00,1.048967957496643,-0.6908179521560669,0.029999971389770508,-1.4720133543014526,-4.0723795890808105,-89.3427963256836
1779121369094363960,1779121369063883288,2026-05-19T00:22:49.094+08:00,1.0492351055145264,-0.706132173538208,0.029999971389770508,-1.808289647102356,-3.9628474712371826,-89.69046783447266
1779121369325828824,1779121369307054552,2026-05-19T00:22:49.325+08:00,1.0494093894958496,-0.7230701446533203,0.029999971389770508,-2.158417224884033,-4.081430912017822,-89.98147583007812
1779121369526385464,1779121369506060376,2026-05-19T00:22:49.526+08:00,1.0491069555282593,-0.7394177317619324,0.029999971389770508,-2.2875876426696777,-3.9833381175994873,-90.18167877197266
1779121369759465848,1779121369739360888,2026-05-19T00:22:49.759+08:00,1.0484044551849365,-0.7610856294631958,0.029999971389770508,-2.324176073074341,-3.6225850582122803,-90.3886489868164
1779121369992481656,1779121369990791864,2026-05-19T00:22:49.992+08:00,1.0484024286270142,-0.7815808653831482,0.039999961853027344,-2.0800373554229736,-3.440655469894409,-90.56929016113281
1779121370193475032,1779121370159704824,2026-05-19T00:22:50.193+08:00,1.0490397214889526,-0.7952048778533936,0.039999961853027344,-1.9085755348205566,-3.4262959957122803,-90.68022918701172
1779121370393575288,1779121370364124184,2026-05-19T00:22:50.393+08:00,1.049691915512085,-0.8107126355171204,0.039999961853027344,-1.8924202919006348,-3.395428419113159,-90.79070281982422
1779121370626197144,1779121370601149912,2026-05-19T00:22:50.626+08:00,1.0495833158493042,-0.8322034478187561,0.039999961853027344,-1.9604743719100952,-3.2975378036499023,-90.8985595703125
1779121370826556280,1779121370820654296,2026-05-19T00:22:50.826+08:00,1.0503870248794556,-0.8541670441627502,0.039999961853027344,-1.9790459871292114,-3.103468656539917,-90.97705078125
1779121371059399448,1779121371056755256,2026-05-19T00:22:51.059+08:00,1.0518550872802734,-0.8777143359184265,0.039999961853027344,-2.1458985805511475,-3.0584864616394043,-91.0884017944336
1779121371260904920,1779121371229848344,2026-05-19T00:22:51.260+08:00,1.052132248878479,-0.8926440477371216,0.039999961853027344,-2.2633960247039795,-3.141450881958008,-91.16107177734375
1779121371492843320,1779121371459272728,2026-05-19T00:22:51.492+08:00,1.0519518852233887,-0.9148851037025452,0.039999961853027344,-2.324578046798706,-3.067148208618164,-91.23979949951172
1779121371726520248,1779121371696224856,2026-05-19T00:22:51.726+08:00,1.0494880676269531,-0.935696005821228,0.039999961853027344,-2.1904871463775635,-3.056964874267578,-91.31514739990234
1779121371960108120,1779121371954914168,2026-05-19T00:22:51.960+08:00,1.0512218475341797,-0.9552704095840454,0.039999961853027344,-1.8338419198989868,-3.422851800918579,-91.4017562866211
1779121372160162200,1779121372124000984,2026-05-19T00:22:52.160+08:00,1.0530977249145508,-0.9710764288902283,0.039999961853027344,-1.7414131164550781,-3.4950854778289795,-91.4582290649414
1779121372394105048,1779121372365882936,2026-05-19T00:22:52.394+08:00,1.0518243312835693,-0.993449330329895,0.039999961853027344,-1.8748695850372314,-3.302689790725708,-91.52008056640625
1779121372626481720,1779121372596195000,2026-05-19T00:22:52.626+08:00,1.04958176612854,-1.0133122205734253,0.039999961853027344,-1.9397002458572388,-3.404874801635742,-91.58956909179688
1779121372826506968,1779121372815101080,2026-05-19T00:22:52.826+08:00,1.0499885082244873,-1.0323594808578491,0.04999995231628418,-1.9742237329483032,-3.6018190383911133,-91.61507415771484
1779121373027768344,1779121373022237912,2026-05-19T00:22:53.027+08:00,1.0534563064575195,-1.0559399127960205,0.039999961853027344,-1.7335952520370483,-3.5550060272216797,-91.41280364990234
1779121373259168888,1779121373225050808,2026-05-19T00:22:53.259+08:00,1.0647774934768677,-1.0805147886276245,0.04999995231628418,-1.213870644569397,-3.5530576705932617,-91.2767105102539
1779121373459205688,1779121373426726200,2026-05-19T00:22:53.459+08:00,1.0782042741775513,-1.1030147075653076,0.039999961853027344,-1.0186080932617188,-3.786726951599121,-91.07662200927734
1779121373661222232,1779121373634072376,2026-05-19T00:22:53.661+08:00,1.087509036064148,-1.1241893768310547,0.039999961853027344,-1.478474736213684,-4.1585164070129395,-90.83940887451172
1779121373892910456,1779121373854955352,2026-05-19T00:22:53.892+08:00,1.0909372568130493,-1.1479169130325317,0.039999961853027344,-2.3613474369049072,-4.575115203857422,-90.5863265991211
1779121374094395128,1779121374057666808,2026-05-19T00:22:54.094+08:00,1.0936293601989746,-1.172458529472351,0.039999961853027344,-2.901902437210083,-4.63722562789917,-90.382080078125
1779121374325829720,1779121374299923352,2026-05-19T00:22:54.325+08:00,1.0953644514083862,-1.2005082368850708,0.039999961853027344,-3.0795183181762695,-4.424896240234375,-90.23957061767578
1779121374526562392,1779121374500791928,2026-05-19T00:22:54.526+08:00,1.0970474481582642,-1.224330186843872,0.039999961853027344,-2.775362491607666,-4.25932502746582,-90.18065643310547
1779121374726631416,1779121374704054008,2026-05-19T00:22:54.726+08:00,1.0986156463623047,-1.245766520500183,0.039999961853027344,-2.302980661392212,-4.00522518157959,-90.13945770263672
1779121374926834392,1779121374897653240,2026-05-19T00:22:54.926+08:00,1.1001462936401367,-1.2666569948196411,0.039999961853027344,-1.9567015171051025,-3.721712827682495,-90.09095764160156
1779121375128584152,1779121375098814168,2026-05-19T00:22:55.128+08:00,1.1006600856781006,-1.2874587774276733,0.04999995231628418,-1.8393285274505615,-3.4563827514648438,-90.0799331665039
1779121375360362328,1779121375331664632,2026-05-19T00:22:55.360+08:00,1.0989785194396973,-1.3118122816085815,0.04999995231628418,-1.8282151222229004,-3.132633924484253,-90.0704116821289
1779121375592599256,1779121375570064984,2026-05-19T00:22:55.592+08:00,1.099141001701355,-1.3385851383209229,0.039999961853027344,-1.7942296266555786,-2.8895766735076904,-90.0967788696289
1779121375793265144,1779121375773584600,2026-05-19T00:22:55.793+08:00,1.1014829874038696,-1.3603764772415161,0.04999995231628418,-1.9275914430618286,-2.8741891384124756,-90.08499145507812
1779121376025987928,1779121376022915032,2026-05-19T00:22:56.025+08:00,1.102736234664917,-1.3850061893463135,0.04999995231628418,-2.387176752090454,-3.117197275161743,-90.02670288085938
1779121376226224568,1779121376193140728,2026-05-19T00:22:56.226+08:00,1.1005263328552246,-1.3993375301361084,0.039999961853027344,-2.629035711288452,-3.245521068572998,-90.02639770507812
1779121376426543192,1779121376401079864,2026-05-19T00:22:56.426+08:00,1.0972115993499756,-1.4184725284576416,0.04999995231628418,-2.4791078567504883,-3.2886850833892822,-90.0896224975586
1779121376659699160,1779121376636394936,2026-05-19T00:22:56.659+08:00,1.0991016626358032,-1.4375133514404297,0.04999995231628418,-2.1003682613372803,-3.3203787803649902,-90.08319854736328
1779121376860137816,1779121376848548216,2026-05-19T00:22:56.860+08:00,1.1017956733703613,-1.4507797956466675,0.04999995231628418,-2.0461878776550293,-3.343386173248291,-90.00054168701172
1779121377093137560,1779121377083296728,2026-05-19T00:22:57.093+08:00,1.1009230613708496,-1.4626741409301758,0.04999995231628418,-2.2846271991729736,-3.411919593811035,-89.91954803466797
1779121377326489976,1779121377315817240,2026-05-19T00:22:57.326+08:00,1.098110318183899,-1.4726595878601074,0.04999995231628418,-2.5238358974456787,-3.4459407329559326,-89.86038970947266
1779121377527445400,1779121377515989752,2026-05-19T00:22:57.527+08:00,1.0974239110946655,-1.4805629253387451,0.059999942779541016,-2.2914352416992188,-3.285036325454712,-89.8487319946289
1779121377759044952,1779121377756720344,2026-05-19T00:22:57.759+08:00,1.0999757051467896,-1.4875226020812988,0.04999995231628418,-1.961320161819458,-3.0421009063720703,-89.76863098144531
1779121377959604696,1779121377957603352,2026-05-19T00:22:57.959+08:00,1.101030707359314,-1.4906145334243774,0.04999995231628418,-1.916300892829895,-3.008169174194336,-89.67027282714844
1779121378192576056,1779121378190047928,2026-05-19T00:22:58.192+08:00,1.0989465713500977,-1.4924793243408203,0.04999995231628418,-2.0226547718048096,-3.017766237258911,-89.69363403320312
1779121378392626904,1779121378389413592,2026-05-19T00:22:58.392+08:00,1.0974419116973877,-1.493714451789856,0.04999995231628418,-2.0446181297302246,-2.98256516456604,-89.72193908691406
1779121378593176280,1779121378565589592,2026-05-19T00:22:58.593+08:00,1.0987590551376343,-1.4934641122817993,0.059999942779541016,-1.9443427324295044,-2.945117235183716,-89.70909881591797
1779121378825908632,1779121378815808152,2026-05-19T00:22:58.825+08:00,1.102240800857544,-1.4918497800827026,0.04999995231628418,-2.0042831897735596,-3.002011299133301,-89.62848663330078
1779121379027128920,1779121378981637432,2026-05-19T00:22:59.027+08:00,1.102269172668457,-1.4902613162994385,0.04999995231628418,-2.283078670501709,-2.999039649963379,-89.57846069335938
1779121379260211800,1779121379230994648,2026-05-19T00:22:59.260+08:00,1.100092887878418,-1.4879590272903442,0.04999995231628418,-2.6262547969818115,-2.873002290725708,-89.56791687011719
1779121379493619736,1779121379465528600,2026-05-19T00:22:59.493+08:00,1.0993821620941162,-1.4849402904510498,0.04999995231628418,-2.50860333442688,-2.8898918628692627,-89.61616516113281
1779121379725913656,1779121379708652152,2026-05-19T00:22:59.725+08:00,1.1009398698806763,-1.4801502227783203,0.059999942779541016,-2.323608160018921,-2.84468412399292,-89.61441802978516
1779121379926288824,1779121379917610936,2026-05-19T00:22:59.926+08:00,1.1010303497314453,-1.4749196767807007,0.059999942779541016,-2.2223072052001953,-2.7581233978271484,-89.60413360595703
1779121380126473784,1779121380096562904,2026-05-19T00:23:00.126+08:00,1.0995287895202637,-1.4698586463928223,0.059999942779541016,-2.061946392059326,-2.8445959091186523,-89.62855529785156
1779121380361082424,1779121380358905944,2026-05-19T00:23:00.361+08:00,1.0988492965698242,-1.4618533849716187,0.059999942779541016,-1.8550978899002075,-3.073746919631958,-89.64108276367188
1779121380593065464,1779121380565361464,2026-05-19T00:23:00.593+08:00,1.1006169319152832,-1.4565318822860718,0.059999942779541016,-1.7463140487670898,-3.053975820541382,-89.68170928955078
1779121380793502200,1779121380779402328,2026-05-19T00:23:00.793+08:00,1.1017743349075317,-1.4524636268615723,0.059999942779541016,-1.8820834159851074,-3.006091594696045,-89.70614624023438
1779121381026328600,1779121381001074488,2026-05-19T00:23:01.026+08:00,1.101000189781189,-1.4465755224227905,0.059999942779541016,-2.27606463432312,-3.1731836795806885,-89.72203063964844
1779121381226810200,1779121381203145688,2026-05-19T00:23:01.226+08:00,1.1001187562942505,-1.442158818244934,0.059999942779541016,-2.478888511657715,-3.2788279056549072,-89.75000762939453
1779121381459691864,1779121381441845048,2026-05-19T00:23:01.459+08:00,1.0992010831832886,-1.4372955560684204,0.059999942779541016,-2.4384777545928955,-3.227243185043335,-89.82201385498047
1779121381659989464,1779121381652475448,2026-05-19T00:23:01.659+08:00,1.098965048789978,-1.4336905479431152,0.06999993324279785,-2.234745502471924,-3.2074484825134277,-89.91180419921875
1779121381892544152,1779121381883457976,2026-05-19T00:23:01.892+08:00,1.1001056432724,-1.4304494857788086,0.059999942779541016,-1.9580416679382324,-3.2725026607513428,-89.92908477783203
1779121382126051416,1779121382118826040,2026-05-19T00:23:02.126+08:00,1.101420521736145,-1.4281316995620728,0.059999942779541016,-1.9471079111099243,-3.165337324142456,-89.85736846923828
1779121382359285560,1779121382353934488,2026-05-19T00:23:02.359+08:00,1.1007314920425415,-1.4264365434646606,0.059999942779541016,-2.066210985183716,-2.932347536087036,-89.82447052001953
1779121382559771800,1779121382526075992,2026-05-19T00:23:02.559+08:00,1.0995254516601562,-1.424120545387268,0.059999942779541016,-2.1034698486328125,-2.8756747245788574,-89.82994842529297
1779121382760185848,1779121382724208056,2026-05-19T00:23:02.760+08:00,1.0997393131256104,-1.420231819152832,0.06999993324279785,-2.081397533416748,-2.9998281002044678,-89.86079406738281
1779121382962662488,1779121382952307960,2026-05-19T00:23:02.962+08:00,1.1011773347854614,-1.417093276977539,0.06999993324279785,-2.046252489089966,-3.0029001235961914,-89.74571990966797
1779121383193348408,1779121383191199960,2026-05-19T00:23:03.193+08:00,1.1026850938796997,-1.4163970947265625,0.06999993324279785,-2.0488033294677734,-2.7759170532226562,-89.63672637939453
1779121383427138680,1779121383392508504,2026-05-19T00:23:03.427+08:00,1.1031054258346558,-1.4161261320114136,0.059999942779541016,-2.1714863777160645,-2.7899372577667236,-89.61649322509766
1779121383659339384,1779121383630492920,2026-05-19T00:23:03.659+08:00,1.1021500825881958,-1.4142684936523438,0.059999942779541016,-2.3406949043273926,-3.10103178024292,-89.60702514648438
1779121383859512248,1779121383843937784,2026-05-19T00:23:03.859+08:00,1.1000667810440063,-1.4141629934310913,0.059999942779541016,-2.246980667114258,-3.110445261001587,-89.55592346191406
1779121384092947384,1779121384082098936,2026-05-19T00:23:04.092+08:00,1.0995286703109741,-1.416172981262207,0.059999942779541016,-1.985573172569275,-2.8524386882781982,-89.54479217529297
1779121384294059000,1779121384282686008,2026-05-19T00:23:04.294+08:00,1.1011990308761597,-1.4178411960601807,0.059999942779541016,-1.8345682621002197,-2.8770854473114014,-89.52794647216797
1779121384526215000,1779121384511436440,2026-05-19T00:23:04.526+08:00,1.1015781164169312,-1.4183125495910645,0.059999942779541016,-1.914542317390442,-3.047173023223877,-89.50043487548828
1779121384759447928,1779121384749889912,2026-05-19T00:23:04.759+08:00,1.099334478378296,-1.4192434549331665,0.059999942779541016,-2.0607478618621826,-2.9310357570648193,-89.55170440673828
1779121384992561144,1779121384989564024,2026-05-19T00:23:04.992+08:00,1.0988655090332031,-1.4207602739334106,0.059999942779541016,-2.0596938133239746,-2.79398512840271,-89.59870910644531
1779121385226027032,1779121385222975480,2026-05-19T00:23:05.226+08:00,1.100153923034668,-1.4202576875686646,0.059999942779541016,-2.0028269290924072,-2.86244535446167,-89.63135528564453
1779121385426404280,1779121385387717912,2026-05-19T00:23:05.426+08:00,1.1005977392196655,-1.4201229810714722,0.059999942779541016,-2.0056588649749756,-2.7986955642700195,-89.64016723632812
1779121385659210680,1779121385656562424,2026-05-19T00:23:05.659+08:00,1.0998773574829102,-1.419365644454956,0.059999942779541016,-2.119382619857788,-2.7320549488067627,-89.64915466308594
1779121385893188632,1779121385883536312,2026-05-19T00:23:05.893+08:00,1.0994324684143066,-1.419166088104248,0.059999942779541016,-2.127204179763794,-2.9081778526306152,-89.66553497314453
1779121386128421080,1779121386086870264,2026-05-19T00:23:06.128+08:00,1.0991992950439453,-1.42033052444458,0.059999942779541016,-2.0544137954711914,-2.9004855155944824,-89.73063659667969
1779121386360535384,1779121386320591256,2026-05-19T00:23:06.360+08:00,1.0990374088287354,-1.4232878684997559,0.059999942779541016,-1.9589482545852661,-2.7390928268432617,-89.775146484375
1779121386593258008,1779121386561141720,2026-05-19T00:23:06.593+08:00,1.1004124879837036,-1.4252310991287231,0.04999995231628418,-1.8908442258834839,-2.7275099754333496,-89.73624420166016
1779121386825721144,1779121386766024024,2026-05-19T00:23:06.825+08:00,1.1016758680343628,-1.4251371622085571,0.04999995231628418,-1.9541245698928833,-2.9270107746124268,-89.70462799072266
1779121387026147928,1779121386992836056,2026-05-19T00:23:07.026+08:00,1.1005210876464844,-1.4253003597259521,0.04999995231628418,-2.189816951751709,-3.022315263748169,-89.66985321044922
1779121387260193400,1779121387230285368,2026-05-19T00:23:07.260+08:00,1.0986759662628174,-1.4276028871536255,0.04999995231628418,-2.2743940353393555,-2.6901841163635254,-89.76749420166016
1779121387460291672,1779121387431467608,2026-05-19T00:23:07.460+08:00,1.0987424850463867,-1.4285160303115845,0.04999995231628418,-2.1676554679870605,-2.5489039421081543,-89.8213882446289
1779121387664758680,1779121387630324312,2026-05-19T00:23:07.664+08:00,1.0992616415023804,-1.4262162446975708,0.059999942779541016,-2.047869920730591,-2.7976765632629395,-89.79203033447266
1779121387892816600,1779121387882605400,2026-05-19T00:23:07.892+08:00,1.0990813970565796,-1.4210759401321411,0.019999980926513672,-2.4237985610961914,-2.72387433052063,-85.88359069824219
1779121388126460216,1779121388119534552,2026-05-19T00:23:08.126+08:00,1.1080840826034546,-1.4176381826400757,0.029999971389770508,-3.3504557609558105,-2.0396947860717773,-76.44640350341797
1779121388327302936,1779121388320655928,2026-05-19T00:23:08.327+08:00,1.1137068271636963,-1.4154138565063477,0.029999971389770508,-4.245778560638428,-1.639000415802002,-67.2464370727539
1779121388559634136,1779121388522678200,2026-05-19T00:23:08.559+08:00,1.1133952140808105,-1.4126452207565308,0.029999971389770508,-4.920495986938477,-1.4372918605804443,-57.941490173339844
1779121388793077848,1779121388763176056,2026-05-19T00:23:08.793+08:00,1.1087982654571533,-1.4106625318527222,0.039999961853027344,-4.806303024291992,-1.275429129600525,-47.17253875732422
1779121389025910168,1779121389018622424,2026-05-19T00:23:09.025+08:00,1.1030545234680176,-1.409863829612732,0.04999995231628418,-3.783076524734497,-1.206079125404358,-36.427406311035156
1779121389227088920,1779121389224869400,2026-05-19T00:23:09.227+08:00,1.0991157293319702,-1.4101260900497437,0.04999995231628418,-2.690840244293213,-1.3681652545928955,-28.87018585205078
1779121389428343800,1779121389387192056,2026-05-19T00:23:09.428+08:00,1.0962646007537842,-1.4112764596939087,0.04999995231628418,-1.820107102394104,-1.6252280473709106,-23.23796272277832
1779121389660278200,1779121389655693656,2026-05-19T00:23:09.660+08:00,1.091578483581543,-1.414376139640808,0.04999995231628418,-0.7070534825325012,-2.2963709831237793,-14.248451232910156
1779121389860590264,1779121389841912632,2026-05-19T00:23:09.860+08:00,1.0886669158935547,-1.4142721891403198,0.04999995231628418,-0.5459482669830322,-2.918710470199585,-9.009880065917969
1779121390093439992,1779121390082746136,2026-05-19T00:23:10.093+08:00,1.0855960845947266,-1.4152096509933472,0.04999995231628418,-0.8745550513267517,-3.6663661003112793,-2.5433030128479004
1779121390326086648,1779121390322038072,2026-05-19T00:23:10.326+08:00,1.0838117599487305,-1.4206615686416626,0.04999995231628418,-1.1744695901870728,-4.237259387969971,3.2739486694335938
1779121390526486680,1779121390524942616,2026-05-19T00:23:10.526+08:00,1.0830518007278442,-1.424514651298523,0.04999995231628418,-1.275285005569458,-4.683417320251465,7.613044738769531
1779121390760074520,1779121390728261304,2026-05-19T00:23:10.760+08:00,1.0830967426300049,-1.425181269645691,0.04999995231628418,-1.1812974214553833,-4.984063625335693,11.560436248779297
1779121390993275352,1779121390983474872,2026-05-19T00:23:10.993+08:00,1.0843591690063477,-1.4271069765090942,0.04999995231628418,-0.8239228129386902,-5.001561641693115,16.07776641845703
1779121391193379352,1779121391182435352,2026-05-19T00:23:11.193+08:00,1.0852866172790527,-1.4303241968154907,0.04999995231628418,-0.4442530572414398,-4.935827732086182,19.073816299438477
1779121391426511576,1779121391416636344,2026-05-19T00:23:11.426+08:00,1.0838929414749146,-1.4334691762924194,0.059999942779541016,-0.10540620237588882,-4.846367359161377,22.320955276489258
1779121391626687768,1779121391585820920,2026-05-19T00:23:11.626+08:00,1.0828936100006104,-1.4355205297470093,0.059999942779541016,0.03752655163407326,-4.750326633453369,24.279020309448242
1779121391859360216,1779121391846586808,2026-05-19T00:23:11.859+08:00,1.0837295055389404,-1.4329837560653687,0.04999995231628418,0.07458270341157913,-4.55089807510376,27.1885929107666
1779121392059648184,1779121392051363576,2026-05-19T00:23:12.059+08:00,1.0852527618408203,-1.430642008781433,0.04999995231628418,-0.22969627380371094,-4.353850364685059,29.17628288269043
1779121392259703352,1779121392250106328,2026-05-19T00:23:12.259+08:00,1.0873438119888306,-1.4295802116394043,0.04999995231628418,-0.6470379829406738,-4.201473236083984,30.997488021850586
1779121392459931288,1779121392426523800,2026-05-19T00:23:12.459+08:00,1.0892128944396973,-1.4299850463867188,0.04999995231628418,-0.8518276810646057,-4.142805576324463,32.48602294921875
1779121392692798904,1779121392665919128,2026-05-19T00:23:12.692+08:00,1.0912588834762573,-1.4316926002502441,0.04999995231628418,-0.741043746471405,-4.062550067901611,34.22038269042969
1779121392926512632,1779121392920763000,2026-05-19T00:23:12.926+08:00,1.0919402837753296,-1.4321311712265015,0.039999961853027344,-0.27538764476776123,-4.13412618637085,35.80665969848633
1779121393126705528,1779121393121376472,2026-05-19T00:23:13.126+08:00,1.0924500226974487,-1.431809425354004,0.04999995231628418,0.01973947510123253,-4.3714399337768555,36.84139633178711
1779121393330268472,1779121393328486616,2026-05-19T00:23:13.330+08:00,1.094106674194336,-1.4308793544769287,0.04999995231628418,0.16107657551765442,-4.501007080078125,37.76512908935547
1779121393559587512,1779121393530452248,2026-05-19T00:23:13.559+08:00,1.09551203250885,-1.4295421838760376,0.039999961853027344,0.17354799807071686,-4.5586395263671875,38.59649658203125
1779121393759678712,1779121393732993112,2026-05-19T00:23:13.759+08:00,1.0958155393600464,-1.4279088973999023,0.039999961853027344,-0.009641028940677643,-4.7330756187438965,39.34050369262695
1779121393992648696,1779121393983922968,2026-05-19T00:23:13.992+08:00,1.0961347818374634,-1.4254846572875977,0.039999961853027344,-0.7384711503982544,-4.7838826179504395,40.27328109741211
1779121394192806680,1779121394191211992,2026-05-19T00:23:14.192+08:00,1.0986628532409668,-1.4259394407272339,0.039999961853027344,-1.4184880256652832,-4.7118682861328125,40.9913444519043
1779121394426913976,1779121394396197944,2026-05-19T00:23:14.426+08:00,1.1014584302902222,-1.4288517236709595,0.029999971389770508,-1.662146806716919,-4.741384983062744,42.0302619934082
1779121394659192728,1779121394628197432,2026-05-19T00:23:14.659+08:00,1.102854609489441,-1.4323692321777344,0.029999971389770508,-1.8838376998901367,-4.611125946044922,43.7513427734375
1779121394860843096,1779121394845301688,2026-05-19T00:23:14.860+08:00,1.116860270500183,-1.4350526332855225,0.029999971389770508,-2.4669079780578613,-4.4897074699401855,45.135154724121094
1779121395092509176,1779121395078423480,2026-05-19T00:23:15.092+08:00,1.1456950902938843,-1.439826488494873,0.019999980926513672,-3.154219388961792,-4.791526794433594,46.429805755615234
1779121395293083320,1779121395290507320,2026-05-19T00:23:15.293+08:00,1.1761541366577148,-1.4431904554367065,0.019999980926513672,-3.3479933738708496,-5.24530029296875,47.23432159423828
1779121395525756184,1779121395523403160,2026-05-19T00:23:15.525+08:00,1.2146573066711426,-1.4453799724578857,0.019999980926513672,-3.23260235786438,-5.585456371307373,48.0166015625
1779121395725838456,1779121395717952440,2026-05-19T00:23:15.725+08:00,1.2481368780136108,-1.442937970161438,0.029999971389770508,-2.943565845489502,-5.89450740814209,48.55162048339844
1779121395926098328,1779121395920675192,2026-05-19T00:23:15.926+08:00,1.286184310913086,-1.440711259841919,0.019999980926513672,-2.641017198562622,-6.4414286613464355,49.0726432800293
1779121396127394424,1779121396125590808,2026-05-19T00:23:16.127+08:00,1.3278149366378784,-1.4385905265808105,0.019999980926513672,-1.924394965171814,-6.962752342224121,49.43440246582031
1779121396359247480,1779121396327295192,2026-05-19T00:23:16.359+08:00,1.3620574474334717,-1.4283884763717651,0.039999961853027344,-0.595832884311676,-7.055816650390625,49.60283660888672
1779121396559630616,1779121396532392440,2026-05-19T00:23:16.559+08:00,1.3896496295928955,-1.4109565019607544,0.039999961853027344,0.6713963747024536,-6.881341457366943,49.728759765625
1779121396760061368,1779121396732661880,2026-05-19T00:23:16.760+08:00,1.413877010345459,-1.3920679092407227,0.039999961853027344,1.5338541269302368,-6.6419358253479,49.82889175415039
1779121396993306808,1779121396959944568,2026-05-19T00:23:16.993+08:00,1.438306450843811,-1.3685081005096436,0.04999995231628418,2.3396739959716797,-6.178273677825928,49.98431396484375
1779121397226451992,1779121397195320024,2026-05-19T00:23:17.226+08:00,1.4558815956115723,-1.3425979614257812,0.04999995231628418,2.7439358234405518,-5.5989909172058105,50.24332809448242
1779121397459728408,1779121397429013464,2026-05-19T00:23:17.459+08:00,1.4639487266540527,-1.315881609916687,0.039999961853027344,2.564556837081909,-5.443058490753174,50.48947525024414
1779121397661245272,1779121397629265560,2026-05-19T00:23:17.661+08:00,1.469459056854248,-1.2905672788619995,0.039999961853027344,2.113478422164917,-5.50513219833374,50.719058990478516
1779121397892696184,1779121397883807096,2026-05-19T00:23:17.892+08:00,1.4789961576461792,-1.2591536045074463,0.029999971389770508,1.2105886936187744,-5.232390403747559,51.063053131103516
1779121398126306456,1779121398118482072,2026-05-19T00:23:18.126+08:00,1.4850984811782837,-1.2282066345214844,0.029999971389770508,0.5481940507888794,-5.186515808105469,51.33967590332031
1779121398327718904,1779121398322395352,2026-05-19T00:23:18.327+08:00,1.4875668287277222,-1.20156991481781,0.029999971389770508,0.39628374576568604,-5.521584987640381,51.52667999267578
1779121398559922680,1779121398529083992,2026-05-19T00:23:18.559+08:00,1.484331727027893,-1.1743446588516235,0.019999980926513672,0.4016090929508209,-5.948782920837402,51.68979263305664
1779121398793390424,1779121398761536280,2026-05-19T00:23:18.793+08:00,1.4823951721191406,-1.1421656608581543,0.019999980926513672,0.13094209134578705,-6.217639446258545,52.01516342163086
1779121399026522712,1779121398986602040,2026-05-19T00:23:19.026+08:00,1.4890577793121338,-1.117543339729309,0.009999990463256836,-1.0508345365524292,-6.228579044342041,52.19778823852539
1779121399259677848,1779121399232187032,2026-05-19T00:23:19.259+08:00,1.5131771564483643,-1.096739411354065,0.009999990463256836,-2.520883798599243,-6.325192451477051,52.1406135559082
1779121399459805560,1779121399429185912,2026-05-19T00:23:19.459+08:00,1.5401719808578491,-1.0821043252944946,0.009999990463256836,-3.4576001167297363,-6.732263088226318,51.944637298583984
1779121399693048344,1779121399665412984,2026-05-19T00:23:19.693+08:00,1.57905912399292,-1.0708537101745605,0.009999990463256836,-4.0259599685668945,-7.27168083190918,51.47937774658203
1779121399926404280,1779121399910611576,2026-05-19T00:23:19.926+08:00,1.6167364120483398,-1.0612362623214722,0.009999990463256836,-4.073125839233398,-7.886709213256836,50.94387435913086
1779121400129429368,1779121400115351864,2026-05-19T00:23:20.129+08:00,1.6562657356262207,-1.0549919605255127,0.019999980926513672,-3.7843434810638428,-8.542255401611328,50.46607208251953
1779121400359852088,1779121400323082520,2026-05-19T00:23:20.359+08:00,1.6960384845733643,-1.048588752746582,0.029999971389770508,-3.1651856899261475,-8.889842987060547,49.902061462402344
1779121400560019032,1779121400525551736,2026-05-19T00:23:20.560+08:00,1.7360889911651611,-1.0412302017211914,0.039999961853027344,-2.0521562099456787,-8.854090690612793,49.25900650024414
1779121400792848056,1779121400761200600,2026-05-19T00:23:20.792+08:00,1.7770676612854004,-1.020427942276001,0.04999995231628418,-0.010284753516316414,-8.227171897888184,48.53774642944336
1779121401026186680,1779121401011319608,2026-05-19T00:23:21.026+08:00,1.8071341514587402,-0.9942107200622559,0.06999993324279785,1.9823055267333984,-7.266167163848877,47.9716911315918
1779121401227735192,1779121401212581208,2026-05-19T00:23:21.227+08:00,1.8254166841506958,-0.9705424904823303,0.06999993324279785,3.1519956588745117,-6.518459320068359,47.67316436767578
1779121401459131096,1779121401451686520,2026-05-19T00:23:21.459+08:00,1.844768762588501,-0.9381500482559204,0.07999992370605469,3.76762318611145,-5.644306659698486,47.52114486694336
1779121401659496792,1779121401649176888,2026-05-19T00:23:21.659+08:00,1.8604302406311035,-0.9105576276779175,0.09000003337860107,3.686614751815796,-4.74389123916626,47.59386444091797
1779121401859644600,1779121401848213432,2026-05-19T00:23:21.859+08:00,1.8671166896820068,-0.880682110786438,0.07999992370605469,3.1944167613983154,-3.9625227451324463,47.80236053466797
1779121402092661496,1779121402081440344,2026-05-19T00:23:22.092+08:00,1.8725647926330566,-0.8470028042793274,0.07999992370605469,2.273808240890503,-3.4518043994903564,48.04716873168945
1779121402325766680,1779121402320492952,2026-05-19T00:23:22.325+08:00,1.8742425441741943,-0.8124744892120361,0.07999992370605469,1.4606187343597412,-3.092761754989624,48.152286529541016
1779121402525907416,1779121402519405240,2026-05-19T00:23:22.525+08:00,1.8722186088562012,-0.7817475199699402,0.07999992370605469,0.9263054728507996,-3.0463550090789795,48.12617492675781
1779121402727304312,1779121402725269208,2026-05-19T00:23:22.727+08:00,1.8700416088104248,-0.7527018189430237,0.06999993324279785,0.59096360206604,-3.2359836101531982,48.06889724731445
1779121402959500152,1779121402954935064,2026-05-19T00:23:22.959+08:00,1.8665030002593994,-0.7199172377586365,0.06999993324279785,0.48102283477783203,-3.7022573947906494,47.914772033691406
1779121403159784792,1779121403122228152,2026-05-19T00:23:23.159+08:00,1.8638489246368408,-0.6976215243339539,0.06999993324279785,0.3941427767276764,-4.151169300079346,47.81022262573242
1779121403360528600,1779121403320418936,2026-05-19T00:23:23.360+08:00,1.8632436990737915,-0.6724226474761963,0.06999993324279785,-0.008816312067210674,-4.7401628494262695,47.828224182128906
1779121403593244312,1779121403588396184,2026-05-19T00:23:23.593+08:00,1.870704174041748,-0.6435108780860901,0.059999942779541016,-0.7994797229766846,-5.044990062713623,47.96106719970703
1779121403793372312,1779121403762504024,2026-05-19T00:23:23.793+08:00,1.8771308660507202,-0.6235525012016296,0.06999993324279785,-1.3322871923446655,-4.9338788986206055,48.057430267333984
1779121404026757112,1779121403988220504,2026-05-19T00:23:24.026+08:00,1.8898993730545044,-0.5993006825447083,0.04999995231628418,-1.898311972618103,-4.767928123474121,48.1414794921875
1779121404259800408,1779121404231238552,2026-05-19T00:23:24.259+08:00,1.9040043354034424,-0.5728461146354675,0.04999995231628418,-2.299320936203003,-4.686303615570068,48.20219039916992
1779121404492491704,1779121404469618904,2026-05-19T00:23:24.492+08:00,1.918915867805481,-0.5589244961738586,0.059999942779541016,-2.4705734252929688,-4.572020530700684,48.22407913208008
1779121404692645368,1779121404678186936,2026-05-19T00:23:24.692+08:00,1.931770920753479,-0.5518070459365845,0.059999942779541016,-2.115454912185669,-4.407519817352295,48.045379638671875
1779121404893134104,1779121404865620504,2026-05-19T00:23:24.893+08:00,1.9391980171203613,-0.5462715029716492,0.059999942779541016,-1.4409618377685547,-4.177624225616455,47.86278533935547
1779121405126669048,1779121405109481752,2026-05-19T00:23:25.126+08:00,1.9454469680786133,-0.540292501449585,0.06999993324279785,-0.46570253372192383,-3.9677863121032715,47.696842193603516
1779121405359962200,1779121405338461912,2026-05-19T00:23:25.359+08:00,1.9486653804779053,-0.5381605625152588,0.059999942779541016,0.028652142733335495,-3.965097188949585,47.57634735107422
1779121405593222744,1779121405571448024,2026-05-19T00:23:25.593+08:00,1.9513767957687378,-0.5384671092033386,0.059999942779541016,-0.00013038980250712484,-3.8555243015289307,47.468284606933594
1779121405826558264,1779121405776680696,2026-05-19T00:23:25.826+08:00,1.952476143836975,-0.5391936898231506,0.059999942779541016,-0.30431708693504333,-3.6568870544433594,47.35003662109375
1779121406027609656,1779121406025230136,2026-05-19T00:23:26.027+08:00,1.9520263671875,-0.5419726371765137,0.059999942779541016,-0.7269613742828369,-3.6424753665924072,47.23257064819336
1779121406259800152,1779121406230583320,2026-05-19T00:23:26.259+08:00,1.9509713649749756,-0.5464217662811279,0.059999942779541016,-0.9680812358856201,-3.8367319107055664,47.16101837158203
1779121406492635992,1779121406469196216,2026-05-19T00:23:26.492+08:00,1.9489936828613281,-0.5518876314163208,0.059999942779541016,-0.9433437585830688,-3.9646477699279785,47.03529739379883
1779121406725813304,1779121406708036600,2026-05-19T00:23:26.725+08:00,1.945837378501892,-0.5569250583648682,0.059999942779541016,-0.6736595630645752,-4.161102294921875,46.93906784057617
1779121406925905048,1779121406920128248,2026-05-19T00:23:26.925+08:00,1.9404431581497192,-0.562493085861206,0.059999942779541016,-0.39749717712402344,-4.737184047698975,46.878543853759766
1779121407126285304,1779121407121307032,2026-05-19T00:23:27.126+08:00,1.9355016946792603,-0.5677779912948608,0.059999942779541016,-0.30893880128860474,-5.049808979034424,46.83015823364258
1779121407326769176,1779121407324679224,2026-05-19T00:23:27.326+08:00,1.932148814201355,-0.5729994773864746,0.06999993324279785,-0.42101341485977173,-5.158825874328613,46.819095611572266
1779121407559483384,1779121407531380120,2026-05-19T00:23:27.559+08:00,1.930100917816162,-0.5785121917724609,0.059999942779541016,-0.49427708983421326,-5.504335403442383,46.75975036621094
1779121407759521880,1779121407730575608,2026-05-19T00:23:27.759+08:00,1.927414059638977,-0.5824910402297974,0.059999942779541016,-0.4679795801639557,-5.816729545593262,46.699337005615234
1779121407994270360,1779121407981884088,2026-05-19T00:23:27.994+08:00,1.9214415550231934,-0.5835076570510864,0.059999942779541016,-0.49966463446617126,-5.7510247230529785,46.5707893371582
1779121408227902296,1779121408225782584,2026-05-19T00:23:28.227+08:00,1.916000247001648,-0.587455153465271,0.059999942779541016,-0.7444743514060974,-5.72658634185791,46.5975456237793
1779121408459719992,1779121408454954072,2026-05-19T00:23:28.459+08:00,1.9145148992538452,-0.5952423214912415,0.059999942779541016,-0.9269101619720459,-5.675877094268799,46.63313674926758
1779121408660022040,1779121408655004216,2026-05-19T00:23:28.660+08:00,1.9136226177215576,-0.5984854102134705,0.059999942779541016,-0.8175438642501831,-5.4697089195251465,46.67738723754883
1779121408892422776,1779121408890100856,2026-05-19T00:23:28.892+08:00,1.9117685556411743,-0.5992708206176758,0.059999942779541016,-0.413704514503479,-5.17896842956543,46.64362716674805
1779121409092850616,1779121409088295448,2026-05-19T00:23:29.092+08:00,1.9100197553634644,-0.6000800728797913,0.059999942779541016,-0.10543573647737503,-4.964394569396973,46.59207534790039
1779121409292995096,1779121409288955000,2026-05-19T00:23:29.292+08:00,1.9081337451934814,-0.6014516949653625,0.059999942779541016,-0.10627949982881546,-4.966477870941162,46.54661560058594
1779121409494086456,1779121409456314168,2026-05-19T00:23:29.494+08:00,1.9066146612167358,-0.6029372811317444,0.059999942779541016,-0.23948612809181213,-5.069578170776367,46.494728088378906
1779121409727412472,1779121409725514936,2026-05-19T00:23:29.727+08:00,1.906480312347412,-0.6040712594985962,0.04999995231628418,-0.5235275030136108,-4.974215507507324,46.49545669555664
1779121409959248248,1779121409952556600,2026-05-19T00:23:29.959+08:00,1.9069340229034424,-0.604297935962677,0.04999995231628418,-0.7525198459625244,-4.892791271209717,46.48566436767578
1779121410192793976,1779121410178693080,2026-05-19T00:23:30.192+08:00,1.9049664735794067,-0.6053553819656372,0.04999995231628418,-0.7975416779518127,-5.1843438148498535,46.45130920410156
1779121410426459160,1779121410389870712,2026-05-19T00:23:30.426+08:00,1.90291428565979,-0.606671154499054,0.04999995231628418,-0.7556695342063904,-5.420469760894775,46.302764892578125
1779121410659792024,1779121410629822936,2026-05-19T00:23:30.659+08:00,1.901979684829712,-0.6065025329589844,0.04999995231628418,-0.7641147375106812,-5.461418151855469,46.18415069580078
1779121410859886808,1779121410848935416,2026-05-19T00:23:30.859+08:00,1.9033641815185547,-0.605406641960144,0.04999995231628418,-0.8115588426589966,-5.431140899658203,46.168785095214844
1779121411093363832,1779121411087160408,2026-05-19T00:23:31.093+08:00,1.90487539768219,-0.6058998703956604,0.04999995231628418,-0.7926292419433594,-5.398619174957275,46.129661560058594
1779121411325777432,1779121411320225176,2026-05-19T00:23:31.325+08:00,1.9051140546798706,-0.6063743233680725,0.04999995231628418,-0.6848583817481995,-5.414867401123047,46.12896728515625
1779121411526453336,1779121411521714232,2026-05-19T00:23:31.526+08:00,1.9051859378814697,-0.6060705780982971,0.04999995231628418,-0.5947676301002502,-5.387413501739502,46.14773941040039
1779121411760588056,1779121411758074392,2026-05-19T00:23:31.760+08:00,1.9052895307540894,-0.6055282354354858,0.039999961853027344,-0.610227108001709,-5.277342319488525,46.11988067626953
1779121411992596664,1779121411978874136,2026-05-19T00:23:31.992+08:00,1.9055423736572266,-0.6047512888908386,0.039999961853027344,-0.7632993459701538,-5.219884872436523,46.13840103149414
1779121412194303320,1779121412192220792,2026-05-19T00:23:32.194+08:00,1.9061065912246704,-0.6042882204055786,0.039999961853027344,-0.8606377243995667,-5.242806434631348,46.1895866394043
1779121412426723096,1779121412389109336,2026-05-19T00:23:32.426+08:00,1.9060561656951904,-0.6032508015632629,0.039999961853027344,-0.9390146136283875,-5.224930763244629,46.20222473144531
1779121412660038968,1779121412630415608,2026-05-19T00:23:32.660+08:00,1.905059576034546,-0.6014004945755005,0.039999961853027344,-1.1408724784851074,-5.1076459884643555,46.21205520629883
1779121412892564440,1779121412881305560,2026-05-19T00:23:32.892+08:00,1.9061698913574219,-0.6019384264945984,0.039999961853027344,-1.334592342376709,-5.0992584228515625,46.249046325683594
1779121413092951320,1779121413087121208,2026-05-19T00:23:33.092+08:00,1.9076921939849854,-0.6043121218681335,0.039999961853027344,-1.3126118183135986,-5.180140495300293,46.3825798034668
1779121413326198328,1779121413324184568,2026-05-19T00:23:33.326+08:00,1.907623052597046,-0.6073395013809204,0.039999961853027344,-0.9974468946456909,-5.352720737457275,46.45287322998047
1779121413526500344,1779121413494886616,2026-05-19T00:23:33.526+08:00,1.9067256450653076,-0.6076058745384216,0.039999961853027344,-0.579629123210907,-5.448929786682129,46.45665740966797
1779121413759656632,1779121413727622200,2026-05-19T00:23:33.759+08:00,1.9062821865081787,-0.6054016351699829,0.039999961853027344,-0.2788684368133545,-5.35104513168335,46.426727294921875
1779121413993047256,1779121413981348760,2026-05-19T00:23:33.993+08:00,1.905889868736267,-0.6020029187202454,0.039999961853027344,-0.5201334357261658,-5.209022045135498,46.46565246582031
1779121414227549880,1779121414216344120,2026-05-19T00:23:34.227+08:00,1.9057068824768066,-0.6021100282669067,0.039999961853027344,-1.1024525165557861,-5.337601184844971,46.52406692504883
1779121414427738488,1779121414387284152,2026-05-19T00:23:34.427+08:00,1.9061522483825684,-0.6032304167747498,0.039999961853027344,-1.4479146003723145,-5.35822057723999,46.500389099121094
1779121414659915768,1779121414655454840,2026-05-19T00:23:34.659+08:00,1.907901406288147,-0.6042158603668213,0.039999961853027344,-1.574350118637085,-5.198958873748779,46.42830276489258
1779121414859918552,1779121414848763160,2026-05-19T00:23:34.859+08:00,1.9082411527633667,-0.6039851307868958,0.039999961853027344,-1.2884817123413086,-5.129044532775879,46.37661361694336
1779121415093017624,1779121415088191032,2026-05-19T00:23:35.093+08:00,1.9067045450210571,-0.6038076281547546,0.039999961853027344,-0.8804572224617004,-5.221437454223633,46.38029098510742
1779121415325896184,1779121415322134008,2026-05-19T00:23:35.325+08:00,1.9062530994415283,-0.6030723452568054,0.04999995231628418,-0.7534683346748352,-5.233180999755859,46.01845932006836
1779121415527485176,1779121415525458040,2026-05-19T00:23:35.527+08:00,1.9123194217681885,-0.6055623888969421,0.04999995231628418,-0.5107818245887756,-5.1302313804626465,42.121768951416016
1779121415759140920,1779121415725334264,2026-05-19T00:23:35.759+08:00,1.921603798866272,-0.6103637218475342,0.04999995231628418,0.36865198612213135,-5.102116584777832,34.7058219909668
1779121415959455608,1779121415955295192,2026-05-19T00:23:35.959+08:00,1.9272438287734985,-0.61290043592453,0.04999995231628418,1.9478683471679688,-5.152153015136719,24.096040725708008
1779121416159781848,1779121416157988472,2026-05-19T00:23:36.159+08:00,1.928932547569275,-0.6154078841209412,0.04999995231628418,2.9986066818237305,-5.040163993835449,15.09117317199707
1779121416360096728,1779121416330798936,2026-05-19T00:23:36.360+08:00,1.9288512468338013,-0.6179630160331726,0.04999995231628418,3.256997585296631,-4.902977466583252,8.109838485717773
1779121416593155480,1779121416566169528,2026-05-19T00:23:36.593+08:00,1.925994873046875,-0.618914008140564,0.039999961853027344,2.744267702102661,-4.707942962646484,-1.760167121887207
1779121416826143960,1779121416814865496,2026-05-19T00:23:36.826+08:00,1.920959711074829,-0.6143728494644165,0.029999971389770508,1.312456488609314,-4.421400547027588,-11.553858757019043
1779121417059343288,1779121417055777720,2026-05-19T00:23:37.059+08:00,1.9176445007324219,-0.6077243685722351,0.019999980926513672,-0.3546345829963684,-4.225943565368652,-19.754928588867188
1779121417292560088,1779121417288407640,2026-05-19T00:23:37.292+08:00,1.9152451753616333,-0.6056740880012512,0.019999980926513672,-1.7008521556854248,-4.259066104888916,-26.7177734375
1779121417525891416,1779121417521850648,2026-05-19T00:23:37.525+08:00,1.9124594926834106,-0.6067957878112793,0.019999980926513672,-2.284597396850586,-4.225279808044434,-33.71470260620117
1779121417760309144,1779121417757995576,2026-05-19T00:23:37.760+08:00,1.9104139804840088,-0.6085537075996399,0.019999980926513672,-2.26765775680542,-3.99308705329895,-40.08986282348633
1779121417993619416,1779121417992182328,2026-05-19T00:23:37.993+08:00,1.909134864807129,-0.6098752617835999,0.019999980926513672,-1.8566862344741821,-3.8333864212036133,-45.412288665771484
1779121418228194616,1779121418225604376,2026-05-19T00:23:38.228+08:00,1.90778386592865,-0.6106026768684387,0.019999980926513672,-1.1969295740127563,-3.4999871253967285,-50.67641067504883
1779121418460071672,1779121418458065080,2026-05-19T00:23:38.460+08:00,1.9069724082946777,-0.6062811613082886,0.019999980926513672,-0.8465381860733032,-3.2622437477111816,-55.30706024169922
1779121418692938648,1779121418691026232,2026-05-19T00:23:38.692+08:00,1.9061092138290405,-0.6002926826477051,0.019999980926513672,-0.9408223628997803,-3.356950283050537,-58.961212158203125
1779121418926221272,1779121418910346584,2026-05-19T00:23:38.926+08:00,1.9054162502288818,-0.594030499458313,0.019999980926513672,-1.5793416500091553,-3.3394956588745117,-62.29515075683594
1779121419158984376,1779121419155898168,2026-05-19T00:23:39.158+08:00,1.9036338329315186,-0.5913111567497253,0.019999980926513672,-2.6433322429656982,-3.229443311691284,-65.82556915283203
1779121419364815864,1779121419324937208,2026-05-19T00:23:39.364+08:00,1.9022493362426758,-0.5932759046554565,0.019999980926513672,-3.0849552154541016,-3.196157455444336,-67.80970764160156
1779121419593364088,1779121419591159960,2026-05-19T00:23:39.593+08:00,1.9012075662612915,-0.5956246852874756,0.029999971389770508,-3.0392448902130127,-3.1157567501068115,-70.75328826904297
1779121419826158968,1779121419819144984,2026-05-19T00:23:39.826+08:00,1.9017977714538574,-0.5958784222602844,0.029999971389770508,-2.561575412750244,-3.1108317375183105,-73.20388793945312
1779121420059379512,1779121420056783128,2026-05-19T00:23:40.059+08:00,1.900882601737976,-0.5961332321166992,0.029999971389770508,-2.067946434020996,-3.1007747650146484,-75.33177185058594
1779121420292599096,1779121420255176280,2026-05-19T00:23:40.292+08:00,1.9014906883239746,-0.5969843864440918,0.039999961853027344,-1.7838228940963745,-2.9856019020080566,-76.9232406616211
1779121420492857496,1779121420457937848,2026-05-19T00:23:40.492+08:00,1.9034099578857422,-0.5975900888442993,0.029999971389770508,-1.7842994928359985,-2.9157631397247314,-78.44709777832031
1779121420693006360,1779121420660414872,2026-05-19T00:23:40.693+08:00,1.9039846658706665,-0.5984669923782349,0.039999961853027344,-2.0068211555480957,-2.9487464427948,-79.74539184570312
1779121420925824600,1779121420915030168,2026-05-19T00:23:40.925+08:00,1.9039266109466553,-0.6008484959602356,0.029999971389770508,-2.3512072563171387,-2.7170140743255615,-81.20235443115234
1779121421127194968,1779121421118364504,2026-05-19T00:23:41.127+08:00,1.9038503170013428,-0.6028429269790649,0.029999971389770508,-2.469996452331543,-2.4617271423339844,-82.23308563232422
1779121421359345272,1779121421357814392,2026-05-19T00:23:41.359+08:00,1.9061906337738037,-0.6043916344642639,0.029999971389770508,-2.5642545223236084,-2.536635637283325,-83.304443359375
1779121421559884664,1779121421524730392,2026-05-19T00:23:41.559+08:00,1.9071530103683472,-0.604733407497406,0.039999961853027344,-2.702636957168579,-2.739617109298706,-83.9325180053711
1779121421760293176,1779121421758090008,2026-05-19T00:23:41.760+08:00,1.904824137687683,-0.6027539968490601,0.039999961853027344,-2.582667350769043,-2.8991177082061768,-84.73289489746094
1779121421992688024,1779121421981682648,2026-05-19T00:23:41.992+08:00,1.9029200077056885,-0.6029307246208191,0.039999961853027344,-2.2476260662078857,-2.8867571353912354,-85.38478088378906
1779121422225970168,1779121422219520376,2026-05-19T00:23:42.225+08:00,1.9009592533111572,-0.6045628786087036,0.039999961853027344,-1.7796484231948853,-2.9604876041412354,-86.03314208984375
1779121422427155608,1779121422387600664,2026-05-19T00:23:42.427+08:00,1.896149754524231,-0.6071552038192749,0.04999995231628418,-1.6800156831741333,-3.0413551330566406,-86.41283416748047
1779121422659918264,1779121422655028440,2026-05-19T00:23:42.659+08:00,1.8857427835464478,-0.6194755434989929,0.039999961853027344,-2.523228645324707,-3.053483009338379,-86.96188354492188
1779121422893338136,1779121422884997432,2026-05-19T00:23:42.893+08:00,1.8733184337615967,-0.6289421319961548,0.029999971389770508,-3.1703226566314697,-3.015270709991455,-87.36248779296875
1779121423094802008,1779121423092284344,2026-05-19T00:23:43.094+08:00,1.8663231134414673,-0.6352443099021912,0.039999961853027344,-3.2033369541168213,-3.1440229415893555,-87.69991302490234
1779121423328134616,1779121423296158968,2026-05-19T00:23:43.328+08:00,1.8620953559875488,-0.6415841579437256,0.039999961853027344,-2.7415573596954346,-3.4406044483184814,-88.17259216308594
1779121423559593880,1779121423528641080,2026-05-19T00:23:43.559+08:00,1.8591985702514648,-0.6502066254615784,0.04999995231628418,-2.2331223487854004,-3.712172269821167,-88.61921691894531
1779121423759861496,1779121423728558136,2026-05-19T00:23:43.759+08:00,1.8567488193511963,-0.6621782779693604,0.039999961853027344,-1.9559104442596436,-3.6788620948791504,-88.99091339111328
1779121423992679480,1779121423978840408,2026-05-19T00:23:43.992+08:00,1.852905035018921,-0.6827043294906616,0.039999961853027344,-1.7304646968841553,-3.016235113143921,-89.43086242675781
1779121424192956408,1779121424190044184,2026-05-19T00:23:44.192+08:00,1.8509033918380737,-0.6971257328987122,0.039999961853027344,-1.6496654748916626,-2.7368199825286865,-89.74793243408203
1779121424393117784,1779121424357127928,2026-05-19T00:23:44.393+08:00,1.8518871068954468,-0.7084938287734985,0.039999961853027344,-1.780518889427185,-2.904517412185669,-90.02509307861328
1779121424626731800,1779121424597366136,2026-05-19T00:23:44.626+08:00,1.8553563356399536,-0.7224347591400146,0.039999961853027344,-2.1915442943573,-3.034451961517334,-90.26847839355469
1779121424859248440,1779121424852469752,2026-05-19T00:23:44.859+08:00,1.8565846681594849,-0.7378636598587036,0.029999971389770508,-2.846842050552368,-2.779738187789917,-90.48632049560547
1779121425060004088,1779121425029857464,2026-05-19T00:23:45.060+08:00,1.8535912036895752,-0.7505910396575928,0.029999971389770508,-3.252652406692505,-2.7840588092803955,-90.62655639648438
1779121425292816664,1779121425264659192,2026-05-19T00:23:45.292+08:00,1.8495081663131714,-0.7675321102142334,0.029999971389770508,-3.0970866680145264,-3.2081587314605713,-90.7897720336914
1779121425526541624,1779121425498393880,2026-05-19T00:23:45.526+08:00,1.845425009727478,-0.7844731211662292,0.039999961853027344,-2.391645908355713,-3.3597118854522705,-91.01090240478516
1779121425726585016,1779121425704993336,2026-05-19T00:23:45.726+08:00,1.846764087677002,-0.8010433316230774,0.029999971389770508,-1.7500600814819336,-3.363198757171631,-91.17803955078125
1779121425959712344,1779121425955087256,2026-05-19T00:23:45.959+08:00,1.8544262647628784,-0.8256537914276123,0.029999971389770508,-1.5802358388900757,-3.7312750816345215,-91.32518768310547
1779121426160977848,1779121426155870680,2026-05-19T00:23:46.160+08:00,1.855947732925415,-0.8406293392181396,0.029999971389770508,-2.154139757156372,-3.9058287143707275,-91.34473419189453
1779121426393280024,1779121426365692664,2026-05-19T00:23:46.393+08:00,1.8540607690811157,-0.8562408685684204,0.029999971389770508,-2.932443380355835,-3.919156551361084,-91.42858123779297
1779121426626684728,1779121426598621656,2026-05-19T00:23:46.626+08:00,1.8518924713134766,-0.8779078125953674,0.029999971389770508,-3.321690797805786,-3.9453165531158447,-91.52777099609375
1779121426860184088,1779121426848364920,2026-05-19T00:23:46.860+08:00,1.8502072095870972,-0.9006420373916626,0.019999980926513672,-3.0305705070495605,-3.920844793319702,-91.61363983154297
1779121427092807960,1779121427057945464,2026-05-19T00:23:47.092+08:00,1.8537659645080566,-0.9210073947906494,0.029999971389770508,-2.6143622398376465,-3.816615343093872,-91.72644805908203
1779121427294944760,1779121427291935384,2026-05-19T00:23:47.294+08:00,1.8569934368133545,-0.9431483745574951,0.029999971389770508,-2.351680278778076,-3.7524428367614746,-91.75720977783203
1779121427526230040,1779121427490665112,2026-05-19T00:23:47.526+08:00,1.8554372787475586,-0.9640947580337524,0.029999971389770508,-2.3846163749694824,-3.667532444000244,-91.77545928955078
1779121427726656184,1779121427724970872,2026-05-19T00:23:47.726+08:00,1.851360559463501,-0.9857892394065857,0.019999980926513672,-2.533409833908081,-3.594705581665039,-91.90799713134766
1779121427962951992,1779121427943021912,2026-05-19T00:23:47.962+08:00,1.8514963388442993,-1.0046306848526,0.029999971389770508,-2.4295763969421387,-3.5337142944335938,-91.9846420288086
1779121428192822808,1779121428178548376,2026-05-19T00:23:48.192+08:00,1.8536274433135986,-1.0285463333129883,0.029999971389770508,-2.3112809658050537,-3.3513832092285156,-92.07331085205078
1779121428425941144,1779121428418835064,2026-05-19T00:23:48.425+08:00,1.8551908731460571,-1.0512175559997559,0.029999971389770508,-2.5486581325531006,-3.2215161323547363,-91.97008514404297
1779121428659319352,1779121428651351352,2026-05-19T00:23:48.659+08:00,1.8595740795135498,-1.0703647136688232,0.029999971389770508,-2.315140962600708,-3.441671133041382,-91.64197540283203
1779121428859420120,1779121428844325752,2026-05-19T00:23:48.859+08:00,1.8705002069473267,-1.0885547399520874,0.029999971389770508,-1.7185039520263672,-3.77321457862854,-91.40670013427734
1779121429059456696,1779121429050635352,2026-05-19T00:23:49.059+08:00,1.8802170753479004,-1.1082329750061035,0.029999971389770508,-1.4987192153930664,-3.9134533405303955,-91.19482421875
1779121429293789464,1779121429289621784,2026-05-19T00:23:49.293+08:00,1.8873823881149292,-1.136326789855957,0.029999971389770508,-1.8327113389968872,-3.8380985260009766,-90.98482513427734
1779121429526375448,1779121429489877016,2026-05-19T00:23:49.526+08:00,1.8918161392211914,-1.1586076021194458,0.029999971389770508,-2.4903836250305176,-3.951371908187866,-90.82381439208984
1779121429726515096,1779121429694601336,2026-05-19T00:23:49.726+08:00,1.8953226804733276,-1.1787258386611938,0.029999971389770508,-3.167739152908325,-4.290258407592773,-90.6399154663086
1779121429959703224,1779121429940689464,2026-05-19T00:23:49.959+08:00,1.8947083950042725,-1.2015039920806885,0.019999980926513672,-3.500051736831665,-4.36691427230835,-90.50669860839844
1779121430159851704,1779121430140528856,2026-05-19T00:23:50.159+08:00,1.8945523500442505,-1.2206300497055054,0.019999980926513672,-3.3488006591796875,-4.1186418533325195,-90.5771713256836
1779121430392948408,1779121430376079768,2026-05-19T00:23:50.392+08:00,1.897877812385559,-1.242626428604126,0.029999971389770508,-2.8586854934692383,-3.8366870880126953,-90.75223541259766
1779121430626712760,1779121430617758680,2026-05-19T00:23:50.626+08:00,1.8989452123641968,-1.2660223245620728,0.029999971389770508,-2.5149030685424805,-3.5744824409484863,-90.78128814697266
1779121430859446584,1779121430841730072,2026-05-19T00:23:50.859+08:00,1.8986332416534424,-1.288811206817627,0.029999971389770508,-2.300598382949829,-3.2512691020965576,-90.8548355102539
1779121431092738680,1779121431076871416,2026-05-19T00:23:51.092+08:00,1.8993984460830688,-1.3098537921905518,0.029999971389770508,-2.322105646133423,-3.1203525066375732,-90.8650131225586
1779121431326541048,1779121431319594584,2026-05-19T00:23:51.326+08:00,1.898226261138916,-1.3308539390563965,0.029999971389770508,-2.663832902908325,-3.3068177700042725,-90.91549682617188
1779121431527302424,1779121431521511160,2026-05-19T00:23:51.527+08:00,1.8946882486343384,-1.3498330116271973,0.029999971389770508,-2.664745330810547,-3.3082497119903564,-91.0687026977539
1779121431759057176,1779121431721942776,2026-05-19T00:23:51.759+08:00,1.892286777496338,-1.370882511138916,0.039999961853027344,-2.5314788818359375,-3.108628988265991,-91.32392883300781
1779121431959907160,1779121431948406456,2026-05-19T00:23:51.959+08:00,1.8902275562286377,-1.3941220045089722,0.039999961853027344,-2.3398425579071045,-2.950437068939209,-91.57581329345703
1779121432192798680,1779121432177446392,2026-05-19T00:23:52.192+08:00,1.898615837097168,-1.4089343547821045,0.039999961853027344,-2.1207809448242188,-2.9984872341156006,-91.63455200195312
1779121432392865048,1779121432384538776,2026-05-19T00:23:52.392+08:00,1.902129888534546,-1.4200270175933838,0.039999961853027344,-2.4399497509002686,-3.129944086074829,-91.25419616699219
1779121432593436312,1779121432554942200,2026-05-19T00:23:52.593+08:00,1.9021363258361816,-1.431378722190857,0.029999971389770508,-2.8939526081085205,-3.314180850982666,-90.90794372558594
1779121432826075224,1779121432816073240,2026-05-19T00:23:52.826+08:00,1.9020675420761108,-1.448777437210083,0.039999961853027344,-3.2695422172546387,-3.45523738861084,-90.5262222290039
1779121433026701880,1779121433020708984,2026-05-19T00:23:53.026+08:00,1.901415228843689,-1.4620023965835571,0.039999961853027344,-3.2206387519836426,-3.4155712127685547,-90.2994155883789
1779121433259846968,1779121433257499960,2026-05-19T00:23:53.259+08:00,1.9013786315917969,-1.4753484725952148,0.039999961853027344,-2.826007127761841,-3.581655263900757,-90.09957885742188
1779121433492440984,1779121433454737944,2026-05-19T00:23:53.492+08:00,1.9024394750595093,-1.4832063913345337,0.039999961853027344,-2.3810322284698486,-3.783568859100342,-89.88579559326172
1779121433693107064,1779121433657196184,2026-05-19T00:23:53.693+08:00,1.9045424461364746,-1.4900403022766113,0.039999961853027344,-2.1064512729644775,-3.847844362258911,-89.59984588623047
1779121433925888952,1779121433911302616,2026-05-19T00:23:53.925+08:00,1.9078158140182495,-1.4992605447769165,0.04999995231628418,-2.2006819248199463,-3.80495285987854,-89.154052734375
1779121434126041912,1779121434114631608,2026-05-19T00:23:54.126+08:00,1.9086410999298096,-1.506807565689087,0.04999995231628418,-2.506897211074829,-3.7516744136810303,-88.69831085205078
1779121434326248472,1779121434315653080,2026-05-19T00:23:54.326+08:00,1.9074225425720215,-1.5122654438018799,0.039999961853027344,-2.823329448699951,-3.725538730621338,-88.3887710571289
1779121434560152728,1779121434555703096,2026-05-19T00:23:54.560+08:00,1.9059115648269653,-1.5166715383529663,0.04999995231628418,-2.9605929851531982,-3.6861791610717773,-88.14988708496094
1779121434793317016,1779121434759891448,2026-05-19T00:23:54.793+08:00,1.906058669090271,-1.517946720123291,0.059999942779541016,-2.7732012271881104,-3.682185173034668,-88.01596069335938
1779121435026775384,1779121435011651416,2026-05-19T00:23:55.026+08:00,1.9071499109268188,-1.5183433294296265,0.04999995231628418,-2.36055326461792,-3.6996538639068604,-87.86441040039062
1779121435259620056,1779121435252153432,2026-05-19T00:23:55.259+08:00,1.9086905717849731,-1.5202765464782715,0.059999942779541016,-2.089076280593872,-3.5940473079681396,-87.67696380615234
1779121435460011192,1779121435458591832,2026-05-19T00:23:55.460+08:00,1.9096721410751343,-1.5240492820739746,0.059999942779541016,-2.1495158672332764,-3.5451853275299072,-87.44779968261719
1779121435692608280,1779121435659956024,2026-05-19T00:23:55.692+08:00,1.9088858366012573,-1.5275412797927856,0.059999942779541016,-2.268984794616699,-3.4512131214141846,-87.24368286132812
1779121435893624056,1779121435888408696,2026-05-19T00:23:55.893+08:00,1.907294750213623,-1.5291728973388672,0.059999942779541016,-2.3328943252563477,-3.4040515422821045,-87.1377944946289
1779121436099517528,1779121436090699448,2026-05-19T00:23:56.099+08:00,1.9068323373794556,-1.5279362201690674,0.06999993324279785,-2.309422731399536,-3.586379051208496,-87.12287139892578
1779121436327201752,1779121436294691448,2026-05-19T00:23:56.327+08:00,1.9069732427597046,-1.5258411169052124,0.06999993324279785,-2.229234218597412,-3.6877660751342773,-87.12430572509766
1779121436559875832,1779121436533785816,2026-05-19T00:23:56.559+08:00,1.9070967435836792,-1.5244308710098267,0.059999942779541016,-2.128840208053589,-3.564335346221924,-87.11370849609375
1779121436760429016,1779121436737027384,2026-05-19T00:23:56.760+08:00,1.9074294567108154,-1.5232415199279785,0.06999993324279785,-2.0817196369171143,-3.5256540775299072,-87.0823974609375
1779121436992914872,1779121436960311576,2026-05-19T00:23:56.992+08:00,1.9077718257904053,-1.5208637714385986,0.06999993324279785,-2.0804402828216553,-3.6108150482177734,-87.02519989013672
1779121437193054616,1779121437167627000,2026-05-19T00:23:57.193+08:00,1.9078975915908813,-1.518526315689087,0.059999942779541016,-2.1367030143737793,-3.626897096633911,-86.9828109741211
1779121437393189784,1779121437368266232,2026-05-19T00:23:57.393+08:00,1.9074846506118774,-1.5168111324310303,0.06999993324279785,-2.216046094894409,-3.494560480117798,-86.97681427001953
1779121437593480472,1779121437569417304,2026-05-19T00:23:57.593+08:00,1.9067336320877075,-1.514204978942871,0.059999942779541016,-2.2565648555755615,-3.489014148712158,-86.971923828125
1779121437793594424,1779121437768600376,2026-05-19T00:23:57.793+08:00,1.9060851335525513,-1.5098282098770142,0.06999993324279785,-2.2326691150665283,-3.7375102043151855,-86.99785614013672
1779121438026477432,1779121438019544728,2026-05-19T00:23:58.026+08:00,1.9059730768203735,-1.5048737525939941,0.059999942779541016,-2.1133663654327393,-3.8236961364746094,-87.07776641845703
1779121438227443544,1779121438222513528,2026-05-19T00:23:58.227+08:00,1.906894326210022,-1.5029066801071167,0.06999993324279785,-2.053384304046631,-3.6321861743927,-87.09986877441406
1779121438460172472,1779121438429243736,2026-05-19T00:23:58.460+08:00,1.9080913066864014,-1.500321626663208,0.059999942779541016,-2.0477659702301025,-3.5401699542999268,-87.03518676757812
1779121438692767864,1779121438660076376,2026-05-19T00:23:58.692+08:00,1.9092860221862793,-1.4941297769546509,0.059999942779541016,-2.2834365367889404,-3.710127592086792,-86.8864517211914
1779121438926082168,1779121438919216248,2026-05-19T00:23:58.926+08:00,1.9075766801834106,-1.4869993925094604,0.059999942779541016,-2.473449468612671,-3.969919443130493,-86.77859497070312
1779121439126255256,1779121439122616056,2026-05-19T00:23:59.126+08:00,1.9058071374893188,-1.483720064163208,0.06999993324279785,-2.413721799850464,-3.8903110027313232,-86.81561279296875
1779121439359627768,1779121439325740888,2026-05-19T00:23:59.359+08:00,1.905739665031433,-1.4802926778793335,0.06999993324279785,-2.2148401737213135,-3.729424476623535,-86.88892364501953
1779121439559816760,1779121439527807928,2026-05-19T00:23:59.559+08:00,1.9066828489303589,-1.4752296209335327,0.059999942779541016,-1.952738881111145,-3.751699924468994,-86.9250717163086
1779121439759836280,1779121439728207768,2026-05-19T00:23:59.759+08:00,1.9075084924697876,-1.469292163848877,0.06999993324279785,-1.8792294263839722,-3.875896692276001,-86.91976165771484
1779121439960649048,1779121439944892888,2026-05-19T00:23:59.960+08:00,1.9076040983200073,-1.4639722108840942,0.06999993324279785,-2.0457680225372314,-3.8685200214385986,-86.9034194946289
1779121440192972888,1779121440176887896,2026-05-19T00:24:00.192+08:00,1.9053971767425537,-1.4608508348464966,0.06999993324279785,-2.2846057415008545,-3.6995701789855957,-86.9411392211914
1779121440393093528,1779121440376963416,2026-05-19T00:24:00.393+08:00,1.902978777885437,-1.4583070278167725,0.06999993324279785,-2.359084129333496,-3.6814889907836914,-87.0974349975586
1779121440593128312,1779121440578604696,2026-05-19T00:24:00.593+08:00,1.9027862548828125,-1.4539650678634644,0.06999993324279785,-2.2685508728027344,-3.778552770614624,-87.30303955078125
1779121440825846424,1779121440823166744,2026-05-19T00:24:00.825+08:00,1.9045131206512451,-1.4481964111328125,0.06999993324279785,-2.1501801013946533,-3.8108749389648438,-87.42498779296875
1779121441026207640,1779121441024385848,2026-05-19T00:24:01.026+08:00,1.905438780784607,-1.4446276426315308,0.059999942779541016,-2.101789712905884,-3.670363187789917,-87.3726806640625
1779121441226292120,1779121441190568664,2026-05-19T00:24:01.226+08:00,1.9051076173782349,-1.4424625635147095,0.06999993324279785,-2.077932596206665,-3.569108724594116,-87.3441162109375
1779121441426734520,1779121441399471064,2026-05-19T00:24:01.426+08:00,1.9037376642227173,-1.439039945602417,0.059999942779541016,-2.1106019020080566,-3.6295065879821777,-87.41498565673828
1779121441659776216,1779121441628355064,2026-05-19T00:24:01.659+08:00,1.9023118019104004,-1.4352691173553467,0.06999993324279785,-2.132030725479126,-3.7268824577331543,-87.59119415283203
1779121441893196248,1779121441882956632,2026-05-19T00:24:01.893+08:00,1.900838851928711,-1.4314624071121216,0.059999942779541016,-2.007622241973877,-3.597717523574829,-87.8504638671875
1779121442126104280,1779121442120867032,2026-05-19T00:24:02.126+08:00,1.9006019830703735,-1.4281023740768433,0.059999942779541016,-1.9274810552597046,-3.633732795715332,-88.09073638916016
1779121442326197592,1779121442321098904,2026-05-19T00:24:02.326+08:00,1.902328372001648,-1.4246203899383545,0.04999995231628418,-1.9622095823287964,-3.7560055255889893,-88.18074798583984
1779121442559875224,1779121442554571224,2026-05-19T00:24:02.559+08:00,1.9020875692367554,-1.421575903892517,0.059999942779541016,-2.072782516479492,-3.850627899169922,-88.17727661132812
1779121442793109560,1779121442754689464,2026-05-19T00:24:02.793+08:00,1.9004114866256714,-1.4207568168640137,0.04999995231628418,-2.1706125736236572,-3.888570547103882,-88.205810546875
1779121443026771480,1779121443018775160,2026-05-19T00:24:03.026+08:00,1.8996046781539917,-1.421288013458252,0.059999942779541016,-2.0564768314361572,-3.835594415664673,-88.4170150756836
1779121443259866936,1779121443246016120,2026-05-19T00:24:03.259+08:00,1.9013257026672363,-1.4212454557418823,0.04999995231628418,-1.8871750831604004,-3.7404754161834717,-88.54879760742188
1779121443492971992,1779121443453898968,2026-05-19T00:24:03.492+08:00,1.9028420448303223,-1.4205886125564575,0.04999995231628418,-1.8965356349945068,-3.6591076850891113,-88.69044494628906
1779121443726291832,1779121443721177432,2026-05-19T00:24:03.726+08:00,1.8984549045562744,-1.4218388795852661,0.04999995231628418,-2.3937294483184814,-3.7212090492248535,-88.65190887451172
1779121443959921368,1779121443950599896,2026-05-19T00:24:03.959+08:00,1.89151930809021,-1.4275671243667603,0.04999995231628418,-2.6961774826049805,-3.872107982635498,-88.7450180053711
1779121444161062040,1779121444122438072,2026-05-19T00:24:04.161+08:00,1.888100266456604,-1.43247389793396,0.04999995231628418,-2.6277287006378174,-3.910587787628174,-89.01195526123047
1779121444393054104,1779121444357299928,2026-05-19T00:24:04.393+08:00,1.8858442306518555,-1.4398308992385864,0.04999995231628418,-2.259955406188965,-4.044309139251709,-89.39028930664062
1779121444593208888,1779121444559742488,2026-05-19T00:24:04.593+08:00,1.8849292993545532,-1.4474562406539917,0.04999995231628418,-1.8921871185302734,-4.22084903717041,-89.66876220703125
1779121444793388952,1779121444767537624,2026-05-19T00:24:04.793+08:00,1.8830252885818481,-1.457348108291626,0.04999995231628418,-1.6564668416976929,-4.251021862030029,-89.93746948242188
1779121444993537304,1779121444981799512,2026-05-19T00:24:04.993+08:00,1.880868911743164,-1.4679186344146729,0.04999995231628418,-1.4584407806396484,-4.283863544464111,-90.29051208496094
1779121445225965688,1779121445220589080,2026-05-19T00:24:05.225+08:00,1.8800864219665527,-1.479184627532959,0.039999961853027344,-1.4620425701141357,-4.245996952056885,-90.72406768798828
1779121445426312856,1779121445424449784,2026-05-19T00:24:05.426+08:00,1.8809814453125,-1.48871910572052,0.04999995231628418,-1.7075400352478027,-3.9916086196899414,-91.0223388671875
1779121445659808376,1779121445630193592,2026-05-19T00:24:05.659+08:00,1.8809754848480225,-1.49872887134552,0.04999995231628418,-1.9847908020019531,-3.839587450027466,-91.24349975585938
1779121445892542840,1779121445882583640,2026-05-19T00:24:05.892+08:00,1.8793010711669922,-1.5118374824523926,0.04999995231628418,-2.1873891353607178,-3.7596848011016846,-91.633056640625
1779121446126500824,1779121446117011736,2026-05-19T00:24:06.126+08:00,1.878339171409607,-1.5244001150131226,0.039999961853027344,-2.1006181240081787,-3.5234181880950928,-92.05780792236328
1779121446359755160,1779121446354167768,2026-05-19T00:24:06.359+08:00,1.879393219947815,-1.5360676050186157,0.039999961853027344,-1.816637396812439,-3.4598019123077393,-92.38609313964844
1779121446560311064,1779121446558831800,2026-05-19T00:24:06.560+08:00,1.8808660507202148,-1.5452444553375244,0.04999995231628418,-1.6740694046020508,-3.5898854732513428,-92.50437927246094
1779121446797978776,1779121446765836504,2026-05-19T00:24:06.797+08:00,1.8816747665405273,-1.5565446615219116,0.039999961853027344,-1.748563528060913,-3.6587226390838623,-92.56505584716797
1779121447026574296,1779121447018676728,2026-05-19T00:24:07.026+08:00,1.881465196609497,-1.5746010541915894,0.039999961853027344,-1.891194462776184,-3.531355381011963,-92.64073944091797
1779121447226760184,1779121447224685432,2026-05-19T00:24:07.226+08:00,1.8802869319915771,-1.5877639055252075,0.039999961853027344,-1.957464575767517,-3.4948673248291016,-92.71910858154297
1779121447427013368,1779121447424983096,2026-05-19T00:24:07.427+08:00,1.88047456741333,-1.5993413925170898,0.039999961853027344,-1.9676449298858643,-3.623832941055298,-92.8414535522461
1779121447659992248,1779121447629072696,2026-05-19T00:24:07.659+08:00,1.8817687034606934,-1.6109544038772583,0.039999961853027344,-1.9329087734222412,-3.7016820907592773,-92.91732025146484
1779121447892722840,1779121447882560440,2026-05-19T00:24:07.892+08:00,1.882222056388855,-1.6272042989730835,0.039999961853027344,-1.9214626550674438,-3.5865232944488525,-92.94721221923828
1779121448125793720,1779121448109943576,2026-05-19T00:24:08.125+08:00,1.8817028999328613,-1.640982985496521,0.039999961853027344,-1.9482501745224,-3.677809238433838,-92.9734115600586
1779121448326401560,1779121448309959704,2026-05-19T00:24:08.326+08:00,1.8812733888626099,-1.6520627737045288,0.039999961853027344,-1.8594331741333008,-3.916930675506592,-93.00343322753906
1779121448526930936,1779121448525078136,2026-05-19T00:24:08.526+08:00,1.881029725074768,-1.6642343997955322,0.039999961853027344,-1.667026162147522,-3.906980037689209,-93.08506774902344
1779121448759986680,1779121448731375384,2026-05-19T00:24:08.759+08:00,1.8808082342147827,-1.6752997636795044,0.04999995231628418,-1.6237694025039673,-3.7039833068847656,-93.1868667602539
1779121448992406648,1779121448989740568,2026-05-19T00:24:08.992+08:00,1.880520224571228,-1.6896843910217285,0.039999961853027344,-1.6527904272079468,-3.593341588973999,-93.28913879394531
1779121449193115320,1779121449191610072,2026-05-19T00:24:09.193+08:00,1.880295991897583,-1.702577829360962,0.039999961853027344,-1.6253846883773804,-3.4847428798675537,-93.37725067138672
1779121449426219384,1779121449396244504,2026-05-19T00:24:09.426+08:00,1.880624771118164,-1.7179865837097168,0.039999961853027344,-1.650815725326538,-3.2463440895080566,-93.47953796386719
1779121449626514296,1779121449597955960,2026-05-19T00:24:09.626+08:00,1.8814951181411743,-1.7313660383224487,0.04999995231628418,-1.749646544456482,-3.2187345027923584,-93.53931427001953
1779121449859456088,1779121449848765848,2026-05-19T00:24:09.859+08:00,1.8823988437652588,-1.7475566864013672,0.039999961853027344,-1.9147961139678955,-3.302283763885498,-93.52334594726562
1779121450060578360,1779121450058402744,2026-05-19T00:24:10.060+08:00,1.8807915449142456,-1.7638936042785645,0.029999971389770508,-1.9266520738601685,-3.1673481464385986,-93.58692169189453
1779121450292903992,1779121450257439832,2026-05-19T00:24:10.292+08:00,1.8788106441497803,-1.7793153524398804,0.039999961853027344,-1.855125904083252,-3.1518924236297607,-93.72235107421875
1779121450526184760,1779121450490402744,2026-05-19T00:24:10.526+08:00,1.8800517320632935,-1.794753074645996,0.039999961853027344,-1.6746224164962769,-3.225080966949463,-93.90086364746094
1779121450759107544,1779121450732366680,2026-05-19T00:24:10.759+08:00,1.8834046125411987,-1.811457633972168,0.039999961853027344,-1.5492208003997803,-3.152043342590332,-93.9091567993164
1779121450959431672,1779121450948828664,2026-05-19T00:24:10.959+08:00,1.8845419883728027,-1.8286432027816772,0.039999961853027344,-1.7094945907592773,-3.170172929763794,-93.76002502441406
1779121451159433688,1779121451120277336,2026-05-19T00:24:11.159+08:00,1.8851919174194336,-1.8438493013381958,0.04999995231628418,-1.928156852722168,-3.2695090770721436,-93.59666442871094
1779121451392530456,1779121451390250296,2026-05-19T00:24:11.392+08:00,1.8839328289031982,-1.8636386394500732,0.039999961853027344,-2.0887320041656494,-3.3223626613616943,-93.53274536132812
1779121451592950296,1779121451587892504,2026-05-19T00:24:11.592+08:00,1.8831828832626343,-1.8777023553848267,0.04999995231628418,-1.826140284538269,-3.3877224922180176,-93.69599151611328
1779121451793189176,1779121451757401176,2026-05-19T00:24:11.793+08:00,1.8838242292404175,-1.8894567489624023,0.04999995231628418,-1.4421883821487427,-3.433570623397827,-93.82869720458984
1779121452026254424,1779121452015422104,2026-05-19T00:24:12.026+08:00,1.884749412536621,-1.9064350128173828,0.04999995231628418,-0.9748842120170593,-3.3738110065460205,-94.02490234375
1779121452259633080,1779121452248299864,2026-05-19T00:24:12.259+08:00,1.8868664503097534,-1.9207919836044312,0.04999995231628418,-0.770173966884613,-3.298189163208008,-94.1187744140625
1779121452493058488,1779121452491282904,2026-05-19T00:24:12.493+08:00,1.8975844383239746,-1.9355072975158691,0.039999961853027344,-0.9653255939483643,-3.334994316101074,-93.989013671875
1779121452693125400,1779121452662923704,2026-05-19T00:24:12.693+08:00,1.9024778604507446,-1.9465972185134888,0.039999961853027344,-1.5358823537826538,-3.359894037246704,-93.56566619873047
1779121452925757016,1779121452918021848,2026-05-19T00:24:12.925+08:00,1.901624083518982,-1.9672245979309082,0.039999961853027344,-2.4564270973205566,-3.3741021156311035,-92.93185424804688
1779121453159407672,1779121453121876312,2026-05-19T00:24:13.159+08:00,1.8993457555770874,-1.9843782186508179,0.039999961853027344,-2.8033711910247803,-3.4930226802825928,-92.67144775390625
1779121453392795768,1779121453357383672,2026-05-19T00:24:13.392+08:00,1.9008625745773315,-2.0037200450897217,0.039999961853027344,-2.584515333175659,-3.473144292831421,-92.67649841308594
1779121453593629336,1779121453564484824,2026-05-19T00:24:13.593+08:00,1.9034929275512695,-2.019010305404663,0.039999961853027344,-2.3110339641571045,-3.3726375102996826,-92.432373046875
1779121453826569336,1779121453816399544,2026-05-19T00:24:13.826+08:00,1.904096245765686,-2.039782762527466,0.039999961853027344,-1.9677085876464844,-3.432478666305542,-92.00446319580078
1779121454059151288,1779121454054407928,2026-05-19T00:24:14.059+08:00,1.9001719951629639,-2.0568156242370605,0.029999971389770508,-1.7946397066116333,-3.453458786010742,-91.78421783447266
1779121454259575064,1779121454231228568,2026-05-19T00:24:14.259+08:00,1.897557258605957,-2.068171262741089,0.039999961853027344,-1.6941921710968018,-3.2916512489318848,-91.8006362915039
1779121454492757144,1779121454469533240,2026-05-19T00:24:14.492+08:00,1.8950272798538208,-2.085543155670166,0.039999961853027344,-1.5675629377365112,-3.1162290573120117,-92.0011215209961
1779121454693032248,1779121454667266552,2026-05-19T00:24:14.693+08:00,1.8987994194030762,-2.099921703338623,0.039999961853027344,-1.5285756587982178,-3.099147319793701,-92.20035552978516
1779121454926151224,1779121454918288152,2026-05-19T00:24:14.926+08:00,1.9015878438949585,-2.117297649383545,0.039999961853027344,-1.9612047672271729,-3.0841517448425293,-92.17665100097656
1779121455126215800,1779121455117977848,2026-05-19T00:24:15.126+08:00,1.9012765884399414,-2.134096145629883,0.039999961853027344,-2.389493703842163,-3.084078073501587,-92.1291732788086
1779121455360323768,1779121455320109816,2026-05-19T00:24:15.360+08:00,1.9019877910614014,-2.1509904861450195,0.039999961853027344,-2.636136531829834,-2.9764270782470703,-92.03085327148438
1779121455597922104,1779121455561190424,2026-05-19T00:24:15.597+08:00,1.900555968284607,-2.1720266342163086,0.039999961853027344,-2.6753063201904297,-2.7517709732055664,-91.78399658203125
1779121455825849432,1779121455814834488,2026-05-19T00:24:15.825+08:00,1.8969565629959106,-2.193490982055664,0.029999971389770508,-2.369546413421631,-2.9164156913757324,-91.74528503417969
1779121456025904280,1779121456016064664,2026-05-19T00:24:16.025+08:00,1.894486427307129,-2.2085816860198975,0.039999961853027344,-1.9044729471206665,-3.080199718475342,-91.60247039794922
1779121456226228376,1779121456218153080,2026-05-19T00:24:16.226+08:00,1.8920164108276367,-2.22367262840271,0.04999995231628418,-1.423653244972229,-2.998028039932251,-91.40059661865234
1779121456426570072,1779121456421004248,2026-05-19T00:24:16.426+08:00,1.8918819427490234,-2.238780975341797,0.04999995231628418,-1.1543914079666138,-2.824589252471924,-91.19977569580078
1779121456659212088,1779121456653089880,2026-05-19T00:24:16.659+08:00,1.9003820419311523,-2.252514362335205,0.04999995231628418,-1.1743696928024292,-2.658857822418213,-90.94571685791016
1779121456859813944,1779121456845116440,2026-05-19T00:24:16.859+08:00,1.9027960300445557,-2.263188362121582,0.039999961853027344,-1.8318580389022827,-2.6095659732818604,-90.65816497802734
1779121457092568472,1779121457086808408,2026-05-19T00:24:17.092+08:00,1.8990216255187988,-2.2714991569519043,0.039999961853027344,-2.7754886150360107,-2.543468713760376,-90.49112701416016
1779121457293090712,1779121457287556056,2026-05-19T00:24:17.293+08:00,1.898314118385315,-2.2762434482574463,0.039999961853027344,-2.8988277912139893,-2.459580898284912,-90.40372467041016
1779121457493296472,1779121457461006744,2026-05-19T00:24:17.493+08:00,1.8994865417480469,-2.279376983642578,0.039999961853027344,-2.655972480773926,-2.4212024211883545,-90.40372467041016
1779121457693527256,1779121457667227224,2026-05-19T00:24:17.693+08:00,1.8997628688812256,-2.2820425033569336,0.039999961853027344,-2.3549230098724365,-2.4018495082855225,-90.30534362792969
1779121457925963992,1779121457918286232,2026-05-19T00:24:17.925+08:00,1.8977094888687134,-2.284297227859497,0.039999961853027344,-1.8967230319976807,-2.425034999847412,-90.17549133300781
1779121458126925688,1779121458125297144,2026-05-19T00:24:18.126+08:00,1.8988375663757324,-2.2853381633758545,0.039999961853027344,-1.615394949913025,-2.3789989948272705,-90.12157440185547
1779121458359346808,1779121458327795064,2026-05-19T00:24:18.359+08:00,1.9011746644973755,-2.2845683097839355,0.04999995231628418,-1.6866917610168457,-2.4012904167175293,-90.03031158447266
1779121458559779704,1779121458528797560,2026-05-19T00:24:18.559+08:00,1.9006315469741821,-2.2805824279785156,0.039999961853027344,-2.0435545444488525,-2.7364373207092285,-89.93331909179688
1779121458793104984,1779121458769604856,2026-05-19T00:24:18.793+08:00,1.8972421884536743,-2.275461196899414,0.039999961853027344,-2.324110746383667,-3.0034656524658203,-89.8589096069336
1779121459026466104,1779121459022078872,2026-05-19T00:24:19.026+08:00,1.897247552871704,-2.273249387741089,0.04999995231628418,-2.298017978668213,-2.6877589225769043,-89.82638549804688
1779121459227319992,1779121459225932664,2026-05-19T00:24:19.227+08:00,1.8985687494277954,-2.2713303565979004,0.04999995231628418,-2.2276625633239746,-2.5847878456115723,-89.76927185058594
1779121459460176376,1779121459428235288,2026-05-19T00:24:19.460+08:00,1.8983608484268188,-2.266392707824707,0.039999961853027344,-2.15427565574646,-2.7082362174987793,-89.69593048095703
1779121459692545976,1779121459670100312,2026-05-19T00:24:19.692+08:00,1.898398756980896,-2.257892370223999,0.059999942779541016,-2.04715895652771,-2.792904853820801,-89.64859771728516
1779121459893366680,1779121459886918968,2026-05-19T00:24:19.893+08:00,1.9001336097717285,-2.2513086795806885,0.04999995231628418,-2.0607316493988037,-2.892244815826416,-89.6538314819336
1779121460125971000,1779121460088858904,2026-05-19T00:24:20.125+08:00,1.9005649089813232,-2.2476134300231934,0.04999995231628418,-2.110341787338257,-2.940446138381958,-89.65497589111328
1779121460359754104,1779121460328618040,2026-05-19T00:24:20.359+08:00,1.898541808128357,-2.2435660362243652,0.04999995231628418,-2.100619077682495,-2.865121603012085,-89.6522445678711
1779121460593265816,1779121460571103896,2026-05-19T00:24:20.593+08:00,1.8993319272994995,-2.2396035194396973,0.059999942779541016,-2.0272018909454346,-2.9802846908569336,-89.65841674804688
1779121460826471224,1779121460822906936,2026-05-19T00:24:20.826+08:00,1.9010721445083618,-2.2362396717071533,0.059999942779541016,-1.94269597530365,-2.9600729942321777,-89.63213348388672
1779121461059741336,1779121461031233464,2026-05-19T00:24:21.059+08:00,1.8989500999450684,-2.2336456775665283,0.04999995231628418,-1.9768593311309814,-2.8265345096588135,-89.63003540039062
1779121461259862008,1779121461232253176,2026-05-19T00:24:21.259+08:00,1.8977538347244263,-2.231161594390869,0.059999942779541016,-1.8850938081741333,-2.8715903759002686,-89.66304779052734
1779121461492460984,1779121461460094872,2026-05-19T00:24:21.492+08:00,1.8997435569763184,-2.226546287536621,0.059999942779541016,-1.7006748914718628,-3.0385499000549316,-89.71013641357422
1779121461693025912,1779121461663272024,2026-05-19T00:24:21.693+08:00,1.8999850749969482,-2.2233877182006836,0.04999995231628418,-1.6692745685577393,-3.037874221801758,-89.74637603759766
1779121461893728632,1779121461880217432,2026-05-19T00:24:21.893+08:00,1.8991882801055908,-2.2216720581054688,0.059999942779541016,-1.7451199293136597,-2.997023582458496,-89.78084564208984
1779121462126620504,1779121462124165688,2026-05-19T00:24:22.126+08:00,1.9002217054367065,-2.221001148223877,0.059999942779541016,-1.8095136880874634,-2.977252721786499,-89.84815979003906
1779121462359713272,1779121462318285976,2026-05-19T00:24:22.359+08:00,1.9010413885116577,-2.220646858215332,0.06999993324279785,-1.9025846719741821,-2.893502712249756,-89.89859771728516
1779121462560051544,1779121462534296184,2026-05-19T00:24:22.560+08:00,1.8996667861938477,-2.2208540439605713,0.059999942779541016,-2.0547094345092773,-2.8243086338043213,-89.89803314208984
1779121462794747256,1779121462768183512,2026-05-19T00:24:22.794+08:00,1.898018717765808,-2.2202117443084717,0.06999993324279785,-1.961953043937683,-2.8808906078338623,-89.89002990722656
1779121463025917400,1779121462994273176,2026-05-19T00:24:23.025+08:00,1.8984605073928833,-2.219886541366577,0.059999942779541016,-1.738279104232788,-2.8512163162231445,-89.88963317871094
1779121463226852824,1779121463196294520,2026-05-19T00:24:23.226+08:00,1.8990124464035034,-2.2202184200286865,0.059999942779541016,-1.573359727859497,-2.705279588699341,-89.87731170654297
1779121463459811608,1779121463436365496,2026-05-19T00:24:23.459+08:00,1.898619294166565,-2.2197389602661133,0.06999993324279785,-1.5600090026855469,-2.7887139320373535,-89.8766860961914
1779121463659892824,1779121463633919960,2026-05-19T00:24:23.659+08:00,1.898390293121338,-2.2191524505615234,0.06999993324279785,-1.6276171207427979,-2.9653704166412354,-89.88389587402344
1779121463893637144,1779121463889247512,2026-05-19T00:24:23.893+08:00,1.8998141288757324,-2.2200968265533447,0.059999942779541016,-1.6782212257385254,-2.9387550354003906,-89.8623275756836
1779121464126615608,1779121464097154584,2026-05-19T00:24:24.126+08:00,1.900530457496643,-2.2232773303985596,0.059999942779541016,-1.8856146335601807,-2.7610654830932617,-89.799560546875
1779121464359985464,1779121464328364152,2026-05-19T00:24:24.359+08:00,1.8986674547195435,-2.225531816482544,0.06999993324279785,-2.0212981700897217,-2.680540084838867,-89.86128997802734
1779121464593518136,1779121464566345912,2026-05-19T00:24:24.593+08:00,1.8973557949066162,-2.2266616821289062,0.06999993324279785,-1.891012191772461,-2.632049560546875,-89.9837417602539
1779121464826164984,1779121464822764568,2026-05-19T00:24:24.826+08:00,1.8996038436889648,-2.226118803024292,0.059999942779541016,-1.6887706518173218,-2.6242284774780273,-90.00111389160156
1779121465026198040,1779121465018647160,2026-05-19T00:24:25.026+08:00,1.9000110626220703,-2.2245616912841797,0.06999993324279785,-1.699851632118225,-2.7115938663482666,-89.90763854980469
1779121465226682840,1779121465219198136,2026-05-19T00:24:25.226+08:00,1.8982905149459839,-2.224421977996826,0.059999942779541016,-1.76697838306427,-2.7536823749542236,-89.83979797363281
1779121465459482200,1779121465455822616,2026-05-19T00:24:25.459+08:00,1.897004246711731,-2.2266249656677246,0.059999942779541016,-1.703003168106079,-2.586026668548584,-89.8135757446289
1779121465692964952,1779121465685896728,2026-05-19T00:24:25.692+08:00,1.898840308189392,-2.229236602783203,0.059999942779541016,-1.6049491167068481,-2.4582223892211914,-89.7921371459961
1779121465926558328,1779121465921943288,2026-05-19T00:24:25.926+08:00,1.90071702003479,-2.229790687561035,0.059999942779541016,-1.7187925577163696,-2.425985336303711,-89.8042984008789
1779121466160069336,1779121466119220664,2026-05-19T00:24:26.160+08:00,1.90047025680542,-2.2273967266082764,0.059999942779541016,-1.9065967798233032,-2.475574016571045,-89.79662322998047
1779121466393249304,1779121466366963608,2026-05-19T00:24:26.393+08:00,1.899754524230957,-2.2230379581451416,0.059999942779541016,-2.0938591957092285,-2.73508882522583,-89.82559204101562
1779121466593533528,1779121466570024216,2026-05-19T00:24:26.593+08:00,1.8997786045074463,-2.2213151454925537,0.04999995231628418,-2.109513998031616,-2.8222765922546387,-89.84841918945312
1779121466826394392,1779121466772932888,2026-05-19T00:24:26.826+08:00,1.8990846872329712,-2.221771717071533,0.04999995231628418,-2.0441081523895264,-2.698953151702881,-89.91747283935547
1779121467028108504,1779121466999951832,2026-05-19T00:24:27.028+08:00,1.8976620435714722,-2.224191665649414,0.059999942779541016,-1.9864990711212158,-2.591003656387329,-89.91082000732422
1779121467259776888,1779121467237737400,2026-05-19T00:24:27.259+08:00,1.8975027799606323,-2.224961042404175,0.04999995231628418,-1.8398271799087524,-2.7144198417663574,-89.88004302978516
1779121467460018552,1779121467434967320,2026-05-19T00:24:27.460+08:00,1.8973878622055054,-2.224849224090576,0.04999995231628418,-1.7301573753356934,-2.758795738220215,-89.86604309082031
1779121467694182264,1779121467672306328,2026-05-19T00:24:27.694+08:00,1.8970531225204468,-2.224954605102539,0.04999995231628418,-1.732433557510376,-2.6788086891174316,-89.85790252685547
1779121467926693240,1779121467925132184,2026-05-19T00:24:27.926+08:00,1.8983618021011353,-2.22395658493042,0.04999995231628418,-1.7883187532424927,-2.748032808303833,-89.84722900390625
1779121468160190456,1779121468128755352,2026-05-19T00:24:28.160+08:00,1.8998428583145142,-2.22308087348938,0.059999942779541016,-1.9744322299957275,-2.8085412979125977,-89.88811492919922
1779121468392711160,1779121468367605784,2026-05-19T00:24:28.392+08:00,1.9004892110824585,-2.224384069442749,0.04999995231628418,-2.3498058319091797,-2.7153589725494385,-89.8813247680664
1779121468592846712,1779121468569024568,2026-05-19T00:24:28.592+08:00,1.8987623453140259,-2.2261571884155273,0.04999995231628418,-2.5427486896514893,-2.6315994262695312,-89.90473937988281
1779121468793086424,1779121468769691576,2026-05-19T00:24:28.793+08:00,1.8956676721572876,-2.2267870903015137,0.04999995231628418,-2.410619020462036,-2.611618995666504,-89.92340087890625
1779121469026003416,1779121469024240568,2026-05-19T00:24:29.026+08:00,1.8957399129867554,-2.224740743637085,0.04999995231628418,-1.7783797979354858,-2.7183029651641846,-89.86829376220703
1779121469259248120,1779121469253145304,2026-05-19T00:24:29.259+08:00,1.8991036415100098,-2.2230753898620605,0.04999995231628418,-1.399827241897583,-2.766425609588623,-89.73875427246094
1779121469460706520,1779121469453998552,2026-05-19T00:24:29.460+08:00,1.901231050491333,-2.223411798477173,0.04999995231628418,-1.5158696174621582,-2.7413299083709717,-89.59779357910156
1779121469661065400,1779121469626442328,2026-05-19T00:24:29.661+08:00,1.9004316329956055,-2.2234604358673096,0.04999995231628418,-1.7958863973617554,-2.7591404914855957,-89.53942108154297
1779121469893933464,1779121469892087640,2026-05-19T00:24:29.893+08:00,1.8983938694000244,-2.2231926918029785,0.04999995231628418,-2.2271082401275635,-2.8762309551239014,-89.45867919921875
1779121470126279128,1779121470117856216,2026-05-19T00:24:30.126+08:00,1.8984347581863403,-2.2249388694763184,0.04999995231628418,-2.3474862575531006,-2.8731558322906494,-89.46527099609375
1779121470359604440,1779121470354882520,2026-05-19T00:24:30.359+08:00,1.8979028463363647,-2.2279610633850098,0.04999995231628418,-2.241337776184082,-2.640183210372925,-89.4601821899414
1779121470559666648,1779121470554979224,2026-05-19T00:24:30.559+08:00,1.8972585201263428,-2.2281510829925537,0.04999995231628418,-2.018528461456299,-2.62042236328125,-89.47086334228516
1779121470793231576,1779121470753947128,2026-05-19T00:24:30.793+08:00,1.8995475769042969,-2.2254621982574463,0.04999995231628418,-1.8645634651184082,-2.787713050842285,-89.46989440917969
1779121471026008024,1779121471015155192,2026-05-19T00:24:31.026+08:00,1.9020471572875977,-2.2218244075775146,0.04999995231628418,-2.0730366706848145,-2.7912611961364746,-89.40936279296875
1779121471226604760,1779121471218187576,2026-05-19T00:24:31.226+08:00,1.9003291130065918,-2.2209267616271973,0.04999995231628418,-2.343097686767578,-2.697972297668457,-89.40811920166016
1779121471459788248,1779121471421848696,2026-05-19T00:24:31.459+08:00,1.8976503610610962,-2.220559597015381,0.04999995231628418,-2.465644121170044,-2.7519943714141846,-89.3423843383789
1779121471692565176,1779121471690011768,2026-05-19T00:24:31.692+08:00,1.8966829776763916,-2.2202088832855225,0.04999995231628418,-2.1254796981811523,-2.873143196105957,-89.32914733886719
1779121471892771448,1779121471883345304,2026-05-19T00:24:31.892+08:00,1.89825439453125,-2.2219104766845703,0.04999995231628418,-1.868739366531372,-2.701077461242676,-89.3406753540039
1779121472092834136,1779121472090934904,2026-05-19T00:24:32.092+08:00,1.8994777202606201,-2.223548650741577,0.04999995231628418,-1.836093544960022,-2.5241880416870117,-89.38133239746094
1779121472325768632,1779121472319813720,2026-05-19T00:24:32.325+08:00,1.9007134437561035,-2.225106954574585,0.04999995231628418,-2.051413059234619,-2.715808391571045,-89.39444732666016
1779121472526640440,1779121472519736632,2026-05-19T00:24:32.526+08:00,1.898443341255188,-2.221813678741455,0.04999995231628418,-2.3344826698303223,-2.913400173187256,-89.3928451538086
1779121472759640920,1779121472757762264,2026-05-19T00:24:32.759+08:00,1.8971776962280273,-2.2201313972473145,0.04999995231628418,-2.3447723388671875,-2.897059202194214,-89.44136810302734
1779121472961382488,1779121472921940504,2026-05-19T00:24:32.961+08:00,1.8979700803756714,-2.219951868057251,0.059999942779541016,-2.176219940185547,-2.8695743083953857,-89.4601821899414
1779121473194744376,1779121473190281400,2026-05-19T00:24:33.194+08:00,1.8998496532440186,-2.220823287963867,0.059999942779541016,-2.0264272689819336,-2.8102645874023438,-89.4707260131836
1779121473425737336,1779121473423894520,2026-05-19T00:24:33.425+08:00,1.900127649307251,-2.2219388484954834,0.04999995231628418,-2.1428382396698,-2.6957573890686035,-89.4604263305664
1779121473659110904,1779121473656375192,2026-05-19T00:24:33.659+08:00,1.8994094133377075,-2.222136974334717,0.04999995231628418,-2.228865623474121,-2.6532628536224365,-89.51731872558594
1779121473859423960,1779121473840741752,2026-05-19T00:24:33.859+08:00,1.898640513420105,-2.221611499786377,0.04999995231628418,-2.278165102005005,-2.662067413330078,-89.57154846191406
1779121474059742776,1779121474039746968,2026-05-19T00:24:34.059+08:00,1.898604393005371,-2.2205872535705566,0.04999995231628418,-2.248063325881958,-2.802382707595825,-89.62419891357422
1779121474292579352,1779121474277954712,2026-05-19T00:24:34.292+08:00,1.8992668390274048,-2.220057487487793,0.04999995231628418,-2.1722893714904785,-2.9814066886901855,-89.67747497558594
1779121474492715704,1779121474477969880,2026-05-19T00:24:34.492+08:00,1.8995661735534668,-2.220607042312622,0.04999995231628418,-2.2176127433776855,-2.8883395195007324,-89.71212005615234
1779121474727591992,1779121474718532088,2026-05-19T00:24:34.727+08:00,1.8985909223556519,-2.2220003604888916,0.04999995231628418,-2.30247163772583,-2.7679879665374756,-89.70038604736328
1779121474959654968,1779121474942143736,2026-05-19T00:24:34.959+08:00,1.8969979286193848,-2.22251296043396,0.04999995231628418,-2.2517447471618652,-2.8899033069610596,-89.7677993774414
1779121475194249240,1779121475177709528,2026-05-19T00:24:35.194+08:00,1.8986738920211792,-2.2205564975738525,0.059999942779541016,-2.100733995437622,-2.901718854904175,-89.76813507080078
1779121475427573688,1779121475421191960,2026-05-19T00:24:35.427+08:00,1.9017341136932373,-2.21951961517334,0.04999995231628418,-2.2385551929473877,-2.736487865447998,-89.75065612792969
1779121475659953656,1779121475654623864,2026-05-19T00:24:35.659+08:00,1.9001789093017578,-2.217862367630005,0.04999995231628418,-2.705178737640381,-2.7215702533721924,-89.78473663330078
1779121475892360632,1779121475878155320,2026-05-19T00:24:35.892+08:00,1.8978946208953857,-2.2167532444000244,0.04999995231628418,-3.1821346282958984,-2.756831645965576,-89.80960083007812
1779121476093087096,1779121476081777080,2026-05-19T00:24:36.093+08:00,1.8961608409881592,-2.217681646347046,0.04999995231628418,-3.378690719604492,-2.487675905227661,-89.89877319335938
1779121476325871096,1779121476323350008,2026-05-19T00:24:36.325+08:00,1.8949766159057617,-2.218632221221924,0.059999942779541016,-3.1941206455230713,-2.171308994293213,-90.00984191894531
1779121476526174968,1779121476519961848,2026-05-19T00:24:36.526+08:00,1.8947511911392212,-2.216665506362915,0.04999995231628418,-2.997922420501709,-2.2758400440216064,-90.10980987548828
1779121476726191832,1779121476690145048,2026-05-19T00:24:36.726+08:00,1.8955178260803223,-2.2144792079925537,0.04999995231628418,-2.9779772758483887,-2.3010950088500977,-90.2369384765625
1779121476926514168,1779121476916096056,2026-05-19T00:24:36.926+08:00,1.8958873748779297,-2.2118663787841797,0.04999995231628418,-3.385124683380127,-1.9590390920639038,-90.49549865722656
1779121477159367160,1779121477123973560,2026-05-19T00:24:37.159+08:00,1.8938854932785034,-2.210001230239868,0.059999942779541016,-4.0250959396362305,-1.60605788230896,-90.66331481933594
1779121477359776088,1779121477327014392,2026-05-19T00:24:37.359+08:00,1.8913042545318604,-2.206756353378296,0.04999995231628418,-4.527089595794678,-1.3834859132766724,-90.72779083251953
1779121477559866616,1779121477529580408,2026-05-19T00:24:37.559+08:00,1.8904203176498413,-2.203033208847046,0.04999995231628418,-4.557767868041992,-1.2716646194458008,-90.9159927368164
1779121477759975768,1779121477731609464,2026-05-19T00:24:37.759+08:00,1.891926646232605,-2.2002508640289307,0.04999995231628418,-4.356316089630127,-1.1412439346313477,-91.16136169433594
1779121477993359224,1779121477981385272,2026-05-19T00:24:37.993+08:00,1.8926427364349365,-2.196981191635132,0.04999995231628418,-4.235267162322998,-0.9567700028419495,-91.48823547363281
1779121478194036696,1779121478189154008,2026-05-19T00:24:38.194+08:00,1.8896983861923218,-2.193192720413208,0.04999995231628418,-4.330336570739746,-1.0375266075134277,-91.68704986572266
1779121478426254808,1779121478389716888,2026-05-19T00:24:38.426+08:00,1.886479139328003,-2.1893022060394287,0.04999995231628418,-4.4948930740356445,-1.2188172340393066,-91.88194274902344
1779121478659896984,1779121478631786200,2026-05-19T00:24:38.659+08:00,1.8869311809539795,-2.18666410446167,0.039999961853027344,-4.773080825805664,-1.2312238216400146,-92.1043930053711
1779121478893035672,1779121478882611768,2026-05-19T00:24:38.893+08:00,1.888822078704834,-2.186016798019409,0.039999961853027344,-5.410927772521973,-1.1693187952041626,-92.36038970947266
1779121479125796888,1779121479122834552,2026-05-19T00:24:39.125+08:00,1.8877073526382446,-2.183819532394409,0.029999971389770508,-6.123181343078613,-1.2134523391723633,-92.5897445678711
1779121479325975416,1779121479317711416,2026-05-19T00:24:39.325+08:00,1.8862202167510986,-2.181077480316162,0.029999971389770508,-6.364804267883301,-1.4291325807571411,-92.7502670288086
1779121479559056504,1779121479557210680,2026-05-19T00:24:39.559+08:00,1.886323094367981,-2.180251121520996,0.039999961853027344,-6.151656150817871,-1.2685694694519043,-92.9417953491211
1779121479760760440,1779121479757869016,2026-05-19T00:24:39.760+08:00,1.8871524333953857,-2.1803174018859863,0.039999961853027344,-5.700361251831055,-0.9224382042884827,-93.0892333984375
1779121479997585560,1779121479991203992,2026-05-19T00:24:39.997+08:00,1.8873822689056396,-2.17921781539917,0.04999995231628418,-5.074533462524414,-1.163002610206604,-93.1332778930664
1779121480226469368,1779121480190834776,2026-05-19T00:24:40.226+08:00,1.8873347043991089,-2.177224636077881,0.039999961853027344,-4.397585391998291,-1.5690327882766724,-93.08855438232422
1779121480426798584,1779121480395134808,2026-05-19T00:24:40.426+08:00,1.888082504272461,-2.1771862506866455,0.039999961853027344,-3.922173261642456,-1.7266777753829956,-93.11112976074219
1779121480660139256,1779121480631916216,2026-05-19T00:24:40.660+08:00,1.8892096281051636,-2.180049419403076,0.029999971389770508,-4.0957512855529785,-1.835536241531372,-93.12801361083984
1779121480892443384,1779121480886800792,2026-05-19T00:24:40.892+08:00,1.8903729915618896,-2.1830079555511475,0.029999971389770508,-4.84539270401001,-2.0581607818603516,-93.1044692993164
1779121481092567128,1779121481089856632,2026-05-19T00:24:41.092+08:00,1.8905853033065796,-2.184577226638794,0.029999971389770508,-5.490454196929932,-2.2025105953216553,-93.11710357666016
1779121481292696536,1779121481258594648,2026-05-19T00:24:41.292+08:00,1.890138864517212,-2.1860997676849365,0.019999980926513672,-5.928738117218018,-2.170771598815918,-93.157958984375
1779121481526925432,1779121481498027192,2026-05-19T00:24:41.526+08:00,1.8891531229019165,-2.18790340423584,0.029999971389770508,-6.0484514236450195,-1.952683687210083,-93.23540496826172
1779121481760721464,1779121481726691928,2026-05-19T00:24:41.760+08:00,1.888537049293518,-2.1894450187683105,0.029999971389770508,-5.805556774139404,-1.7761125564575195,-93.32568359375
1779121481992588088,1779121481978863704,2026-05-19T00:24:41.992+08:00,1.8889784812927246,-2.1901087760925293,0.039999961853027344,-5.30718469619751,-1.5293490886688232,-93.42074584960938
1779121482193183096,1779121482183787640,2026-05-19T00:24:42.193+08:00,1.889857292175293,-2.1908457279205322,0.029999971389770508,-5.068767070770264,-1.3210437297821045,-93.4773941040039
1779121482425727384,1779121482423649208,2026-05-19T00:24:42.425+08:00,1.8907403945922852,-2.1917316913604736,0.039999961853027344,-5.113252639770508,-1.066884994506836,-93.53177642822266
1779121482625849176,1779121482589916056,2026-05-19T00:24:42.625+08:00,1.8895426988601685,-2.191436290740967,0.039999961853027344,-5.246615409851074,-0.9479590654373169,-93.56604766845703
1779121482826037400,1779121482816297432,2026-05-19T00:24:42.826+08:00,1.888275384902954,-2.190525531768799,0.039999961853027344,-5.329216957092285,-1.0549311637878418,-93.57080841064453
1779121483059873976,1779121483048768472,2026-05-19T00:24:43.059+08:00,1.8893873691558838,-2.190812826156616,0.039999961853027344,-5.3433685302734375,-1.2590965032577515,-93.54605102539062
1779121483292404984,1779121483289144184,2026-05-19T00:24:43.292+08:00,1.8901598453521729,-2.192539930343628,0.039999961853027344,-5.315969467163086,-1.358566403388977,-93.5054702758789
1779121483492718200,1779121483490687096,2026-05-19T00:24:43.492+08:00,1.8900740146636963,-2.1950573921203613,0.039999961853027344,-5.13709020614624,-1.5183345079421997,-93.44164276123047
1779121483693283576,1779121483662563192,2026-05-19T00:24:43.693+08:00,1.8903053998947144,-2.196695327758789,0.039999961853027344,-4.883477687835693,-1.6812645196914673,-93.37865447998047
1779121483925654840,1779121483915123864,2026-05-19T00:24:43.925+08:00,1.8914755582809448,-2.196817636489868,0.039999961853027344,-4.316722393035889,-2.0484228134155273,-93.23960876464844
1779121484125948536,1779121484119877912,2026-05-19T00:24:44.125+08:00,1.8912516832351685,-2.195829153060913,0.039999961853027344,-4.096954822540283,-2.392467737197876,-93.15984344482422
1779121484359211736,1779121484323428632,2026-05-19T00:24:44.359+08:00,1.8902298212051392,-2.194852590560913,0.039999961853027344,-4.026438236236572,-2.586557388305664,-93.06114959716797
1779121484560458008,1779121484559074488,2026-05-19T00:24:44.560+08:00,1.8909327983856201,-2.1955158710479736,0.039999961853027344,-4.160765647888184,-2.7310385704040527,-92.991943359375
1779121484792849784,1779121484759187000,2026-05-19T00:24:44.792+08:00,1.8918918371200562,-2.197420597076416,0.039999961853027344,-4.753551959991455,-2.715571165084839,-93.01824188232422
1779121484992949592,1779121484982831128,2026-05-19T00:24:44.992+08:00,1.8924596309661865,-2.1997125148773193,0.039999961853027344,-5.339322090148926,-2.404214382171631,-93.01737976074219
1779121485193700888,1779121485188670456,2026-05-19T00:24:45.193+08:00,1.892223834991455,-2.2009682655334473,0.039999961853027344,-5.697917938232422,-2.070263147354126,-93.1052017211914
1779121485426411832,1779121485386734488,2026-05-19T00:24:45.426+08:00,1.8906196355819702,-2.1999781131744385,0.04999995231628418,-5.935104846954346,-1.842750906944275,-93.23865509033203
1779121485626774232,1779121485595315384,2026-05-19T00:24:45.626+08:00,1.8895996809005737,-2.19807767868042,0.04999995231628418,-5.58059549331665,-1.6075011491775513,-93.26763916015625
1779121485859698424,1779121485844466488,2026-05-19T00:24:45.859+08:00,1.8902384042739868,-2.197328805923462,0.04999995231628418,-4.6809163093566895,-1.4119459390640259,-93.2103042602539
1779121486092253208,1779121486088886680,2026-05-19T00:24:46.092+08:00,1.8906434774398804,-2.1970174312591553,0.04999995231628418,-4.138045787811279,-1.5222810506820679,-93.12821197509766
1779121486292606104,1779121486258124984,2026-05-19T00:24:46.292+08:00,1.8900444507598877,-2.1972877979278564,0.04999995231628418,-3.872248649597168,-1.731967806816101,-93.03450012207031
1779121486493037560,1779121486462151288,2026-05-19T00:24:46.493+08:00,1.8903615474700928,-2.1982407569885254,0.04999995231628418,-3.946901559829712,-1.9124243259429932,-93.0054702758789
1779121486693106392,1779121486664192056,2026-05-19T00:24:46.693+08:00,1.8910460472106934,-2.1995797157287598,0.04999995231628418,-4.475070953369141,-2.1060731410980225,-93.0704116821289
1779121486926795192,1779121486824690648,2026-05-19T00:24:46.926+08:00,1.8909872770309448,-2.1998515129089355,0.04999995231628418,-5.206329822540283,-2.1901752948760986,-93.14640808105469
1779121487165745528,1779121486824690648,2026-05-19T00:24:47.165+08:00,1.8909872770309448,-2.1998515129089355,0.04999995231628418,-5.206329822540283,-2.1901752948760986,-93.14640808105469
1779121487393324440,1779121486824690648,2026-05-19T00:24:47.393+08:00,1.8909872770309448,-2.1998515129089355,0.04999995231628418,-5.206329822540283,-2.1901752948760986,-93.14640808105469
1779121487626574904,1779121486824690648,2026-05-19T00:24:47.626+08:00,1.8909872770309448,-2.1998515129089355,0.04999995231628418,-5.206329822540283,-2.1901752948760986,-93.14640808105469
1779121487858968504,1779121487856680952,2026-05-19T00:24:47.858+08:00,1.8938794136047363,-2.1983754634857178,0.059999942779541016,-2.1854820251464844,-2.620795488357544,-92.65983581542969
1779121488058996184,1779121488042990872,2026-05-19T00:24:48.058+08:00,1.8951358795166016,-2.2005865573883057,0.06999993324279785,-1.735522985458374,-2.8636324405670166,-92.5904541015625
1779121488259323992,1779121488255268632,2026-05-19T00:24:48.259+08:00,1.8929173946380615,-2.2012906074523926,0.059999942779541016,-2.687265634536743,-3.089073896408081,-93.02005767822266
1779121488492804760,1779121488487369496,2026-05-19T00:24:48.492+08:00,1.8871591091156006,-2.1995949745178223,0.04999995231628418,-4.53263521194458,-3.04630708694458,-94.0754165649414
1779121488694064376,1779121488690732568,2026-05-19T00:24:48.694+08:00,1.8817579746246338,-2.197309970855713,0.04999995231628418,-5.6353278160095215,-2.974275588989258,-95.30966186523438
1779121488926726904,1779121488919719640,2026-05-19T00:24:48.926+08:00,1.876009225845337,-2.193614959716797,0.059999942779541016,-5.922078609466553,-2.907670259475708,-93.28897857666016
1779121489159130872,1779121489153863864,2026-05-19T00:24:49.159+08:00,1.8684182167053223,-2.1877834796905518,0.06999993324279785,-8.23310661315918,-2.0306124687194824,-77.73918151855469
1779121489359952504,1779121489321344760,2026-05-19T00:24:49.359+08:00,1.8618035316467285,-2.1828300952911377,0.06999993324279785,-12.28956127166748,1.3966856002807617,-47.953243255615234
1779121489593540472,1779121489591545688,2026-05-19T00:24:49.593+08:00,1.8505789041519165,-2.176671266555786,0.06999993324279785,-5.542896270751953,18.097536087036133,69.4753646850586
1779121489825832984,1779121489814431000,2026-05-19T00:24:49.825+08:00,1.8412251472473145,-2.174537420272827,0.07999992370605469,6.426682472229004,5.01561164855957,-174.7464599609375
1779121490059746200,1779121490044383064,2026-05-19T00:24:50.059+08:00,1.8332912921905518,-2.1704957485198975,0.09000003337860107,1.6377651691436768,-1.3179502487182617,-132.4535369873047
1779121490260361816,1779121490254855992,2026-05-19T00:24:50.260+08:00,1.8250445127487183,-2.163485288619995,0.09000003337860107,-1.248826265335083,-2.769338846206665,-119.30455017089844
1779121490492982776,1779121490455688312,2026-05-19T00:24:50.492+08:00,1.8168412446975708,-2.157198667526245,0.10000002384185791,-3.040543556213379,-3.174440622329712,-116.71575164794922
1779121490726580024,1779121490696214872,2026-05-19T00:24:50.726+08:00,1.8066294193267822,-2.15041446685791,0.10000002384185791,-5.055929183959961,-3.3944740295410156,-118.01517486572266
1779121490959830232,1779121490952664824,2026-05-19T00:24:50.959+08:00,1.7964264154434204,-2.1436212062835693,0.09000003337860107,-6.920878887176514,-3.4133520126342773,-121.80167388916016
1779121491192576600,1779121491187005784,2026-05-19T00:24:51.192+08:00,1.780824899673462,-2.1319894790649414,0.09000003337860107,-8.787219047546387,-3.002122402191162,-128.06533813476562
1779121491426259000,1779121491419432408,2026-05-19T00:24:51.426+08:00,1.7604846954345703,-2.1168136596679688,0.09000003337860107,-10.134645462036133,-2.593092679977417,-136.1693572998047
1779121491660361944,1779121491658305720,2026-05-19T00:24:51.660+08:00,1.7373223304748535,-2.0998075008392334,0.11000001430511475,-9.391992568969727,-2.4337470531463623,-144.47874450683594
1779121491892842360,1779121491886463928,2026-05-19T00:24:51.892+08:00,1.7171999216079712,-2.0828475952148438,0.12000000476837158,-6.769937992095947,-2.404778003692627,-151.47731018066406
1779121492126145208,1779121492124405528,2026-05-19T00:24:52.126+08:00,1.696044921875,-2.0629148483276367,0.13999998569488525,-3.2515060901641846,-2.474407911300659,-158.4373779296875
1779121492327745432,1779121492324734168,2026-05-19T00:24:52.327+08:00,1.6819300651550293,-2.0477089881896973,0.1499999761581421,-1.0880217552185059,-2.525164842605591,-164.19178771972656
1779121492566272952,1779121492529551128,2026-05-19T00:24:52.566+08:00,1.6692674160003662,-2.032348155975342,0.13999998569488525,-0.32562869787216187,-2.559551239013672,-169.8050079345703
1779121492793149144,1779121492769878040,2026-05-19T00:24:52.793+08:00,1.652870535850525,-2.0187103748321533,0.1499999761581421,-1.1884129047393799,-2.6759402751922607,-175.98004150390625
1779121530190476056,1779121530186124984,2026-05-19T00:25:30.190+08:00,-0.2585844099521637,0.000753620348405093,0.0,1.619505763053894,-5.191561698913574,4.074556350708008
1779121530423285112,1779121530406685112,2026-05-19T00:25:30.423+08:00,-0.2587744891643524,0.002371781272813678,-0.009999990463256836,1.4604594707489014,-5.292910099029541,4.107395648956299
1779121530623454136,1779121530605842488,2026-05-19T00:25:30.623+08:00,-0.2590080499649048,0.0030758637003600597,-0.009999990463256836,1.4111307859420776,-5.163944721221924,4.039496898651123
1779121530856905880,1779121530846788056,2026-05-19T00:25:30.856+08:00,-0.2587064802646637,0.002957708667963743,-0.009999990463256836,1.3933414220809937,-5.32243537902832,4.0458760261535645
1779121531090568024,1779121531083083736,2026-05-19T00:25:31.090+08:00,-0.25874942541122437,0.0030986135825514793,0.0,1.2360888719558716,-5.5486860275268555,4.126916408538818
1779121531323377880,1779121531313688760,2026-05-19T00:25:31.323+08:00,-0.25961410999298096,0.0031347968615591526,0.009999990463256836,1.31259024143219,-5.391584396362305,4.188135623931885
1779121531523689176,1779121531516973048,2026-05-19T00:25:31.523+08:00,-0.2602386176586151,0.002503165742382407,0.0,1.7024801969528198,-5.321742057800293,4.353740215301514
1779121531756395064,1779121531748346488,2026-05-19T00:25:31.756+08:00,-0.2602255642414093,0.0033924602903425694,0.0,1.9255852699279785,-5.324117660522461,4.693432807922363
1779121531956850456,1779121531948831384,2026-05-19T00:25:31.956+08:00,-0.260432630777359,0.00525553897023201,0.009999990463256836,1.913849949836731,-5.425614833831787,4.779035568237305
1779121532190282104,1779121532186776952,2026-05-19T00:25:32.190+08:00,-0.2615586519241333,0.005169824697077274,0.0,2.109238862991333,-5.736569881439209,4.599920749664307
1779121532423077848,1779121532416792792,2026-05-19T00:25:32.423+08:00,-0.2625962197780609,0.0029647203627973795,0.009999990463256836,2.1388139724731445,-6.010546684265137,4.457374572753906
1779121532623225496,1779121532615846584,2026-05-19T00:25:32.623+08:00,-0.2630029320716858,0.0019404382910579443,0.0,1.836234211921692,-6.184421539306641,4.443249702453613
1779121532827378968,1779121532822750872,2026-05-19T00:25:32.827+08:00,-0.26302245259284973,0.002741706557571888,0.0,1.8734333515167236,-6.28231954574585,4.416939735412598
1779121533056351224,1779121533025026616,2026-05-19T00:25:33.056+08:00,-0.26339206099510193,0.003421128261834383,0.0,2.1927146911621094,-6.204586982727051,4.46372652053833
1779121533258048312,1779121533226580216,2026-05-19T00:25:33.258+08:00,-0.2641301453113556,0.0031963500659912825,-0.009999990463256836,2.3864004611968994,-6.140861511230469,4.506865978240967
1779121533489763384,1779121533462498616,2026-05-19T00:25:33.489+08:00,-0.26487448811531067,0.0016993071185424924,0.009999990463256836,2.471738338470459,-6.331416606903076,4.472189426422119
1779121533690063320,1779121533667509752,2026-05-19T00:25:33.690+08:00,-0.26475077867507935,0.002475661225616932,0.0,2.4037535190582275,-6.594839096069336,4.52338171005249
1779121533925738136,1779121533898605976,2026-05-19T00:25:33.925+08:00,-0.26386138796806335,0.0052469889633357525,0.0,2.111888885498047,-6.595849514007568,4.6339006423950195
1779121534156769720,1779121534136437656,2026-05-19T00:25:34.156+08:00,-0.2645219564437866,0.006276316940784454,0.0,2.116304874420166,-6.208107948303223,4.512583255767822
1779121534389922040,1779121534373207992,2026-05-19T00:25:34.389+08:00,-0.2648536264896393,0.005124189890921116,-0.009999990463256836,1.9889485836029053,-6.024380683898926,4.492782115936279
1779121534591183736,1779121534569086840,2026-05-19T00:25:34.591+08:00,-0.26464834809303284,0.0035782563500106335,-0.009999990463256836,1.9749517440795898,-6.093775272369385,4.51950216293335
1779121534824016440,1779121534807206840,2026-05-19T00:25:34.824+08:00,-0.26466062664985657,0.002678975695744157,0.0,2.1029391288757324,-6.042250156402588,4.442074775695801
1779121535057138424,1779121535042864504,2026-05-19T00:25:35.057+08:00,-0.2629720866680145,0.0042167347855865955,-0.009999990463256836,1.9002764225006104,-5.691488265991211,4.390862464904785
1779121535289859128,1779121535276698840,2026-05-19T00:25:35.289+08:00,-0.26301100850105286,0.0051836841739714146,0.0,1.7229130268096924,-5.495759010314941,4.324595928192139
1779121535489939768,1779121535476605816,2026-05-19T00:25:35.489+08:00,-0.2645999789237976,0.004223313182592392,0.0,1.805152177810669,-5.5948052406311035,4.233447074890137
1779121535689964632,1779121535676510360,2026-05-19T00:25:35.689+08:00,-0.2655485272407532,0.0024154342245310545,0.0,1.8972746133804321,-5.721837520599365,4.152215480804443
1779121535924187288,1779121535906720536,2026-05-19T00:25:35.924+08:00,-0.26571184396743774,0.0008471186738461256,-0.009999990463256836,1.9733381271362305,-5.815311908721924,4.075204849243164
1779121536157037176,1779121536145581528,2026-05-19T00:25:36.157+08:00,-0.26568499207496643,0.0003916628484148532,0.0,1.9001778364181519,-6.002845287322998,4.158294200897217
1779121536357396312,1779121536348860216,2026-05-19T00:25:36.357+08:00,-0.2657012641429901,0.0009190699784085155,0.0,1.9894490242004395,-6.191328048706055,4.241349220275879
1779121536590528856,1779121536578563864,2026-05-19T00:25:36.590+08:00,-0.26561594009399414,0.0031598967034369707,0.0,2.1749610900878906,-6.194421291351318,4.35961389541626
1779121536824538584,1779121536818594584,2026-05-19T00:25:36.824+08:00,-0.26485395431518555,0.0058210850693285465,0.0,2.0487751960754395,-6.064584732055664,4.525765419006348
1779121537056492568,1779121537053739832,2026-05-19T00:25:37.056+08:00,-0.26548659801483154,0.005492359399795532,0.0,1.8000189065933228,-5.947836399078369,4.638975620269775
1779121537290020792,1779121537288468376,2026-05-19T00:25:37.290+08:00,-0.2670617401599884,0.0026024049147963524,0.0,1.821096420288086,-5.9946722984313965,4.671453475952148
1779121537490264440,1779121537488817848,2026-05-19T00:25:37.490+08:00,-0.2678818702697754,0.0006861533038318157,0.0,1.7875618934631348,-6.120049476623535,4.693385124206543
1779121537690792024,1779121537656351736,2026-05-19T00:25:37.690+08:00,-0.2683474123477936,0.0008832569583319128,0.0,1.6666462421417236,-6.226987361907959,4.714264869689941
1779121537923326232,1779121537893650552,2026-05-19T00:25:37.923+08:00,-0.2694034278392792,0.002186734229326248,0.0,1.5636730194091797,-6.281368732452393,4.753060340881348
1779121538123652408,1779121538096321400,2026-05-19T00:25:38.123+08:00,-0.27022555470466614,0.003156612627208233,-0.009999990463256836,1.5386873483657837,-6.3718438148498535,4.874555587768555
1779121538357102360,1779121538332347640,2026-05-19T00:25:38.357+08:00,-0.27041181921958923,0.004728528205305338,-0.009999990463256836,1.4523894786834717,-6.591876029968262,4.956832408905029
1779121538557515160,1779121538534740792,2026-05-19T00:25:38.557+08:00,-0.269351989030838,0.006611592136323452,0.0,1.3025543689727783,-6.724689483642578,4.967255115509033
1779121538790371576,1779121538770577080,2026-05-19T00:25:38.790+08:00,-0.26886722445487976,0.006402569357305765,0.0,1.2940096855163574,-6.589047431945801,4.9265947341918945
1779121538990424120,1779121538967470456,2026-05-19T00:25:38.990+08:00,-0.2696659564971924,0.004127895925194025,-0.009999990463256836,1.4439735412597656,-6.382040977478027,4.873654365539551
1779121539223754392,1779121539206438136,2026-05-19T00:25:39.223+08:00,-0.2701275944709778,0.0027640291955322027,-0.009999990463256836,1.607017159461975,-6.395498275756836,4.8924713134765625
1779121539456658392,1779121539443105880,2026-05-19T00:25:39.456+08:00,-0.27016934752464294,0.004571583122014999,-0.009999990463256836,1.5124704837799072,-6.537080764770508,4.9142937660217285
1779121539657550872,1779121539638877016,2026-05-19T00:25:39.657+08:00,-0.2701834738254547,0.005886962171643972,-0.009999990463256836,1.616660475730896,-6.549058437347412,4.908522129058838
1779121539890494776,1779121539875596024,2026-05-19T00:25:39.890+08:00,-0.2696271538734436,0.006582790985703468,0.0,1.7415341138839722,-6.476003646850586,4.994473457336426
1779121540090526232,1779121540076856216,2026-05-19T00:25:40.090+08:00,-0.2690387964248657,0.007084152661263943,-0.009999990463256836,1.5898029804229736,-6.4417924880981445,5.053151607513428
1779121540324046136,1779121540318804792,2026-05-19T00:25:40.324+08:00,-0.26927995681762695,0.006916033569723368,-0.009999990463256836,1.6975653171539307,-6.426201820373535,4.968245506286621
1779121540524659288,1779121540522799256,2026-05-19T00:25:40.524+08:00,-0.26970788836479187,0.005853702314198017,-0.009999990463256836,1.7137187719345093,-6.30463171005249,4.944223880767822
1779121540724995480,1779121540685964984,2026-05-19T00:25:40.724+08:00,-0.27008378505706787,0.005022122990339994,0.0,1.589394211769104,-6.175434589385986,4.978121757507324
1779121540956500184,1779121540929324856,2026-05-19T00:25:40.956+08:00,-0.2698631286621094,0.004948168061673641,0.0,1.6199541091918945,-6.1606364250183105,4.855567932128906
1779121541156568216,1779121541133968216,2026-05-19T00:25:41.156+08:00,-0.26843762397766113,0.007732555735856295,0.0,1.5678400993347168,-6.1487884521484375,4.774438858032227
1779121541356568024,1779121541336829240,2026-05-19T00:25:41.356+08:00,-0.267922043800354,0.010746453888714314,-0.009999990463256836,1.2776522636413574,-6.096437931060791,4.77473258972168
1779121541557131480,1779121541539809496,2026-05-19T00:25:41.557+08:00,-0.2685975730419159,0.01112262811511755,-0.009999990463256836,1.1946502923965454,-6.160989761352539,4.754221439361572
1779121541789953848,1779121541775743512,2026-05-19T00:25:41.789+08:00,-0.2699951231479645,0.007705044932663441,-0.009999990463256836,1.5425453186035156,-6.213210582733154,4.663304805755615
1779121541991267928,1779121541979028856,2026-05-19T00:25:41.991+08:00,-0.2706654667854309,0.005042794160544872,-0.009999990463256836,1.7353625297546387,-6.173803806304932,4.65635871887207
1779121542223660376,1779121542208694264,2026-05-19T00:25:42.223+08:00,-0.2710782587528229,0.004725187551230192,-0.009999990463256836,1.6866849660873413,-6.290070533752441,4.656037330627441
1779121542456679800,1779121542446031000,2026-05-19T00:25:42.456+08:00,-0.27070140838623047,0.006719318684190512,0.0,1.620840072631836,-6.382944583892822,4.6228156089782715
1779121542690581592,1779121542678005368,2026-05-19T00:25:42.690+08:00,-0.2702476382255554,0.008793414570391178,0.0,1.5148917436599731,-6.278365612030029,4.825747013092041
1779121542923219064,1779121542917539096,2026-05-19T00:25:42.923+08:00,-0.2696790099143982,0.009469622746109962,0.0,1.6603713035583496,-6.320178985595703,4.9062066078186035
1779121543123226808,1779121543117659960,2026-05-19T00:25:43.123+08:00,-0.2701430320739746,0.009157001972198486,0.0,1.5000015497207642,-6.268518447875977,5.011111736297607
1779121543323448312,1779121543319780376,2026-05-19T00:25:43.323+08:00,-0.2718472182750702,0.008444424718618393,0.0,1.1799119710922241,-6.136570453643799,5.121699333190918
1779121543523717048,1779121543495966232,2026-05-19T00:25:43.523+08:00,-0.0008645289926789701,-0.0006377362296916544,0.0,1.1340807676315308,-6.178511619567871,-0.022293737158179283
1779121543723852024,1779121543696504696,2026-05-19T00:25:43.723+08:00,-0.0013581708772107959,-0.0013704458251595497,-0.009999990463256836,1.245550274848938,-6.405532360076904,0.0566837415099144
1779121543924726680,1779121543897624600,2026-05-19T00:25:43.924+08:00,-0.001801360514946282,-0.0015820423141121864,0.0,1.268420696258545,-6.709079265594482,0.26109763979911804
1779121544156710328,1779121544126658008,2026-05-19T00:25:44.156+08:00,-0.0015733770560473204,-0.000349248613929376,0.0,1.4079701900482178,-6.996524810791016,0.34878361225128174
1779121544356799416,1779121544325218424,2026-05-19T00:25:44.356+08:00,-0.0014800484059378505,0.0008108153706416488,-0.009999990463256836,1.5332844257354736,-7.001359462738037,0.29817190766334534
1779121544557102904,1779121544528155800,2026-05-19T00:25:44.557+08:00,-0.000754526408854872,0.0016022108029574156,0.0,1.435514211654663,-6.886317729949951,0.23132485151290894
1779121544789978136,1779121544771450168,2026-05-19T00:25:44.789+08:00,2.8823000320699066e-05,0.00017194132669828832,0.0,1.3849281072616577,-6.764542579650879,0.1360846906900406
1779121544990364440,1779121544975635256,2026-05-19T00:25:44.990+08:00,-0.0004209679027553648,-0.00066855811746791,0.0,1.587111234664917,-6.731212615966797,0.08642921596765518
1779121545190817112,1779121545177664344,2026-05-19T00:25:45.190+08:00,-0.001421729801222682,-0.0004502003430388868,0.0,1.7772239446640015,-7.051573276519775,0.08064404129981995
1779121545423740088,1779121545412677784,2026-05-19T00:25:45.423+08:00,-0.004126773215830326,0.00031471659895032644,0.0,1.7229193449020386,-7.7840142250061035,0.14749793708324432
1779121545656340120,1779121545647770584,2026-05-19T00:25:45.656+08:00,-0.006452207453548908,0.0008796756155788898,0.009999990463256836,1.2341197729110718,-8.219938278198242,0.2270081639289856
1779121545857417912,1779121545855664824,2026-05-19T00:25:45.857+08:00,-0.00813886895775795,0.0015835810918360949,0.009999990463256836,0.6599231362342834,-8.406185150146484,0.24935655295848846
1779121546058131736,1779121546018655448,2026-05-19T00:25:46.058+08:00,-0.009078740142285824,0.002665612380951643,0.019999980926513672,0.21546028554439545,-8.446332931518555,0.013708190061151981
1779121546290807992,1779121546285927224,2026-05-19T00:25:46.290+08:00,-0.005609374959021807,0.00022810307564213872,0.029999971389770508,0.1632593274116516,-8.274115562438965,-3.492480516433716
1779121546490993112,1779121546488717944,2026-05-19T00:25:46.490+08:00,-0.0036861556582152843,-0.005494925659149885,0.029999971389770508,0.4389773905277252,-7.878147602081299,-7.728249549865723
1779121546691788280,1779121546688886424,2026-05-19T00:25:46.691+08:00,-0.0024745373521000147,-0.008826998993754387,0.029999971389770508,0.9438061118125916,-7.266085147857666,-12.231925964355469
1779121546923963864,1779121546892236824,2026-05-19T00:25:46.923+08:00,-0.0005957341636531055,-0.008215595036745071,0.029999971389770508,1.3055005073547363,-6.654085159301758,-16.665430068969727
1779121547156565080,1779121547128161272,2026-05-19T00:25:47.156+08:00,0.0005410157609730959,-0.004166389815509319,0.029999971389770508,0.8980949521064758,-6.093173980712891,-21.62302589416504
1779121547357043576,1779121547330537240,2026-05-19T00:25:47.357+08:00,-0.0013075029710307717,-0.002775101689621806,0.019999980926513672,0.09489378333091736,-5.661037921905518,-25.380271911621094
1779121547557225528,1779121547529890936,2026-05-19T00:25:47.557+08:00,-0.004416464362293482,-0.0046044932678341866,0.019999980926513672,-0.638148307800293,-5.222343921661377,-28.86928367614746
1779121547790549816,1779121547766782776,2026-05-19T00:25:47.790+08:00,-0.005487668327987194,-0.005128064658492804,0.019999980926513672,-1.1254383325576782,-4.883857727050781,-32.72320556640625
1779121548024174360,1779121548006729816,2026-05-19T00:25:48.024+08:00,-0.004550931975245476,-0.002667641267180443,0.019999980926513672,-1.196470856666565,-4.758183002471924,-36.1756477355957
1779121548256398904,1779121548239423256,2026-05-19T00:25:48.256+08:00,-0.005968896672129631,-0.0012219169875606894,0.019999980926513672,-0.9028797149658203,-4.753614902496338,-39.10077667236328
1779121548457218776,1779121548439523160,2026-05-19T00:25:48.457+08:00,-0.008997436612844467,-0.0012555817374959588,0.009999990463256836,-0.5144912600517273,-4.964717388153076,-41.281368255615234
1779121548690603832,1779121548681587064,2026-05-19T00:25:48.690+08:00,-0.00997027475386858,-0.0004799857269972563,0.019999980926513672,-0.03973504900932312,-5.284143447875977,-43.71589660644531
1779121548923641080,1779121548916460216,2026-05-19T00:25:48.923+08:00,-0.008011752739548683,0.0008841842645779252,0.019999980926513672,0.1866757869720459,-5.30521821975708,-45.91809844970703
1779121549156371064,1779121549118557176,2026-05-19T00:25:49.156+08:00,-0.006883434485644102,0.0005577206029556692,0.019999980926513672,0.10528057813644409,-5.153327465057373,-47.56776809692383
1779121549356851576,1779121549353688184,2026-05-19T00:25:49.356+08:00,-0.008365137502551079,-5.2462863095570356e-05,0.019999980926513672,-0.13952301442623138,-5.158387184143066,-49.25149154663086
1779121549557021496,1779121549522644056,2026-05-19T00:25:49.557+08:00,-0.01023841556161642,0.0006189853302203119,0.019999980926513672,-0.15386711061000824,-5.3284406661987305,-50.238739013671875
1779121549757130936,1779121549730322392,2026-05-19T00:25:49.757+08:00,-0.011489907279610634,0.002744886092841625,0.019999980926513672,-0.03588225319981575,-5.458517551422119,-51.366554260253906
1779121549957367928,1779121549927814072,2026-05-19T00:25:49.957+08:00,-0.010184122249484062,0.0035467492416501045,0.019999980926513672,0.03793918713927269,-5.314995288848877,-52.31631851196289
1779121550190438840,1779121550159969016,2026-05-19T00:25:50.190+08:00,-0.007682647556066513,0.0014534121146425605,0.029999971389770508,0.2198074907064438,-4.930667877197266,-53.31098556518555
1779121550391776248,1779121550367653048,2026-05-19T00:25:50.391+08:00,-0.0079124690964818,-0.000469214835902676,0.029999971389770508,0.45026329159736633,-4.788625717163086,-53.99121856689453
1779121550623403800,1779121550608391288,2026-05-19T00:25:50.623+08:00,-0.008602820336818695,-0.0006581870256923139,0.029999971389770508,0.7027718424797058,-4.880769729614258,-54.79534912109375
1779121550824315416,1779121550817180408,2026-05-19T00:25:50.824+08:00,-0.0075099654495716095,-0.00036206410732120275,0.029999971389770508,0.8134914040565491,-4.973400592803955,-55.47161865234375
1779121551057507416,1779121551053648664,2026-05-19T00:25:51.057+08:00,-0.007052915170788765,-0.0034218761138617992,0.029999971389770508,0.7757139205932617,-4.878495216369629,-56.1103515625
1779121551291333176,1779121551257400888,2026-05-19T00:25:51.291+08:00,-0.006709973327815533,-0.007130198180675507,0.029999971389770508,0.7725523710250854,-4.714264869689941,-56.57447814941406
1779121551523982328,1779121551492408056,2026-05-19T00:25:51.523+08:00,-0.004958180245012045,-0.008424993604421616,0.029999971389770508,0.6630493998527527,-4.744460582733154,-57.04334259033203
1779121551757072440,1779121551729317080,2026-05-19T00:25:51.757+08:00,-0.003074683016166091,-0.007547076791524887,0.019999980926513672,0.5673201680183411,-4.971388816833496,-57.434478759765625
1779121551957089112,1779121551933137144,2026-05-19T00:25:51.957+08:00,-0.0029434857424348593,-0.0072546363808214664,0.029999971389770508,0.4491342008113861,-5.130111217498779,-57.77187728881836
1779121552190015352,1779121552166611864,2026-05-19T00:25:52.190+08:00,-0.0038885478861629963,-0.008356128819286823,0.029999971389770508,0.20648780465126038,-5.213452339172363,-58.09557342529297
1779121552394483288,1779121552378914136,2026-05-19T00:25:52.394+08:00,-0.0036270269192755222,-0.010126839391887188,0.029999971389770508,0.14731407165527344,-5.212657928466797,-58.381526947021484
1779121552623289464,1779121552617148152,2026-05-19T00:25:52.623+08:00,-0.0027971819508820772,-0.011991791427135468,0.029999971389770508,0.08952795714139938,-5.025313854217529,-59.135169982910156
1779121552824201176,1779121552815442328,2026-05-19T00:25:52.824+08:00,0.0026633443776518106,-0.012990497052669525,0.029999971389770508,0.7276171445846558,-5.003178596496582,-60.236236572265625
1779121553057277592,1779121553019286136,2026-05-19T00:25:53.057+08:00,0.019077720120549202,-0.014415469020605087,0.039999961853027344,2.262989044189453,-5.248171806335449,-60.916839599609375
1779121553289920056,1779121553252320728,2026-05-19T00:25:53.289+08:00,0.04952365159988403,-0.01716017723083496,0.039999961853027344,4.031524658203125,-5.576375484466553,-61.440616607666016
1779121553490529560,1779121553453453656,2026-05-19T00:25:53.490+08:00,0.07917212694883347,-0.0186723992228508,0.039999961853027344,4.631953239440918,-5.862791061401367,-61.613311767578125
1779121553691183736,1779121553689864056,2026-05-19T00:25:53.691+08:00,0.11183450371026993,-0.022837810218334198,0.029999971389770508,3.8556482791900635,-6.18947172164917,-61.715641021728516
1779121553924562840,1779121553922467384,2026-05-19T00:25:53.924+08:00,0.13940611481666565,-0.034233637154102325,0.019999980926513672,1.6704820394515991,-6.323709011077881,-61.75961685180664
1779121554124666008,1779121554122597592,2026-05-19T00:25:54.124+08:00,0.15720947086811066,-0.046884771436452866,0.019999980926513672,-0.26943016052246094,-6.181574821472168,-61.873992919921875
1779121554356793560,1779121554322594904,2026-05-19T00:25:54.356+08:00,0.17420342564582825,-0.059852372854948044,0.009999990463256836,-1.6763478517532349,-5.996671676635742,-62.00913619995117
1779121554557263288,1779121554522819608,2026-05-19T00:25:54.557+08:00,0.18368792533874512,-0.07481502741575241,0.019999980926513672,-2.4473745822906494,-5.913894176483154,-62.13117599487305
1779121554791148216,1779121554788843160,2026-05-19T00:25:54.791+08:00,0.18858712911605835,-0.09667760878801346,0.019999980926513672,-1.634494662284851,-6.064957618713379,-62.35947036743164
1779121555023571832,1779121554988417432,2026-05-19T00:25:55.023+08:00,0.1915697604417801,-0.11414173245429993,0.029999971389770508,0.04041212052106857,-6.186507225036621,-62.556522369384766
1779121555223934040,1779121555192336056,2026-05-19T00:25:55.223+08:00,0.19455237686634064,-0.131605863571167,0.039999961853027344,1.4354971647262573,-6.149844169616699,-62.748653411865234
1779121555456807864,1779121555423661048,2026-05-19T00:25:55.456+08:00,0.19813179969787598,-0.15256153047084808,0.019999980926513672,2.0612192153930664,-6.000853061676025,-62.97944641113281
1779121555657718232,1779121555625930008,2026-05-19T00:25:55.657+08:00,0.2011147141456604,-0.17002418637275696,0.019999980926513672,1.5965237617492676,-5.850478172302246,-63.129669189453125
1779121555890613144,1779121555858468056,2026-05-19T00:25:55.890+08:00,0.2046942412853241,-0.19097939133644104,0.019999980926513672,0.23618599772453308,-5.622591495513916,-63.24462127685547
1779121556123477016,1779121556092007928,2026-05-19T00:25:56.123+08:00,0.2082737535238266,-0.21193458139896393,0.009999990463256836,-1.0482505559921265,-5.28212833404541,-63.372440338134766
1779121556323720088,1779121556296330008,2026-05-19T00:25:56.323+08:00,0.21125666797161102,-0.2293972373008728,0.019999980926513672,-1.5523923635482788,-4.881797790527344,-63.526832580566406
1779121556531331768,1779121556492047064,2026-05-19T00:25:56.531+08:00,0.20935724675655365,-0.25441470742225647,0.029999971389770508,-1.6199307441711426,-4.5098981857299805,-63.711997985839844
1779121556757146968,1779121556729790968,2026-05-19T00:25:56.757+08:00,0.20668907463550568,-0.2824432849884033,0.029999971389770508,-1.0393590927124023,-4.3288068771362305,-63.93035888671875
1779121556957734232,1779121556927013496,2026-05-19T00:25:56.957+08:00,0.2068798840045929,-0.3030262887477875,0.039999961853027344,-0.07534799724817276,-4.091561317443848,-64.14391326904297
1779121557190427864,1779121557168398008,2026-05-19T00:25:57.190+08:00,0.2078055590391159,-0.328037291765213,0.04999995231628418,1.04623544216156,-3.3887779712677,-64.33999633789062
1779121557423713464,1779121557413231768,2026-05-19T00:25:57.423+08:00,0.2085667848587036,-0.35377106070518494,0.04999995231628418,1.1460036039352417,-2.776919364929199,-64.41453552246094
1779121557624476760,1779121557618283544,2026-05-19T00:25:57.624+08:00,0.20864640176296234,-0.372975617647171,0.039999961853027344,0.4863605499267578,-2.7842493057250977,-64.44371795654297
1779121557856724856,1779121557850337368,2026-05-19T00:25:57.856+08:00,0.206961527466774,-0.3950343728065491,0.039999961853027344,-0.6815110445022583,-3.092008590698242,-64.4417724609375
1779121558057790264,1779121558018494904,2026-05-19T00:25:58.057+08:00,0.20862092077732086,-0.41232943534851074,0.039999961853027344,-1.2379074096679688,-3.2879650592803955,-64.40127563476562
1779121558290639256,1779121558261555768,2026-05-19T00:25:58.290+08:00,0.2141961008310318,-0.4331892132759094,0.039999961853027344,-0.9236631393432617,-3.695178508758545,-64.1991958618164
1779121558523378648,1779121558498728280,2026-05-19T00:25:58.523+08:00,0.2387423813343048,-0.44651055335998535,0.04999995231628418,0.03526081517338753,-4.602879524230957,-63.87896728515625
1779121558723456728,1779121558706984216,2026-05-19T00:25:58.723+08:00,0.25506994128227234,-0.4604611098766327,0.039999961853027344,0.20849743485450745,-5.401030540466309,-63.481903076171875
1779121558923581752,1779121558912211416,2026-05-19T00:25:58.923+08:00,0.26485690474510193,-0.4825432002544403,0.039999961853027344,-0.28301364183425903,-5.849638938903809,-63.09853744506836
1779121559156822040,1779121559142340696,2026-05-19T00:25:59.156+08:00,0.2740348279476166,-0.5056975483894348,0.039999961853027344,-1.049879789352417,-5.842543601989746,-62.774295806884766
1779121559356889592,1779121559345949432,2026-05-19T00:25:59.356+08:00,0.2810238003730774,-0.5269988179206848,0.04999995231628418,-1.7835806608200073,-5.7137556076049805,-62.56113815307617
1779121559557209112,1779121559542366680,2026-05-19T00:25:59.557+08:00,0.28499460220336914,-0.549174427986145,0.039999961853027344,-2.2681379318237305,-5.5312299728393555,-62.38871765136719
1779121559790063608,1779121559776378680,2026-05-19T00:25:59.790+08:00,0.28884631395339966,-0.5760797262191772,0.04999995231628418,-2.1769442558288574,-5.104971408843994,-62.32014083862305
1779121559990189336,1779121559982582072,2026-05-19T00:25:59.990+08:00,0.29425951838493347,-0.5983275175094604,0.059999942779541016,-1.511554479598999,-4.674685001373291,-62.32963562011719
1779121560190749400,1779121560180008024,2026-05-19T00:26:00.190+08:00,0.30264168977737427,-0.6177899241447449,0.059999942779541016,-0.6280226111412048,-4.311544418334961,-62.39215850830078
1779121560423308504,1779121560416252888,2026-05-19T00:26:00.423+08:00,0.3119199573993683,-0.637885570526123,0.059999942779541016,-0.029303941875696182,-4.040594100952148,-62.434574127197266
1779121560657339416,1779121560655358424,2026-05-19T00:26:00.657+08:00,0.3201085925102234,-0.6544655561447144,0.06999993324279785,-0.2502559423446655,-3.7334773540496826,-62.398101806640625
1779121560889945048,1779121560887020952,2026-05-19T00:26:00.889+08:00,0.324777215719223,-0.665544331073761,0.059999942779541016,-0.7406833171844482,-3.4467973709106445,-62.378021240234375
1779121561090685016,1779121561088951032,2026-05-19T00:26:01.090+08:00,0.32733532786369324,-0.6722906231880188,0.06999993324279785,-1.0970227718353271,-3.390190362930298,-62.37986373901367
1779121561323973080,1779121561292037848,2026-05-19T00:26:01.323+08:00,0.33049875497817993,-0.6773847937583923,0.06999993324279785,-1.1916848421096802,-3.41131591796875,-62.361026763916016
1779121561557072248,1779121561527034008,2026-05-19T00:26:01.557+08:00,0.33406567573547363,-0.6819605231285095,0.06999993324279785,-1.157321572303772,-3.425093173980713,-62.30219268798828
1779121561757544440,1779121561726207352,2026-05-19T00:26:01.757+08:00,0.3361842632293701,-0.6847285032272339,0.06999993324279785,-1.022660732269287,-3.5327811241149902,-62.25562286376953
1779121561989959128,1779121561965381496,2026-05-19T00:26:01.989+08:00,0.33660247921943665,-0.686298131942749,0.059999942779541016,-0.6924254894256592,-3.715761661529541,-62.231773376464844
1779121562191162616,1779121562159477304,2026-05-19T00:26:02.191+08:00,0.3366481363773346,-0.6854933500289917,0.06999993324279785,-0.3889596164226532,-3.8527657985687256,-62.20032501220703
1779121562423584472,1779121562395969976,2026-05-19T00:26:02.423+08:00,0.3372093439102173,-0.6820462942123413,0.07999992370605469,-0.22327673435211182,-4.043520927429199,-62.14994812011719
1779121562624057304,1779121562595969880,2026-05-19T00:26:02.624+08:00,0.3375069499015808,-0.6783009171485901,0.07999992370605469,-0.35832133889198303,-4.207194805145264,-62.10228729248047
1779121562856650680,1779121562838035224,2026-05-19T00:26:02.856+08:00,0.3350328505039215,-0.6736364364624023,0.06999993324279785,-0.7642450332641602,-4.283994674682617,-62.094512939453125
1779121563090055064,1779121563071880088,2026-05-19T00:26:03.090+08:00,0.33041197061538696,-0.6701914072036743,0.07999992370605469,-1.0423234701156616,-4.198162078857422,-62.29163360595703
1779121563324111800,1779121563309621624,2026-05-19T00:26:03.324+08:00,0.32853949069976807,-0.6662915945053101,0.07999992370605469,-0.9322969317436218,-4.03546667098999,-62.3807258605957
1779121563557260248,1779121563551306488,2026-05-19T00:26:03.557+08:00,0.32766345143318176,-0.6592109799385071,0.09000003337860107,-0.6477264761924744,-3.8433682918548584,-62.337379455566406
1779121563757310168,1779121563747345560,2026-05-19T00:26:03.757+08:00,0.3248741924762726,-0.6537466645240784,0.09000003337860107,-0.4973433315753937,-3.6876707077026367,-62.34524917602539
1779121563990377368,1779121563987721272,2026-05-19T00:26:03.990+08:00,0.32092446088790894,-0.6481732726097107,0.09000003337860107,-0.39153844118118286,-3.4461536407470703,-62.437252044677734
1779121564223338520,1779121564217512760,2026-05-19T00:26:04.223+08:00,0.31958767771720886,-0.6436703205108643,0.09000003337860107,-0.3383563160896301,-3.185011863708496,-62.4608039855957
1779121564423588888,1779121564418279256,2026-05-19T00:26:04.423+08:00,0.31815290451049805,-0.6414419412612915,0.09000003337860107,-0.38581883907318115,-3.0744340419769287,-62.50457000732422
1779121564623641400,1779121564620090456,2026-05-19T00:26:04.623+08:00,0.31483912467956543,-0.6397684812545776,0.09000003337860107,-0.4273481070995331,-3.0417752265930176,-62.554019927978516
1779121564825974040,1779121564822576984,2026-05-19T00:26:04.825+08:00,0.3126016855239868,-0.63735032081604,0.07999992370605469,-0.34557604789733887,-2.982377529144287,-62.58977127075195
1779121565058692568,1779121565056270552,2026-05-19T00:26:05.058+08:00,0.3135051429271698,-0.6328689455986023,0.09000003337860107,-0.27159759402275085,-2.9381392002105713,-62.565425872802734
1779121565290427672,1779121565288350968,2026-05-19T00:26:05.290+08:00,0.31261366605758667,-0.6274755001068115,0.09000003337860107,-0.45040008425712585,-3.076061725616455,-62.49918746948242
1779121565490527224,1779121565458941880,2026-05-19T00:26:05.490+08:00,0.30945736169815063,-0.6237799525260925,0.09000003337860107,-0.6327350735664368,-3.2669124603271484,-62.48701858520508
1779121565690767800,1779121565666018840,2026-05-19T00:26:05.690+08:00,0.30677366256713867,-0.6203334331512451,0.09000003337860107,-0.6787981390953064,-3.4156653881073,-62.49485778808594
1779121565923584408,1779121565902910808,2026-05-19T00:26:05.923+08:00,0.30598437786102295,-0.617983877658844,0.07999992370605469,-0.5875269770622253,-3.4529902935028076,-62.52872085571289
1779121566157015000,1779121566142125880,2026-05-19T00:26:06.157+08:00,0.30527544021606445,-0.6175989508628845,0.09000003337860107,-0.48299849033355713,-3.4733800888061523,-62.60142135620117
1779121566357213016,1779121566342003096,2026-05-19T00:26:06.357+08:00,0.3039836585521698,-0.617508590221405,0.09000003337860107,-0.43104737997055054,-3.4878242015838623,-62.63861846923828
1779121566590263608,1779121566575008312,2026-05-19T00:26:06.590+08:00,0.3035576343536377,-0.616454005241394,0.07999992370605469,-0.40231046080589294,-3.3704941272735596,-62.71966552734375
1779121566823755160,1779121566809023288,2026-05-19T00:26:06.823+08:00,0.30421850085258484,-0.6144806742668152,0.07999992370605469,-0.47480273246765137,-3.236934185028076,-62.74056625366211
1779121567056861624,1779121567043162488,2026-05-19T00:26:07.056+08:00,0.30329224467277527,-0.6117097735404968,0.07999992370605469,-0.7001721858978271,-3.2721400260925293,-62.72758865356445
1779121567290145432,1779121567275100088,2026-05-19T00:26:07.290+08:00,0.3001551926136017,-0.6103655695915222,0.07999992370605469,-0.9316167831420898,-3.2859959602355957,-62.71592330932617
1779121567490229464,1779121567476216952,2026-05-19T00:26:07.490+08:00,0.29934898018836975,-0.6110196113586426,0.07999992370605469,-0.8770758509635925,-3.155109167098999,-62.71735763549805
1779121567723388248,1779121567707962392,2026-05-19T00:26:07.723+08:00,0.3005709648132324,-0.6116688251495361,0.07999992370605469,-0.711645781993866,-3.0603268146514893,-62.70927047729492
1779121567957287896,1779121567946051288,2026-05-19T00:26:07.957+08:00,0.30141186714172363,-0.6114413142204285,0.06999993324279785,-0.6287245750427246,-3.084200382232666,-62.663414001464844
1779121568190545720,1779121568185760728,2026-05-19T00:26:08.190+08:00,0.3009990155696869,-0.6112172603607178,0.06999993324279785,-0.6569674611091614,-3.091554880142212,-62.655338287353516
1779121568423668472,1779121568417281432,2026-05-19T00:26:08.423+08:00,0.3012567460536957,-0.6103786826133728,0.07999992370605469,-0.7500687837600708,-3.1443593502044678,-62.684532165527344
1779121568624075544,1779121568618200760,2026-05-19T00:26:08.624+08:00,0.30219021439552307,-0.6090160608291626,0.07999992370605469,-0.9547796845436096,-3.2230172157287598,-62.69890213012695
1779121568857876728,1779121568856494456,2026-05-19T00:26:08.857+08:00,0.30064061284065247,-0.6085054874420166,0.06999993324279785,-1.2186565399169922,-3.3160109519958496,-62.69425964355469
1779121569057961592,1779121569017855480,2026-05-19T00:26:09.057+08:00,0.29894253611564636,-0.6094598174095154,0.06999993324279785,-1.251381516456604,-3.345534324645996,-62.699859619140625
1779121569290221240,1779121569257912248,2026-05-19T00:26:09.290+08:00,0.29901209473609924,-0.6116931438446045,0.06999993324279785,-1.0454269647598267,-3.220696449279785,-62.70879364013672
1779121569490363672,1779121569460886488,2026-05-19T00:26:09.490+08:00,0.30061832070350647,-0.6123968362808228,0.06999993324279785,-0.8052771091461182,-3.1284244060516357,-62.73112869262695
1779121569724264184,1779121569722258840,2026-05-19T00:26:09.724+08:00,0.30164074897766113,-0.6109646558761597,0.06999993324279785,-0.6794613003730774,-3.205263137817383,-62.68309783935547
1779121569957395480,1779121569918340120,2026-05-19T00:26:09.957+08:00,0.3011382222175598,-0.6098275184631348,0.06999993324279785,-0.7385613322257996,-3.20552659034729,-62.68048858642578
1779121570157544856,1779121570126771704,2026-05-19T00:26:10.157+08:00,0.3012135922908783,-0.6099293828010559,0.059999942779541016,-0.9293417930603027,-3.125244140625,-62.698875427246094
1779121570390257656,1779121570363288568,2026-05-19T00:26:10.390+08:00,0.30178001523017883,-0.6103639602661133,0.059999942779541016,-1.1876883506774902,-3.0985002517700195,-62.7285041809082
1779121570591752568,1779121570564029944,2026-05-19T00:26:10.591+08:00,0.30090829730033875,-0.6102291345596313,0.059999942779541016,-1.3434573411941528,-3.1718108654022217,-62.756412506103516
1779121570825018200,1779121570800863800,2026-05-19T00:26:10.825+08:00,0.29926878213882446,-0.6105237603187561,0.059999942779541016,-1.3408607244491577,-3.260211944580078,-62.710540771484375
1779121571057177016,1779121571034070008,2026-05-19T00:26:11.057+08:00,0.30053335428237915,-0.6121459603309631,0.059999942779541016,-1.087423324584961,-3.173245429992676,-62.735347747802734
1779121571257494232,1779121571235929336,2026-05-19T00:26:11.257+08:00,0.30265215039253235,-0.6123768091201782,0.06999993324279785,-0.8842821717262268,-3.115394353866577,-62.86946487426758
1779121571490276088,1779121571474049752,2026-05-19T00:26:11.490+08:00,0.30265817046165466,-0.6112553477287292,0.06999993324279785,-0.9409458637237549,-3.2749531269073486,-63.26618957519531
1779121571723505304,1779121571709883224,2026-05-19T00:26:11.723+08:00,0.2982165217399597,-0.6114400625228882,0.06999993324279785,-0.9926849603652954,-3.4522948265075684,-64.91918182373047
1779121571923580920,1779121571914178648,2026-05-19T00:26:11.923+08:00,0.29744499921798706,-0.6137556433677673,0.059999942779541016,-0.8042614459991455,-3.2905218601226807,-67.08149719238281
1779121572124075672,1779121572100400824,2026-05-19T00:26:12.124+08:00,0.29991504549980164,-0.6154077649116516,0.06999993324279785,-0.7439159750938416,-3.174363613128662,-68.90557861328125
1779121572358616216,1779121572333195736,2026-05-19T00:26:12.358+08:00,0.30109384655952454,-0.6160691380500793,0.06999993324279785,-0.9132298827171326,-3.3656070232391357,-71.23292541503906
1779121572558792696,1779121572529839512,2026-05-19T00:26:12.558+08:00,0.3000328838825226,-0.615662693977356,0.059999942779541016,-1.2137783765792847,-3.5867326259613037,-73.02983856201172
1779121572790680984,1779121572772345368,2026-05-19T00:26:12.790+08:00,0.29849159717559814,-0.6151176691055298,0.06999993324279785,-1.4738764762878418,-3.656175136566162,-75.09114837646484
1779121573023206456,1779121573000864312,2026-05-19T00:26:13.023+08:00,0.30150553584098816,-0.615654706954956,0.06999993324279785,-1.505257487297058,-3.5686631202697754,-76.76787567138672
1779121573224500088,1779121573195369336,2026-05-19T00:26:13.224+08:00,0.30377012491226196,-0.6154227256774902,0.07999992370605469,-1.5939478874206543,-3.4782211780548096,-78.11087036132812
1779121573456883448,1779121573434928344,2026-05-19T00:26:13.456+08:00,0.30261480808258057,-0.6154599189758301,0.07999992370605469,-1.7133864164352417,-3.371443271636963,-79.56333923339844
1779121573690447256,1779121573674755000,2026-05-19T00:26:13.690+08:00,0.3021499216556549,-0.6171592473983765,0.07999992370605469,-1.5457285642623901,-3.09692645072937,-80.89564514160156
1779121573923865720,1779121573905453592,2026-05-19T00:26:13.923+08:00,0.3036445081233978,-0.6195186972618103,0.09000003337860107,-1.2890231609344482,-2.724810838699341,-82.01911926269531
1779121574156851576,1779121574137007256,2026-05-19T00:26:14.156+08:00,0.3045227527618408,-0.6216644644737244,0.10000002384185791,-1.1537803411483765,-2.475578784942627,-83.04952239990234
1779121574357170200,1779121574319957432,2026-05-19T00:26:14.357+08:00,0.30399614572525024,-0.6216035485267639,0.10000002384185791,-1.1336328983306885,-2.4500467777252197,-83.74915313720703
1779121574558019992,1779121574552961080,2026-05-19T00:26:14.558+08:00,0.3039989769458771,-0.6202371716499329,0.07999992370605469,-1.176226258277893,-2.4529879093170166,-84.5732421875
1779121574790183448,1779121574754917336,2026-05-19T00:26:14.790+08:00,0.3045887053012848,-0.619784951210022,0.09000003337860107,-1.2987258434295654,-2.4777309894561768,-85.16957092285156
1779121575023512792,1779121574995789304,2026-05-19T00:26:15.023+08:00,0.3047797679901123,-0.6199909448623657,0.10000002384185791,-1.4983694553375244,-2.568552255630493,-85.79113006591797
1779121575223868056,1779121575195286264,2026-05-19T00:26:15.223+08:00,0.3025660812854767,-0.6186150312423706,0.07999992370605469,-1.8927100896835327,-2.659686326980591,-86.25371551513672
1779121575424622872,1779121575422278040,2026-05-19T00:26:15.424+08:00,0.289649099111557,-0.617628812789917,0.07999992370605469,-2.493391513824463,-2.66995906829834,-86.6970443725586
1779121575656451032,1779121575624013912,2026-05-19T00:26:15.656+08:00,0.2756160497665405,-0.6187862157821655,0.07999992370605469,-2.7165658473968506,-2.6245384216308594,-87.07955169677734
1779121575857326392,1779121575827905208,2026-05-19T00:26:15.857+08:00,0.26384684443473816,-0.622169017791748,0.09000003337860107,-2.2316176891326904,-2.734052896499634,-87.46358489990234
1779121576090509816,1779121576062330584,2026-05-19T00:26:16.090+08:00,0.26132458448410034,-0.6318745613098145,0.09000003337860107,-1.0050554275512695,-3.0921149253845215,-87.9455795288086
1779121576323526296,1779121576311560824,2026-05-19T00:26:16.323+08:00,0.2578987777233124,-0.6436493396759033,0.07999992370605469,-0.09328063577413559,-3.4253525733947754,-88.39288330078125
1779121576524212536,1779121576519871000,2026-05-19T00:26:16.524+08:00,0.25186046957969666,-0.6542981266975403,0.09000003337860107,0.18598312139511108,-3.5092883110046387,-88.73033905029297
1779121576757017336,1779121576754903448,2026-05-19T00:26:16.757+08:00,0.24774812161922455,-0.6692816019058228,0.07999992370605469,0.25831326842308044,-3.4506723880767822,-89.10880279541016
1779121576957862904,1779121576955954648,2026-05-19T00:26:16.957+08:00,0.24701949954032898,-0.6821833848953247,0.06999993324279785,0.10698560625314713,-3.366647720336914,-89.37493133544922
1779121577190730200,1779121577158744408,2026-05-19T00:26:17.190+08:00,0.24724072217941284,-0.694472074508667,0.06999993324279785,-0.29118746519088745,-3.3216142654418945,-89.62612915039062
1779121577424278424,1779121577412306936,2026-05-19T00:26:17.424+08:00,0.247481569647789,-0.7103604674339294,0.059999942779541016,-0.9919708967208862,-3.291139841079712,-89.92340850830078
1779121577656720536,1779121577647238808,2026-05-19T00:26:17.656+08:00,0.24696342647075653,-0.7274913787841797,0.059999942779541016,-1.4299396276474,-3.1680335998535156,-90.16768646240234
1779121577856935192,1779121577851893176,2026-05-19T00:26:17.856+08:00,0.24640971422195435,-0.7447615265846252,0.059999942779541016,-1.620883584022522,-3.1025092601776123,-90.39164733886719
1779121578057000216,1779121578052724504,2026-05-19T00:26:18.057+08:00,0.24663640558719635,-0.7590959668159485,0.059999942779541016,-1.5642189979553223,-3.1069836616516113,-90.5757064819336
1779121578257235224,1779121578218874776,2026-05-19T00:26:18.257+08:00,0.2464311271905899,-0.7703971266746521,0.04999995231628418,-1.4072318077087402,-3.065782308578491,-90.71307373046875
1779121578490051704,1779121578477648920,2026-05-19T00:26:18.490+08:00,0.24606192111968994,-0.7891305685043335,0.04999995231628418,-1.1287018060684204,-3.002774238586426,-90.8956069946289
1779121578690355288,1779121578679892568,2026-05-19T00:26:18.690+08:00,0.2464662492275238,-0.8037312030792236,0.04999995231628418,-0.9929541349411011,-3.039734363555908,-91.01786804199219
1779121578890410264,1779121578881889432,2026-05-19T00:26:18.890+08:00,0.24753816425800323,-0.8184283375740051,0.04999995231628418,-0.9419215321540833,-3.0801055431365967,-91.141357421875
1779121579090720728,1779121579085926680,2026-05-19T00:26:19.090+08:00,0.24719206988811493,-0.8343797326087952,0.04999995231628418,-1.0020668506622314,-3.126603603363037,-91.25370025634766
1779121579323510616,1779121579311708312,2026-05-19T00:26:19.323+08:00,0.2476121038198471,-0.8543016910552979,0.04999995231628418,-1.1910773515701294,-3.2311456203460693,-91.34332275390625
1779121579527474008,1779121579519774968,2026-05-19T00:26:19.527+08:00,0.24900896847248077,-0.8716707825660706,0.039999961853027344,-1.3749337196350098,-3.262425184249878,-91.41676330566406
1779121579756754872,1779121579751870616,2026-05-19T00:26:19.756+08:00,0.2490963637828827,-0.8924395442008972,0.039999961853027344,-1.6058571338653564,-3.251161813735962,-91.50048828125
1779121579957387032,1779121579917871832,2026-05-19T00:26:19.957+08:00,0.24900314211845398,-0.9058699011802673,0.039999961853027344,-1.7199809551239014,-3.2960779666900635,-91.53407287597656
1779121580190516408,1779121580162087864,2026-05-19T00:26:20.190+08:00,0.2484913468360901,-0.9258396625518799,0.039999961853027344,-1.7336474657058716,-3.3083584308624268,-91.57661437988281
1779121580423409080,1779121580416821784,2026-05-19T00:26:20.423+08:00,0.24798014760017395,-0.9477288126945496,0.039999961853027344,-1.51953125,-3.204991579055786,-91.66144561767578
1779121580656794360,1779121580617782456,2026-05-19T00:26:20.656+08:00,0.2484586536884308,-0.9647884964942932,0.039999961853027344,-1.3314379453659058,-3.136439323425293,-91.67608642578125
1779121580859041496,1779121580856099544,2026-05-19T00:26:20.859+08:00,0.2508804202079773,-0.9847633242607117,0.04999995231628418,-1.232265591621399,-2.9523203372955322,-91.7279052734375
1779121581090536984,1779121581087093816,2026-05-19T00:26:21.090+08:00,0.25034675002098083,-1.0040161609649658,0.04999995231628418,-1.3455042839050293,-2.8087339401245117,-91.82146453857422
1779121581290622520,1779121581259683032,2026-05-19T00:26:21.290+08:00,0.24973048269748688,-1.0190467834472656,0.039999961853027344,-1.4867205619812012,-2.8431599140167236,-91.859619140625
1779121581523963416,1779121581486710488,2026-05-19T00:26:21.523+08:00,0.2489340454339981,-1.037611961364746,0.039999961853027344,-1.5318725109100342,-2.835308313369751,-91.88346862792969
1779121581757121496,1779121581726823384,2026-05-19T00:26:21.757+08:00,0.24974265694618225,-1.0603185892105103,0.04999995231628418,-1.241992712020874,-2.7258973121643066,-91.78121948242188
1779121581957390872,1779121581928264856,2026-05-19T00:26:21.957+08:00,0.2598167955875397,-1.0845574140548706,0.04999995231628418,-0.6020318865776062,-2.855074644088745,-91.6527328491211
1779121582157423928,1779121582133940344,2026-05-19T00:26:22.157+08:00,0.2759599983692169,-1.107231855392456,0.04999995231628418,-0.10424189269542694,-3.3130886554718018,-91.42987823486328
1779121582389952280,1779121582383707640,2026-05-19T00:26:22.389+08:00,0.2889289855957031,-1.131136417388916,0.039999961853027344,-0.4237571954727173,-3.8305723667144775,-91.13202667236328
1779121582590381080,1779121582585410584,2026-05-19T00:26:22.590+08:00,0.29223915934562683,-1.1526416540145874,0.04999995231628418,-1.3226934671401978,-4.067910194396973,-90.86690521240234
1779121582790911992,1779121582785724280,2026-05-19T00:26:22.790+08:00,0.29170987010002136,-1.174965500831604,0.04999995231628418,-2.129974365234375,-4.037558555603027,-90.65436553955078
1779121582990950904,1779121582984582520,2026-05-19T00:26:22.990+08:00,0.29478922486305237,-1.196807622909546,0.04999995231628418,-2.4065256118774414,-3.8695783615112305,-90.50341796875
1779121583223700568,1779121583188790872,2026-05-19T00:26:23.223+08:00,0.29728585481643677,-1.2200701236724854,0.04999995231628418,-2.382166624069214,-3.7923126220703125,-90.4090347290039
1779121583456716568,1779121583451713144,2026-05-19T00:26:23.456+08:00,0.29744815826416016,-1.2495603561401367,0.04999995231628418,-1.954175591468811,-3.5260589122772217,-90.43213653564453
1779121583690640568,1779121583652867544,2026-05-19T00:26:23.690+08:00,0.29831549525260925,-1.2693846225738525,0.04999995231628418,-1.4818211793899536,-3.1533796787261963,-90.29779815673828
1779121583893342008,1779121583854897528,2026-05-19T00:26:23.893+08:00,0.30010172724723816,-1.2882426977157593,0.04999995231628418,-1.075895071029663,-2.8011512756347656,-90.21073913574219
1779121584125184600,1779121584087839928,2026-05-19T00:26:24.125+08:00,0.3003823161125183,-1.3096673488616943,0.059999942779541016,-0.9722498655319214,-2.5185141563415527,-90.16898345947266
1779121584356879256,1779121584342762136,2026-05-19T00:26:24.356+08:00,0.29935193061828613,-1.3349554538726807,0.059999942779541016,-1.1843928098678589,-2.290992498397827,-90.19781494140625
1779121584557517080,1779121584546110872,2026-05-19T00:26:24.557+08:00,0.30059269070625305,-1.3544355630874634,0.059999942779541016,-1.4020379781723022,-2.083076000213623,-90.18839263916016
1779121584790611576,1779121584784176600,2026-05-19T00:26:24.790+08:00,0.3023940324783325,-1.3790613412857056,0.059999942779541016,-1.7389589548110962,-1.979814052581787,-90.13026428222656
1779121585023465496,1779121585016725976,2026-05-19T00:26:25.023+08:00,0.3037988841533661,-1.4037715196609497,0.04999995231628418,-2.0222859382629395,-2.163081645965576,-90.06303405761719
1779121585223636152,1779121585221559480,2026-05-19T00:26:25.223+08:00,0.30496957898139954,-1.424363136291504,0.059999942779541016,-2.148036479949951,-2.353224515914917,-90.00946807861328
1779121585456482968,1779121585454506648,2026-05-19T00:26:25.456+08:00,0.3063744306564331,-1.449073314666748,0.04999995231628418,-2.2246363162994385,-2.464317560195923,-89.98798370361328
1779121585658036120,1779121585620372600,2026-05-19T00:26:25.658+08:00,0.30731096863746643,-1.4655466079711914,0.059999942779541016,-2.2279086112976074,-2.5369935035705566,-89.97848510742188
1779121585894226840,1779121585856818040,2026-05-19T00:26:25.894+08:00,0.3061908185482025,-1.4852255582809448,0.059999942779541016,-2.209772825241089,-2.6903562545776367,-89.96778869628906
1779121586123934904,1779121586096812376,2026-05-19T00:26:26.123+08:00,0.29710081219673157,-1.4894416332244873,0.04999995231628418,-2.027127981185913,-2.8110649585723877,-90.1864013671875
1779121586356498520,1779121586350453592,2026-05-19T00:26:26.356+08:00,0.2942311763763428,-1.49733567237854,0.059999942779541016,-1.3766802549362183,-2.856180191040039,-90.40825653076172
1779121586558372440,1779121586547891416,2026-05-19T00:26:26.558+08:00,0.2977178394794464,-1.5012941360473633,0.07999992370605469,-0.8842393159866333,-2.7937734127044678,-90.35591125488281
1779121586791130488,1779121586752811992,2026-05-19T00:26:26.791+08:00,0.29801908135414124,-1.503230094909668,0.06999993324279785,-0.8505181074142456,-2.686511993408203,-90.21360778808594
1779121586991264760,1779121586988779160,2026-05-19T00:26:26.991+08:00,0.29673317074775696,-1.504467487335205,0.059999942779541016,-1.0598138570785522,-2.5454306602478027,-90.19564819335938
1779121587223651192,1779121587187789688,2026-05-19T00:26:27.223+08:00,0.29664215445518494,-1.5041784048080444,0.06999993324279785,-1.1932272911071777,-2.3334875106811523,-90.16276550292969
1779121587425555864,1779121587388034232,2026-05-19T00:26:27.425+08:00,0.2982230484485626,-1.5024399757385254,0.059999942779541016,-1.3919901847839355,-2.108581304550171,-90.05603790283203
1779121587657179672,1779121587652752152,2026-05-19T00:26:27.657+08:00,0.2977616488933563,-1.4974966049194336,0.06999993324279785,-1.7682175636291504,-1.996390461921692,-89.9321517944336
1779121587857969304,1779121587825686776,2026-05-19T00:26:27.857+08:00,0.2973611354827881,-1.49361252784729,0.059999942779541016,-1.8550567626953125,-1.9809610843658447,-89.88924407958984
1779121588091713080,1779121588058489592,2026-05-19T00:26:28.091+08:00,0.2979520559310913,-1.4870692491531372,0.059999942779541016,-1.77867591381073,-1.9355157613754272,-89.83280181884766
1779121588324066424,1779121588295480472,2026-05-19T00:26:28.324+08:00,0.2993365526199341,-1.4796403646469116,0.059999942779541016,-1.613465666770935,-1.9748740196228027,-89.7531967163086
1779121588556822008,1779121588533376696,2026-05-19T00:26:28.556+08:00,0.29963362216949463,-1.4702270030975342,0.06999993324279785,-1.5373749732971191,-2.221395492553711,-89.68167114257812
1779121588789849848,1779121588772089080,2026-05-19T00:26:28.789+08:00,0.3001153767108917,-1.4612748622894287,0.06999993324279785,-1.5009266138076782,-2.575615406036377,-89.6467056274414
1779121588990189560,1779121588977469240,2026-05-19T00:26:28.990+08:00,0.30028265714645386,-1.4552340507507324,0.059999942779541016,-1.5933533906936646,-2.7253077030181885,-89.62779998779297
1779121589190686840,1779121589179749784,2026-05-19T00:26:29.190+08:00,0.29969707131385803,-1.4506092071533203,0.059999942779541016,-1.7229334115982056,-2.7607781887054443,-89.6130599975586
1779121589423548216,1779121589419127960,2026-05-19T00:26:29.423+08:00,0.2988196909427643,-1.4450267553329468,0.059999942779541016,-1.7246452569961548,-2.90889310836792,-89.6024169921875
1779121589657137656,1779121589655075672,2026-05-19T00:26:29.657+08:00,0.29912135004997253,-1.4383271932601929,0.06999993324279785,-1.6715738773345947,-3.0473673343658447,-89.62287902832031
1779121589857393976,1779121589855928216,2026-05-19T00:26:29.857+08:00,0.3007250726222992,-1.4335055351257324,0.059999942779541016,-1.6695201396942139,-2.9779319763183594,-89.60991668701172
1779121590090151096,1779121590086627640,2026-05-19T00:26:30.090+08:00,0.30212751030921936,-1.4286729097366333,0.06999993324279785,-1.821545124053955,-2.8836865425109863,-89.554931640625
1779121590290650072,1779121590288650104,2026-05-19T00:26:30.290+08:00,0.3000710606575012,-1.4246349334716797,0.059999942779541016,-1.9754923582077026,-2.8963239192962646,-89.54632568359375
1779121590490691768,1779121590462140760,2026-05-19T00:26:30.490+08:00,0.29890456795692444,-1.4208128452301025,0.06999993324279785,-1.9149974584579468,-2.867103099822998,-89.5694808959961
1779121590723867032,1779121590696354904,2026-05-19T00:26:30.723+08:00,0.2998351752758026,-1.4168897867202759,0.06999993324279785,-1.74211847782135,-2.775977373123169,-89.59616088867188
1779121590923874552,1779121590899410776,2026-05-19T00:26:30.923+08:00,0.3003479242324829,-1.4150795936584473,0.07999992370605469,-1.6779980659484863,-2.7168469429016113,-89.58119201660156
1779121591156751960,1779121591137544280,2026-05-19T00:26:31.156+08:00,0.29999062418937683,-1.4137728214263916,0.06999993324279785,-1.6900672912597656,-2.575251579284668,-89.54507446289062
1779121591357502392,1779121591333460952,2026-05-19T00:26:31.357+08:00,0.300408273935318,-1.4121192693710327,0.06999993324279785,-1.7748236656188965,-2.5501410961151123,-89.41134643554688
1779121591558446840,1779121591540679160,2026-05-19T00:26:31.558+08:00,0.30072808265686035,-1.4104042053222656,0.06999993324279785,-1.8663033246994019,-2.6398117542266846,-89.38069915771484
1779121591790540312,1779121591779620920,2026-05-19T00:26:31.790+08:00,0.3001424968242645,-1.4092087745666504,0.06999993324279785,-1.918898344039917,-2.645510196685791,-89.3490982055664
1779121592023520248,1779121592012069176,2026-05-19T00:26:32.023+08:00,0.2998226583003998,-1.4089471101760864,0.07999992370605469,-1.8751436471939087,-2.731266975402832,-89.3722152709961
1779121592257447224,1779121592246527672,2026-05-19T00:26:32.257+08:00,0.30071043968200684,-1.4089665412902832,0.06999993324279785,-1.8121682405471802,-2.8290958404541016,-89.38837432861328
1779121592490678200,1779121592482019064,2026-05-19T00:26:32.490+08:00,0.30126243829727173,-1.4092074632644653,0.06999993324279785,-1.771555781364441,-2.7625110149383545,-89.40538024902344
1779121592723818872,1779121592717545560,2026-05-19T00:26:32.723+08:00,0.30042386054992676,-1.4098955392837524,0.06999993324279785,-1.804551124572754,-2.7215490341186523,-89.44681549072266
1779121592925132024,1779121592921810904,2026-05-19T00:26:32.925+08:00,0.29991579055786133,-1.4104028940200806,0.06999993324279785,-1.774457573890686,-2.743614673614502,-89.49786376953125
1779121593156820920,1779121593124509016,2026-05-19T00:26:33.156+08:00,0.3013063669204712,-1.4106242656707764,0.06999993324279785,-1.7225135564804077,-2.7237343788146973,-89.49829864501953
1779121593357094680,1779121593326389112,2026-05-19T00:26:33.357+08:00,0.3027452230453491,-1.41116464138031,0.059999942779541016,-1.8467209339141846,-2.6109347343444824,-89.47235870361328
1779121593589823608,1779121593567147160,2026-05-19T00:26:33.589+08:00,0.30135321617126465,-1.411608099937439,0.059999942779541016,-2.078913927078247,-2.558515787124634,-89.46454620361328
1779121593790213816,1779121593771888184,2026-05-19T00:26:33.790+08:00,0.29908302426338196,-1.411270260810852,0.059999942779541016,-2.1323366165161133,-2.7106215953826904,-89.48253631591797
1779121593990621240,1779121593967475608,2026-05-19T00:26:33.990+08:00,0.29865244030952454,-1.4115588665008545,0.059999942779541016,-1.9882690906524658,-2.75167179107666,-89.50163269042969
1779121594223198328,1779121594207395288,2026-05-19T00:26:34.223+08:00,0.30056625604629517,-1.4133797883987427,0.059999942779541016,-1.7315424680709839,-2.602529525756836,-89.46112823486328
1779121594423649656,1779121594414666584,2026-05-19T00:26:34.423+08:00,0.30188360810279846,-1.4150497913360596,0.059999942779541016,-1.680108666419983,-2.608243227005005,-89.43067932128906
1779121594656716408,1779121594649841336,2026-05-19T00:26:34.656+08:00,0.3016408085823059,-1.4165894985198975,0.059999942779541016,-1.7750663757324219,-2.7073609828948975,-89.49769592285156
1779121594857838104,1779121594850811448,2026-05-19T00:26:34.857+08:00,0.30141445994377136,-1.417590856552124,0.059999942779541016,-1.9467434883117676,-2.748589515686035,-89.53404998779297
1779121595090680824,1779121595086440280,2026-05-19T00:26:35.090+08:00,0.30127596855163574,-1.4185503721237183,0.059999942779541016,-2.159553050994873,-2.8070690631866455,-89.56669616699219
1779121595323515480,1779121595316479256,2026-05-19T00:26:35.323+08:00,0.30068573355674744,-1.4193271398544312,0.059999942779541016,-2.212881565093994,-2.8736026287078857,-89.5931167602539
1779121595524515160,1779121595522467160,2026-05-19T00:26:35.524+08:00,0.2999366223812103,-1.4205050468444824,0.059999942779541016,-2.177762031555176,-2.884625196456909,-89.61311340332031
1779121595757172408,1779121595720082296,2026-05-19T00:26:35.757+08:00,0.29986998438835144,-1.422226905822754,0.059999942779541016,-2.078077554702759,-2.7897963523864746,-89.66319274902344
1779121595990235192,1779121595987545496,2026-05-19T00:26:35.990+08:00,0.2994479238986969,-1.4236456155776978,0.04999995231628418,-1.8770487308502197,-2.715254783630371,-89.71353149414062
1779121596224093880,1779121596187077816,2026-05-19T00:26:36.224+08:00,0.299487441778183,-1.4238338470458984,0.059999942779541016,-1.8162853717803955,-2.810657262802124,-89.72758483886719
1779121596457528184,1779121596424423608,2026-05-19T00:26:36.457+08:00,0.3002243936061859,-1.4242831468582153,0.059999942779541016,-1.891327142715454,-2.808746814727783,-89.7276840209961
1779121596689956632,1779121596658134104,2026-05-19T00:26:36.689+08:00,0.3000863194465637,-1.4258761405944824,0.059999942779541016,-2.122000217437744,-2.7257020473480225,-89.70046997070312
1779121596890588760,1779121596858525976,2026-05-19T00:26:36.890+08:00,0.2987244725227356,-1.430295705795288,0.04999995231628418,-2.3129184246063232,-2.75412654876709,-89.66480255126953
1779121597124074328,1779121597096342008,2026-05-19T00:26:37.124+08:00,0.29836463928222656,-1.4386695623397827,0.04999995231628418,-2.383226156234741,-2.833002805709839,-89.61312866210938
1779121597357168024,1779121597329490040,2026-05-19T00:26:37.357+08:00,0.30046993494033813,-1.4471477270126343,0.059999942779541016,-2.4535250663757324,-2.931162118911743,-89.57072448730469
1779121597590083736,1779121597569758552,2026-05-19T00:26:37.590+08:00,0.2971631586551666,-1.4613685607910156,0.04999995231628418,-2.584486722946167,-2.968909740447998,-89.53163146972656
1779121597790780056,1779121597772532984,2026-05-19T00:26:37.790+08:00,0.2924429774284363,-1.4757040739059448,0.059999942779541016,-2.448408365249634,-2.9772450923919678,-89.41569519042969
1779121597992523960,1779121597977094328,2026-05-19T00:26:37.992+08:00,0.28815194964408875,-1.4887360334396362,0.059999942779541016,-2.010451316833496,-3.017345666885376,-89.3552474975586
1779121598223769912,1779121598204601304,2026-05-19T00:26:38.223+08:00,0.28915467858314514,-1.5032007694244385,0.06999993324279785,-1.296960473060608,-3.1515719890594482,-89.334716796875
1779121598456873368,1779121598439163512,2026-05-19T00:26:38.456+08:00,0.29993534088134766,-1.52021062374115,0.059999942779541016,-0.9765122532844543,-3.3073878288269043,-89.30158996582031
1779121598656972792,1779121598644315192,2026-05-19T00:26:38.656+08:00,0.30751833319664,-1.5347299575805664,0.059999942779541016,-1.6458691358566284,-3.3689393997192383,-89.18311309814453
1779121598890291000,1779121598876191000,2026-05-19T00:26:38.890+08:00,0.30393901467323303,-1.5517317056655884,0.059999942779541016,-3.1062545776367188,-3.5815842151641846,-88.94139099121094
1779121599090428632,1779121599081842360,2026-05-19T00:26:39.090+08:00,0.29431241750717163,-1.5656672716140747,0.059999942779541016,-3.761657953262329,-3.8012239933013916,-88.73958587646484
1779121599323175576,1779121599320939448,2026-05-19T00:26:39.323+08:00,0.2938602566719055,-1.5837684869766235,0.04999995231628418,-3.2279341220855713,-3.8639895915985107,-88.66204833984375
1779121599523861560,1779121599518758264,2026-05-19T00:26:39.523+08:00,0.296415239572525,-1.5998437404632568,0.04999995231628418,-2.399047613143921,-3.899678945541382,-88.69126892089844
1779121599757107672,1779121599754472664,2026-05-19T00:26:39.757+08:00,0.2973707318305969,-1.6193654537200928,0.059999942779541016,-1.6281501054763794,-4.022944450378418,-88.73242950439453
1779121599990513368,1779121599962403608,2026-05-19T00:26:39.990+08:00,0.29417943954467773,-1.6364046335220337,0.059999942779541016,-1.366369366645813,-3.996746778488159,-88.65544128417969
1779121600223525112,1779121600196230392,2026-05-19T00:26:40.223+08:00,0.291227787733078,-1.658493161201477,0.06999993324279785,-1.2532232999801636,-3.662010669708252,-88.59219360351562
1779121600423686296,1779121600396507992,2026-05-19T00:26:40.423+08:00,0.2918565571308136,-1.6800144910812378,0.059999942779541016,-1.3083679676055908,-3.349160671234131,-88.61550903320312
1779121600627038264,1779121600598916760,2026-05-19T00:26:40.627+08:00,0.293905109167099,-1.7000389099121094,0.059999942779541016,-1.6004911661148071,-3.192683219909668,-88.6822509765625
1779121600857254552,1779121600837774584,2026-05-19T00:26:40.857+08:00,0.2947554290294647,-1.7232507467269897,0.04999995231628418,-2.1465330123901367,-3.0562169551849365,-88.80426788330078
1779121601057411288,1779121601042159064,2026-05-19T00:26:41.057+08:00,0.2925484776496887,-1.7424026727676392,0.04999995231628418,-2.4746782779693604,-2.969818353652954,-88.95635986328125
1779121601289927640,1779121601274597432,2026-05-19T00:26:41.289+08:00,0.291932612657547,-1.7635713815689087,0.04999995231628418,-2.51228666305542,-3.0649397373199463,-89.07673645019531
1779121601490018808,1779121601475501240,2026-05-19T00:26:41.490+08:00,0.2938785254955292,-1.7814756631851196,0.04999995231628418,-2.4115612506866455,-3.13924503326416,-89.09923553466797
1779121601723303832,1779121601715478680,2026-05-19T00:26:41.723+08:00,0.29483598470687866,-1.804602026939392,0.059999942779541016,-2.2835946083068848,-3.142038583755493,-89.1570053100586
1779121601923372600,1779121601917144408,2026-05-19T00:26:41.923+08:00,0.29275643825531006,-1.8246060609817505,0.059999942779541016,-2.1566174030303955,-3.197808265686035,-89.22206115722656
1779121602124082328,1779121602117777560,2026-05-19T00:26:42.124+08:00,0.2933608591556549,-1.8445823192596436,0.059999942779541016,-1.89131760597229,-3.251166343688965,-89.31527709960938
1779121602324761304,1779121602287681784,2026-05-19T00:26:42.324+08:00,0.294973224401474,-1.8603285551071167,0.059999942779541016,-1.742048740386963,-3.259155750274658,-89.31983947753906
1779121602556900312,1779121602522410968,2026-05-19T00:26:42.556+08:00,0.29735925793647766,-1.8839068412780762,0.059999942779541016,-1.749864101409912,-3.19063401222229,-89.35913848876953
1779121602757131256,1779121602727746744,2026-05-19T00:26:42.757+08:00,0.2989921271800995,-1.903713583946228,0.059999942779541016,-1.9031329154968262,-3.0898101329803467,-89.3946533203125
1779121602991105112,1779121602962461144,2026-05-19T00:26:42.991+08:00,0.29870861768722534,-1.9284772872924805,0.059999942779541016,-2.1778290271759033,-2.9782369136810303,-89.40833282470703
1779121603224105400,1779121603200379544,2026-05-19T00:26:43.224+08:00,0.2975214719772339,-1.9531633853912354,0.059999942779541016,-2.2625606060028076,-2.831533670425415,-89.43276977539062
1779121603456505112,1779121603439331832,2026-05-19T00:26:43.456+08:00,0.2959379255771637,-1.9778757095336914,0.059999942779541016,-2.065206527709961,-2.595484733581543,-89.42476654052734
1779121603656840344,1779121603641381944,2026-05-19T00:26:43.656+08:00,0.2970215678215027,-1.9985966682434082,0.059999942779541016,-1.8001006841659546,-2.591322183609009,-89.43268585205078
1779121603857261976,1779121603846516664,2026-05-19T00:26:43.857+08:00,0.29981178045272827,-2.0194222927093506,0.059999942779541016,-1.6542439460754395,-2.6823606491088867,-89.38435363769531
1779121604090198904,1779121604077630296,2026-05-19T00:26:44.090+08:00,0.3003225028514862,-2.0392181873321533,0.059999942779541016,-1.7826001644134521,-2.669142246246338,-89.36817932128906
1779121604323210072,1779121604316007512,2026-05-19T00:26:44.323+08:00,0.296830952167511,-2.064162492752075,0.04999995231628418,-1.8856030702590942,-2.7040812969207764,-89.32089233398438
1779121604524517400,1779121604519952888,2026-05-19T00:26:44.524+08:00,0.296688973903656,-2.085472345352173,0.059999942779541016,-1.8258954286575317,-2.8202173709869385,-89.29478454589844
1779121604756962456,1779121604752386104,2026-05-19T00:26:44.756+08:00,0.29862478375434875,-2.109833240509033,0.059999942779541016,-1.8445805311203003,-3.001455307006836,-89.3065185546875
1779121604990003736,1779121604987492216,2026-05-19T00:26:44.990+08:00,0.298598051071167,-2.1334645748138428,0.04999995231628418,-1.9328205585479736,-3.0858638286590576,-89.33245086669922
1779121605191526744,1779121605154257144,2026-05-19T00:26:45.191+08:00,0.29739853739738464,-2.1525797843933105,0.059999942779541016,-1.9668214321136475,-3.0880448818206787,-89.35710144042969
1779121605423855544,1779121605394436120,2026-05-19T00:26:45.423+08:00,0.2975001931190491,-2.178178071975708,0.04999995231628418,-1.889894723892212,-3.04756498336792,-89.38208770751953
1779121605624019544,1779121605594949336,2026-05-19T00:26:45.624+08:00,0.29863494634628296,-2.1984808444976807,0.059999942779541016,-1.873213291168213,-2.953338146209717,-89.38160705566406
1779121605857855160,1779121605826379992,2026-05-19T00:26:45.857+08:00,0.30008599162101746,-2.219053030014038,0.059999942779541016,-1.983126163482666,-2.7956736087799072,-89.44697570800781
1779121606090254104,1779121606065930392,2026-05-19T00:26:46.090+08:00,0.29965081810951233,-2.2388319969177246,0.04999995231628418,-2.1850850582122803,-2.612683057785034,-89.47372436523438
1779121606323633624,1779121606304527640,2026-05-19T00:26:46.323+08:00,0.2976633310317993,-2.25477933883667,0.04999995231628418,-2.2766568660736084,-2.4469645023345947,-89.5549087524414
1779121606523977944,1779121606506408600,2026-05-19T00:26:46.523+08:00,0.2967134416103363,-2.2666049003601074,0.04999995231628418,-2.1479685306549072,-2.3630220890045166,-89.58233642578125
1779121606756964920,1779121606727055000,2026-05-19T00:26:46.756+08:00,0.29925552010536194,-2.2759006023406982,0.04999995231628418,-1.8736045360565186,-2.360213279724121,-89.56758117675781
1779121606957591864,1779121606928856920,2026-05-19T00:26:46.957+08:00,0.301272988319397,-2.281898021697998,0.04999995231628418,-1.8487257957458496,-2.42061710357666,-89.52698516845703
1779121607190544824,1779121607162381496,2026-05-19T00:26:47.190+08:00,0.2998010218143463,-2.2866945266723633,0.04999995231628418,-2.049247980117798,-2.5951530933380127,-89.49153900146484
1779121607390600024,1779121607366083864,2026-05-19T00:26:47.390+08:00,0.29822948575019836,-2.2896933555603027,0.04999995231628418,-2.119009017944336,-2.7808678150177,-89.48736572265625
1779121607623711768,1779121607604825816,2026-05-19T00:26:47.623+08:00,0.2996891140937805,-2.2922163009643555,0.039999961853027344,-1.9804222583770752,-2.872685194015503,-89.4848861694336
1779121607858359352,1779121607832053784,2026-05-19T00:26:47.858+08:00,0.30283719301223755,-2.294255018234253,0.04999995231628418,-1.9503346681594849,-2.8652279376983643,-89.56287384033203
1779121608090540440,1779121608062882552,2026-05-19T00:26:48.090+08:00,0.30280375480651855,-2.294793128967285,0.04999995231628418,-2.271271228790283,-2.8557851314544678,-89.52921295166016
1779121608290763064,1779121608267431960,2026-05-19T00:26:48.290+08:00,0.300859659910202,-2.293039321899414,0.039999961853027344,-2.485576868057251,-2.816653251647949,-89.5270004272461
1779121608523761688,1779121608506176984,2026-05-19T00:26:48.523+08:00,0.29975461959838867,-2.2895827293395996,0.039999961853027344,-2.480128765106201,-2.68888521194458,-89.50154876708984
1779121608723769400,1779121608707498552,2026-05-19T00:26:48.723+08:00,0.2993638813495636,-2.286543130874634,0.04999995231628418,-2.3644561767578125,-2.5319983959198,-89.44609069824219
1779121608924058552,1779121608917247896,2026-05-19T00:26:48.924+08:00,0.3001278042793274,-2.2814815044403076,0.04999995231628418,-2.135986566543579,-2.511948585510254,-89.37852478027344
1779121609156725176,1779121609154323576,2026-05-19T00:26:49.156+08:00,0.30200570821762085,-2.274453639984131,0.039999961853027344,-2.0740199089050293,-2.527045488357544,-89.26051330566406
1779121609358017432,1779121609354422296,2026-05-19T00:26:49.358+08:00,0.30116260051727295,-2.2706453800201416,0.04999995231628418,-2.2034912109375,-2.490278959274292,-89.13230895996094
1779121609590005432,1779121609584291576,2026-05-19T00:26:49.590+08:00,0.2994605302810669,-2.268887519836426,0.04999995231628418,-2.2195401191711426,-2.5833020210266113,-89.02629089355469
1779121609790172664,1779121609782425720,2026-05-19T00:26:49.790+08:00,0.2996164858341217,-2.2683496475219727,0.04999995231628418,-2.079119920730591,-2.7427215576171875,-88.97280883789062
1779121610024044664,1779121610021572056,2026-05-19T00:26:50.024+08:00,0.30090847611427307,-2.2690634727478027,0.04999995231628418,-1.987683653831482,-2.840710401535034,-88.86833953857422
1779121610256541560,1779121610226061400,2026-05-19T00:26:50.256+08:00,0.3014049232006073,-2.270181655883789,0.059999942779541016,-2.0146584510803223,-2.8661093711853027,-88.8194351196289
1779121610456581336,1779121610445258680,2026-05-19T00:26:50.456+08:00,0.3007397949695587,-2.2722227573394775,0.04999995231628418,-2.078019380569458,-2.933851718902588,-88.7872314453125
1779121610690159192,1779121610684535864,2026-05-19T00:26:50.690+08:00,0.3006257116794586,-2.2752525806427,0.059999942779541016,-2.0678114891052246,-2.9167778491973877,-88.7787094116211
1779121610890225688,1779121610886466168,2026-05-19T00:26:50.890+08:00,0.3009316921234131,-2.2779719829559326,0.04999995231628418,-1.974099040031433,-2.784621477127075,-88.794189453125
1779121611090244472,1779121611088275480,2026-05-19T00:26:51.090+08:00,0.3011908531188965,-2.2807631492614746,0.059999942779541016,-1.9196587800979614,-2.6959269046783447,-88.76483154296875
1779121611290539320,1779121611261603224,2026-05-19T00:26:51.290+08:00,0.3014970123767853,-2.283273458480835,0.059999942779541016,-1.9028520584106445,-2.618330955505371,-88.74490356445312
1779121611523411416,1779121611515093240,2026-05-19T00:26:51.523+08:00,0.3015657067298889,-2.286417245864868,0.059999942779541016,-1.9527798891067505,-2.4002456665039062,-88.72795104980469
1779121611724335864,1779121611718804568,2026-05-19T00:26:51.724+08:00,0.3011963367462158,-2.2876570224761963,0.059999942779541016,-1.9983408451080322,-2.2863411903381348,-88.7230453491211
1779121611956508792,1779121611950589720,2026-05-19T00:26:51.956+08:00,0.3007461428642273,-2.2891106605529785,0.059999942779541016,-1.9635874032974243,-2.289884328842163,-88.76073455810547
1779121612158374200,1779121612117204472,2026-05-19T00:26:52.158+08:00,0.3009105324745178,-2.2904398441314697,0.059999942779541016,-1.9254286289215088,-2.315363645553589,-88.78936767578125
1779121612390364792,1779121612371452024,2026-05-19T00:26:52.390+08:00,0.3020123541355133,-2.293976068496704,0.06999993324279785,-1.8761820793151855,-2.2742505073547363,-88.76737213134766
1779121612590477432,1779121612575367928,2026-05-19T00:26:52.590+08:00,0.30209431052207947,-2.296880006790161,0.059999942779541016,-1.911115050315857,-2.262030839920044,-88.73246765136719
1779121612823885112,1779121612809061240,2026-05-19T00:26:52.823+08:00,0.3007180690765381,-2.2981109619140625,0.059999942779541016,-1.9421241283416748,-2.3909213542938232,-88.72657012939453
1779121613023970456,1779121613014148152,2026-05-19T00:26:53.023+08:00,0.2996502220630646,-2.298090934753418,0.059999942779541016,-1.8366647958755493,-2.5909693241119385,-88.74290466308594
1779121613257150648,1779121613247136184,2026-05-19T00:26:53.257+08:00,0.29956743121147156,-2.298377752304077,0.06999993324279785,-1.6501245498657227,-2.7038848400115967,-88.74394226074219
1779121613490130296,1779121613481031384,2026-05-19T00:26:53.490+08:00,0.30178549885749817,-2.299936056137085,0.059999942779541016,-1.5761348009109497,-2.677912473678589,-88.71845245361328
1779121613723449496,1779121613715121400,2026-05-19T00:26:53.723+08:00,0.30197224020957947,-2.301274061203003,0.06999993324279785,-1.8166121244430542,-2.680257797241211,-88.6683349609375
1779121613923666744,1779121613914228568,2026-05-19T00:26:53.923+08:00,0.3006601929664612,-2.3017916679382324,0.059999942779541016,-1.9920456409454346,-2.687246084213257,-88.67542266845703
1779121614157372888,1779121614152351832,2026-05-19T00:26:54.157+08:00,0.3000636696815491,-2.302231788635254,0.059999942779541016,-1.9533274173736572,-2.571822166442871,-88.71170806884766
1779121614390081720,1779121614377356088,2026-05-19T00:26:54.390+08:00,0.3005744218826294,-2.302290916442871,0.059999942779541016,-1.786678671836853,-2.4211103916168213,-88.73462677001953
1779121614590294168,1779121614582444568,2026-05-19T00:26:54.590+08:00,0.3006214499473572,-2.3014323711395264,0.059999942779541016,-1.6119906902313232,-2.4008190631866455,-88.7509765625
1779121614791267096,1779121614787338296,2026-05-19T00:26:54.791+08:00,0.3004767894744873,-2.300130844116211,0.059999942779541016,-1.4537335634231567,-2.437324047088623,-88.75936889648438
1779121615023482648,1779121615020163192,2026-05-19T00:26:55.023+08:00,0.30149734020233154,-2.2998385429382324,0.06999993324279785,-1.4762897491455078,-2.3779382705688477,-88.76797485351562
1779121615257931800,1779121615256161496,2026-05-19T00:26:55.257+08:00,0.30235639214515686,-2.3006467819213867,0.059999942779541016,-1.6983486413955688,-2.3353841304779053,-88.72676086425781
1779121615489900312,1779121615474296056,2026-05-19T00:26:55.489+08:00,0.30072513222694397,-2.3010268211364746,0.059999942779541016,-1.9220374822616577,-2.446681022644043,-88.75215148925781
1779121615690876120,1779121615680393880,2026-05-19T00:26:55.690+08:00,0.29910755157470703,-2.3010802268981934,0.059999942779541016,-1.9324589967727661,-2.537231206893921,-88.8908920288086
1779121615923628504,1779121615910237464,2026-05-19T00:26:55.923+08:00,0.2996880114078522,-2.3013558387756348,0.059999942779541016,-1.7306344509124756,-2.554230213165283,-88.95115661621094
1779121616156780376,1779121616144867608,2026-05-19T00:26:56.156+08:00,0.3015988767147064,-2.30110239982605,0.059999942779541016,-1.563691258430481,-2.654662609100342,-88.9310531616211
1779121616390306296,1779121616381120792,2026-05-19T00:26:56.390+08:00,0.3011258542537689,-2.2998781204223633,0.04999995231628418,-1.5871140956878662,-2.747819423675537,-88.85586547851562
1779121616590391960,1779121616581386328,2026-05-19T00:26:56.590+08:00,0.30021288990974426,-2.2992570400238037,0.059999942779541016,-1.653006911277771,-2.721886396408081,-88.8505630493164
1779121616790621560,1779121616751998872,2026-05-19T00:26:56.790+08:00,0.3001697063446045,-2.298900842666626,0.059999942779541016,-1.6467387676239014,-2.7183239459991455,-88.83625030517578
1779121617023513464,1779121616986875672,2026-05-19T00:26:57.023+08:00,0.30059531331062317,-2.2986860275268555,0.04999995231628418,-1.6160393953323364,-2.7273926734924316,-88.82332611083984
1779121617257003992,1779121617228777848,2026-05-19T00:26:57.257+08:00,0.3009103238582611,-2.297985792160034,0.04999995231628418,-1.658986210823059,-2.578261375427246,-87.84327697753906
1779121617457154904,1779121617446190584,2026-05-19T00:26:57.457+08:00,0.30434074997901917,-2.2934951782226562,0.039999961853027344,-2.117260694503784,-2.21970272064209,-82.74320983886719
1779121617690033016,1779121617674991576,2026-05-19T00:26:57.690+08:00,0.30950185656547546,-2.287353038787842,0.039999961853027344,-2.806424617767334,-1.9045367240905762,-75.06909942626953
1779121617890521688,1779121617877398296,2026-05-19T00:26:57.890+08:00,0.30986493825912476,-2.285367488861084,0.029999971389770508,-3.288069248199463,-1.8015228509902954,-68.20653533935547
1779121618123267000,1779121618115808184,2026-05-19T00:26:58.123+08:00,0.30883684754371643,-2.2848501205444336,0.039999961853027344,-3.3368325233459473,-1.8189698457717896,-60.201866149902344
1779121618323860440,1779121618311171672,2026-05-19T00:26:58.323+08:00,0.3076305389404297,-2.285083055496216,0.039999961853027344,-2.8566999435424805,-1.9784764051437378,-53.95395278930664
1779121618556208920,1779121618543987416,2026-05-19T00:26:58.556+08:00,0.3057209253311157,-2.285771608352661,0.04999995231628418,-1.9876631498336792,-2.3189196586608887,-47.5886116027832
1779121618756658936,1779121618747989208,2026-05-19T00:26:58.756+08:00,0.30417415499687195,-2.286245346069336,0.059999942779541016,-1.2313514947891235,-2.682420253753662,-42.283851623535156
1779121618957076856,1779121618949162200,2026-05-19T00:26:58.957+08:00,0.3027985095977783,-2.286761522293091,0.059999942779541016,-0.7249962687492371,-3.133387804031372,-37.43901824951172
1779121619190315672,1779121619151911800,2026-05-19T00:26:59.190+08:00,0.30004483461380005,-2.287867546081543,0.059999942779541016,-0.46224239468574524,-3.7333669662475586,-32.61860656738281
1779121619391210904,1779121619386423864,2026-05-19T00:26:59.391+08:00,0.2977335453033447,-2.289257049560547,0.04999995231628418,-0.41308730840682983,-4.201102256774902,-28.331857681274414
1779121619623737240,1779121619619250584,2026-05-19T00:26:59.623+08:00,0.29700425267219543,-2.290592670440674,0.059999942779541016,-0.6111866235733032,-4.510470390319824,-24.131986618041992
1779121619857326840,1779121619855607352,2026-05-19T00:26:59.857+08:00,0.2978506088256836,-2.292736053466797,0.059999942779541016,-0.8501301407814026,-4.6264848709106445,-20.36251449584961
1779121620057918136,1779121620055737240,2026-05-19T00:27:00.057+08:00,0.2986603081226349,-2.2952592372894287,0.04999995231628418,-0.9120897054672241,-4.580899238586426,-17.603105545043945
1779121620290189400,1779121620286194456,2026-05-19T00:27:00.290+08:00,0.299080491065979,-2.296823740005493,0.059999942779541016,-0.8628916144371033,-4.501107692718506,-14.916211128234863
1779121620490581912,1779121620459937976,2026-05-19T00:27:00.490+08:00,0.29955506324768066,-2.2968246936798096,0.059999942779541016,-0.7399007678031921,-4.413540840148926,-12.949451446533203
1779121620690700280,1779121620662425944,2026-05-19T00:27:00.690+08:00,0.3001445233821869,-2.296935796737671,0.059999942779541016,-0.6082795262336731,-4.286727428436279,-10.941410064697266
1779121620890977560,1779121620862956728,2026-05-19T00:27:00.890+08:00,0.3010416030883789,-2.2973759174346924,0.059999942779541016,-0.5635450482368469,-4.177384853363037,-9.152016639709473
1779121621124275256,1779121621101220792,2026-05-19T00:27:01.124+08:00,0.3024148643016815,-2.2978711128234863,0.059999942779541016,-0.6358623504638672,-4.082901954650879,-7.279984474182129
1779121621357095128,1779121621342309592,2026-05-19T00:27:01.357+08:00,0.30357879400253296,-2.299255847930908,0.059999942779541016,-0.6985394358634949,-4.071006774902344,-5.698987007141113
1779121621591384696,1779121621579809240,2026-05-19T00:27:01.591+08:00,0.30473846197128296,-2.302325963973999,0.059999942779541016,-0.508270800113678,-4.066013336181641,-4.270712375640869
1779121621823550232,1779121621811964184,2026-05-19T00:27:01.823+08:00,0.3054182231426239,-2.301607370376587,0.059999942779541016,-0.0559755340218544,-4.072820663452148,-2.9147627353668213
1779121622023836312,1779121622012999128,2026-05-19T00:27:02.023+08:00,0.30565598607063293,-2.2986514568328857,0.059999942779541016,0.24634075164794922,-4.1359333992004395,-1.9775378704071045
1779121622257377208,1779121622248149112,2026-05-19T00:27:02.257+08:00,0.30599868297576904,-2.295567512512207,0.04999995231628418,0.24830414354801178,-4.158022880554199,-1.0335441827774048
1779121622490436344,1779121622480987256,2026-05-19T00:27:02.490+08:00,0.3069395422935486,-2.2945919036865234,0.04999995231628418,-0.2734227478504181,-4.139184474945068,0.03130275756120682
1779121622690562904,1779121622683886712,2026-05-19T00:27:02.690+08:00,0.3077567219734192,-2.2966079711914062,0.04999995231628418,-0.7952929735183716,-4.095107555389404,0.8419983983039856
1779121622924016856,1779121622918292056,2026-05-19T00:27:02.924+08:00,0.30793821811676025,-2.30063533782959,0.04999995231628418,-1.0654748678207397,-4.038926601409912,1.8434816598892212
1779121623158069688,1779121623152037272,2026-05-19T00:27:03.158+08:00,0.3081563115119934,-2.304718255996704,0.04999995231628418,-0.6425430774688721,-4.069966793060303,2.4148952960968018
1779121623390864440,1779121623380965816,2026-05-19T00:27:03.390+08:00,0.31337377429008484,-2.296513080596924,0.059999942779541016,0.5908014178276062,-4.1351237297058105,3.0061779022216797
1779121623591151064,1779121623585340344,2026-05-19T00:27:03.591+08:00,0.32594797015190125,-2.278470993041992,0.059999942779541016,1.9769163131713867,-4.422616958618164,3.5277516841888428
1779121623823379960,1779121623817336248,2026-05-19T00:27:03.823+08:00,0.34705159068107605,-2.2514021396636963,0.04999995231628418,3.03995418548584,-5.036258220672607,4.183012962341309
1779121624056432632,1779121624050891992,2026-05-19T00:27:04.056+08:00,0.3740455210208893,-2.227329730987549,0.04999995231628418,2.9263222217559814,-5.644992828369141,4.81104850769043
1779121624257366328,1779121624251774040,2026-05-19T00:27:04.257+08:00,0.40018966794013977,-2.212827444076538,0.029999971389770508,1.956632137298584,-5.951110363006592,5.27894401550293
1779121624490212664,1779121624478131192,2026-05-19T00:27:04.490+08:00,0.4319349229335785,-2.200887441635132,0.029999971389770508,0.2708567976951599,-5.9977617263793945,5.744236946105957
1779121624723734104,1779121624715725112,2026-05-19T00:27:04.723+08:00,0.4692545533180237,-2.197138786315918,0.029999971389770508,-1.4202489852905273,-5.803517818450928,6.164587020874023
1779121624956554136,1779121624945083320,2026-05-19T00:27:04.956+08:00,0.5030682682991028,-2.196337938308716,0.019999980926513672,-2.0615687370300293,-5.666072845458984,6.47914457321167
1779121625157303192,1779121625147030840,2026-05-19T00:27:05.157+08:00,0.5342597365379333,-2.193615674972534,0.029999971389770508,-1.8166322708129883,-5.513874053955078,6.71451997756958
1779121625358881432,1779121625333061240,2026-05-19T00:27:05.358+08:00,0.565366804599762,-2.1899893283843994,0.029999971389770508,-1.1779004335403442,-5.243489742279053,6.870241165161133
1779121625590633016,1779121625568026872,2026-05-19T00:27:05.590+08:00,0.6015541553497314,-2.191643476486206,0.029999971389770508,-0.5225718021392822,-5.0092620849609375,7.019091606140137
1779121625823692952,1779121625799655480,2026-05-19T00:27:05.823+08:00,0.6380197405815125,-2.1965739727020264,0.029999971389770508,0.12002182006835938,-4.922672748565674,7.170134544372559
1779121626025017624,1779121626009381784,2026-05-19T00:27:06.025+08:00,0.6684155464172363,-2.1993019580841064,0.029999971389770508,0.5981743931770325,-4.832667827606201,7.355765342712402
1779121626256948824,1779121626252818104,2026-05-19T00:27:06.256+08:00,0.7153244614601135,-2.1949524879455566,0.029999971389770508,0.8073214292526245,-4.506581783294678,7.55037784576416
1779121626457139896,1779121626443970360,2026-05-19T00:27:06.457+08:00,0.7479466795921326,-2.194507360458374,0.019999980926513672,0.6085731387138367,-4.369514465332031,7.625209331512451
1779121626689928792,1779121626678288120,2026-05-19T00:27:06.689+08:00,0.7901145219802856,-2.201158285140991,0.019999980926513672,-0.2263607382774353,-4.589262008666992,7.701215744018555
1779121626890429336,1779121626884826264,2026-05-19T00:27:06.890+08:00,0.8257107138633728,-2.2083892822265625,0.009999990463256836,-0.9485700726509094,-4.924220085144043,7.752292156219482
1779121627124060568,1779121627116828312,2026-05-19T00:27:07.124+08:00,0.8720924258232117,-2.2130401134490967,0.029999971389770508,-1.4134087562561035,-5.221218585968018,7.803538799285889
1779121627357237976,1779121627346897880,2026-05-19T00:27:07.357+08:00,0.9133173227310181,-2.216486930847168,0.019999980926513672,-1.3359471559524536,-5.425604820251465,7.839171886444092
1779121627557368920,1779121627554629304,2026-05-19T00:27:07.557+08:00,0.9567042589187622,-2.2216732501983643,0.019999980926513672,-0.7372599840164185,-5.669615268707275,7.833175182342529
1779121627758290360,1779121627755985208,2026-05-19T00:27:07.758+08:00,0.9934834241867065,-2.2208497524261475,0.019999980926513672,0.11195991188287735,-5.804567337036133,7.749286651611328
1779121627990238712,1779121627957768984,2026-05-19T00:27:07.990+08:00,1.0260379314422607,-2.2139079570770264,0.039999961853027344,0.6681804060935974,-5.747600078582764,7.62576961517334
1779121628190325688,1779121628156878296,2026-05-19T00:27:08.190+08:00,1.055350422859192,-2.2106077671051025,0.029999971389770508,0.6495479345321655,-5.603571891784668,7.530440807342529
1779121628423227768,1779121628417858488,2026-05-19T00:27:08.423+08:00,1.0886870622634888,-2.211886405944824,0.029999971389770508,0.13006660342216492,-5.521386623382568,7.476680278778076
1779121628623966520,1779121628593949208,2026-05-19T00:27:08.623+08:00,1.1084673404693604,-2.2122740745544434,0.029999971389770508,-0.18798828125,-5.3116536140441895,7.489172458648682
1779121628857254040,1779121628830187096,2026-05-19T00:27:08.857+08:00,1.1286033391952515,-2.2076950073242188,0.029999971389770508,-0.31280821561813354,-4.856655120849609,7.548274040222168
1779121629057445400,1779121629030698904,2026-05-19T00:27:09.057+08:00,1.1465346813201904,-2.202101707458496,0.039999961853027344,-0.47769904136657715,-4.624304294586182,7.6772284507751465
1779121629290564792,1779121629268891928,2026-05-19T00:27:09.290+08:00,1.1621835231781006,-2.2022576332092285,0.039999961853027344,-0.6834912300109863,-4.66532039642334,7.726350784301758
1779121629490577560,1779121629461326712,2026-05-19T00:27:09.490+08:00,1.1722110509872437,-2.2034997940063477,0.039999961853027344,-0.5981426239013672,-4.622107982635498,7.701967239379883
1779121629691196952,1779121629663099448,2026-05-19T00:27:09.691+08:00,1.1811436414718628,-2.201911211013794,0.039999961853027344,-0.2512194812297821,-4.524736404418945,7.730005264282227
1779121629925204984,1779121629895510840,2026-05-19T00:27:09.925+08:00,1.1902637481689453,-2.1968064308166504,0.04999995231628418,0.13132642209529877,-4.513425350189209,7.722157001495361
1779121630156475224,1779121630137651000,2026-05-19T00:27:10.156+08:00,1.1957615613937378,-2.1951169967651367,0.04999995231628418,-0.03166591003537178,-4.619279861450195,7.760563373565674
1779121630356768952,1779121630354660920,2026-05-19T00:27:10.356+08:00,1.1981709003448486,-2.1966583728790283,0.039999961853027344,-0.415351927280426,-4.698787689208984,7.725032806396484
1779121630559004568,1779121630528273976,2026-05-19T00:27:10.559+08:00,1.1984601020812988,-2.197528600692749,0.039999961853027344,-0.6693231463432312,-4.755214214324951,7.677467346191406
1779121630792405720,1779121630761896888,2026-05-19T00:27:10.792+08:00,1.1966146230697632,-2.1974892616271973,0.04999995231628418,-1.0377179384231567,-4.888895034790039,7.629457950592041
1779121631023301976,1779121631004002584,2026-05-19T00:27:11.023+08:00,1.1924420595169067,-2.1981606483459473,0.04999995231628418,-1.0574712753295898,-5.013505458831787,7.578654766082764
1779121631256731416,1779121631233470008,2026-05-19T00:27:11.256+08:00,1.1871203184127808,-2.199763059616089,0.04999995231628418,-0.7242481708526611,-5.095218658447266,7.50925350189209
1779121631457316888,1779121631422803704,2026-05-19T00:27:11.457+08:00,1.1823028326034546,-2.1999027729034424,0.04999995231628418,-0.49872615933418274,-5.177355766296387,7.463893890380859
1779121631690001816,1779121631663565624,2026-05-19T00:27:11.690+08:00,1.1748660802841187,-2.199522018432617,0.059999942779541016,-0.3951314389705658,-5.309264183044434,7.42289924621582
1779121631890210520,1779121631874529624,2026-05-19T00:27:11.890+08:00,1.167791485786438,-2.2015132904052734,0.04999995231628418,-0.525551438331604,-5.488993167877197,7.368844985961914
1779121632090646008,1779121632069624440,2026-05-19T00:27:12.090+08:00,1.162493348121643,-2.203458547592163,0.04999995231628418,-0.6353327035903931,-5.615476608276367,7.312291145324707
1779121632323548280,1779121632270171768,2026-05-19T00:27:12.323+08:00,1.1571433544158936,-2.2042973041534424,0.04999995231628418,-0.6885608434677124,-5.645561695098877,7.255682468414307
1779121632523669496,1779121632493697304,2026-05-19T00:27:12.523+08:00,1.1503322124481201,-2.2026689052581787,0.04999995231628418,-0.75742107629776,-5.613234043121338,7.213499546051025
1779121632757192920,1779121632729574072,2026-05-19T00:27:12.757+08:00,1.1431361436843872,-2.202336072921753,0.059999942779541016,-0.8591646552085876,-5.5808491706848145,7.227842807769775
1779121632990459224,1779121632964451640,2026-05-19T00:27:12.990+08:00,1.1369233131408691,-2.2045106887817383,0.04999995231628418,-0.9284358024597168,-5.482468128204346,7.117883682250977
1779121633223791704,1779121633198051512,2026-05-19T00:27:13.223+08:00,1.1300145387649536,-2.207289934158325,0.059999942779541016,-0.7915354371070862,-5.396361351013184,7.0049943923950195
1779121633424521496,1779121633412128472,2026-05-19T00:27:13.424+08:00,1.1249865293502808,-2.20778751373291,0.059999942779541016,-0.5351225733757019,-5.362364292144775,6.8664984703063965
1779121633656429240,1779121633650318840,2026-05-19T00:27:13.656+08:00,1.1214450597763062,-2.2064268589019775,0.04999995231628418,-0.33313679695129395,-5.208255767822266,6.698564529418945
1779121633857222264,1779121633852015320,2026-05-19T00:27:13.857+08:00,1.1188879013061523,-2.2058279514312744,0.059999942779541016,-0.3783746361732483,-5.082391738891602,6.611124515533447
1779121634090444152,1779121634081759992,2026-05-19T00:27:14.090+08:00,1.1160995960235596,-2.2064573764801025,0.059999942779541016,-0.5940117239952087,-5.040720462799072,6.538902282714844
1779121634323683032,1779121634320054008,2026-05-19T00:27:14.323+08:00,1.1124815940856934,-2.20760440826416,0.04999995231628418,-0.7472959756851196,-5.053155422210693,6.444358825683594
1779121634523789368,1779121634486884856,2026-05-19T00:27:14.523+08:00,1.110388159751892,-2.208470106124878,0.04999995231628418,-0.7311757802963257,-5.04866361618042,6.365346908569336
1779121634724093720,1779121634693390648,2026-05-19T00:27:14.724+08:00,1.1081253290176392,-2.208946704864502,0.04999995231628418,-0.6122965812683105,-4.992605686187744,6.227376937866211
1779121634960891992,1779121634929411480,2026-05-19T00:27:14.960+08:00,1.1062525510787964,-2.208350896835327,0.04999995231628418,-0.5165262818336487,-4.948858737945557,6.124166011810303
1779121635190754712,1779121635165959992,2026-05-19T00:27:15.190+08:00,1.1043895483016968,-2.207988739013672,0.059999942779541016,-0.4369245171546936,-4.991450786590576,6.077536582946777
1779121635423899768,1779121635400291320,2026-05-19T00:27:15.423+08:00,1.103208303451538,-2.207841157913208,0.04999995231628418,-0.4310237765312195,-5.0207366943359375,6.03792142868042
1779121635656804056,1779121635650921624,2026-05-19T00:27:15.656+08:00,1.1033296585083008,-2.2072012424468994,0.059999942779541016,-0.49769827723503113,-4.930743217468262,5.992917060852051
1779121635857002872,1779121635853599128,2026-05-19T00:27:15.857+08:00,1.1037030220031738,-2.207193374633789,0.04999995231628418,-0.566478431224823,-4.862949848175049,5.97353982925415
1779121636058009880,1779121636025373304,2026-05-19T00:27:16.058+08:00,1.103618860244751,-2.207897901535034,0.04999995231628418,-0.5828830003738403,-4.849007606506348,5.975295543670654
1779121636290645080,1779121636263373656,2026-05-19T00:27:16.290+08:00,1.1027814149856567,-2.209710121154785,0.059999942779541016,-0.46342816948890686,-4.8600053787231445,5.991271018981934
1779121636490672952,1779121636465524376,2026-05-19T00:27:16.490+08:00,1.1020920276641846,-2.210235595703125,0.059999942779541016,-0.21880795061588287,-4.846981525421143,5.995485305786133
1779121636723743160,1779121636716562808,2026-05-19T00:27:16.723+08:00,1.1021360158920288,-2.209028959274292,0.059999942779541016,-0.020928114652633667,-4.773236274719238,6.037777900695801
1779121636958392152,1779121636925259000,2026-05-19T00:27:16.958+08:00,1.1027053594589233,-2.2085540294647217,0.04999995231628418,-0.07102543115615845,-4.7129058837890625,6.1023712158203125
1779121637190301496,1779121637157444664,2026-05-19T00:27:17.190+08:00,1.103341817855835,-2.208723306655884,0.04999995231628418,-0.22711525857448578,-4.724876880645752,6.155298233032227
1779121637423728664,1779121637395208152,2026-05-19T00:27:17.423+08:00,1.1041854619979858,-2.208691120147705,0.059999942779541016,-0.4256177544593811,-4.687941074371338,6.175604343414307
1779121637623766776,1779121637595227320,2026-05-19T00:27:17.623+08:00,1.1055490970611572,-2.2083377838134766,0.04999995231628418,-0.5755283832550049,-4.598423004150391,6.181601047515869
1779121637823787640,1779121637796497944,2026-05-19T00:27:17.823+08:00,1.1067709922790527,-2.208775281906128,0.04999995231628418,-0.605330765247345,-4.575620174407959,6.224283218383789
1779121638057039672,1779121638030562360,2026-05-19T00:27:18.057+08:00,1.1078565120697021,-2.2098724842071533,0.04999995231628418,-0.47678861021995544,-4.566067218780518,6.244158744812012
1779121638290251512,1779121638262394136,2026-05-19T00:27:18.290+08:00,1.1079835891723633,-2.2095837593078613,0.059999942779541016,-0.3674999475479126,-4.517448902130127,6.269908905029297
1779121638490767160,1779121638476778936,2026-05-19T00:27:18.490+08:00,1.1083297729492188,-2.208369493484497,0.04999995231628418,-0.2785851061344147,-4.5100860595703125,6.3473219871521
1779121638731368088,1779121638678030296,2026-05-19T00:27:18.731+08:00,1.1085110902786255,-2.2087252140045166,0.04999995231628418,-0.2791990339756012,-4.543693542480469,6.4751081466674805
1779121638956491832,1779121638950375480,2026-05-19T00:27:18.956+08:00,1.1096779108047485,-2.209707260131836,0.04999995231628418,-0.4062284231185913,-4.594000816345215,6.495154857635498
1779121639156984152,1779121639148053592,2026-05-19T00:27:19.156+08:00,1.1113067865371704,-2.209092378616333,0.04999995231628418,-0.4712553024291992,-4.561741828918457,6.503405570983887
1779121639357221816,1779121639316795352,2026-05-19T00:27:19.357+08:00,1.1125370264053345,-2.2084310054779053,0.04999995231628418,-0.5274555087089539,-4.510331630706787,6.5811944007873535
1779121639590561496,1779121639585083864,2026-05-19T00:27:19.590+08:00,1.1132521629333496,-2.2090911865234375,0.039999961853027344,-0.5773693323135376,-4.5656023025512695,6.657651901245117
1779121639823250776,1779121639817844440,2026-05-19T00:27:19.823+08:00,1.1125589609146118,-2.2098541259765625,0.04999995231628418,-0.5655891299247742,-4.632551670074463,6.712149620056152
1779121640024149208,1779121640022715128,2026-05-19T00:27:20.024+08:00,1.1126662492752075,-2.208552837371826,0.04999995231628418,-0.5092382431030273,-4.586994171142578,6.7275519371032715
1779121640257579064,1779121640224753368,2026-05-19T00:27:20.257+08:00,1.113479733467102,-2.206434726715088,0.04999995231628418,-0.5868245959281921,-4.521780014038086,6.979524612426758
1779121640490277144,1779121640484445080,2026-05-19T00:27:20.490+08:00,1.1165651082992554,-2.20339035987854,0.029999971389770508,-1.4561161994934082,-4.468048095703125,11.905231475830078
1779121640724038424,1779121640722230584,2026-05-19T00:27:20.724+08:00,1.1170579195022583,-2.200286626815796,0.029999971389770508,-2.5006418228149414,-4.569274425506592,18.908340454101562
1779121640957173912,1779121640918434936,2026-05-19T00:27:20.957+08:00,1.1169501543045044,-2.200117826461792,0.039999961853027344,-3.1395084857940674,-4.706243991851807,25.034992218017578
1779121641157770104,1779121641154699992,2026-05-19T00:27:21.157+08:00,1.1167658567428589,-2.2005631923675537,0.039999961853027344,-3.198573350906372,-4.930367946624756,32.106842041015625
1779121641390148920,1779121641378535768,2026-05-19T00:27:21.390+08:00,1.115835189819336,-2.2015678882598877,0.04999995231628418,-2.6194920539855957,-5.268047332763672,38.09591293334961
1779121641590347768,1779121641584762104,2026-05-19T00:27:21.590+08:00,1.1149154901504517,-2.20331072807312,0.04999995231628418,-1.9192790985107422,-5.553278923034668,43.13014221191406
1779121641823728888,1779121641815773912,2026-05-19T00:27:21.823+08:00,1.114272117614746,-2.203932523727417,0.04999995231628418,-1.2443482875823975,-5.808672904968262,48.652366638183594
1779121642024386200,1779121642014714232,2026-05-19T00:27:22.024+08:00,1.1140893697738647,-2.2049808502197266,0.04999995231628418,-1.0238302946090698,-6.014758586883545,52.817935943603516
1779121642256747384,1779121642254376152,2026-05-19T00:27:22.256+08:00,1.1138943433761597,-2.20729398727417,0.04999995231628418,-1.1785680055618286,-6.246236324310303,57.33739471435547
1779121642489906392,1779121642475340696,2026-05-19T00:27:22.489+08:00,1.1128813028335571,-2.2090587615966797,0.04999995231628418,-1.5702965259552002,-6.360963821411133,61.04584884643555
1779121642723529112,1779121642717994776,2026-05-19T00:27:22.723+08:00,1.1123158931732178,-2.210242509841919,0.04999995231628418,-2.0767626762390137,-6.350494861602783,64.64608764648438
1779121642956821528,1779121642950443704,2026-05-19T00:27:22.956+08:00,1.1134356260299683,-2.2112786769866943,0.04999995231628418,-2.33923077583313,-6.187630653381348,67.79887390136719
1779121643157138520,1779121643155198552,2026-05-19T00:27:23.157+08:00,1.1148167848587036,-2.2114367485046387,0.04999995231628418,-2.2783071994781494,-6.011323928833008,70.24383544921875
1779121643358171288,1779121643342300536,2026-05-19T00:27:23.358+08:00,1.1160379648208618,-2.2115161418914795,0.04999995231628418,-2.037158250808716,-5.844238758087158,72.23483276367188
1779121643590689848,1779121643585206904,2026-05-19T00:27:23.590+08:00,1.113444209098816,-2.2095015048980713,0.04999995231628418,-1.7356950044631958,-5.577510833740234,74.63455200195312
1779121643823395544,1779121643816563768,2026-05-19T00:27:23.823+08:00,1.1126689910888672,-2.2093117237091064,0.04999995231628418,-1.8012783527374268,-5.383345603942871,76.81732177734375
1779121644023571352,1779121644016363480,2026-05-19T00:27:24.023+08:00,1.113963007926941,-2.2110073566436768,0.059999942779541016,-1.982732892036438,-5.394341945648193,78.40365600585938
1779121644257789656,1779121644255585976,2026-05-19T00:27:24.257+08:00,1.1133582592010498,-2.212425470352173,0.04999995231628418,-2.126620292663574,-5.501049518585205,80.08989715576172
1779121644489953176,1779121644484340344,2026-05-19T00:27:24.489+08:00,1.1112393140792847,-2.211756944656372,0.04999995231628418,-2.226266860961914,-5.505030632019043,81.39292907714844
1779121644690199416,1779121644686452888,2026-05-19T00:27:24.690+08:00,1.110845923423767,-2.2109181880950928,0.04999995231628418,-2.4443881511688232,-5.531306266784668,82.50269317626953
1779121644890506520,1779121644886581880,2026-05-19T00:27:24.890+08:00,1.1121838092803955,-2.2107555866241455,0.04999995231628418,-2.633500814437866,-5.6744866371154785,83.5353775024414
1779121645090596280,1779121645088729752,2026-05-19T00:27:25.090+08:00,1.1137346029281616,-2.2113609313964844,0.04999995231628418,-2.6401164531707764,-5.814157485961914,84.4430160522461
1779121645290701912,1779121645260614712,2026-05-19T00:27:25.290+08:00,1.1135843992233276,-2.211423635482788,0.04999995231628418,-2.482794761657715,-5.869668960571289,85.16861724853516
1779121645490846680,1779121645483113240,2026-05-19T00:27:25.490+08:00,1.1118518114089966,-2.2109761238098145,0.04999995231628418,-2.2865166664123535,-5.8946852684021,85.8999252319336
1779121645724141624,1779121645721908472,2026-05-19T00:27:25.724+08:00,1.1112507581710815,-2.2110559940338135,0.04999995231628418,-2.2466163635253906,-5.884301662445068,86.58378601074219
1779121645957090552,1779121645928673240,2026-05-19T00:27:25.957+08:00,1.1106576919555664,-2.210883378982544,0.059999942779541016,-1.9309589862823486,-5.881503105163574,87.01573944091797
1779121646158129560,1779121646137301368,2026-05-19T00:27:26.158+08:00,1.0993962287902832,-2.2047016620635986,0.04999995231628418,-1.1042697429656982,-5.999884128570557,87.65576171875
1779121646363189752,1779121646325467896,2026-05-19T00:27:26.363+08:00,1.0836559534072876,-2.197371482849121,0.04999995231628418,-0.5375011563301086,-6.172035217285156,88.23301696777344
1779121646590137944,1779121646587618744,2026-05-19T00:27:26.590+08:00,1.0699721574783325,-2.1834561824798584,0.039999961853027344,-0.7345247864723206,-6.366369247436523,89.03736114501953
1779121646823460920,1779121646820637432,2026-05-19T00:27:26.823+08:00,1.0631814002990723,-2.17024302482605,0.039999961853027344,-1.840383529663086,-6.413865089416504,89.82238006591797
1779121647024199704,1779121647022125496,2026-05-19T00:27:27.024+08:00,1.0596508979797363,-2.1586239337921143,0.039999961853027344,-2.869873523712158,-6.300834655761719,90.32964324951172
1779121647256838904,1779121647229318968,2026-05-19T00:27:27.256+08:00,1.0578745603561401,-2.1482033729553223,0.039999961853027344,-3.6183524131774902,-6.089962482452393,90.69205474853516
1779121647457239864,1779121647447696536,2026-05-19T00:27:27.457+08:00,1.055770754814148,-2.1377663612365723,0.029999971389770508,-3.8732128143310547,-5.895596027374268,91.08097839355469
1779121647690419288,1779121647661831736,2026-05-19T00:27:27.690+08:00,1.0534309148788452,-2.1271557807922363,0.029999971389770508,-3.5888333320617676,-5.751557350158691,91.45877838134766
1779121647924391960,1779121647893575736,2026-05-19T00:27:27.924+08:00,1.0506846904754639,-2.1100006103515625,0.039999961853027344,-3.0145351886749268,-5.477762222290039,91.87834167480469
1779121648157942264,1779121648126507128,2026-05-19T00:27:28.157+08:00,1.0516678094863892,-2.0922820568084717,0.039999961853027344,-2.530668020248413,-5.334927558898926,92.2702865600586
1779121648389857144,1779121648376459608,2026-05-19T00:27:28.389+08:00,1.0536329746246338,-2.071864604949951,0.039999961853027344,-2.0258357524871826,-5.53849458694458,92.66576385498047
1779121648590370136,1779121648580317080,2026-05-19T00:27:28.590+08:00,1.0542865991592407,-2.0562992095947266,0.029999971389770508,-1.8322360515594482,-5.732132434844971,92.90390014648438
1779121648790922456,1779121648785311992,2026-05-19T00:27:28.790+08:00,1.0520861148834229,-2.0420331954956055,0.029999971389770508,-1.9758838415145874,-5.854494094848633,93.06734466552734
1779121649023411000,1779121649016351128,2026-05-19T00:27:29.023+08:00,1.049431562423706,-2.0253100395202637,0.029999971389770508,-2.570493459701538,-6.003721714019775,93.31944274902344
1779121649223689784,1779121649194748664,2026-05-19T00:27:29.223+08:00,1.0503584146499634,-2.0098860263824463,0.019999980926513672,-3.060896873474121,-6.1983795166015625,93.46524047851562
1779121649423992984,1779121649389262616,2026-05-19T00:27:29.423+08:00,1.052437663078308,-1.9934931993484497,0.029999971389770508,-3.3473048210144043,-6.346016883850098,93.56451416015625
1779121649658185272,1779121649633547384,2026-05-19T00:27:29.658+08:00,1.0555814504623413,-1.9695900678634644,0.029999971389770508,-3.1804769039154053,-6.3466691970825195,93.65975952148438
1779121649889979128,1779121649878239032,2026-05-19T00:27:29.889+08:00,1.058483362197876,-1.9475257396697998,0.029999971389770508,-2.547532558441162,-6.315466403961182,93.69935607910156
1779121650090174712,1779121650073607000,2026-05-19T00:27:30.090+08:00,1.0581237077713013,-1.9294157028198242,0.039999961853027344,-1.9860215187072754,-6.341945648193359,93.71338653564453
1779121650290517016,1779121650272404984,2026-05-19T00:27:30.290+08:00,1.0522061586380005,-1.9132198095321655,0.029999971389770508,-1.7425591945648193,-6.391658782958984,93.71797180175781
1779121650523527192,1779121650494199768,2026-05-19T00:27:30.523+08:00,1.050270676612854,-1.8948978185653687,0.019999980926513672,-2.200261116027832,-6.35831880569458,93.7805404663086
1779121650757170712,1779121650743626776,2026-05-19T00:27:30.757+08:00,1.0537924766540527,-1.87177574634552,0.019999980926513672,-2.9132888317108154,-6.223008632659912,93.8146743774414
1779121650989992760,1779121650975260280,2026-05-19T00:27:30.989+08:00,1.0525470972061157,-1.849829077720642,0.029999971389770508,-3.2463104724884033,-6.156694412231445,93.84798431396484
1779121651190525464,1779121651176610488,2026-05-19T00:27:31.190+08:00,1.0512586832046509,-1.8306920528411865,0.019999980926513672,-3.316023588180542,-6.165959358215332,93.8699722290039
1779121651390553240,1779121651380513848,2026-05-19T00:27:31.390+08:00,1.0512702465057373,-1.8106458187103271,0.029999971389770508,-3.2566397190093994,-6.1440558433532715,93.88920593261719
1779121651623850200,1779121651612690040,2026-05-19T00:27:31.623+08:00,1.0535575151443481,-1.7866601943969727,0.019999980926513672,-2.963545560836792,-6.060730457305908,93.84484100341797
1779121651823971096,1779121651814478840,2026-05-19T00:27:31.823+08:00,1.055113434791565,-1.7668386697769165,0.029999971389770508,-2.7100279331207275,-5.966673374176025,94.22591400146484
1779121652057188472,1779121652046390520,2026-05-19T00:27:32.057+08:00,1.0608348846435547,-1.747927188873291,0.029999971389770508,-3.0448384284973145,-6.021868705749512,94.6702651977539
1779121652257192152,1779121652246416376,2026-05-19T00:27:32.257+08:00,1.0731700658798218,-1.730554461479187,0.029999971389770508,-3.5156431198120117,-6.145803451538086,94.80583190917969
1779121652490220376,1779121652479571896,2026-05-19T00:27:32.490+08:00,1.0871692895889282,-1.708270788192749,0.019999980926513672,-3.5431478023529053,-6.133627891540527,94.68238067626953
1779121652690359704,1779121652682586776,2026-05-19T00:27:32.690+08:00,1.0919153690338135,-1.6865642070770264,0.029999971389770508,-3.071939468383789,-6.0876030921936035,94.41065216064453
1779121652923703096,1779121652916559448,2026-05-19T00:27:32.923+08:00,1.0964664220809937,-1.6604677438735962,0.019999980926513672,-2.4758176803588867,-6.311646461486816,94.02899169921875
1779121653156857272,1779121653154633528,2026-05-19T00:27:33.156+08:00,1.0987634658813477,-1.6357492208480835,0.029999971389770508,-1.9661822319030762,-6.572312355041504,93.6773452758789
1779121653390444792,1779121653379069752,2026-05-19T00:27:33.390+08:00,1.1001603603363037,-1.6133447885513306,0.029999971389770508,-1.7037280797958374,-6.5833210945129395,93.29131317138672
1779121653590624568,1779121653574384600,2026-05-19T00:27:33.590+08:00,1.0991212129592896,-1.5918809175491333,0.029999971389770508,-1.8170961141586304,-6.559544563293457,93.05247497558594
1779121653823260632,1779121653805152536,2026-05-19T00:27:33.823+08:00,1.0993695259094238,-1.5683798789978027,0.019999980926513672,-2.336629867553711,-6.530022621154785,92.89750671386719
1779121654057314648,1779121654044298136,2026-05-19T00:27:34.057+08:00,1.1036568880081177,-1.5440195798873901,0.029999971389770508,-2.752582311630249,-6.331855297088623,92.66633605957031
1779121654290649944,1779121654273516248,2026-05-19T00:27:34.290+08:00,1.1046991348266602,-1.5210438966751099,0.019999980926513672,-2.7417099475860596,-6.301512241363525,92.51505279541016
1779121654490878584,1779121654456457912,2026-05-19T00:27:34.490+08:00,1.1027635335922241,-1.5025767087936401,0.029999971389770508,-2.6893441677093506,-6.31888484954834,92.4369888305664
1779121654724106040,1779121654690895992,2026-05-19T00:27:34.724+08:00,1.1016578674316406,-1.4782133102416992,0.019999980926513672,-2.5016062259674072,-6.197019100189209,92.35106658935547
1779121654957661528,1779121654925141400,2026-05-19T00:27:34.957+08:00,1.1036944389343262,-1.4540318250656128,0.029999971389770508,-2.4116291999816895,-6.146502494812012,92.22908020019531
1779121655190231832,1779121655159938424,2026-05-19T00:27:35.190+08:00,1.1060022115707397,-1.4318779706954956,0.029999971389770508,-2.223637342453003,-6.1683831214904785,92.02953338623047
1779121655423697560,1779121655415535576,2026-05-19T00:27:35.423+08:00,1.1045620441436768,-1.411417841911316,0.039999961853027344,-1.9434831142425537,-6.2882184982299805,91.95352935791016
1779121655656442168,1779121655650153976,2026-05-19T00:27:35.656+08:00,1.1020584106445312,-1.394067406654358,0.029999971389770508,-2.070122718811035,-6.292242050170898,91.94194030761719
1779121655856910904,1779121655822400440,2026-05-19T00:27:35.856+08:00,1.1007670164108276,-1.3829904794692993,0.039999961853027344,-2.381866693496704,-6.242496490478516,91.94768524169922
1779121656094965656,1779121656061605976,2026-05-19T00:27:36.094+08:00,1.100058913230896,-1.367016315460205,0.029999971389770508,-2.949779510498047,-6.214980125427246,91.94972229003906
1779121656323692824,1779121656312444920,2026-05-19T00:27:36.323+08:00,1.1008384227752686,-1.3549660444259644,0.039999961853027344,-3.1836905479431152,-6.266554355621338,91.92613983154297
1779121656556298008,1779121656544228728,2026-05-19T00:27:36.556+08:00,1.100890040397644,-1.3478868007659912,0.039999961853027344,-2.9051806926727295,-6.2914628982543945,91.92406463623047
1779121656756576984,1779121656749995512,2026-05-19T00:27:36.756+08:00,1.0995303392410278,-1.342913269996643,0.04999995231628418,-2.4273667335510254,-6.317959308624268,91.94293212890625
1779121656957317848,1779121656948234008,2026-05-19T00:27:36.957+08:00,1.0984275341033936,-1.33938729763031,0.04999995231628418,-2.0492470264434814,-6.377325534820557,92.00001525878906
1779121657189892824,1779121657186625240,2026-05-19T00:27:37.189+08:00,1.0988143682479858,-1.3370068073272705,0.04999995231628418,-1.9027502536773682,-6.406903266906738,92.05282592773438
1779121657390240408,1779121657377915032,2026-05-19T00:27:37.390+08:00,1.0991758108139038,-1.3364464044570923,0.059999942779541016,-2.0333218574523926,-6.418466091156006,92.07654571533203
1779121657590715512,1779121657578280600,2026-05-19T00:27:37.590+08:00,1.0988245010375977,-1.3369673490524292,0.04999995231628418,-2.302978515625,-6.431926250457764,92.10889434814453
1779121657823884856,1779121657806294264,2026-05-19T00:27:37.823+08:00,1.098186731338501,-1.3380666971206665,0.059999942779541016,-2.6146059036254883,-6.347128391265869,92.14803314208984
1779121658057784696,1779121658043169848,2026-05-19T00:27:38.057+08:00,1.0981181859970093,-1.339877724647522,0.059999942779541016,-2.799870252609253,-6.21385383605957,92.17718505859375
1779121658290078680,1779121658273122040,2026-05-19T00:27:38.290+08:00,1.0980862379074097,-1.3433926105499268,0.059999942779541016,-2.81817889213562,-6.226589202880859,92.1765365600586
1779121658490835256,1779121658461198296,2026-05-19T00:27:38.490+08:00,1.0976570844650269,-1.3461885452270508,0.06999993324279785,-2.738558530807495,-6.206018447875977,92.173583984375
1779121658690873592,1779121658660272952,2026-05-19T00:27:38.690+08:00,1.0979335308074951,-1.3495479822158813,0.059999942779541016,-2.5888988971710205,-6.126967430114746,92.16139221191406
1779121658923892312,1779121658897614520,2026-05-19T00:27:38.923+08:00,1.0988905429840088,-1.3547368049621582,0.06999993324279785,-2.331033945083618,-6.183809280395508,92.13323974609375
1779121659156859768,1779121659126041560,2026-05-19T00:27:39.156+08:00,1.0980020761489868,-1.36034095287323,0.06999993324279785,-2.161491870880127,-6.296054840087891,92.1128921508789
1779121659357172952,1779121659346053400,2026-05-19T00:27:39.357+08:00,1.0966322422027588,-1.365795612335205,0.06999993324279785,-2.2290658950805664,-6.335683822631836,92.11902618408203
1779121659590838136,1779121659589231576,2026-05-19T00:27:39.590+08:00,1.098097562789917,-1.3713555335998535,0.06999993324279785,-2.454486846923828,-6.469298839569092,92.07987213134766
1779121659825430616,1779121659822245816,2026-05-19T00:27:39.825+08:00,1.1006301641464233,-1.3754068613052368,0.06999993324279785,-2.448312759399414,-6.5322089195251465,91.96549987792969
1779121660057021112,1779121660020544440,2026-05-19T00:27:40.057+08:00,1.1004436016082764,-1.3777786493301392,0.07999992370605469,-2.220811605453491,-6.434257507324219,91.91238403320312
1779121660290655192,1779121660254354648,2026-05-19T00:27:40.290+08:00,1.0992761850357056,-1.3808972835540771,0.06999993324279785,-2.0047054290771484,-6.377774238586426,91.91220092773438
1779121660524187768,1779121660518068184,2026-05-19T00:27:40.524+08:00,1.0996346473693848,-1.3849241733551025,0.07999992370605469,-1.9648168087005615,-6.36179256439209,91.913330078125
1779121660757722520,1779121660755363832,2026-05-19T00:27:40.757+08:00,1.099467158317566,-1.3879215717315674,0.06999993324279785,-2.022456169128418,-6.219428062438965,91.88072967529297
1779121660989854904,1779121660958846744,2026-05-19T00:27:40.989+08:00,1.0993554592132568,-1.3898814916610718,0.07999992370605469,-2.0896964073181152,-6.118135452270508,91.86087799072266
1779121661190451288,1779121661160690392,2026-05-19T00:27:41.190+08:00,1.0998989343643188,-1.391524314880371,0.07999992370605469,-2.125767469406128,-6.062716007232666,91.82940673828125
1779121661390829592,1779121661376316760,2026-05-19T00:27:41.390+08:00,1.0997796058654785,-1.3930448293685913,0.06999993324279785,-2.1246819496154785,-6.004249095916748,91.79277801513672
1779121661623877912,1779121661612242072,2026-05-19T00:27:41.623+08:00,1.0992789268493652,-1.394932508468628,0.06999993324279785,-2.098484754562378,-6.024635314941406,91.765869140625
1779121661857069464,1779121661846081784,2026-05-19T00:27:41.857+08:00,1.1001425981521606,-1.3965355157852173,0.06999993324279785,-2.079376697540283,-6.047207832336426,91.71521759033203
1779121662057756152,1779121662046484472,2026-05-19T00:27:42.057+08:00,1.100858449935913,-1.3965312242507935,0.06999993324279785,-2.051457643508911,-6.037642478942871,91.6598129272461
1779121662257870968,1779121662245907704,2026-05-19T00:27:42.257+08:00,1.1006942987442017,-1.3963303565979004,0.059999942779541016,-1.9626191854476929,-6.070990085601807,91.6274185180664
1779121662490158232,1779121662477981208,2026-05-19T00:27:42.490+08:00,1.1002572774887085,-1.3968958854675293,0.06999993324279785,-1.8951506614685059,-6.181702613830566,91.63326263427734
1779121662690538712,1779121662686566264,2026-05-19T00:27:42.690+08:00,1.0996313095092773,-1.3967465162277222,0.059999942779541016,-1.9697706699371338,-6.211761951446533,91.61370849609375
1779121662923480440,1779121662916222296,2026-05-19T00:27:42.923+08:00,1.0987566709518433,-1.3957902193069458,0.059999942779541016,-2.1757068634033203,-6.127233028411865,91.60778045654297
1779121663123638872,1779121663116092056,2026-05-19T00:27:43.123+08:00,1.0993742942810059,-1.395285964012146,0.059999942779541016,-2.375674247741699,-6.122856140136719,91.60296630859375
1779121663356702360,1779121663344275416,2026-05-19T00:27:43.356+08:00,1.1005702018737793,-1.3949984312057495,0.059999942779541016,-2.4293808937072754,-6.196367263793945,91.54962158203125
1779121663557084120,1779121663550374680,2026-05-19T00:27:43.557+08:00,1.1006126403808594,-1.3951294422149658,0.059999942779541016,-2.275514602661133,-6.2031025886535645,91.5217514038086
1779121663757216184,1779121663754437432,2026-05-19T00:27:43.757+08:00,1.0989973545074463,-1.3953938484191895,0.04999995231628418,-2.1465628147125244,-6.1230669021606445,91.45264434814453
1779121663990378552,1779121663983893784,2026-05-19T00:27:43.990+08:00,1.098297119140625,-1.3957332372665405,0.059999942779541016,-2.0990638732910156,-6.098532676696777,91.3097152709961
1779121664223508216,1779121664217432696,2026-05-19T00:27:44.223+08:00,1.0996415615081787,-1.395742416381836,0.059999942779541016,-2.1749050617218018,-6.109684467315674,91.28845977783203
1779121664456819544,1779121664454914136,2026-05-19T00:27:44.456+08:00,1.1006805896759033,-1.3956634998321533,0.04999995231628418,-2.2403664588928223,-5.99943208694458,91.36128234863281
1779121664656859800,1779121664652339864,2026-05-19T00:27:44.656+08:00,1.0996228456497192,-1.3956975936889648,0.04999995231628418,-2.2751011848449707,-5.971156597137451,91.3607406616211
1779121664890821784,1779121664852962328,2026-05-19T00:27:44.890+08:00,1.0990928411483765,-1.3963066339492798,0.04999995231628418,-2.329566478729248,-6.061620712280273,91.31443786621094
1779121665123357016,1779121665120163864,2026-05-19T00:27:45.123+08:00,1.100380301475525,-1.3970441818237305,0.04999995231628418,-2.4334402084350586,-6.188780307769775,91.32115936279297
1779121665323428504,1779121665314151576,2026-05-19T00:27:45.323+08:00,1.1010098457336426,-1.396960735321045,0.04999995231628418,-2.425381898880005,-6.1732587814331055,91.33163452148438
1779121665523751480,1779121665515251736,2026-05-19T00:27:45.523+08:00,1.1003410816192627,-1.396576166152954,0.04999995231628418,-2.3071601390838623,-6.104998588562012,91.33662414550781
1779121665756736184,1779121665721261560,2026-05-19T00:27:45.756+08:00,1.099848985671997,-1.3970715999603271,0.059999942779541016,-2.2436861991882324,-6.186811923980713,91.3399658203125
1779121665990788600,1779121665960218744,2026-05-19T00:27:45.990+08:00,1.0999560356140137,-1.3986927270889282,0.04999995231628418,-2.211836099624634,-6.327868461608887,91.37334442138672
1779121666223353464,1779121666194534872,2026-05-19T00:27:46.223+08:00,1.099876880645752,-1.3991453647613525,0.04999995231628418,-2.2836854457855225,-6.322669506072998,91.3941421508789
1779121666423866616,1779121666421966296,2026-05-19T00:27:46.423+08:00,1.0996880531311035,-1.3983418941497803,0.04999995231628418,-2.314502239227295,-6.3387064933776855,91.4000015258789
1779121666657241496,1779121666625688792,2026-05-19T00:27:46.657+08:00,1.0998024940490723,-1.397645354270935,0.04999995231628418,-2.349327325820923,-6.2701568603515625,91.41140747070312
1779121666857261496,1779121666830103992,2026-05-19T00:27:46.857+08:00,1.1000603437423706,-1.397361159324646,0.04999995231628418,-2.3042850494384766,-6.161508083343506,91.31266784667969
1779121667090111192,1779121667066810872,2026-05-19T00:27:47.090+08:00,1.1015866994857788,-1.3961795568466187,0.04999995231628418,-2.4308154582977295,-6.189062118530273,91.27703094482422
1779121667290667032,1779121667263228568,2026-05-19T00:27:47.290+08:00,1.106169581413269,-1.3922004699707031,0.039999961853027344,-2.577892541885376,-6.253746509552002,91.26107025146484
1779121667523544312,1779121667513499064,2026-05-19T00:27:47.523+08:00,1.1117488145828247,-1.3819265365600586,0.039999961853027344,-2.3959689140319824,-6.364401817321777,91.26971435546875
1779121667757519576,1779121667746971384,2026-05-19T00:27:47.757+08:00,1.1140018701553345,-1.3699119091033936,0.039999961853027344,-2.002812623977661,-6.4691314697265625,91.2255630493164
1779121667989998552,1779121667983439448,2026-05-19T00:27:47.989+08:00,1.1135249137878418,-1.356239914894104,0.039999961853027344,-1.5081212520599365,-6.541363716125488,91.05613708496094
1779121668223425976,1779121668217251800,2026-05-19T00:27:48.223+08:00,1.1126288175582886,-1.3418771028518677,0.039999961853027344,-1.4001808166503906,-6.665748119354248,90.95272064208984
1779121668423528344,1779121668406953272,2026-05-19T00:27:48.423+08:00,1.113141655921936,-1.3304486274719238,0.039999961853027344,-1.5588631629943848,-6.752719879150391,90.92610931396484
1779121668656340312,1779121668642510456,2026-05-19T00:27:48.656+08:00,1.1149588823318481,-1.3134289979934692,0.029999971389770508,-1.977819800376892,-6.717990398406982,90.88570404052734
1779121668856957720,1779121668843671928,2026-05-19T00:27:48.856+08:00,1.1170825958251953,-1.2978060245513916,0.029999971389770508,-2.18392014503479,-6.660086154937744,90.84059143066406
1779121669090046936,1779121669075062712,2026-05-19T00:27:49.090+08:00,1.116265892982483,-1.2788439989089966,0.029999971389770508,-2.079789161682129,-6.569387912750244,90.75492095947266
1779121669290631832,1779121669247552504,2026-05-19T00:27:49.290+08:00,1.1144580841064453,-1.26681649684906,0.029999971389770508,-2.006800889968872,-6.445602893829346,90.68408203125
1779121669523540056,1779121669520279960,2026-05-19T00:27:49.523+08:00,1.1143311262130737,-1.2437647581100464,0.029999971389770508,-2.046618938446045,-6.320322513580322,90.5715560913086
1779121669723700536,1779121669688046968,2026-05-19T00:27:49.723+08:00,1.1161762475967407,-1.231607437133789,0.029999971389770508,-2.087233066558838,-6.361767292022705,90.4661636352539
1779121669957053688,1779121669927845496,2026-05-19T00:27:49.957+08:00,1.118528127670288,-1.2141071557998657,0.029999971389770508,-1.983359456062317,-6.35719108581543,90.37702178955078
1779121670190729816,1779121670159662552,2026-05-19T00:27:50.190+08:00,1.1172466278076172,-1.195288896560669,0.029999971389770508,-1.7553092241287231,-6.334543228149414,90.28844451904297
1779121670423729240,1779121670410933464,2026-05-19T00:27:50.423+08:00,1.1149566173553467,-1.1740347146987915,0.029999971389770508,-1.861488699913025,-6.568808555603027,90.22441101074219
1779121670656517048,1779121670644889752,2026-05-19T00:27:50.656+08:00,1.1162540912628174,-1.155619502067566,0.029999971389770508,-1.9306966066360474,-6.554722785949707,90.11605072021484
1779121670856967928,1779121670855276440,2026-05-19T00:27:50.856+08:00,1.1175130605697632,-1.1357460021972656,0.029999971389770508,-1.8252006769180298,-6.584868907928467,90.0476303100586
1779121671057549592,1779121671055215896,2026-05-19T00:27:51.057+08:00,1.1167476177215576,-1.1188055276870728,0.029999971389770508,-1.8033638000488281,-6.683544158935547,90.01531219482422
1779121671290697976,1779121671261016536,2026-05-19T00:27:51.290+08:00,1.114454984664917,-1.1033364534378052,0.019999980926513672,-1.8011552095413208,-6.753245830535889,90.0268783569336
1779121671491192248,1779121671484800760,2026-05-19T00:27:51.491+08:00,1.1152737140655518,-1.0834702253341675,0.029999971389770508,-2.0010058879852295,-6.751460075378418,90.03016662597656
1779121671724347000,1779121671717165944,2026-05-19T00:27:51.724+08:00,1.1188697814941406,-1.061047077178955,0.019999980926513672,-2.073538303375244,-6.521913051605225,89.99370574951172
1779121671956440664,1779121671951187864,2026-05-19T00:27:51.956+08:00,1.1182042360305786,-1.0422550439834595,0.019999980926513672,-1.7723355293273926,-6.365713596343994,89.9775161743164
1779121672156612344,1779121672153896056,2026-05-19T00:27:52.156+08:00,1.1175627708435059,-1.025333046913147,0.019999980926513672,-1.6878623962402344,-6.3361287117004395,89.96717071533203
1779121672357573528,1779121672342387160,2026-05-19T00:27:52.357+08:00,1.1170358657836914,-1.0096911191940308,0.029999971389770508,-1.6130796670913696,-6.388845920562744,89.94849395751953
1779121672590415576,1779121672576600376,2026-05-19T00:27:52.590+08:00,1.1163661479949951,-0.987850546836853,0.029999971389770508,-1.6715203523635864,-6.414655685424805,89.91795349121094
1779121672790767320,1779121672787093816,2026-05-19T00:27:52.790+08:00,1.117559552192688,-0.9679021239280701,0.019999980926513672,-1.7913625240325928,-6.250258445739746,89.87761688232422
1779121673023135544,1779121673020057784,2026-05-19T00:27:53.023+08:00,1.1166058778762817,-0.943332850933075,0.029999971389770508,-1.6943724155426025,-6.0846638679504395,89.84626770019531
1779121673223978776,1779121673194529208,2026-05-19T00:27:53.223+08:00,1.1120097637176514,-0.9238194823265076,0.029999971389770508,-1.5450074672698975,-6.134498119354248,89.84782409667969
1779121673456791288,1779121673441995416,2026-05-19T00:27:53.456+08:00,1.1053433418273926,-0.8980456590652466,0.029999971389770508,-1.5776557922363281,-6.228105545043945,89.86819458007812
1779121673689807640,1779121673682659416,2026-05-19T00:27:53.689+08:00,1.1043235063552856,-0.872392475605011,0.029999971389770508,-1.7912534475326538,-6.210444927215576,89.92363739013672
1779121673889824152,1779121673886217944,2026-05-19T00:27:53.889+08:00,1.1048723459243774,-0.851527988910675,0.029999971389770508,-1.9146003723144531,-6.228545188903809,89.99210357666016
1779121674090736984,1779121674088739128,2026-05-19T00:27:54.090+08:00,1.1042922735214233,-0.8310303688049316,0.029999971389770508,-1.8886747360229492,-6.281614303588867,90.02838897705078
1779121674323369464,1779121674314500376,2026-05-19T00:27:54.323+08:00,1.1044367551803589,-0.8051730990409851,0.029999971389770508,-1.7217519283294678,-6.251971244812012,90.10242462158203
1779121674524478680,1779121674519685016,2026-05-19T00:27:54.524+08:00,1.1030749082565308,-0.7844640612602234,0.029999971389770508,-1.503198266029358,-6.027988910675049,90.10232543945312
1779121674757165976,1779121674753191352,2026-05-19T00:27:54.757+08:00,1.1001724004745483,-0.7597026824951172,0.029999971389770508,-1.4283735752105713,-5.8246259689331055,90.10734558105469
1779121674990114584,1779121674971942808,2026-05-19T00:27:54.990+08:00,1.0995346307754517,-0.7369438409805298,0.029999971389770508,-1.550673246383667,-5.91159200668335,90.14387512207031
1779121675190155480,1779121675172688120,2026-05-19T00:27:55.190+08:00,1.101427674293518,-0.7175210118293762,0.029999971389770508,-1.7543662786483765,-5.959655284881592,90.13777923583984
1779121675424096856,1779121675395045912,2026-05-19T00:27:55.424+08:00,1.103780746459961,-0.6960256099700928,0.029999971389770508,-1.7546566724777222,-5.77273416519165,90.14839172363281
1779121675624102872,1779121675596824792,2026-05-19T00:27:55.624+08:00,1.10142982006073,-0.6752585172653198,0.029999971389770508,-1.5763036012649536,-5.694252014160156,90.14004516601562
1779121675824261784,1779121675793824920,2026-05-19T00:27:55.824+08:00,1.0997098684310913,-0.6536935567855835,0.029999971389770508,-1.5941162109375,-5.853737831115723,90.15100860595703
1779121676057187576,1779121676033123896,2026-05-19T00:27:56.057+08:00,1.0988309383392334,-0.6281630992889404,0.029999971389770508,-1.7699626684188843,-5.951531410217285,90.18101501464844
1779121676290600664,1779121676272631160,2026-05-19T00:27:56.290+08:00,1.100300669670105,-0.6045302152633667,0.039999961853027344,-1.876989722251892,-5.906217098236084,90.18323516845703
1779121676523831064,1779121676520068760,2026-05-19T00:27:56.523+08:00,1.101944088935852,-0.5822550654411316,0.029999971389770508,-1.8016602993011475,-5.897471904754639,90.16759490966797
1779121676756453784,1779121676754494904,2026-05-19T00:27:56.756+08:00,1.1033720970153809,-0.5605084300041199,0.029999971389770508,-1.5789257287979126,-5.96371603012085,90.22521209716797
1779121676957517688,1779121676928335896,2026-05-19T00:27:56.957+08:00,1.1012625694274902,-0.5531839728355408,0.029999971389770508,-1.422761082649231,-6.003408432006836,90.31074523925781
1779121677190469880,1779121677170984728,2026-05-19T00:27:57.190+08:00,1.097675085067749,-0.5431762337684631,0.039999961853027344,-1.5763753652572632,-5.92506217956543,90.49484252929688
1779121677423651416,1779121677420126264,2026-05-19T00:27:57.423+08:00,1.0979859828948975,-0.5358832478523254,0.039999961853027344,-2.0189168453216553,-5.814269065856934,90.5547866821289
1779121677656476056,1779121677621060920,2026-05-19T00:27:57.656+08:00,1.09901762008667,-0.5315892696380615,0.039999961853027344,-2.1713263988494873,-5.741424560546875,90.55707550048828
1779121677856944856,1779121677825880440,2026-05-19T00:27:57.856+08:00,1.099055528640747,-0.5286703705787659,0.039999961853027344,-2.104647397994995,-5.640084743499756,90.5922622680664
1779121678059673656,1779121678028095288,2026-05-19T00:27:58.059+08:00,1.0984081029891968,-0.5276176929473877,0.039999961853027344,-1.9658479690551758,-5.615277290344238,90.64966583251953
1779121678290482072,1779121678270297080,2026-05-19T00:27:58.290+08:00,1.098174810409546,-0.5287279486656189,0.04999995231628418,-1.7980084419250488,-5.742887020111084,90.68626403808594
1779121678490678200,1779121678470639128,2026-05-19T00:27:58.490+08:00,1.0980925559997559,-0.5303608179092407,0.04999995231628418,-1.7314718961715698,-5.769550800323486,90.69974517822266
1779121678723365336,1779121678700673624,2026-05-19T00:27:58.723+08:00,1.0986202955245972,-0.5327457189559937,0.059999942779541016,-1.6808500289916992,-5.753421306610107,90.6860580444336
1779121678957088056,1779121678935820248,2026-05-19T00:27:58.957+08:00,1.0995537042617798,-0.5366401672363281,0.059999942779541016,-1.5551668405532837,-5.873587608337402,90.69508361816406
1779121679189925752,1779121679175829144,2026-05-19T00:27:59.189+08:00,1.098513126373291,-0.5412541031837463,0.059999942779541016,-1.5527622699737549,-5.9068922996521,90.73605346679688
1779121679390590936,1779121679352805080,2026-05-19T00:27:59.390+08:00,1.0977048873901367,-0.5448784828186035,0.06999993324279785,-1.6678828001022339,-5.8211164474487305,90.756103515625
1779121679623578840,1779121679585440664,2026-05-19T00:27:59.623+08:00,1.0980180501937866,-0.5494614839553833,0.059999942779541016,-1.8608835935592651,-5.734889984130859,90.74739074707031
1779121679825519768,1779121679794664504,2026-05-19T00:27:59.825+08:00,1.0988928079605103,-0.554184079170227,0.059999942779541016,-2.043426513671875,-5.691045761108398,90.73738098144531
1779121680057594104,1779121680028799096,2026-05-19T00:28:00.057+08:00,1.0991383790969849,-0.55912846326828,0.06999993324279785,-2.0470738410949707,-5.628116130828857,90.73804473876953
1779121680257674520,1779121680228809496,2026-05-19T00:28:00.257+08:00,1.0992435216903687,-0.5636098384857178,0.059999942779541016,-1.9416481256484985,-5.566565990447998,90.73260498046875
1779121680490457432,1779121680450795512,2026-05-19T00:28:00.490+08:00,1.0998202562332153,-0.5685812830924988,0.059999942779541016,-1.7705864906311035,-5.523444652557373,90.70260620117188
1779121680690660568,1779121680661759832,2026-05-19T00:28:00.690+08:00,1.0994948148727417,-0.5722330808639526,0.06999993324279785,-1.5737046003341675,-5.548954486846924,90.69078826904297
1779121680923949784,1779121680892529368,2026-05-19T00:28:00.923+08:00,1.0984761714935303,-0.5753924250602722,0.06999993324279785,-1.4304012060165405,-5.524699687957764,90.7305679321289
1779121681156731544,1779121681130978520,2026-05-19T00:28:01.156+08:00,1.0980665683746338,-0.5793684720993042,0.06999993324279785,-1.50014328956604,-5.4939351081848145,90.76414489746094
1779121681390396696,1779121681388702616,2026-05-19T00:28:01.390+08:00,1.0982509851455688,-0.5837061405181885,0.06999993324279785,-1.635455846786499,-5.609843730926514,90.76504516601562
1779121681591492536,1779121681555900984,2026-05-19T00:28:01.591+08:00,1.0985418558120728,-0.5864689946174622,0.06999993324279785,-1.715838074684143,-5.621274471282959,90.76470947265625
1779121681829922968,1779121681796880696,2026-05-19T00:28:01.829+08:00,1.098978877067566,-0.5893570780754089,0.07999992370605469,-1.7496002912521362,-5.538754940032959,90.74380493164062
1779121682057030520,1779121682034689592,2026-05-19T00:28:02.057+08:00,1.0985198020935059,-0.5918740630149841,0.06999993324279785,-1.7282229661941528,-5.536430835723877,90.71797943115234
1779121682290643384,1779121682242401528,2026-05-19T00:28:02.290+08:00,1.0983229875564575,-0.5937875509262085,0.06999993324279785,-1.6871280670166016,-5.479337215423584,90.68767547607422
1779121682523294360,1779121682490812664,2026-05-19T00:28:02.523+08:00,1.099745273590088,-0.5959017872810364,0.06999993324279785,-1.6585294008255005,-5.451723575592041,90.67575073242188
1779121682756639672,1779121682733076312,2026-05-19T00:28:02.756+08:00,1.1006371974945068,-0.5975465178489685,0.06999993324279785,-1.533818006515503,-5.453813076019287,90.70309448242188
1779121682957429976,1779121682941849016,2026-05-19T00:28:02.957+08:00,1.099709153175354,-0.5979620814323425,0.06999993324279785,-1.4395411014556885,-5.342876434326172,90.70576477050781
1779121683190580120,1779121683177298552,2026-05-19T00:28:03.190+08:00,1.0981489419937134,-0.5978361368179321,0.06999993324279785,-1.5604933500289917,-5.2500901222229,90.65532684326172
1779121683424167576,1779121683393040376,2026-05-19T00:28:03.424+08:00,1.0973047018051147,-0.5977416038513184,0.06999993324279785,-1.821716070175171,-5.29833984375,90.65890502929688
1779121683657228344,1779121683635910104,2026-05-19T00:28:03.657+08:00,1.0986042022705078,-0.5982590317726135,0.06999993324279785,-2.107776165008545,-5.343067169189453,90.66971588134766
1779121683890443000,1779121683868332824,2026-05-19T00:28:03.890+08:00,1.1008787155151367,-0.5986130833625793,0.06999993324279785,-2.089986562728882,-5.302064418792725,90.62321472167969
1779121684123334072,1779121684110220440,2026-05-19T00:28:04.123+08:00,1.1004236936569214,-0.5984097719192505,0.06999993324279785,-1.6891207695007324,-5.276823997497559,90.57755279541016
1779121684356838040,1779121684339756760,2026-05-19T00:28:04.356+08:00,1.0996536016464233,-0.5981939435005188,0.06999993324279785,-1.4544405937194824,-5.237969398498535,90.53693389892578
1779121684557159288,1779121684538639128,2026-05-19T00:28:04.557+08:00,1.0995603799819946,-0.5988679528236389,0.059999942779541016,-1.4392104148864746,-5.229066371917725,90.52943420410156
1779121684790076568,1779121684777174904,2026-05-19T00:28:04.790+08:00,1.0995748043060303,-0.5994793176651001,0.059999942779541016,-1.587013840675354,-5.244742393493652,90.52952575683594
1779121684994586680,1779121684977492120,2026-05-19T00:28:04.994+08:00,1.0994000434875488,-0.5995010137557983,0.04999995231628418,-1.8302841186523438,-5.227807998657227,90.53732299804688
1779121685223522072,1779121685205920120,2026-05-19T00:28:05.223+08:00,1.0994818210601807,-0.599327027797699,0.04999995231628418,-2.07932710647583,-5.260104179382324,90.5351333618164
1779121685423701912,1779121685392034328,2026-05-19T00:28:05.423+08:00,1.0999428033828735,-0.5987527966499329,0.059999942779541016,-2.2040867805480957,-5.292889595031738,90.58894348144531
1779121685624033240,1779121685593759800,2026-05-19T00:28:05.624+08:00,1.1000114679336548,-0.5974181294441223,0.04999995231628418,-2.2088563442230225,-5.251388072967529,90.6015396118164
1779121685856818040,1779121685830382104,2026-05-19T00:28:05.856+08:00,1.0991778373718262,-0.596652090549469,0.04999995231628418,-2.09443736076355,-5.239880561828613,90.5896224975586
1779121686056823448,1779121686041654872,2026-05-19T00:28:06.056+08:00,1.0991723537445068,-0.597188413143158,0.04999995231628418,-1.965937614440918,-5.294302940368652,90.5573959350586
1779121686290316088,1779121686274739320,2026-05-19T00:28:06.290+08:00,1.1004173755645752,-0.5977113842964172,0.04999995231628418,-1.894523024559021,-5.2480998039245605,90.57158660888672
1779121686523558616,1779121686497358168,2026-05-19T00:28:06.523+08:00,1.1004360914230347,-0.5970064997673035,0.04999995231628418,-1.819670557975769,-5.175117492675781,90.5754623413086
1779121686758305912,1779121686733751352,2026-05-19T00:28:06.758+08:00,1.098750352859497,-0.5970240235328674,0.04999995231628418,-1.8621375560760498,-5.195466041564941,90.63460540771484
1779121686993942776,1779121686972028792,2026-05-19T00:28:06.993+08:00,1.098322868347168,-0.5984147787094116,0.04999995231628418,-2.1333775520324707,-5.248282432556152,90.69185638427734
1779121687223560856,1779121687207153784,2026-05-19T00:28:07.223+08:00,1.1000666618347168,-0.5987933874130249,0.039999961853027344,-2.3186638355255127,-5.274807453155518,90.69468688964844
1779121687456581848,1779121687454046808,2026-05-19T00:28:07.456+08:00,1.1011117696762085,-0.5985063314437866,0.04999995231628418,-2.2210259437561035,-5.25759220123291,90.6727523803711
1779121687656701848,1779121687619595768,2026-05-19T00:28:07.656+08:00,1.100620150566101,-0.59853196144104,0.04999995231628418,-1.9607797861099243,-5.236380577087402,90.35039520263672
1779121687890996440,1779121687888470200,2026-05-19T00:28:07.890+08:00,1.0993947982788086,-0.6010130047798157,0.04999995231628418,-0.6767948269844055,-5.432682991027832,86.05354309082031
1779121688123027384,1779121688089967960,2026-05-19T00:28:08.123+08:00,1.1046342849731445,-0.6014278531074524,0.059999942779541016,0.2986692488193512,-5.750141143798828,79.73387908935547
1779121688323244824,1779121688319284920,2026-05-19T00:28:08.323+08:00,1.1086245775222778,-0.6004996299743652,0.059999942779541016,0.9460092782974243,-5.829516887664795,72.80006408691406
1779121688524200248,1779121688515710520,2026-05-19T00:28:08.524+08:00,1.1099601984024048,-0.5980287790298462,0.04999995231628418,1.2145771980285645,-5.7282514572143555,66.57232666015625
1779121688756707544,1779121688753548248,2026-05-19T00:28:08.756+08:00,1.1116278171539307,-0.5960560441017151,0.039999961853027344,0.8594166040420532,-5.590644359588623,59.47642135620117
1779121688959084600,1779121688953028312,2026-05-19T00:28:08.959+08:00,1.1121996641159058,-0.5956989526748657,0.039999961853027344,0.16798579692840576,-5.633011817932129,53.98766326904297
1779121689191121784,1779121689156252984,2026-05-19T00:28:09.191+08:00,1.1118146181106567,-0.5946925282478333,0.029999971389770508,-0.6338413953781128,-5.673354625701904,48.91213607788086
1779121689423396984,1779121689407819288,2026-05-19T00:28:09.423+08:00,1.1116118431091309,-0.5924456119537354,0.039999961853027344,-1.4737372398376465,-5.537538051605225,43.38633728027344
1779121689624002040,1779121689609277752,2026-05-19T00:28:09.624+08:00,1.111773133277893,-0.5918197631835938,0.029999971389770508,-1.9203646183013916,-5.514591693878174,38.849281311035156
1779121689856646232,1779121689843664856,2026-05-19T00:28:09.856+08:00,1.11158287525177,-0.5926982164382935,0.039999961853027344,-1.973264455795288,-5.5933990478515625,34.76223373413086
1779121690090802200,1779121690075708632,2026-05-19T00:28:10.090+08:00,1.1115527153015137,-0.592782199382782,0.029999971389770508,-1.6829581260681152,-5.312684059143066,30.693435668945312
1779121690324305496,1779121690310110648,2026-05-19T00:28:10.324+08:00,1.1102243661880493,-0.5922277569770813,0.039999961853027344,-1.072667121887207,-4.843512058258057,27.054393768310547
1779121690560583864,1779121690546610008,2026-05-19T00:28:10.560+08:00,1.1083186864852905,-0.5928983092308044,0.04999995231628418,-0.6119415163993835,-4.688451766967773,24.07821273803711
1779121690790138616,1779121690775822712,2026-05-19T00:28:10.790+08:00,1.1066972017288208,-0.5944270491600037,0.039999961853027344,-0.3540154695510864,-4.483626842498779,21.17351722717285
1779121690990549304,1779121690980886392,2026-05-19T00:28:10.990+08:00,1.1062980890274048,-0.5949939489364624,0.039999961853027344,-0.35236698389053345,-4.198614597320557,18.98151206970215
1779121691223435352,1779121691211151224,2026-05-19T00:28:11.223+08:00,1.1057257652282715,-0.5947757363319397,0.04999995231628418,-0.5416488647460938,-4.036243915557861,16.50902557373047
1779121691423522744,1779121691414136344,2026-05-19T00:28:11.423+08:00,1.1042109727859497,-0.5945922136306763,0.039999961853027344,-0.7221661806106567,-4.106841087341309,14.702399253845215
1779121691656501624,1779121691649527768,2026-05-19T00:28:11.656+08:00,1.1031421422958374,-0.5952044725418091,0.039999961853027344,-0.9587228894233704,-4.232901573181152,12.814855575561523
1779121691857004824,1779121691845959960,2026-05-19T00:28:11.857+08:00,1.1035075187683105,-0.5961505174636841,0.039999961853027344,-0.9914092421531677,-4.241294860839844,11.52194881439209
1779121692090900888,1779121692080710744,2026-05-19T00:28:12.090+08:00,1.1039005517959595,-0.5974516272544861,0.04999995231628418,-0.7152120471000671,-4.339712619781494,9.974774360656738
1779121692325375800,1779121692311643192,2026-05-19T00:28:12.325+08:00,1.1031510829925537,-0.5982823967933655,0.059999942779541016,-0.30014047026634216,-4.539990425109863,8.616762161254883
1779121692556682136,1779121692543734616,2026-05-19T00:28:12.556+08:00,1.1026489734649658,-0.5985022187232971,0.04999995231628418,-0.0038933486212044954,-4.571066856384277,7.503557205200195
1779121692757481496,1779121692746553720,2026-05-19T00:28:12.757+08:00,1.1029118299484253,-0.5980141758918762,0.06999993324279785,0.08727949857711792,-4.454348564147949,6.610352516174316
1779121692990073240,1779121692984697016,2026-05-19T00:28:12.990+08:00,1.1034868955612183,-0.5972135663032532,0.059999942779541016,-0.1412903219461441,-4.222486972808838,5.680873394012451
1779121693190158616,1779121693151702520,2026-05-19T00:28:13.190+08:00,1.1035031080245972,-0.5974148511886597,0.06999993324279785,-0.381526917219162,-4.076598167419434,5.0573248863220215
1779121693424337240,1779121693422577528,2026-05-19T00:28:13.424+08:00,1.1032426357269287,-0.598637580871582,0.059999942779541016,-0.5692933201789856,-3.8389837741851807,4.26459264755249
1779121693657853944,1779121693625266232,2026-05-19T00:28:13.657+08:00,1.1032119989395142,-0.5991603136062622,0.06999993324279785,-0.5267557501792908,-3.5342800617218018,3.7040116786956787
1779121693890109432,1779121693863380824,2026-05-19T00:28:13.890+08:00,1.1033576726913452,-0.5981363654136658,0.06999993324279785,-0.39075690507888794,-3.3085720539093018,2.4873569011688232
1779121694090480312,1779121694074214808,2026-05-19T00:28:14.090+08:00,1.1053944826126099,-0.6033279299736023,0.06999993324279785,-0.6836133599281311,-3.290515661239624,1.5019108057022095
1779121694290754776,1779121694271761208,2026-05-19T00:28:14.290+08:00,1.1138917207717896,-0.6179202795028687,0.059999942779541016,-1.466980218887329,-3.2619192600250244,1.0041061639785767
1779121694524082200,1779121694506397912,2026-05-19T00:28:14.524+08:00,1.1294960975646973,-0.6340529918670654,0.04999995231628418,-1.9148571491241455,-3.52305006980896,0.689541757106781
1779121694756736760,1779121694745669912,2026-05-19T00:28:14.756+08:00,1.150290846824646,-0.647875189781189,0.059999942779541016,-1.3782985210418701,-4.107715129852295,0.3789388835430145
1779121694991646328,1779121694979812920,2026-05-19T00:28:14.991+08:00,1.175342321395874,-0.6580356359481812,0.059999942779541016,-0.21511158347129822,-4.616147041320801,0.012027963064610958
1779121695223587768,1779121695213572888,2026-05-19T00:28:15.223+08:00,1.2073438167572021,-0.660243570804596,0.059999942779541016,1.165076732635498,-4.880408763885498,-0.4432451128959656
1779121695457910808,1779121695455717080,2026-05-19T00:28:15.457+08:00,1.243047833442688,-0.6609728932380676,0.06999993324279785,1.9691847562789917,-5.015847206115723,-0.7707595229148865
1779121695658642584,1779121695656259896,2026-05-19T00:28:15.658+08:00,1.2741769552230835,-0.6609892249107361,0.04999995231628418,1.9799739122390747,-4.991898536682129,-0.9702966809272766
1779121695858996312,1779121695828644568,2026-05-19T00:28:15.858+08:00,1.2985528707504272,-0.6604418754577637,0.04999995231628418,1.6999026536941528,-4.901914119720459,-1.090309977531433
1779121696089913144,1779121696071568184,2026-05-19T00:28:16.089+08:00,1.3381441831588745,-0.6584123969078064,0.039999961853027344,0.898479163646698,-4.679167747497559,-1.2137997150421143
1779121696290229880,1779121696274704152,2026-05-19T00:28:16.290+08:00,1.3689738512039185,-0.6589823365211487,0.039999961853027344,0.192526176571846,-4.518665790557861,-1.2564952373504639
1779121696523710072,1779121696509280344,2026-05-19T00:28:16.523+08:00,1.4070241451263428,-0.6587716937065125,0.029999971389770508,-0.2165493369102478,-4.3922438621521,-1.3379794359207153
1779121696756796312,1779121696742261912,2026-05-19T00:28:16.756+08:00,1.444329857826233,-0.6571192145347595,0.029999971389770508,-0.2014717310667038,-4.236785888671875,-1.4390798807144165
1779121696990842648,1779121696977688216,2026-05-19T00:28:16.990+08:00,1.4845994710922241,-0.6564635038375854,0.029999971389770508,-0.08410263806581497,-4.148162841796875,-1.5354129076004028
1779121697223321944,1779121697213644152,2026-05-19T00:28:17.223+08:00,1.5260138511657715,-0.6556420922279358,0.029999971389770508,0.03014816902577877,-4.152780532836914,-1.5982779264450073
1779121697457248920,1779121697449824088,2026-05-19T00:28:17.457+08:00,1.5666227340698242,-0.6559604406356812,0.029999971389770508,0.21477414667606354,-4.215270042419434,-1.6624611616134644
1779121697690020184,1779121697683803032,2026-05-19T00:28:17.690+08:00,1.6051889657974243,-0.6494492292404175,0.019999980926513672,0.7234642505645752,-4.332046031951904,-1.682009220123291
1779121697890306776,1779121697886539544,2026-05-19T00:28:17.890+08:00,1.6403768062591553,-0.6368157863616943,0.019999980926513672,1.2490546703338623,-4.606856346130371,-1.586523175239563
1779121698090359512,1779121698067346232,2026-05-19T00:28:18.090+08:00,1.6729549169540405,-0.6254932880401611,0.019999980926513672,1.4341398477554321,-4.890697002410889,-1.4586347341537476
1779121698323539992,1779121698316283704,2026-05-19T00:28:18.323+08:00,1.7226351499557495,-0.6170503497123718,0.019999980926513672,0.8822540640830994,-5.138919830322266,-1.2800320386886597
1779121698523655736,1779121698518562680,2026-05-19T00:28:18.523+08:00,1.7593189477920532,-0.614876925945282,0.019999980926513672,0.1415766328573227,-5.255621910095215,-1.2025846242904663
1779121698756653976,1779121698749856312,2026-05-19T00:28:18.756+08:00,1.7994657754898071,-0.6126232743263245,0.019999980926513672,-0.7517815232276917,-5.2512288093566895,-1.1505180597305298
1779121698956804376,1779121698936891256,2026-05-19T00:28:18.956+08:00,1.8268722295761108,-0.6093354225158691,0.019999980926513672,-1.1746515035629272,-5.035045146942139,-1.1632767915725708
1779121699190418168,1779121699170308856,2026-05-19T00:28:19.190+08:00,1.862259030342102,-0.6082074642181396,0.029999971389770508,-1.4995110034942627,-4.519723892211914,-1.1494866609573364
1779121699391221912,1779121699372810456,2026-05-19T00:28:19.391+08:00,1.8877822160720825,-0.6099362969398499,0.029999971389770508,-1.5135051012039185,-4.2301459312438965,-1.1602715253829956
1779121699623545272,1779121699609704152,2026-05-19T00:28:19.623+08:00,1.9108059406280518,-0.6109291911125183,0.029999971389770508,-1.2089236974716187,-4.085629463195801,-1.1948528289794922
1779121699823797912,1779121699809838392,2026-05-19T00:28:19.823+08:00,1.9317741394042969,-0.6108397245407104,0.039999961853027344,-0.8509826064109802,-3.9334208965301514,-1.200194001197815
1779121700057516728,1779121700035474584,2026-05-19T00:28:20.057+08:00,1.9493871927261353,-0.610637903213501,0.039999961853027344,-0.7061232924461365,-3.861682653427124,-1.1786242723464966
1779121700290298008,1779121700273428472,2026-05-19T00:28:20.290+08:00,1.9640202522277832,-0.6087040901184082,0.029999971389770508,-0.8774890899658203,-3.917663335800171,-1.1354506015777588
1779121700490994104,1779121700476446392,2026-05-19T00:28:20.490+08:00,1.973623514175415,-0.6072475910186768,0.019999980926513672,-1.1494184732437134,-4.043018817901611,-1.1097486019134521
1779121700723541336,1779121700705459448,2026-05-19T00:28:20.723+08:00,1.9815499782562256,-0.6079546213150024,0.029999971389770508,-1.349627137184143,-4.160452365875244,-1.0868948698043823
1779121700924215064,1779121700892914680,2026-05-19T00:28:20.924+08:00,1.9868032932281494,-0.6093059778213501,0.039999961853027344,-1.4911906719207764,-4.236616134643555,-1.0513709783554077
1779121701128003448,1779121701096637176,2026-05-19T00:28:21.128+08:00,1.9901502132415771,-0.609838604927063,0.039999961853027344,-1.4414488077163696,-4.329830169677734,-0.9912517070770264
1779121701358483672,1779121701333775480,2026-05-19T00:28:21.358+08:00,1.9921858310699463,-0.6097460985183716,0.039999961853027344,-1.1595579385757446,-4.451694488525391,-0.9086952209472656
1779121701590807160,1779121701571605464,2026-05-19T00:28:21.590+08:00,1.9918479919433594,-0.6092381477355957,0.04999995231628418,-0.8698051571846008,-4.577035903930664,-0.8128403425216675
1779121701823506712,1779121701777615736,2026-05-19T00:28:21.823+08:00,1.9897063970565796,-0.6086462736129761,0.04999995231628418,-0.6132277846336365,-4.748171329498291,-0.7387805581092834
1779121702023761336,1779121701993567096,2026-05-19T00:28:22.023+08:00,1.9866421222686768,-0.6080625057220459,0.04999995231628418,-0.6341027021408081,-4.895305633544922,-0.6519073843955994
1779121702257575704,1779121702223955032,2026-05-19T00:28:22.257+08:00,1.9829490184783936,-0.6081841588020325,0.04999995231628418,-0.8578380942344666,-4.912160396575928,-0.5630466341972351
1779121702490439128,1779121702463534232,2026-05-19T00:28:22.490+08:00,1.9772365093231201,-0.609250009059906,0.04999995231628418,-1.0418604612350464,-5.014873027801514,-0.5039381980895996
1779121702723755192,1779121702694970392,2026-05-19T00:28:22.723+08:00,1.9707074165344238,-0.6092731356620789,0.04999995231628418,-1.1958059072494507,-5.051931381225586,-0.46804553270339966
1779121702957346904,1779121702947444152,2026-05-19T00:28:22.957+08:00,1.9635000228881836,-0.6080383658409119,0.04999995231628418,-1.244960904121399,-5.008118152618408,-0.40143755078315735
1779121703190132120,1779121703187698424,2026-05-19T00:28:23.190+08:00,1.957582950592041,-0.6077710390090942,0.04999995231628418,-1.1764060258865356,-4.890862464904785,-0.3171188533306122
1779121703423110072,1779121703421367480,2026-05-19T00:28:23.423+08:00,1.9522217512130737,-0.6074955463409424,0.04999995231628418,-1.2007354497909546,-4.715049743652344,-0.3160874843597412
1779121703623713464,1779121703594613240,2026-05-19T00:28:23.623+08:00,1.948278546333313,-0.6072952151298523,0.04999995231628418,-1.180806279182434,-4.704440593719482,-0.3078366219997406
1779121703856634072,1779121703843252248,2026-05-19T00:28:23.856+08:00,1.9408278465270996,-0.6087967157363892,0.059999942779541016,-1.0600545406341553,-4.775656700134277,-0.308184951543808
1779121704056995864,1779121704049077752,2026-05-19T00:28:24.056+08:00,1.9355437755584717,-0.6100354790687561,0.059999942779541016,-0.9316859245300293,-4.704095840454102,-0.37350207567214966
1779121704257943224,1779121704251578648,2026-05-19T00:28:24.257+08:00,1.9319565296173096,-0.609795868396759,0.059999942779541016,-0.7853059768676758,-4.546324253082275,-0.40245524048805237
1779121704489916376,1779121704484265144,2026-05-19T00:28:24.489+08:00,1.9276630878448486,-0.6101213693618774,0.059999942779541016,-0.6391124725341797,-4.4671950340271,-0.4174748361110687
1779121704690122744,1779121704687484888,2026-05-19T00:28:24.690+08:00,1.9237170219421387,-0.610884428024292,0.059999942779541016,-0.5582239627838135,-4.536746025085449,-0.408513605594635
1779121704890306648,1779121704885055960,2026-05-19T00:28:24.890+08:00,1.9202611446380615,-0.6100991368293762,0.059999942779541016,-0.5915653705596924,-4.530779838562012,-0.39696377515792847
1779121705123800056,1779121705119332344,2026-05-19T00:28:25.123+08:00,1.9179720878601074,-0.6081022024154663,0.059999942779541016,-0.7053773403167725,-4.398611545562744,-0.3388456702232361
1779121705356730072,1779121705353246392,2026-05-19T00:28:25.356+08:00,1.9163672924041748,-0.6089358925819397,0.059999942779541016,-0.9261304140090942,-4.297066688537598,-0.28373289108276367
1779121705591508568,1779121705589520728,2026-05-19T00:28:25.591+08:00,1.914130687713623,-0.610137403011322,0.04999995231628418,-1.0394004583358765,-4.168410778045654,-0.29890957474708557
1779121705823504024,1779121705817213368,2026-05-19T00:28:25.823+08:00,1.9118226766586304,-0.6091093420982361,0.059999942779541016,-1.0054547786712646,-4.072627544403076,-0.3412294089794159
1779121706023855256,1779121706014332568,2026-05-19T00:28:26.023+08:00,1.9106656312942505,-0.6082116961479187,0.059999942779541016,-0.9703986048698425,-3.9919402599334717,-0.39734625816345215
1779121706224128696,1779121706215463288,2026-05-19T00:28:26.224+08:00,1.9098482131958008,-0.6084165573120117,0.04999995231628418,-0.9645749926567078,-3.8126676082611084,-0.34075814485549927
1779121706456593912,1779121706453957976,2026-05-19T00:28:26.456+08:00,1.9090863466262817,-0.6096847653388977,0.04999995231628418,-0.832222580909729,-3.7115345001220703,-0.43913334608078003
1779121706656631384,1779121706654948056,2026-05-19T00:28:26.656+08:00,1.9089574813842773,-0.6090505719184875,0.059999942779541016,-0.7033069729804993,-3.7032175064086914,-0.4659828245639801
1779121706890036344,1779121706881032312,2026-05-19T00:28:26.890+08:00,1.909085750579834,-0.6074889898300171,0.059999942779541016,-0.8265707492828369,-3.6025078296661377,-0.46371519565582275
1779121707090212504,1779121707083202200,2026-05-19T00:28:27.090+08:00,1.909039855003357,-0.6074174642562866,0.059999942779541016,-1.087965965270996,-3.5555715560913086,-0.43121033906936646
1779121707323128376,1779121707316412408,2026-05-19T00:28:27.323+08:00,1.9079915285110474,-0.6089458465576172,0.04999995231628418,-1.4438875913619995,-3.644099712371826,-0.3771767020225525
1779121707523384088,1779121707515596024,2026-05-19T00:28:27.523+08:00,1.9071685075759888,-0.6105891466140747,0.04999995231628418,-1.6474690437316895,-3.6629040241241455,-0.39410191774368286
1779121707723923864,1779121707715330872,2026-05-19T00:28:27.723+08:00,1.9067305326461792,-0.6115333437919617,0.04999995231628418,-1.567798137664795,-3.6009063720703125,-0.40802183747291565
1779121707957469304,1779121707930234232,2026-05-19T00:28:27.957+08:00,1.9068530797958374,-0.6112714409828186,0.04999995231628418,-1.314477562904358,-3.562040328979492,-0.41164183616638184
1779121708190746872,1779121708174613208,2026-05-19T00:28:28.190+08:00,1.9061437845230103,-0.6100650429725647,0.04999995231628418,-1.0989139080047607,-3.587069034576416,-0.36504629254341125
1779121708423993016,1779121708404273848,2026-05-19T00:28:28.423+08:00,1.9042588472366333,-0.6106326580047607,0.04999995231628418,-1.1245083808898926,-3.6101596355438232,-0.3012523353099823
1779121708656973880,1779121708646512280,2026-05-19T00:28:28.656+08:00,1.9023966789245605,-0.6125120520591736,0.04999995231628418,-1.5459692478179932,-3.60827374458313,-0.36783984303474426
1779121708890209752,1779121708875344792,2026-05-19T00:28:28.890+08:00,1.9008151292800903,-0.6134611368179321,0.04999995231628418,-1.9513428211212158,-3.578033447265625,-0.3539403975009918
1779121709090470232,1779121709076109592,2026-05-19T00:28:29.090+08:00,1.9000160694122314,-0.6130577325820923,0.04999995231628418,-1.9775367975234985,-3.487774133682251,-0.3176857531070709
1779121709323342552,1779121709309570296,2026-05-19T00:28:29.323+08:00,1.8992644548416138,-0.6132384538650513,0.04999995231628418,-1.771571397781372,-3.3556289672851562,-0.2874689996242523
1779121709556941624,1779121709548471576,2026-05-19T00:28:29.556+08:00,1.8980966806411743,-0.6128858923912048,0.04999995231628418,-1.4505523443222046,-3.3841464519500732,-0.2636316418647766
1779121709790901592,1779121709749976120,2026-05-19T00:28:29.790+08:00,1.8968175649642944,-0.6122562289237976,0.059999942779541016,-1.0804414749145508,-3.496889591217041,-0.2623338997364044
1779121710023835064,1779121710014816696,2026-05-19T00:28:30.023+08:00,1.896041989326477,-0.6119264960289001,0.04999995231628418,-0.9298831820487976,-3.5612454414367676,-0.2534000277519226
1779121710257391224,1779121710254082456,2026-05-19T00:28:30.257+08:00,1.895429015159607,-0.6120175123214722,0.04999995231628418,-1.1865657567977905,-3.627011775970459,-0.20765140652656555
1779121710489947928,1779121710485076600,2026-05-19T00:28:30.489+08:00,1.8948041200637817,-0.61263507604599,0.039999961853027344,-1.5398446321487427,-3.6914849281311035,-0.17638280987739563
1779121710690405272,1779121710655541624,2026-05-19T00:28:30.690+08:00,1.8947957754135132,-0.6130390167236328,0.04999995231628418,-1.697762131690979,-3.7345540523529053,-0.17371219396591187
1779121710890861784,1779121710877850712,2026-05-19T00:28:30.890+08:00,1.8955552577972412,-0.6124941110610962,0.04999995231628418,-1.7954497337341309,-3.7057361602783203,-0.17205245792865753
1779121711091513272,1779121711082213656,2026-05-19T00:28:31.091+08:00,1.8961567878723145,-0.6120412945747375,0.04999995231628418,-1.7762480974197388,-3.595094919204712,-0.3747861385345459
1779121711292687928,1779121711282425464,2026-05-19T00:28:31.292+08:00,1.8981602191925049,-0.6129039525985718,0.04999995231628418,-1.4919400215148926,-3.736457109451294,-3.074787139892578
1779121711523730200,1779121711515576024,2026-05-19T00:28:31.523+08:00,1.8982998132705688,-0.6195926666259766,0.039999961853027344,-0.8015668392181396,-4.265013694763184,-9.578944206237793
1779121711756542296,1779121711753651000,2026-05-19T00:28:31.756+08:00,1.8992969989776611,-0.6243281364440918,0.04999995231628418,0.1696251481771469,-4.6262054443359375,-17.023653030395508
1779121711956681080,1779121711950174616,2026-05-19T00:28:31.956+08:00,1.9014086723327637,-0.625282347202301,0.04999995231628418,0.7684016227722168,-4.732869625091553,-23.158336639404297
1779121712189889048,1779121712184370104,2026-05-19T00:28:32.189+08:00,1.9037611484527588,-0.6274027228355408,0.039999961853027344,0.8713125586509705,-4.683518886566162,-29.598426818847656
1779121712391232440,1779121712389272376,2026-05-19T00:28:32.391+08:00,1.904414176940918,-0.6294140815734863,0.029999971389770508,0.42001575231552124,-4.5782270431518555,-35.5722541809082
1779121712623390936,1779121712620058296,2026-05-19T00:28:32.623+08:00,1.9053122997283936,-0.6292364001274109,0.029999971389770508,-0.33522576093673706,-4.45794153213501,-41.08706283569336
1779121712823810744,1779121712816068760,2026-05-19T00:28:32.823+08:00,1.9063570499420166,-0.6284695863723755,0.029999971389770508,-1.131574034690857,-4.274430274963379,-45.63893508911133
1779121713057725016,1779121713014205560,2026-05-19T00:28:33.057+08:00,1.906601071357727,-0.6281915307044983,0.029999971389770508,-1.858133316040039,-4.097983360290527,-49.81269836425781
1779121713290424568,1779121713286933304,2026-05-19T00:28:33.290+08:00,1.9049384593963623,-0.6275568008422852,0.029999971389770508,-2.3517165184020996,-3.9586384296417236,-54.675601959228516
1779121713523943192,1779121713487110584,2026-05-19T00:28:33.523+08:00,1.9037556648254395,-0.6259828209877014,0.029999971389770508,-2.2816874980926514,-3.862607717514038,-57.966552734375
1779121713757336888,1779121713723300568,2026-05-19T00:28:33.757+08:00,1.9023348093032837,-0.6236542463302612,0.039999961853027344,-1.8366824388504028,-3.8165411949157715,-61.45145034790039
1779121713990579672,1779121713981809848,2026-05-19T00:28:33.990+08:00,1.9003878831863403,-0.6201367974281311,0.039999961853027344,-1.1929304599761963,-3.779963254928589,-64.71278381347656
1779121714223398840,1779121714215038552,2026-05-19T00:28:34.223+08:00,1.8989540338516235,-0.6176284551620483,0.039999961853027344,-0.8799294233322144,-3.735659599304199,-67.3115234375
1779121714459263832,1779121714453256184,2026-05-19T00:28:34.459+08:00,1.898442029953003,-0.6161700487136841,0.039999961853027344,-0.9647653102874756,-3.6708152294158936,-69.65242004394531
1779121714690674136,1779121714654205560,2026-05-19T00:28:34.690+08:00,1.8979171514511108,-0.6151503324508667,0.039999961853027344,-1.352285623550415,-3.6471104621887207,-71.45368957519531
1779121714924107512,1779121714922523544,2026-05-19T00:28:34.924+08:00,1.8971525430679321,-0.6143226623535156,0.039999961853027344,-2.003627300262451,-3.633800745010376,-73.60679626464844
1779121715157300184,1779121715155660760,2026-05-19T00:28:35.157+08:00,1.8970080614089966,-0.6141122579574585,0.039999961853027344,-2.490394115447998,-3.528651475906372,-75.44448852539062
1779121715357851704,1779121715356108888,2026-05-19T00:28:35.357+08:00,1.896991491317749,-0.6143446564674377,0.039999961853027344,-2.605530023574829,-3.34122896194458,-76.84867858886719
1779121715590362264,1779121715559909720,2026-05-19T00:28:35.590+08:00,1.8965054750442505,-0.6143739223480225,0.04999995231628418,-2.517580986022949,-3.189553737640381,-78.09265899658203
1779121715790644376,1779121715762809112,2026-05-19T00:28:35.790+08:00,1.8954017162322998,-0.6139051914215088,0.04999995231628418,-2.177269458770752,-3.2214136123657227,-79.20984649658203
1779121715990721656,1779121715985090968,2026-05-19T00:28:35.990+08:00,1.8954651355743408,-0.6136425733566284,0.059999942779541016,-1.7027497291564941,-3.261033773422241,-80.32259368896484
1779121716224335768,1779121716193875448,2026-05-19T00:28:36.224+08:00,1.897103190422058,-0.6147674918174744,0.04999995231628418,-1.5205755233764648,-3.0920746326446533,-81.32937622070312
1779121716457676568,1779121716456277624,2026-05-19T00:28:36.457+08:00,1.8965754508972168,-0.6155282855033875,0.04999995231628418,-1.6721709966659546,-3.0514822006225586,-82.35066986083984
1779121716690584856,1779121716662785592,2026-05-19T00:28:36.690+08:00,1.8947020769119263,-0.6149425506591797,0.04999995231628418,-1.8112897872924805,-3.2184391021728516,-83.09208679199219
1779121716923736312,1779121716918923320,2026-05-19T00:28:36.923+08:00,1.8951538801193237,-0.6143750548362732,0.04999995231628418,-1.8751084804534912,-3.2726519107818604,-83.9202880859375
1779121717158361432,1779121717153078392,2026-05-19T00:28:37.158+08:00,1.896536111831665,-0.6148855090141296,0.04999995231628418,-1.8006985187530518,-3.3154916763305664,-84.6752700805664
1779121717391893656,1779121717389204760,2026-05-19T00:28:37.391+08:00,1.8965648412704468,-0.616285502910614,0.04999995231628418,-1.5723098516464233,-3.439732789993286,-85.39047241210938
1779121717623636600,1779121717593562648,2026-05-19T00:28:37.623+08:00,1.8955061435699463,-0.6171384453773499,0.059999942779541016,-1.482464075088501,-3.502697467803955,-87.04540252685547
1779121717823685432,1779121717812657368,2026-05-19T00:28:37.823+08:00,1.8918912410736084,-0.6185683608055115,0.04999995231628418,-2.1549365520477295,-3.4957971572875977,-88.24027252197266
1779121718056691064,1779121718046244984,2026-05-19T00:28:38.056+08:00,1.876745581626892,-0.6248337030410767,0.039999961853027344,-3.218484878540039,-3.4581198692321777,-88.71353912353516
1779121718257765464,1779121718245927128,2026-05-19T00:28:38.257+08:00,1.861851692199707,-0.6308452486991882,0.04999995231628418,-3.550570011138916,-3.5368659496307373,-89.06622314453125
1779121718490667928,1779121718478976280,2026-05-19T00:28:38.490+08:00,1.843979001045227,-0.6380590796470642,0.04999995231628418,-2.574080467224121,-3.8788468837738037,-89.4190673828125
1779121718723307416,1779121718717924280,2026-05-19T00:28:38.723+08:00,1.8466451168060303,-0.6504153609275818,0.059999942779541016,-0.42670345306396484,-4.139946460723877,-89.73191833496094
1779121718923571992,1779121718916591832,2026-05-19T00:28:38.923+08:00,1.8560278415679932,-0.662244439125061,0.059999942779541016,0.7520384192466736,-4.332273483276367,-89.88497924804688
1779121719123647736,1779121719116984376,2026-05-19T00:28:39.123+08:00,1.8540927171707153,-0.6747516989707947,0.059999942779541016,0.7974094152450562,-4.558419704437256,-89.95604705810547
1779121719356840504,1779121719351518136,2026-05-19T00:28:39.356+08:00,1.8477858304977417,-0.6920717358589172,0.04999995231628418,0.42450466752052307,-4.480090618133545,-90.07112121582031
1779121719557694360,1779121719551724856,2026-05-19T00:28:39.557+08:00,1.8481968641281128,-0.7078993916511536,0.04999995231628418,-0.042078036814928055,-4.201025009155273,-90.17479705810547
1779121719790489592,1779121719752023192,2026-05-19T00:28:39.790+08:00,1.8515270948410034,-0.7240412831306458,0.039999961853027344,-0.7218828797340393,-3.9335477352142334,-90.25767517089844
1779121719990833848,1779121719979609880,2026-05-19T00:28:39.990+08:00,1.8495076894760132,-0.7422086000442505,0.029999971389770508,-1.685337781906128,-3.66018009185791,-90.26240539550781
1779121720194199864,1779121720189489080,2026-05-19T00:28:40.194+08:00,1.8466497659683228,-0.7595796585083008,0.029999971389770508,-2.4585280418395996,-3.4885151386260986,-90.1715087890625
1779121720423828472,1779121720385289624,2026-05-19T00:28:40.423+08:00,1.8459022045135498,-0.7730751633644104,0.029999971389770508,-2.760517120361328,-3.4309067726135254,-90.16231536865234
1779121720624065272,1779121720584846520,2026-05-19T00:28:40.624+08:00,1.8454980850219727,-0.7884760499000549,0.029999971389770508,-2.7312817573547363,-3.4043898582458496,-90.20826721191406
1779121720856650712,1779121720845786520,2026-05-19T00:28:40.856+08:00,1.849076271057129,-0.8124882578849792,0.029999971389770508,-2.3892464637756348,-3.3776702880859375,-90.31865692138672
1779121721090094296,1779121721079012184,2026-05-19T00:28:41.090+08:00,1.84779953956604,-0.8340784907341003,0.029999971389770508,-2.219404697418213,-3.445972442626953,-90.4105224609375
1779121721323283480,1779121721321209592,2026-05-19T00:28:41.323+08:00,1.8457335233688354,-0.8552330732345581,0.029999971389770508,-1.782382845878601,-3.490126848220825,-90.50389099121094
1779121721524216824,1779121721485176184,2026-05-19T00:28:41.524+08:00,1.8465992212295532,-0.8698597550392151,0.029999971389770508,-1.5552929639816284,-3.50895357131958,-90.53456115722656
1779121721756465816,1779121721754637176,2026-05-19T00:28:41.756+08:00,1.849317193031311,-0.8950629234313965,0.029999971389770508,-1.7465269565582275,-3.722651243209839,-90.57875061035156
1779121721957500664,1779121721953812344,2026-05-19T00:28:41.957+08:00,1.8472002744674683,-0.9128709435462952,0.029999971389770508,-2.0862350463867188,-3.805269479751587,-90.52293395996094
1779121722189895992,1779121722184943544,2026-05-19T00:28:42.189+08:00,1.844283103942871,-0.9338014721870422,0.039999961853027344,-2.1885461807250977,-3.7022173404693604,-90.50530242919922
1779121722389962616,1779121722384987000,2026-05-19T00:28:42.389+08:00,1.8447670936584473,-0.9536799788475037,0.029999971389770508,-2.0590367317199707,-3.5787768363952637,-90.54361724853516
1779121722590399608,1779121722585333464,2026-05-19T00:28:42.590+08:00,1.8470580577850342,-0.9724732041358948,0.029999971389770508,-1.91536545753479,-3.5966639518737793,-90.53834533691406
1779121722823401912,1779121722817073784,2026-05-19T00:28:42.823+08:00,1.8476736545562744,-0.9945608973503113,0.04999995231628418,-1.9214214086532593,-3.696805715560913,-90.49250030517578
1779121723057640536,1779121723053382136,2026-05-19T00:28:43.057+08:00,1.846248984336853,-1.0167864561080933,0.039999961853027344,-1.8669670820236206,-3.603355884552002,-90.47893524169922
1779121723291053240,1779121723252963608,2026-05-19T00:28:43.291+08:00,1.845591425895691,-1.0367690324783325,0.039999961853027344,-1.7069065570831299,-3.41554856300354,-90.45567321777344
1779121723493283992,1779121723463277752,2026-05-19T00:28:43.493+08:00,1.8464362621307373,-1.0564261674880981,0.039999961853027344,-1.4998791217803955,-3.296163558959961,-90.42208099365234
1779121723723905240,1779121723699193400,2026-05-19T00:28:43.723+08:00,1.8484292030334473,-1.078991413116455,0.039999961853027344,-0.8381904363632202,-3.3047125339508057,-90.2532958984375
1779121723923919800,1779121723915893944,2026-05-19T00:28:43.923+08:00,1.8678234815597534,-1.104236125946045,0.04999995231628418,-0.01811397448182106,-3.496952533721924,-89.91820526123047
1779121724157018136,1779121724155680120,2026-05-19T00:28:44.157+08:00,1.881785273551941,-1.1290783882141113,0.04999995231628418,0.06154010444879532,-3.8571889400482178,-89.41281127929688
1779121724357339352,1779121724355041080,2026-05-19T00:28:44.357+08:00,1.8856024742126465,-1.151099681854248,0.039999961853027344,-0.5367410778999329,-4.15045690536499,-89.0317153930664
1779121724590263576,1779121724558855992,2026-05-19T00:28:44.590+08:00,1.8904799222946167,-1.1727386713027954,0.039999961853027344,-1.2492066621780396,-4.332198143005371,-88.69969940185547
1779121724790708568,1779121724761859864,2026-05-19T00:28:44.790+08:00,1.8958420753479004,-1.1957590579986572,0.039999961853027344,-1.910287618637085,-4.327914237976074,-88.3551025390625
1779121724990768760,1779121724982031832,2026-05-19T00:28:44.990+08:00,1.8989323377609253,-1.2218937873840332,0.029999971389770508,-2.4450080394744873,-4.08973503112793,-88.00594329833984
1779121725223560376,1779121725217263576,2026-05-19T00:28:45.223+08:00,1.897281527519226,-1.2488787174224854,0.039999961853027344,-2.620417833328247,-3.870440721511841,-87.7229232788086
1779121725424183736,1779121725393666776,2026-05-19T00:28:45.424+08:00,1.8974201679229736,-1.26706063747406,0.039999961853027344,-2.171445369720459,-3.6959426403045654,-87.57342529296875
1779121725656480856,1779121725621952984,2026-05-19T00:28:45.656+08:00,1.899920105934143,-1.2896811962127686,0.04999995231628418,-1.4128483533859253,-3.3379530906677246,-87.43666076660156
1779121725856624728,1779121725849111704,2026-05-19T00:28:45.856+08:00,1.9011540412902832,-1.3147767782211304,0.04999995231628418,-0.9008190035820007,-3.012547731399536,-87.38920593261719
1779121726056897816,1779121726053435992,2026-05-19T00:28:46.056+08:00,1.9002060890197754,-1.3377251625061035,0.04999995231628418,-0.924351692199707,-2.66347074508667,-87.3699951171875
1779121726290305400,1779121726284850296,2026-05-19T00:28:46.290+08:00,1.8991968631744385,-1.3615319728851318,0.039999961853027344,-1.2548415660858154,-2.2660317420959473,-87.47683715820312
1779121726523769656,1779121726484807352,2026-05-19T00:28:46.523+08:00,1.8999898433685303,-1.3810745477676392,0.04999995231628418,-1.576322078704834,-2.136106252670288,-87.60247039794922
1779121726724480952,1779121726722611896,2026-05-19T00:28:46.724+08:00,1.900314211845398,-1.4011218547821045,0.04999995231628418,-1.8973520994186401,-2.1648647785186768,-87.78848266601562
1779121726930964984,1779121726920362744,2026-05-19T00:28:46.930+08:00,1.8997561931610107,-1.4174230098724365,0.04999995231628418,-1.9412386417388916,-2.173508405685425,-87.91665649414062
1779121727156853144,1779121727154778488,2026-05-19T00:28:47.156+08:00,1.900625467300415,-1.4363187551498413,0.04999995231628418,-1.7662172317504883,-2.233151912689209,-88.05075073242188
1779121727390393112,1779121727388506808,2026-05-19T00:28:47.390+08:00,1.903196096420288,-1.4526218175888062,0.04999995231628418,-1.6819199323654175,-2.4166934490203857,-88.11723327636719
1779121727623441944,1779121727591606296,2026-05-19T00:28:47.623+08:00,1.902645468711853,-1.4641690254211426,0.04999995231628418,-1.7234445810317993,-2.557081937789917,-88.17729949951172
1779121727823573208,1779121727814454968,2026-05-19T00:28:47.823+08:00,1.9000054597854614,-1.4738142490386963,0.04999995231628418,-1.7499499320983887,-2.6720879077911377,-88.23847198486328
1779121728057441208,1779121728051501400,2026-05-19T00:28:48.057+08:00,1.9011034965515137,-1.4812593460083008,0.04999995231628418,-1.5524981021881104,-2.832432746887207,-88.27252197265625
1779121728290322936,1779121728284939544,2026-05-19T00:28:48.290+08:00,1.903598427772522,-1.4871506690979004,0.04999995231628418,-1.4311894178390503,-2.9054083824157715,-88.30077362060547
1779121728491005816,1779121728485174904,2026-05-19T00:28:48.491+08:00,1.9041651487350464,-1.4916706085205078,0.04999995231628418,-1.5864132642745972,-2.8849756717681885,-88.29156494140625
1779121728723874968,1779121728722529112,2026-05-19T00:28:48.723+08:00,1.902435064315796,-1.4952013492584229,0.04999995231628418,-1.8228167295455933,-2.7977404594421387,-88.31774139404297
1779121728926648024,1779121728912024632,2026-05-19T00:28:48.926+08:00,1.90187668800354,-1.4960981607437134,0.04999995231628418,-1.8352707624435425,-2.6646792888641357,-88.340087890625
1779121729160365848,1779121729149994904,2026-05-19T00:28:49.160+08:00,1.9027326107025146,-1.4946424961090088,0.04999995231628418,-1.7733702659606934,-2.538834810256958,-88.32981872558594
1779121729389982104,1779121729355501144,2026-05-19T00:28:49.389+08:00,1.9031258821487427,-1.4918341636657715,0.04999995231628418,-1.7619402408599854,-2.5367417335510254,-88.32119750976562
1779121729623645112,1779121729594466680,2026-05-19T00:28:49.623+08:00,1.9025956392288208,-1.4874247312545776,0.04999995231628418,-1.738234281539917,-2.546963930130005,-88.33821868896484
1779121729857116536,1779121729844469464,2026-05-19T00:28:49.857+08:00,1.9018133878707886,-1.482621669769287,0.04999995231628418,-1.7029800415039062,-2.6234405040740967,-88.35102844238281
1779121730090060696,1779121730086475160,2026-05-19T00:28:50.090+08:00,1.9012372493743896,-1.4778704643249512,0.04999995231628418,-1.5818908214569092,-2.768476963043213,-88.3758544921875
1779121730290167224,1779121730282291000,2026-05-19T00:28:50.290+08:00,1.9015910625457764,-1.473146915435791,0.04999995231628418,-1.5050413608551025,-2.868248224258423,-88.40585327148438
1779121730490674392,1779121730483174104,2026-05-19T00:28:50.490+08:00,1.9020661115646362,-1.4680622816085815,0.04999995231628418,-1.5086215734481812,-2.96167254447937,-88.42509460449219
1779121730691901208,1779121730689374904,2026-05-19T00:28:50.691+08:00,1.9011945724487305,-1.4621120691299438,0.04999995231628418,-1.587363839149475,-3.1262240409851074,-88.44712829589844
1779121730923294328,1779121730912521432,2026-05-19T00:28:50.923+08:00,1.9000240564346313,-1.456315040588379,0.04999995231628418,-1.6527048349380493,-3.3247811794281006,-88.48298645019531
1779121731123411160,1779121731111450136,2026-05-19T00:28:51.123+08:00,1.8999426364898682,-1.4520835876464844,0.04999995231628418,-1.603022813796997,-3.354449510574341,-88.52820587158203
1779121731323608216,1779121731314604568,2026-05-19T00:28:51.323+08:00,1.90068781375885,-1.4491894245147705,0.059999942779541016,-1.5208772420883179,-3.1993892192840576,-88.51786804199219
1779121731523840856,1779121731521908824,2026-05-19T00:28:51.523+08:00,1.9013376235961914,-1.4462478160858154,0.059999942779541016,-1.5568710565567017,-3.073934316635132,-88.50843811035156
1779121731756811352,1779121731753600088,2026-05-19T00:28:51.756+08:00,1.901115894317627,-1.4401410818099976,0.059999942779541016,-1.6483603715896606,-3.1382927894592285,-88.5221939086914
1779121731957544184,1779121731948903736,2026-05-19T00:28:51.957+08:00,1.9002177715301514,-1.4349782466888428,0.059999942779541016,-1.628767728805542,-3.186713218688965,-88.57432556152344
1779121732158545752,1779121732155309816,2026-05-19T00:28:52.158+08:00,1.9000613689422607,-1.431176781654358,0.04999995231628418,-1.5328649282455444,-3.1170737743377686,-88.63243103027344
1779121732391118520,1779121732359281432,2026-05-19T00:28:52.391+08:00,1.9002795219421387,-1.429133415222168,0.059999942779541016,-1.3943660259246826,-3.030308485031128,-88.6827621459961
1779121732623447576,1779121732594509176,2026-05-19T00:28:52.623+08:00,1.899854063987732,-1.4275925159454346,0.059999942779541016,-1.2871261835098267,-2.9014501571655273,-88.72370147705078
1779121732823475256,1779121732818430584,2026-05-19T00:28:52.823+08:00,1.9004786014556885,-1.4256243705749512,0.059999942779541016,-1.308954119682312,-2.8745040893554688,-88.7430191040039
1779121733023549816,1779121733015935640,2026-05-19T00:28:53.023+08:00,1.9012281894683838,-1.4229319095611572,0.059999942779541016,-1.4445035457611084,-3.0426864624023438,-88.7363510131836
1779121733256668344,1779121733253965720,2026-05-19T00:28:53.256+08:00,1.9003221988677979,-1.4203293323516846,0.059999942779541016,-1.629793643951416,-3.1718409061431885,-88.71138000488281
1779121733490128056,1779121733486719800,2026-05-19T00:28:53.490+08:00,1.8992302417755127,-1.4200704097747803,0.059999942779541016,-1.6991046667099,-3.102252721786499,-88.6332778930664
1779121733723423704,1779121733714667224,2026-05-19T00:28:53.723+08:00,1.8982926607131958,-1.420538067817688,0.059999942779541016,-1.5426201820373535,-3.0505478382110596,-88.65198516845703
1779121733923919736,1779121733920912600,2026-05-19T00:28:53.923+08:00,1.8993459939956665,-1.4207261800765991,0.059999942779541016,-1.2838467359542847,-3.018284797668457,-88.6546859741211
1779121734158468600,1779121734155823608,2026-05-19T00:28:54.158+08:00,1.9007201194763184,-1.4200170040130615,0.06999993324279785,-1.1651453971862793,-2.9679062366485596,-88.6333236694336
1779121734390118552,1779121734354873720,2026-05-19T00:28:54.390+08:00,1.9000346660614014,-1.4187389612197876,0.059999942779541016,-1.2817174196243286,-2.952160596847534,-88.61389923095703
1779121734591126296,1779121734556689176,2026-05-19T00:28:54.591+08:00,1.8993343114852905,-1.417616367340088,0.059999942779541016,-1.4813103675842285,-2.9747581481933594,-88.4969482421875
1779121734823870520,1779121734818818808,2026-05-19T00:28:54.823+08:00,1.8989003896713257,-1.4172147512435913,0.059999942779541016,-1.5996156930923462,-2.97147536277771,-88.447021484375
1779121735057120984,1779121735020414712,2026-05-19T00:28:55.057+08:00,1.8994389772415161,-1.418497920036316,0.059999942779541016,-1.6209075450897217,-2.8691811561584473,-88.44593048095703
1779121735257209464,1779121735254769592,2026-05-19T00:28:55.257+08:00,1.8992522954940796,-1.419985055923462,0.06999993324279785,-1.5333507061004639,-2.7989888191223145,-88.4515151977539
1779121735457230584,1779121735424320440,2026-05-19T00:28:55.457+08:00,1.899314045906067,-1.4206340312957764,0.059999942779541016,-1.3910770416259766,-2.8076012134552,-88.46443939208984
1779121735691015928,1779121735661756280,2026-05-19T00:28:55.691+08:00,1.899438738822937,-1.420312523841858,0.059999942779541016,-1.2235428094863892,-2.8331964015960693,-88.50764465332031
1779121735891525976,1779121735882071352,2026-05-19T00:28:55.891+08:00,1.8995527029037476,-1.4202836751937866,0.059999942779541016,-1.1531950235366821,-2.868462562561035,-88.5217056274414
1779121736123781880,1779121736113766872,2026-05-19T00:28:56.123+08:00,1.8998918533325195,-1.4213980436325073,0.059999942779541016,-1.2187261581420898,-2.8475608825683594,-88.53819274902344
1779121736357190488,1779121736349664632,2026-05-19T00:28:56.357+08:00,1.8998607397079468,-1.423020839691162,0.04999995231628418,-1.3846135139465332,-2.807755470275879,-88.57294464111328
1779121736590350040,1779121736551783640,2026-05-19T00:28:56.590+08:00,1.8997910022735596,-1.4236149787902832,0.059999942779541016,-1.5164315700531006,-2.826690673828125,-88.56607055664062
1779121736790550296,1779121736752763768,2026-05-19T00:28:56.790+08:00,1.8996427059173584,-1.4228819608688354,0.04999995231628418,-1.5523481369018555,-2.8526418209075928,-88.5489273071289
1779121737023249272,1779121737014941560,2026-05-19T00:28:57.023+08:00,1.8996435403823853,-1.4217997789382935,0.04999995231628418,-1.5013535022735596,-2.9060628414154053,-88.55067443847656
1779121737223302136,1779121737215850904,2026-05-19T00:28:57.223+08:00,1.900267481803894,-1.4217537641525269,0.04999995231628418,-1.422531008720398,-2.99029541015625,-88.5282211303711
1779121737423671064,1779121737417143416,2026-05-19T00:28:57.423+08:00,1.900725245475769,-1.4226794242858887,0.04999995231628418,-1.3658775091171265,-2.973916530609131,-88.52820587158203
1779121737656538008,1779121737654676984,2026-05-19T00:28:57.656+08:00,1.9004188776016235,-1.4235645532608032,0.04999995231628418,-1.350588321685791,-2.853119134902954,-88.52922058105469
1779121737890148344,1779121737882382808,2026-05-19T00:28:57.890+08:00,1.900499939918518,-1.4236116409301758,0.04999995231628418,-1.4185054302215576,-2.9036362171173096,-88.52680206298828
1779121738090918008,1779121738078591000,2026-05-19T00:28:58.090+08:00,1.9004756212234497,-1.423380732536316,0.04999995231628418,-1.489772081375122,-2.974438428878784,-88.53202819824219
1779121738323325496,1779121738316174808,2026-05-19T00:28:58.323+08:00,1.8989503383636475,-1.4236277341842651,0.039999961853027344,-1.6827431917190552,-2.9111881256103516,-88.56306457519531
1779121738523677720,1779121738513238776,2026-05-19T00:28:58.523+08:00,1.8943215608596802,-1.4275743961334229,0.039999961853027344,-1.9151229858398438,-2.8636653423309326,-88.5835952758789
1779121738757163416,1779121738753747384,2026-05-19T00:28:58.757+08:00,1.8890507221221924,-1.4364022016525269,0.04999995231628418,-1.8392572402954102,-2.948434829711914,-88.57501983642578
1779121738989958968,1779121738984380664,2026-05-19T00:28:58.989+08:00,1.8876680135726929,-1.4466817378997803,0.039999961853027344,-1.4911482334136963,-2.9528403282165527,-88.64930725097656
1779121739192944504,1779121739183855000,2026-05-19T00:28:59.192+08:00,1.8865972757339478,-1.456510066986084,0.039999961853027344,-1.2052725553512573,-2.9682652950286865,-88.74010467529297
1779121739423705848,1779121739418848952,2026-05-19T00:28:59.423+08:00,1.8843156099319458,-1.4691872596740723,0.04999995231628418,-0.9681257605552673,-3.1622114181518555,-88.84878540039062
1779121739623848760,1779121739584968792,2026-05-19T00:28:59.623+08:00,1.883235216140747,-1.4783191680908203,0.039999961853027344,-0.8832371830940247,-3.2911839485168457,-88.91835021972656
1779121739856994232,1779121739846553432,2026-05-19T00:28:59.856+08:00,1.8842418193817139,-1.494642734527588,0.039999961853027344,-0.8760445713996887,-3.3673131465911865,-89.03372192382812
1779121740057446072,1779121740052589752,2026-05-19T00:29:00.057+08:00,1.8843809366226196,-1.5107308626174927,0.039999961853027344,-1.1265530586242676,-3.295417070388794,-89.11827850341797
1779121740290813496,1779121740285473144,2026-05-19T00:29:00.290+08:00,1.8834571838378906,-1.527600884437561,0.039999961853027344,-1.4090421199798584,-3.2002816200256348,-89.19287872314453
1779121740523862680,1779121740486245976,2026-05-19T00:29:00.523+08:00,1.8822284936904907,-1.5425622463226318,0.039999961853027344,-1.5187777280807495,-3.2417008876800537,-89.25055694580078
1779121740756866680,1779121740754823352,2026-05-19T00:29:00.756+08:00,1.8829666376113892,-1.5645318031311035,0.039999961853027344,-1.474135160446167,-3.2122461795806885,-89.35395050048828
1779121740957368152,1779121740942487448,2026-05-19T00:29:00.957+08:00,1.8835301399230957,-1.5794143676757812,0.039999961853027344,-1.4004216194152832,-3.129917860031128,-89.42559814453125
1779121741190278424,1779121741181228472,2026-05-19T00:29:01.190+08:00,1.8834558725357056,-1.5989301204681396,0.039999961853027344,-1.2772539854049683,-3.0587871074676514,-89.51402282714844
1779121741423963512,1779121741418897240,2026-05-19T00:29:01.423+08:00,1.883527398109436,-1.6192560195922852,0.039999961853027344,-1.1685211658477783,-3.1165239810943604,-89.560791015625
1779121741657248920,1779121741654758456,2026-05-19T00:29:01.657+08:00,1.8843977451324463,-1.6385806798934937,0.039999961853027344,-1.1565722227096558,-3.1236674785614014,-89.5911636352539
1779121741890309048,1779121741874082424,2026-05-19T00:29:01.890+08:00,1.8837685585021973,-1.656746745109558,0.039999961853027344,-1.2393139600753784,-3.108576536178589,-89.6123046875
1779121742124059608,1779121742106713880,2026-05-19T00:29:02.124+08:00,1.8829129934310913,-1.6759222745895386,0.039999961853027344,-1.2426599264144897,-3.117043972015381,-89.63812255859375
1779121742356577528,1779121742342520184,2026-05-19T00:29:02.356+08:00,1.8826706409454346,-1.6972018480300903,0.039999961853027344,-1.1674290895462036,-3.0020062923431396,-89.67494201660156
1779121742556623224,1779121742543694168,2026-05-19T00:29:02.556+08:00,1.8842133283615112,-1.715227723121643,0.039999961853027344,-1.1417338848114014,-3.0330967903137207,-89.70423889160156
1779121742757387224,1779121742746827928,2026-05-19T00:29:02.757+08:00,1.8837474584579468,-1.7327075004577637,0.039999961853027344,-1.1854172945022583,-3.1455776691436768,-89.72776794433594
1779121742957633528,1779121742942652280,2026-05-19T00:29:02.957+08:00,1.8827879428863525,-1.750963568687439,0.039999961853027344,-1.1960793733596802,-3.145498275756836,-89.74669647216797
1779121743189749016,1779121743174698264,2026-05-19T00:29:03.189+08:00,1.8830410242080688,-1.7723581790924072,0.039999961853027344,-1.183411955833435,-3.093679904937744,-89.76492309570312
1779121743390310808,1779121743374781336,2026-05-19T00:29:03.390+08:00,1.8842366933822632,-1.790960669517517,0.039999961853027344,-1.2113360166549683,-3.122779369354248,-89.77738189697266
1779121743623793272,1779121743613352184,2026-05-19T00:29:03.623+08:00,1.8833396434783936,-1.8142927885055542,0.039999961853027344,-1.301939606666565,-3.145432233810425,-89.78286743164062
1779121743856898904,1779121743843802616,2026-05-19T00:29:03.856+08:00,1.8821477890014648,-1.8359663486480713,0.039999961853027344,-1.284923791885376,-3.081319570541382,-89.7764663696289
1779121744090079544,1779121744075339768,2026-05-19T00:29:04.090+08:00,1.8830472230911255,-1.858479619026184,0.039999961853027344,-1.1431950330734253,-3.03536319732666,-89.77318572998047
1779121744290314680,1779121744275464024,2026-05-19T00:29:04.290+08:00,1.8848166465759277,-1.8770378828048706,0.039999961853027344,-0.9732512831687927,-3.092332601547241,-89.67623901367188
1779121744492187160,1779121744479567608,2026-05-19T00:29:04.492+08:00,1.8887414932250977,-1.8970361948013306,0.039999961853027344,-0.7476535439491272,-3.2036707401275635,-89.62577819824219
1779121744724584312,1779121744682501080,2026-05-19T00:29:04.724+08:00,1.8920533657073975,-1.918564796447754,0.04999995231628418,-0.7670130729675293,-3.2495479583740234,-89.59408569335938
1779121744956617528,1779121744948200920,2026-05-19T00:29:04.956+08:00,1.8933581113815308,-1.9463468790054321,0.039999961853027344,-1.065130352973938,-3.3105266094207764,-89.5721206665039
1779121745156726648,1779121745144682456,2026-05-19T00:29:05.156+08:00,1.8928937911987305,-1.9624066352844238,0.039999961853027344,-1.1775293350219727,-3.443457841873169,-89.45611572265625
1779121745390381400,1779121745388252696,2026-05-19T00:29:05.390+08:00,1.8945965766906738,-1.986369252204895,0.039999961853027344,-1.1421704292297363,-3.5819032192230225,-89.35396575927734
1779121745623621080,1779121745621828568,2026-05-19T00:29:05.623+08:00,1.8980220556259155,-2.0107595920562744,0.039999961853027344,-1.1153379678726196,-3.5102431774139404,-89.16629791259766
1779121745856954456,1779121745842273624,2026-05-19T00:29:05.856+08:00,1.9009979963302612,-2.031351327896118,0.039999961853027344,-1.1574162244796753,-3.505150318145752,-89.02549743652344
1779121746057688760,1779121746043528600,2026-05-19T00:29:06.057+08:00,1.9012792110443115,-2.0501651763916016,0.039999961853027344,-1.2418441772460938,-3.661393404006958,-88.85790252685547
1779121746290163992,1779121746283653944,2026-05-19T00:29:06.290+08:00,1.896535038948059,-2.0740182399749756,0.039999961853027344,-1.2800371646881104,-3.7664778232574463,-88.51095581054688
1779121746490803864,1779121746483783608,2026-05-19T00:29:06.490+08:00,1.8961350917816162,-2.0927205085754395,0.04999995231628418,-0.9688907265663147,-3.7449564933776855,-88.25936889648438
1779121746723666968,1779121746684511800,2026-05-19T00:29:06.723+08:00,1.8981972932815552,-2.1120188236236572,0.039999961853027344,-0.6285791397094727,-3.808688163757324,-88.0863037109375
1779121746923855608,1779121746913144600,2026-05-19T00:29:06.923+08:00,1.9000005722045898,-2.133662223815918,0.04999995231628418,-0.4299442768096924,-3.8255252838134766,-88.0107650756836
1779121747156415288,1779121747146609880,2026-05-19T00:29:07.156+08:00,1.8980305194854736,-2.152496099472046,0.039999961853027344,-0.5152995586395264,-3.8778693675994873,-87.87032318115234
1779121747356684504,1779121747348567416,2026-05-19T00:29:07.356+08:00,1.897655725479126,-2.171415328979492,0.039999961853027344,-0.5233202576637268,-4.103870391845703,-87.77198028564453
1779121747557076216,1779121747552264504,2026-05-19T00:29:07.557+08:00,1.8992968797683716,-2.1883440017700195,0.04999995231628418,-0.5962063074111938,-4.164735317230225,-87.6507339477539
1779121747757437848,1779121747749815352,2026-05-19T00:29:07.757+08:00,1.901425838470459,-2.2054238319396973,0.039999961853027344,-0.7684206366539001,-4.080394744873047,-87.49190521240234
1779121747990717432,1779121747985135224,2026-05-19T00:29:07.990+08:00,1.9020744562149048,-2.2227272987365723,0.039999961853027344,-1.0851125717163086,-4.19351053237915,-87.33636474609375
1779121748223554552,1779121748213940952,2026-05-19T00:29:08.223+08:00,1.8991787433624268,-2.2376058101654053,0.039999961853027344,-1.2608803510665894,-4.339359283447266,-87.26774597167969
1779121748423900408,1779121748384655384,2026-05-19T00:29:08.423+08:00,1.8986639976501465,-2.246640205383301,0.039999961853027344,-1.109390139579773,-4.210710048675537,-87.23164367675781
1779121748656658616,1779121748654282360,2026-05-19T00:29:08.656+08:00,1.900453805923462,-2.260018825531006,0.039999961853027344,-0.6501250267028809,-4.037090301513672,-87.10618591308594
1779121748856787096,1779121748844786264,2026-05-19T00:29:08.856+08:00,1.9005614519119263,-2.265388250350952,0.04999995231628418,-0.4195888936519623,-4.180181503295898,-87.02423858642578
1779121749056793144,1779121749052344824,2026-05-19T00:29:09.056+08:00,1.900041937828064,-2.2700977325439453,0.039999961853027344,-0.34383153915405273,-4.160037040710449,-86.87580871582031
1779121749290080024,1779121749281453720,2026-05-19T00:29:09.290+08:00,1.899726152420044,-2.2741730213165283,0.04999995231628418,-0.38604649901390076,-3.8626277446746826,-86.78731536865234
1779121749524195768,1779121749522247320,2026-05-19T00:29:09.524+08:00,1.9000778198242188,-2.276242733001709,0.039999961853027344,-0.5194893479347229,-3.927722930908203,-86.69197845458984
1779121749759314616,1779121749752513688,2026-05-19T00:29:09.759+08:00,1.9002655744552612,-2.2755699157714844,0.039999961853027344,-0.7473466992378235,-4.052515506744385,-86.61669921875
1779121749990557304,1779121749982716440,2026-05-19T00:29:09.990+08:00,1.9003509283065796,-2.2744734287261963,0.039999961853027344,-0.993438184261322,-3.831888198852539,-86.57601165771484
1779121750224062136,1779121750215513560,2026-05-19T00:29:10.224+08:00,1.8998976945877075,-2.271994113922119,0.039999961853027344,-1.1762386560440063,-3.8006479740142822,-86.54671478271484
1779121750457294744,1779121750418513048,2026-05-19T00:29:10.457+08:00,1.899356484413147,-2.269348621368408,0.039999961853027344,-1.2067437171936035,-3.921687126159668,-86.55393981933594
1779121750689855000,1779121750653318776,2026-05-19T00:29:10.689+08:00,1.8989554643630981,-2.2650320529937744,0.039999961853027344,-1.1508945226669312,-3.804943323135376,-86.57723236083984
1779121750890220824,1779121750883198616,2026-05-19T00:29:10.890+08:00,1.8995367288589478,-2.2608864307403564,0.04999995231628418,-1.0258100032806396,-3.7569332122802734,-86.59513854980469
1779121751124253304,1779121751122951352,2026-05-19T00:29:11.124+08:00,1.8998942375183105,-2.2551982402801514,0.039999961853027344,-1.0985941886901855,-3.9366419315338135,-86.65338897705078
1779121751324408824,1779121751290102872,2026-05-19T00:29:11.324+08:00,1.8993464708328247,-2.250908613204956,0.04999995231628418,-1.2328593730926514,-3.930903673171997,-86.72975158691406
1779121751524584824,1779121751492350008,2026-05-19T00:29:11.524+08:00,1.8984438180923462,-2.2468345165252686,0.04999995231628418,-1.3568053245544434,-3.8122875690460205,-86.85362243652344
1779121751730144312,1779121751692025816,2026-05-19T00:29:11.730+08:00,1.898389220237732,-2.2437353134155273,0.04999995231628418,-1.4708926677703857,-3.716059923171997,-86.99164581298828
1779121751956499928,1779121751943552856,2026-05-19T00:29:11.956+08:00,1.90053129196167,-2.2385408878326416,0.04999995231628418,-1.5953072309494019,-3.5290231704711914,-87.13225555419922
1779121752156590552,1779121752142914392,2026-05-19T00:29:12.156+08:00,1.901437520980835,-2.234560012817383,0.04999995231628418,-1.7553704977035522,-3.420151710510254,-87.26248931884766
1779121752356842360,1779121752341810424,2026-05-19T00:29:12.356+08:00,1.899783730506897,-2.230692148208618,0.039999961853027344,-1.9112017154693604,-3.431281805038452,-87.40605926513672
1779121752589756024,1779121752576399192,2026-05-19T00:29:12.589+08:00,1.8983408212661743,-2.2276604175567627,0.04999995231628418,-1.7951436042785645,-3.2821762561798096,-87.61275482177734
1779121752790566104,1779121752747404184,2026-05-19T00:29:12.790+08:00,1.8988174200057983,-2.226266384124756,0.04999995231628418,-1.5740251541137695,-3.0929160118103027,-87.75355529785156
1779121752991124024,1779121752980836312,2026-05-19T00:29:12.991+08:00,1.8994194269180298,-2.2235701084136963,0.059999942779541016,-1.3386350870132446,-3.157802104949951,-87.94706726074219
1779121753224243544,1779121753215473752,2026-05-19T00:29:13.224+08:00,1.899289846420288,-2.220529317855835,0.04999995231628418,-1.3176782131195068,-3.4005215167999268,-88.10388946533203
1779121753427353048,1779121753389332536,2026-05-19T00:29:13.427+08:00,1.8988943099975586,-2.2195279598236084,0.059999942779541016,-1.378528118133545,-3.3740017414093018,-88.20579528808594
1779121753656990072,1779121753626354264,2026-05-19T00:29:13.656+08:00,1.8989055156707764,-2.2191576957702637,0.059999942779541016,-1.468546748161316,-3.359567880630493,-88.31608581542969
1779121753890192120,1779121753888224792,2026-05-19T00:29:13.890+08:00,1.8991987705230713,-2.218498706817627,0.059999942779541016,-1.59332275390625,-3.609851837158203,-88.4570083618164
1779121754090270136,1779121754054110712,2026-05-19T00:29:14.090+08:00,1.8991165161132812,-2.2177670001983643,0.059999942779541016,-1.6593904495239258,-3.6064178943634033,-88.51519012451172
1779121754290385368,1779121754254448568,2026-05-19T00:29:14.290+08:00,1.8991276025772095,-2.2180094718933105,0.059999942779541016,-1.6776397228240967,-3.458540439605713,-88.58454132080078
1779121754524072472,1779121754494112824,2026-05-19T00:29:14.524+08:00,1.8992834091186523,-2.2184174060821533,0.04999995231628418,-1.6383743286132812,-3.4339916706085205,-88.6715316772461
1779121754757715416,1779121754728108568,2026-05-19T00:29:14.757+08:00,1.8996193408966064,-2.2171268463134766,0.059999942779541016,-1.5678741931915283,-3.380603075027466,-88.71222686767578
1779121754990570232,1779121754983243416,2026-05-19T00:29:14.990+08:00,1.8993922472000122,-2.2157435417175293,0.059999942779541016,-1.533595085144043,-3.3073840141296387,-88.75753784179688
1779121755191141208,1779121755189536568,2026-05-19T00:29:15.191+08:00,1.8987458944320679,-2.2155795097351074,0.059999942779541016,-1.5014170408248901,-3.2490036487579346,-88.80561828613281
1779121755391447192,1779121755351993464,2026-05-19T00:29:15.391+08:00,1.8987289667129517,-2.2156553268432617,0.059999942779541016,-1.4404654502868652,-3.1443071365356445,-88.83592224121094
1779121755623245816,1779121755594401784,2026-05-19T00:29:15.623+08:00,1.8995168209075928,-2.2160634994506836,0.059999942779541016,-1.4328867197036743,-3.076138734817505,-88.86309051513672
1779121755824892792,1779121755769539800,2026-05-19T00:29:15.824+08:00,1.9001809358596802,-2.216400384902954,0.059999942779541016,-1.5070120096206665,-3.1242008209228516,-88.8448257446289
1779121756056804696,1779121756054739032,2026-05-19T00:29:16.056+08:00,1.9003678560256958,-2.216914653778076,0.04999995231628418,-1.6573820114135742,-3.1977171897888184,-88.9264907836914
1779121756256984824,1779121756252226520,2026-05-19T00:29:16.256+08:00,1.9003682136535645,-2.217836618423462,0.04999995231628418,-1.7445982694625854,-3.2082042694091797,-88.96800231933594
1779121756490200696,1779121756461807448,2026-05-19T00:29:16.490+08:00,1.9003591537475586,-2.218961238861084,0.059999942779541016,-1.7728625535964966,-3.2096645832061768,-88.99629211425781
1779121756690356824,1779121756660017560,2026-05-19T00:29:16.690+08:00,1.9000486135482788,-2.2193896770477295,0.059999942779541016,-1.767276406288147,-3.237632989883423,-89.0035629272461
1779121756890369976,1779121756878794776,2026-05-19T00:29:16.890+08:00,1.899047613143921,-2.219029664993286,0.059999942779541016,-1.6570311784744263,-3.3057634830474854,-89.00880432128906
1779121757090936440,1779121757044478968,2026-05-19T00:29:17.090+08:00,1.8987432718276978,-2.2187139987945557,0.04999995231628418,-1.5147089958190918,-3.3199687004089355,-89.01488494873047
1779121757323161592,1779121757312223832,2026-05-19T00:29:17.323+08:00,1.9000226259231567,-2.2189502716064453,0.04999995231628418,-1.4031078815460205,-3.191263198852539,-89.04765319824219
1779121757523210520,1779121757521024632,2026-05-19T00:29:17.523+08:00,1.9002488851547241,-2.2189412117004395,0.04999995231628418,-1.5278505086898804,-3.144291400909424,-89.03336334228516
1779121757724087384,1779121757722358776,2026-05-19T00:29:17.724+08:00,1.8988118171691895,-2.2187466621398926,0.04999995231628418,-1.7317732572555542,-3.145472526550293,-89.05963897705078
1779121757957085656,1779121757945420120,2026-05-19T00:29:17.957+08:00,1.8970812559127808,-2.2184624671936035,0.04999995231628418,-1.8741415739059448,-3.100337028503418,-89.19842529296875
1779121758190035480,1779121758185270008,2026-05-19T00:29:18.190+08:00,1.896864652633667,-2.218078851699829,0.039999961853027344,-1.8082315921783447,-3.1019914150238037,-89.27574157714844
1779121758423211000,1779121758416443672,2026-05-19T00:29:18.423+08:00,1.8977066278457642,-2.217686176300049,0.04999995231628418,-1.6791167259216309,-3.1929972171783447,-89.27059173583984
1779121758623577656,1779121758619617656,2026-05-19T00:29:18.623+08:00,1.8980776071548462,-2.2177860736846924,0.04999995231628418,-1.6237499713897705,-3.2199559211730957,-89.26182556152344
1779121758823919608,1779121758812214360,2026-05-19T00:29:18.823+08:00,1.8986241817474365,-2.2185940742492676,0.04999995231628418,-1.6234899759292603,-3.1851696968078613,-89.24683380126953
1779121759056999256,1779121759011145656,2026-05-19T00:29:19.056+08:00,1.8996611833572388,-2.219569206237793,0.039999961853027344,-1.6898716688156128,-3.1737220287323,-89.22686767578125
1779121759257801528,1779121759255889816,2026-05-19T00:29:19.257+08:00,1.9003676176071167,-2.2203493118286133,0.04999995231628418,-1.8373020887374878,-3.1661975383758545,-89.2311019897461
1779121759457852120,1779121759452204344,2026-05-19T00:29:19.457+08:00,1.8999273777008057,-2.220289945602417,0.039999961853027344,-1.9663128852844238,-3.1677780151367188,-89.20970916748047
1779121759691667384,1779121759654048984,2026-05-19T00:29:19.691+08:00,1.8987191915512085,-2.2200803756713867,0.039999961853027344,-1.9678573608398438,-3.2268283367156982,-89.1940689086914
1779121759923192984,1779121759912739736,2026-05-19T00:29:19.923+08:00,1.8989412784576416,-2.220345973968506,0.04999995231628418,-1.7408342361450195,-3.1450798511505127,-89.1728515625
1779121760123440184,1779121760116869496,2026-05-19T00:29:20.123+08:00,1.9007827043533325,-2.2210190296173096,0.04999995231628418,-1.6645649671554565,-3.0269405841827393,-89.11858367919922
1779121760328234072,1779121760314227352,2026-05-19T00:29:20.328+08:00,1.901612401008606,-2.220212459564209,0.04999995231628418,-1.7476460933685303,-3.059034585952759,-89.05030822753906
1779121760556732984,1779121760552879448,2026-05-19T00:29:20.556+08:00,1.8996822834014893,-2.2177088260650635,0.039999961853027344,-1.8687267303466797,-3.255742311477661,-89.05207061767578
1779121760791243608,1779121760750522712,2026-05-19T00:29:20.791+08:00,1.8985872268676758,-2.217245101928711,0.04999995231628418,-1.952885389328003,-3.2647337913513184,-88.97942352294922
1779121761023500152,1779121761011232056,2026-05-19T00:29:21.023+08:00,1.8992727994918823,-2.218549966812134,0.04999995231628418,-1.8748903274536133,-3.211073637008667,-88.95196533203125
1779121761223525112,1779121761213121176,2026-05-19T00:29:21.223+08:00,1.8995208740234375,-2.219571590423584,0.04999995231628418,-1.7822998762130737,-3.31097412109375,-88.96186828613281
1779121761456484888,1779121761420492504,2026-05-19T00:29:21.456+08:00,1.8992208242416382,-2.2200911045074463,0.04999995231628418,-1.7458237409591675,-3.296041965484619,-88.96074676513672
1779121761656656472,1779121761654380376,2026-05-19T00:29:21.656+08:00,1.8998335599899292,-2.220139265060425,0.04999995231628418,-1.7609671354293823,-3.2541327476501465,-88.96134948730469
1779121761857484184,1779121761841739768,2026-05-19T00:29:21.857+08:00,1.9001688957214355,-2.219923496246338,0.04999995231628418,-1.812820315361023,-3.3419272899627686,-88.96636199951172
1779121762091605464,1779121762078488344,2026-05-19T00:29:22.091+08:00,1.8994195461273193,-2.2194786071777344,0.04999995231628418,-1.9063011407852173,-3.3955187797546387,-88.98207092285156
1779121762323734232,1779121762312552696,2026-05-19T00:29:22.323+08:00,1.8986948728561401,-2.2199273109436035,0.04999995231628418,-1.9579660892486572,-3.3128228187561035,-88.98654174804688
1779121762557180856,1779121762552479416,2026-05-19T00:29:22.557+08:00,1.8984838724136353,-2.220284938812256,0.04999995231628418,-1.855679988861084,-3.2853193283081055,-88.99126434326172
1779121762757865048,1779121762756029592,2026-05-19T00:29:22.757+08:00,1.8983114957809448,-2.220210075378418,0.04999995231628418,-1.755473256111145,-3.2890701293945312,-89.01441955566406
1779121762990120504,1779121762987445112,2026-05-19T00:29:22.990+08:00,1.8983598947525024,-2.219959020614624,0.04999995231628418,-1.6798886060714722,-3.295377254486084,-89.02227783203125
1779121763224395096,1779121763222545688,2026-05-19T00:29:23.224+08:00,1.8986890316009521,-2.219963788986206,0.04999995231628418,-1.6664310693740845,-3.334334373474121,-89.00859069824219
1779121763456601880,1779121763424667096,2026-05-19T00:29:23.456+08:00,1.898686408996582,-2.220194101333618,0.039999961853027344,-1.7364283800125122,-3.3955230712890625,-88.99793243408203
1779121763690751256,1779121763661697528,2026-05-19T00:29:23.690+08:00,1.898734450340271,-2.2205820083618164,0.04999995231628418,-1.836635947227478,-3.468904733657837,-88.99693298339844
1779121763923387416,1779121763913092664,2026-05-19T00:29:23.923+08:00,1.8987997770309448,-2.221022367477417,0.04999995231628418,-1.8964643478393555,-3.516326427459717,-89.0105972290039
1779121764123700504,1779121764114261976,2026-05-19T00:29:24.123+08:00,1.8989007472991943,-2.2219438552856445,0.039999961853027344,-1.9350495338439941,-3.543790578842163,-89.0201416015625
1779121764356774712,1779121764324103576,2026-05-19T00:29:24.356+08:00,1.8992670774459839,-2.2227799892425537,0.04999995231628418,-1.9594030380249023,-3.509864568710327,-89.02122497558594
1779121764557823736,1779121764528011928,2026-05-19T00:29:24.557+08:00,1.8993228673934937,-2.222238540649414,0.04999995231628418,-1.9410114288330078,-3.5565738677978516,-89.01789093017578
1779121764791838296,1779121764768115800,2026-05-19T00:29:24.791+08:00,1.8989897966384888,-2.221143960952759,0.04999995231628418,-1.817452073097229,-3.693230152130127,-89.01466369628906
1779121765023923480,1779121765022088472,2026-05-19T00:29:25.023+08:00,1.8997611999511719,-2.221468210220337,0.04999995231628418,-1.750667929649353,-3.5198237895965576,-89.00578308105469
1779121765256973112,1779121765254308376,2026-05-19T00:29:25.256+08:00,1.899992823600769,-2.221754789352417,0.04999995231628418,-1.757739782333374,-3.461543560028076,-88.99746704101562
1779121765457053048,1779121765424168760,2026-05-19T00:29:25.457+08:00,1.8990464210510254,-2.2213330268859863,0.04999995231628418,-1.8227380514144897,-3.584219455718994,-88.89509582519531
1779121765690858072,1779121765661191896,2026-05-19T00:29:25.690+08:00,1.8975279331207275,-2.22117280960083,0.04999995231628418,-1.822914719581604,-3.6048343181610107,-88.84526062011719
1779121765923946808,1779121765913263768,2026-05-19T00:29:25.923+08:00,1.8985768556594849,-2.2217352390289307,0.04999995231628418,-1.6219743490219116,-3.4980807304382324,-88.85612487792969
1779121766156505752,1779121766149290424,2026-05-19T00:29:26.156+08:00,1.8993065357208252,-2.221583604812622,0.04999995231628418,-1.5364710092544556,-3.6292285919189453,-88.9036636352539
1779121766357676312,1779121766351877720,2026-05-19T00:29:26.357+08:00,1.8991986513137817,-2.221609354019165,0.04999995231628418,-1.5862513780593872,-3.69907283782959,-88.86779022216797
1779121766557885080,1779121766551534712,2026-05-19T00:29:26.557+08:00,1.8990648984909058,-2.2221736907958984,0.04999995231628418,-1.6736643314361572,-3.651380777359009,-88.86886596679688
1779121766790496984,1779121766757924856,2026-05-19T00:29:26.790+08:00,1.8994389772415161,-2.222597599029541,0.04999995231628418,-1.7263197898864746,-3.6209394931793213,-88.8730239868164
1779121766990810168,1779121766985897560,2026-05-19T00:29:26.990+08:00,1.899387240409851,-2.2222628593444824,0.04999995231628418,-1.7614954710006714,-3.689858913421631,-88.87818145751953
1779121767223557560,1779121767219207704,2026-05-19T00:29:27.223+08:00,1.898755431175232,-2.2215347290039062,0.04999995231628418,-1.7296576499938965,-3.763315439224243,-88.89210510253906
1779121767424663608,1779121767422254360,2026-05-19T00:29:27.424+08:00,1.8988147974014282,-2.2212274074554443,0.04999995231628418,-1.6598879098892212,-3.7764546871185303,-88.88778686523438
1779121767625257848,1779121767594554232,2026-05-19T00:29:27.625+08:00,1.8988996744155884,-2.2216429710388184,0.059999942779541016,-1.6076716184616089,-3.71003794670105,-88.88517761230469
1779121767856735352,1779121767844651992,2026-05-19T00:29:27.856+08:00,1.8981926441192627,-2.2220139503479004,0.04999995231628418,-1.5249109268188477,-3.577324390411377,-88.90741729736328
1779121768057215640,1779121768026681688,2026-05-19T00:29:28.057+08:00,1.89785897731781,-2.221604347229004,0.04999995231628418,-1.4799531698226929,-3.6418185234069824,-88.91517639160156
1779121768290812088,1779121768262919544,2026-05-19T00:29:28.290+08:00,1.8982042074203491,-2.220789670944214,0.04999995231628418,-1.4632506370544434,-3.7190191745758057,-88.90154266357422
1779121768523331288,1779121768502635032,2026-05-19T00:29:28.523+08:00,1.8988080024719238,-2.2205445766448975,0.059999942779541016,-1.5274949073791504,-3.6347415447235107,-88.89884948730469
1779121768723581880,1779121768705175832,2026-05-19T00:29:28.723+08:00,1.8987270593643188,-2.220656633377075,0.04999995231628418,-1.624748945236206,-3.736262798309326,-88.91161346435547
1779121768924298008,1779121768922160632,2026-05-19T00:29:28.924+08:00,1.898935317993164,-2.221240758895874,0.04999995231628418,-1.6515028476715088,-3.8386337757110596,-88.93721008300781
1779121769157497848,1779121769123870520,2026-05-19T00:29:29.157+08:00,1.8999288082122803,-2.2220826148986816,0.04999995231628418,-1.6861820220947266,-3.743858575820923,-88.9512939453125
1779121769390355768,1779121769370322648,2026-05-19T00:29:29.390+08:00,1.9003710746765137,-2.2224361896514893,0.04999995231628418,-1.7814905643463135,-3.726625919342041,-88.964599609375
1779121769623569816,1779121769602904504,2026-05-19T00:29:29.623+08:00,1.8991049528121948,-2.221505880355835,0.04999995231628418,-1.716874361038208,-3.906806707382202,-88.99893188476562
1779121769823589912,1779121769773869336,2026-05-19T00:29:29.823+08:00,1.8986656665802002,-2.220896005630493,0.04999995231628418,-1.6085675954818726,-3.94095516204834,-89.04180908203125
1779121770057771960,1779121770025795736,2026-05-19T00:29:30.057+08:00,1.9001476764678955,-2.2207229137420654,0.04999995231628418,-1.468492865562439,-3.794281482696533,-89.05982971191406
1779121770290006008,1779121770259671608,2026-05-19T00:29:30.290+08:00,1.9001431465148926,-2.2204084396362305,0.04999995231628418,-1.5094175338745117,-3.7345540523529053,-89.01750946044922
1779121770490279896,1779121770464100568,2026-05-19T00:29:30.490+08:00,1.8979253768920898,-2.21941876411438,0.04999995231628418,-1.6137263774871826,-3.7679147720336914,-88.86416625976562
1779121770724004216,1779121770700888344,2026-05-19T00:29:30.724+08:00,1.8965198993682861,-2.2184998989105225,0.04999995231628418,-1.6122581958770752,-3.762622356414795,-88.76429748535156
1779121770924442968,1779121770892709432,2026-05-19T00:29:30.924+08:00,1.8978068828582764,-2.2185871601104736,0.04999995231628418,-1.4419337511062622,-3.7186131477355957,-88.73863220214844
1779121771157146936,1779121771130090104,2026-05-19T00:29:31.157+08:00,1.8995027542114258,-2.2194058895111084,0.04999995231628418,-1.3540191650390625,-3.737597703933716,-88.70681762695312
1779121771357541240,1779121771341273560,2026-05-19T00:29:31.357+08:00,1.8996617794036865,-2.2201836109161377,0.04999995231628418,-1.4596500396728516,-3.776301860809326,-88.69052124023438
1779121771590398424,1779121771572085368,2026-05-19T00:29:31.590+08:00,1.8990126848220825,-2.2202606201171875,0.04999995231628418,-1.6158236265182495,-3.8077609539031982,-88.6947021484375
1779121771790484280,1779121771735658552,2026-05-19T00:29:31.790+08:00,1.898891806602478,-2.2202863693237305,0.04999995231628418,-1.6758677959442139,-3.8437936305999756,-88.7126235961914
1779121772023515192,1779121771988095416,2026-05-19T00:29:32.023+08:00,1.899160385131836,-2.2203073501586914,0.04999995231628418,-1.7011137008666992,-3.9231677055358887,-88.74958801269531
1779121772257060472,1779121772229129656,2026-05-19T00:29:32.257+08:00,1.8993784189224243,-2.2204153537750244,0.04999995231628418,-1.6584341526031494,-3.9283909797668457,-88.74641418457031
1779121772490320216,1779121772458578328,2026-05-19T00:29:32.490+08:00,1.899301290512085,-2.2206003665924072,0.04999995231628418,-1.5716108083724976,-3.8865394592285156,-88.76531219482422
1779121772690839736,1779121772665324056,2026-05-19T00:29:32.690+08:00,1.899067759513855,-2.220369815826416,0.04999995231628418,-1.5308518409729004,-3.891608238220215,-88.78356170654297
1779121772923311896,1779121772920100216,2026-05-19T00:29:32.923+08:00,1.8994319438934326,-2.2205471992492676,0.04999995231628418,-1.5343959331512451,-3.8415849208831787,-88.79428100585938
1779121773123574488,1779121773088141464,2026-05-19T00:29:33.123+08:00,1.8992626667022705,-2.2205684185028076,0.039999961853027344,-1.5439307689666748,-3.779305934906006,-88.80758666992188
1779121773323594872,1779121773288156952,2026-05-19T00:29:33.323+08:00,1.8986682891845703,-2.220210552215576,0.04999995231628418,-1.5812370777130127,-3.795591115951538,-88.82320404052734
1779121773524516536,1779121773492788184,2026-05-19T00:29:33.524+08:00,1.8985960483551025,-2.2191905975341797,0.04999995231628418,-1.594556212425232,-3.872447967529297,-88.84892272949219
1779121773756466584,1779121773738328568,2026-05-19T00:29:33.756+08:00,1.8992165327072144,-2.219059705734253,0.039999961853027344,-1.612040638923645,-3.8896236419677734,-88.85690307617188
1779121773956747448,1779121773921252376,2026-05-19T00:29:33.956+08:00,1.8997673988342285,-2.219202756881714,0.04999995231628418,-1.6353164911270142,-3.8186700344085693,-88.86250305175781
1779121774190320248,1779121774160733848,2026-05-19T00:29:34.190+08:00,1.8997434377670288,-2.2197141647338867,0.04999995231628418,-1.6654506921768188,-3.8137974739074707,-88.86116027832031
1779121774390488408,1779121774365905336,2026-05-19T00:29:34.390+08:00,1.8995898962020874,-2.2197279930114746,0.04999995231628418,-1.6533167362213135,-3.9154417514801025,-88.81683349609375
1779121774625027544,1779121774597123960,2026-05-19T00:29:34.625+08:00,1.8998522758483887,-2.21891450881958,0.04999995231628418,-1.6046411991119385,-3.9817888736724854,-88.83485412597656
1779121774857413592,1779121774826485496,2026-05-19T00:29:34.857+08:00,1.9002141952514648,-2.2190375328063965,0.04999995231628418,-1.5794028043746948,-3.959462881088257,-88.81330871582031
1779121775090521304,1779121775061351256,2026-05-19T00:29:35.090+08:00,1.899749994277954,-2.2186203002929688,0.059999942779541016,-1.5965334177017212,-3.902729034423828,-88.77757263183594
1779121775323523416,1779121775294663160,2026-05-19T00:29:35.323+08:00,1.8981764316558838,-2.2177658081054688,0.04999995231628418,-1.5628423690795898,-3.9817543029785156,-88.80474853515625
1779121775523904952,1779121775498947640,2026-05-19T00:29:35.523+08:00,1.8978767395019531,-2.2176806926727295,0.04999995231628418,-1.4635136127471924,-3.999152183532715,-88.81912994384766
1779121775757338616,1779121775729681944,2026-05-19T00:29:35.757+08:00,1.8991938829421997,-2.2182528972625732,0.04999995231628418,-1.3953773975372314,-3.829155683517456,-88.82559204101562
1779121775990018904,1779121775983523032,2026-05-19T00:29:35.990+08:00,1.8994125127792358,-2.2177507877349854,0.04999995231628418,-1.4812283515930176,-3.836495876312256,-88.79607391357422
1779121776190650200,1779121776186242648,2026-05-19T00:29:36.190+08:00,1.898364782333374,-2.216867208480835,0.04999995231628418,-1.552478551864624,-3.9771595001220703,-88.80547332763672
1779121776423887992,1779121776414795768,2026-05-19T00:29:36.423+08:00,1.8985599279403687,-2.2172160148620605,0.04999995231628418,-1.5557531118392944,-3.9498603343963623,-88.82946014404297
1779121776656843544,1779121776624427480,2026-05-19T00:29:36.656+08:00,1.8997455835342407,-2.217949867248535,0.04999995231628418,-1.5725058317184448,-3.9075260162353516,-88.89262390136719
1779121776890172312,1779121776882927832,2026-05-19T00:29:36.890+08:00,1.9003232717514038,-2.2182719707489014,0.04999995231628418,-1.6247919797897339,-4.061976432800293,-88.94869995117188
1779121777124049592,1779121777112685496,2026-05-19T00:29:37.124+08:00,1.8992352485656738,-2.218454360961914,0.04999995231628418,-1.6587598323822021,-4.1138410568237305,-88.97212982177734
1779121777356782296,1779121777352229464,2026-05-19T00:29:37.356+08:00,1.8990451097488403,-2.2196128368377686,0.04999995231628418,-1.5237410068511963,-3.999908208847046,-88.99668884277344
1779121777589933144,1779121777586650616,2026-05-19T00:29:37.589+08:00,1.9002286195755005,-2.2199440002441406,0.04999995231628418,-1.4428631067276,-3.976911783218384,-88.98519897460938
1779121777790471320,1779121777751720216,2026-05-19T00:29:37.790+08:00,1.9005846977233887,-2.2194361686706543,0.04999995231628418,-1.4106041193008423,-4.052260398864746,-89.06974792480469
1779121777991263512,1779121777978368120,2026-05-19T00:29:37.991+08:00,1.899978518486023,-2.2188920974731445,0.059999942779541016,-1.467109203338623,-4.07568883895874,-88.99297332763672
1779121778223505336,1779121778210849272,2026-05-19T00:29:38.223+08:00,1.9002121686935425,-2.2201521396636963,0.04999995231628418,-1.4994546175003052,-3.9298043251037598,-88.95357513427734
1779121778456856504,1779121778449009720,2026-05-19T00:29:38.456+08:00,1.9004675149917603,-2.221144676208496,0.059999942779541016,-1.5426920652389526,-3.863394021987915,-88.94801330566406
1779121778689852696,1779121778680948184,2026-05-19T00:29:38.689+08:00,1.9005179405212402,-2.2210564613342285,0.04999995231628418,-1.6159595251083374,-3.984898805618286,-88.93202209472656
1779121778923495992,1779121778909825976,2026-05-19T00:29:38.923+08:00,1.9005151987075806,-2.2209057807922363,0.04999995231628418,-1.6331549882888794,-4.00282621383667,-88.92343139648438
1779121779156595896,1779121779144741368,2026-05-19T00:29:39.156+08:00,1.9005405902862549,-2.221487045288086,0.04999995231628418,-1.6089388132095337,-3.958285093307495,-88.92301940917969
1779121779390398936,1779121779382583000,2026-05-19T00:29:39.390+08:00,1.9003138542175293,-2.2220335006713867,0.04999995231628418,-1.563706398010254,-4.048149108886719,-88.90994262695312
1779121779623948568,1779121779614709688,2026-05-19T00:29:39.623+08:00,1.8998994827270508,-2.22239089012146,0.04999995231628418,-1.5050607919692993,-4.112539291381836,-88.9063491821289
1779121779825103992,1779121779810897688,2026-05-19T00:29:39.825+08:00,1.8993637561798096,-2.222808599472046,0.04999995231628418,-1.4337587356567383,-4.062469959259033,-88.90660858154297
1779121780056573368,1779121780048651224,2026-05-19T00:29:40.056+08:00,1.898789644241333,-2.222996473312378,0.04999995231628418,-1.3424551486968994,-3.9864258766174316,-88.91590118408203
1779121780256624216,1779121780245067128,2026-05-19T00:29:40.256+08:00,1.8987621068954468,-2.2226693630218506,0.04999995231628418,-1.3129960298538208,-3.9748008251190186,-88.91671752929688
1779121780489922776,1779121780482888184,2026-05-19T00:29:40.489+08:00,1.8985399007797241,-2.222151517868042,0.04999995231628418,-1.2978689670562744,-3.9595179557800293,-88.91645050048828
1779121780690088024,1779121780680563736,2026-05-19T00:29:40.690+08:00,1.898223638534546,-2.2217423915863037,0.059999942779541016,-1.3028262853622437,-3.9243125915527344,-88.92151641845703
1779121780890566680,1779121780857801048,2026-05-19T00:29:40.890+08:00,1.898430585861206,-2.2214057445526123,0.04999995231628418,-1.3356835842132568,-3.929841995239258,-88.92901611328125
1779121781123707672,1779121781094476600,2026-05-19T00:29:41.123+08:00,1.8987971544265747,-2.2210114002227783,0.04999995231628418,-1.3999515771865845,-4.020452976226807,-88.9292221069336
1779121781323788696,1779121781301058456,2026-05-19T00:29:41.323+08:00,1.898223876953125,-2.220797300338745,0.04999995231628418,-1.4494032859802246,-4.062489986419678,-88.9302978515625
1779121781556819192,1779121781537961176,2026-05-19T00:29:41.556+08:00,1.8974987268447876,-2.2204911708831787,0.04999995231628418,-1.3642921447753906,-4.0595526695251465,-88.93524169921875
1779121781790468664,1779121781743513624,2026-05-19T00:29:41.790+08:00,1.8980211019515991,-2.220120906829834,0.04999995231628418,-1.2106654644012451,-4.137104511260986,-88.93067169189453
1779121782023374424,1779121782014738168,2026-05-19T00:29:42.023+08:00,1.8998624086380005,-2.2194271087646484,0.04999995231628418,-1.1345186233520508,-4.25983190536499,-88.92745971679688
1779121782224010840,1779121782217867064,2026-05-19T00:29:42.224+08:00,1.9007649421691895,-2.2197341918945312,0.04999995231628418,-1.243530035018921,-4.213435173034668,-88.90612030029297
1779121782456739896,1779121782451819096,2026-05-19T00:29:42.456+08:00,1.8998098373413086,-2.2202141284942627,0.059999942779541016,-1.5011930465698242,-4.138561248779297,-88.8242416381836
1779121782690350680,1779121782659314136,2026-05-19T00:29:42.690+08:00,1.8975927829742432,-2.2203967571258545,0.059999942779541016,-1.5734034776687622,-4.184331893920898,-88.88085174560547
1779121782890735160,1779121782882599096,2026-05-19T00:29:42.890+08:00,1.8957825899124146,-2.2212843894958496,0.059999942779541016,-1.3251538276672363,-4.179718017578125,-89.01734161376953
1779121783123262040,1779121783118037016,2026-05-19T00:29:43.123+08:00,1.897912859916687,-2.2220630645751953,0.04999995231628418,-0.9686165452003479,-4.068686008453369,-89.08675384521484
1779121783323366040,1779121783285909976,2026-05-19T00:29:43.323+08:00,1.8995184898376465,-2.2222957611083984,0.059999942779541016,-0.8222572803497314,-3.992767333984375,-89.1613540649414
1779121783523673944,1779121783491280792,2026-05-19T00:29:43.523+08:00,1.9000684022903442,-2.222959280014038,0.059999942779541016,-0.8797433972358704,-3.936856985092163,-89.17404174804688
1779121783724289240,1779121783695649592,2026-05-19T00:29:43.724+08:00,1.8995193243026733,-2.2231016159057617,0.04999995231628418,-1.1104512214660645,-3.946380853652954,-89.17301940917969
1779121783956977016,1779121783943702072,2026-05-19T00:29:43.956+08:00,1.8987860679626465,-2.2233946323394775,0.04999995231628418,-1.2763391733169556,-3.920366048812866,-89.14559936523438
1779121784189935256,1779121784187594968,2026-05-19T00:29:44.189+08:00,1.8992317914962769,-2.2230167388916016,0.04999995231628418,-1.3668845891952515,-3.915971517562866,-89.18350982666016
1779121784390352920,1779121784353874712,2026-05-19T00:29:44.390+08:00,1.900077223777771,-2.2229185104370117,0.04999995231628418,-1.3878967761993408,-3.945215940475464,-89.17459106445312
1779121784624373240,1779121784594047864,2026-05-19T00:29:44.624+08:00,1.8997726440429688,-2.2225351333618164,0.04999995231628418,-1.3302847146987915,-3.9776806831359863,-89.10904693603516
1779121784856815704,1779121784847840504,2026-05-19T00:29:44.856+08:00,1.8986105918884277,-2.222594976425171,0.04999995231628418,-1.2522333860397339,-4.012275218963623,-89.05644226074219
1779121785057162904,1779121785026569400,2026-05-19T00:29:45.057+08:00,1.8986655473709106,-2.2224996089935303,0.04999995231628418,-1.1315698623657227,-4.024415016174316,-89.06485748291016
1779121785290576376,1779121785261897048,2026-05-19T00:29:45.290+08:00,1.89870023727417,-2.2223124504089355,0.04999995231628418,-0.9584371447563171,-4.011999607086182,-89.07255554199219
1779121785523715512,1779121785492035384,2026-05-19T00:29:45.523+08:00,1.898121953010559,-2.2215633392333984,0.04999995231628418,-0.9254196882247925,-3.987358570098877,-89.0588607788086
1779121785724184504,1779121785692642872,2026-05-19T00:29:45.724+08:00,1.897843837738037,-2.2206695079803467,0.04999995231628418,-0.904291033744812,-3.9639334678649902,-89.0475082397461
1779121785958742648,1779121785944815544,2026-05-19T00:29:45.958+08:00,1.8981260061264038,-2.219670057296753,0.04999995231628418,-0.9153742790222168,-3.9266457557678223,-89.00845336914062
1779121786190013144,1779121786182326808,2026-05-19T00:29:46.190+08:00,1.8988763093948364,-2.21868634223938,0.04999995231628418,-1.0026108026504517,-3.9991753101348877,-88.91806030273438
1779121786424260952,1779121786412959096,2026-05-19T00:29:46.424+08:00,1.8987689018249512,-2.2177584171295166,0.04999995231628418,-1.027403473854065,-4.085849761962891,-88.8027114868164
1779121786668098296,1779121786653376504,2026-05-19T00:29:46.668+08:00,1.8982722759246826,-2.2170417308807373,0.04999995231628418,-0.9211257100105286,-4.238587379455566,-88.64960479736328
1779121786889765112,1779121786876719576,2026-05-19T00:29:46.889+08:00,1.8982748985290527,-2.2163336277008057,0.04999995231628418,-0.7106924653053284,-4.427017688751221,-88.4891128540039
1779121787090337208,1779121787079936824,2026-05-19T00:29:47.090+08:00,1.8983622789382935,-2.2159206867218018,0.04999995231628418,-0.4841480255126953,-4.486860275268555,-88.33645629882812
1779121787323869400,1779121787318748056,2026-05-19T00:29:47.323+08:00,1.897964596748352,-2.214778184890747,0.04999995231628418,-0.21050557494163513,-4.6279425621032715,-88.09447479248047
1779121787556492856,1779121787550262200,2026-05-19T00:29:47.556+08:00,1.8976030349731445,-2.2128355503082275,0.04999995231628418,-0.06992236524820328,-4.8757805824279785,-87.85108947753906
1779121787756802232,1779121787750400376,2026-05-19T00:29:47.756+08:00,1.8975324630737305,-2.211897850036621,0.04999995231628418,0.005155760329216719,-4.910541534423828,-87.58425903320312
1779121787990360440,1779121787979749784,2026-05-19T00:29:47.990+08:00,1.8967461585998535,-2.211050510406494,0.04999995231628418,0.17295637726783752,-4.88715934753418,-87.18800354003906
1779121788231556440,1779121788214713240,2026-05-19T00:29:48.231+08:00,1.8951362371444702,-2.2089645862579346,0.04999995231628418,0.537790060043335,-5.141394138336182,-86.7765121459961
1779121788457213784,1779121788451755352,2026-05-19T00:29:48.457+08:00,1.8944870233535767,-2.206373929977417,0.04999995231628418,0.8154598474502563,-5.348569869995117,-86.54843139648438
1779121788690038552,1779121788684871960,2026-05-19T00:29:48.690+08:00,1.8950645923614502,-2.2053472995758057,0.04999995231628418,0.6518052816390991,-5.210965633392334,-86.52589416503906
1779121788890435480,1779121788852400760,2026-05-19T00:29:48.890+08:00,1.8953229188919067,-2.205437660217285,0.04999995231628418,0.1646820306777954,-4.956152439117432,-86.61687469482422
1779121789123697208,1779121789088369752,2026-05-19T00:29:49.123+08:00,1.8953133821487427,-2.2055587768554688,0.039999961853027344,-0.7573738098144531,-4.5175886154174805,-86.79006958007812
1779121789356756632,1779121789328196184,2026-05-19T00:29:49.356+08:00,1.895641565322876,-2.205827236175537,0.039999961853027344,-1.4831937551498413,-4.03864860534668,-86.97891235351562
1779121789590173656,1779121789562426936,2026-05-19T00:29:49.590+08:00,1.8965355157852173,-2.2074050903320312,0.039999961853027344,-1.6801588535308838,-3.6046903133392334,-87.00590515136719
1779121789790519864,1779121789764695672,2026-05-19T00:29:49.790+08:00,1.8963748216629028,-2.2086431980133057,0.039999961853027344,-1.2497742176055908,-3.447031021118164,-86.84442901611328
1779121789990657368,1779121789974374296,2026-05-19T00:29:49.990+08:00,1.8949024677276611,-2.207979440689087,0.039999961853027344,-0.22057978808879852,-3.7569732666015625,-86.6214370727539
1779121790223596056,1779121790211808600,2026-05-19T00:29:50.223+08:00,1.89409339427948,-2.2064871788024902,0.04999995231628418,0.8920765519142151,-4.325586318969727,-86.53263092041016
1779121790456698968,1779121790447384856,2026-05-19T00:29:50.456+08:00,1.8956602811813354,-2.2065060138702393,0.039999961853027344,1.182062029838562,-4.596782684326172,-86.6137466430664
1779121790656776280,1779121790650965976,2026-05-19T00:29:50.656+08:00,1.8963454961776733,-2.2074732780456543,0.039999961853027344,0.6243928074836731,-4.655229568481445,-86.71781158447266
1779121790856954232,1779121790853042360,2026-05-19T00:29:50.856+08:00,1.8959754705429077,-2.20833420753479,0.039999961853027344,-0.33341658115386963,-4.722959995269775,-86.9598617553711
1779121791057414296,1779121791052375224,2026-05-19T00:29:51.057+08:00,1.8951137065887451,-2.2090766429901123,0.029999971389770508,-1.2995761632919312,-4.62960147857666,-87.2025375366211
1779121791290556504,1779121791253418136,2026-05-19T00:29:51.290+08:00,1.896024465560913,-2.210430383682251,0.029999971389770508,-1.759698510169983,-4.299857139587402,-87.27635192871094
1779121791524388216,1779121791493404728,2026-05-19T00:29:51.524+08:00,1.8973016738891602,-2.2105188369750977,0.039999961853027344,-1.477140188217163,-4.150026321411133,-87.1216812133789
1779121791757600376,1779121791729283352,2026-05-19T00:29:51.757+08:00,1.8964018821716309,-2.2085165977478027,0.039999961853027344,-0.39122840762138367,-4.602849960327148,-86.7342300415039
1779121791990013944,1779121791958003896,2026-05-19T00:29:51.990+08:00,1.8952492475509644,-2.2066397666931152,0.04999995231628418,0.987282395362854,-4.9962544441223145,-86.22360229492188
1779121792190485368,1779121792163505048,2026-05-19T00:29:52.190+08:00,1.8940577507019043,-2.2047858238220215,0.04999995231628418,2.189507246017456,-5.325483322143555,-85.60629272460938
1779121792423371576,1779121792396315448,2026-05-19T00:29:52.423+08:00,1.891892910003662,-2.2011077404022217,0.04999995231628418,3.2335448265075684,-6.068660736083984,-84.8363265991211
1779121792656583032,1779121792635195064,2026-05-19T00:29:52.656+08:00,1.8900953531265259,-2.1966240406036377,0.039999961853027344,3.5178403854370117,-6.691212177276611,-84.18107604980469
1779121792857016344,1779121792835404504,2026-05-19T00:29:52.857+08:00,1.889325737953186,-2.193507671356201,0.039999961853027344,3.0863022804260254,-6.884433746337891,-83.77362823486328
1779121793057066264,1779121793036555992,2026-05-19T00:29:53.057+08:00,1.8888850212097168,-2.1913905143737793,0.029999971389770508,2.2003495693206787,-6.922184944152832,-83.46367645263672
1779121793290807608,1779121793270472216,2026-05-19T00:29:53.290+08:00,1.8883402347564697,-2.1889383792877197,0.029999971389770508,1.10704505443573,-6.753407955169678,-82.98994445800781
1779121793490918232,1779121793472825080,2026-05-19T00:29:53.490+08:00,1.8873555660247803,-2.1870548725128174,0.039999961853027344,0.7431004643440247,-6.548158645629883,-82.49527740478516
1779121793723388088,1779121793718236312,2026-05-19T00:29:53.723+08:00,1.8860764503479004,-2.1839277744293213,0.029999971389770508,1.199344277381897,-6.549120903015137,-81.92691040039062
1779121793956598680,1779121793949568696,2026-05-19T00:29:53.956+08:00,1.885022521018982,-2.179337739944458,0.029999971389770508,2.020517587661743,-6.648355484008789,-81.73021697998047
1779121794189944952,1779121794183508312,2026-05-19T00:29:54.189+08:00,1.884955883026123,-2.176626205444336,0.029999971389770508,2.1396987438201904,-6.393296718597412,-81.95118713378906
1779121794390383896,1779121794383451032,2026-05-19T00:29:54.390+08:00,1.8870025873184204,-2.1782796382904053,0.019999980926513672,1.3638899326324463,-5.818727016448975,-82.3551254272461
1779121794590390776,1779121794559896824,2026-05-19T00:29:54.590+08:00,1.8891716003417969,-2.1812925338745117,0.019999980926513672,0.15701453387737274,-5.130075454711914,-82.8357925415039
1779121794823785144,1779121794793262232,2026-05-19T00:29:54.823+08:00,1.8921939134597778,-2.1860597133636475,0.019999980926513672,-1.686051368713379,-4.091578006744385,-83.53611755371094
1779121795057387416,1779121795041511384,2026-05-19T00:29:55.057+08:00,1.8944977521896362,-2.190626859664917,0.019999980926513672,-3.030869483947754,-3.23797607421875,-84.23847961425781
1779121795267651256,1779121795223557272,2026-05-19T00:29:55.267+08:00,1.8947856426239014,-2.193835496902466,0.019999980926513672,-3.305129289627075,-2.786580801010132,-84.75225830078125
1779121795491789464,1779121795471773656,2026-05-19T00:29:55.491+08:00,1.8945651054382324,-2.1986312866210938,0.029999971389770508,-2.5274903774261475,-2.2938506603240967,-85.38157653808594
1779121795723539608,1779121795705144440,2026-05-19T00:29:55.723+08:00,1.8957825899124146,-2.202244758605957,0.029999971389770508,-0.9903047680854797,-2.3170251846313477,-85.63729095458984
1779121795957350904,1779121795933897816,2026-05-19T00:29:55.957+08:00,1.897562861442566,-2.205369710922241,0.039999961853027344,0.5013482570648193,-2.8654072284698486,-85.70411682128906
1779121796190568632,1779121796177692472,2026-05-19T00:29:56.190+08:00,1.8986848592758179,-2.2077507972717285,0.039999961853027344,1.0344831943511963,-3.6000075340270996,-85.73092651367188
1779121796423474360,1779121796407731640,2026-05-19T00:29:56.423+08:00,1.8974148035049438,-2.2088916301727295,0.039999961853027344,0.7689309120178223,-4.533946514129639,-85.5433578491211
1779121796623480088,1779121796607567096,2026-05-19T00:29:56.623+08:00,1.8954975605010986,-2.2082672119140625,0.039999961853027344,0.5557913184165955,-5.4611945152282715,-85.08441162109375
1779121796824105048,1779121796807823864,2026-05-19T00:29:56.824+08:00,1.894235610961914,-2.20607590675354,0.039999961853027344,0.8782020211219788,-6.505751132965088,-84.3675308227539
1779121797057095576,1779121797046550520,2026-05-19T00:29:57.057+08:00,1.8927748203277588,-2.2026078701019287,0.039999961853027344,1.7826920747756958,-7.737728595733643,-83.45816040039062
1779121797296050424,1779121797278523512,2026-05-19T00:29:57.296+08:00,1.8895293474197388,-2.1983869075775146,0.04999995231628418,3.1665592193603516,-9.136534690856934,-82.37602233886719
1779121797523152856,1779121797516663448,2026-05-19T00:29:57.523+08:00,1.8855936527252197,-2.192990779876709,0.039999961853027344,4.384113788604736,-10.365215301513672,-80.89445495605469
1779121797723799192,1779121797684037592,2026-05-19T00:29:57.723+08:00,1.8833645582199097,-2.192117214202881,0.039999961853027344,4.76651668548584,-10.813532829284668,-79.85704803466797
1779121797957112120,1779121797952387768,2026-05-19T00:29:57.957+08:00,1.8815279006958008,-2.190826416015625,0.039999961853027344,4.969028949737549,-10.790388107299805,-78.5644760131836
1779121798189925016,1779121798183535192,2026-05-19T00:29:58.189+08:00,1.8812323808670044,-2.1858456134796143,0.039999961853027344,4.560459613800049,-10.493868827819824,-77.93325805664062
1779121798424239416,1779121798422229176,2026-05-19T00:29:58.424+08:00,1.8794933557510376,-2.1816511154174805,0.029999971389770508,3.6633613109588623,-9.831738471984863,-77.50481414794922
1779121798656601912,1779121798619616472,2026-05-19T00:29:58.656+08:00,1.8786251544952393,-2.1792984008789062,0.029999971389770508,2.8887228965759277,-8.944911003112793,-77.27349853515625
1779121798857411416,1779121798824436664,2026-05-19T00:29:58.857+08:00,1.8787566423416138,-2.1758766174316406,0.019999980926513672,2.2390694618225098,-8.125414848327637,-77.15064239501953
1779121799090652472,1779121799061759832,2026-05-19T00:29:59.090+08:00,1.878891110420227,-2.1702077388763428,0.019999980926513672,1.826480507850647,-7.571229457855225,-77.12142181396484
1779121799323724248,1779121799299269464,2026-05-19T00:29:59.323+08:00,1.8779654502868652,-2.1655468940734863,0.019999980926513672,1.8999806642532349,-7.317121982574463,-77.07034301757812
1779121799556897112,1779121799543846808,2026-05-19T00:29:59.556+08:00,1.876375675201416,-2.1619713306427,0.019999980926513672,2.271592855453491,-7.269341945648193,-77.02886962890625
1779121799790087352,1779121799778100120,2026-05-19T00:29:59.790+08:00,1.8754280805587769,-2.15815806388855,0.019999980926513672,2.7543067932128906,-7.5484747886657715,-76.98442077636719
1779121799990131640,1779121799983165400,2026-05-19T00:29:59.990+08:00,1.8752433061599731,-2.1537930965423584,0.0,3.092841625213623,-7.97887659072876,-76.90289306640625
1779121800190783320,1779121800182313208,2026-05-19T00:30:00.190+08:00,1.87440025806427,-2.14851713180542,0.009999990463256836,3.2804806232452393,-8.446159362792969,-76.78372192382812
1779121800423295832,1779121800419499416,2026-05-19T00:30:00.423+08:00,1.8727020025253296,-2.142740249633789,0.009999990463256836,3.2556557655334473,-8.956334114074707,-76.65169525146484
1779121800624018168,1779121800597319256,2026-05-19T00:30:00.624+08:00,1.8721871376037598,-2.139739751815796,0.0,2.967841148376465,-9.1793851852417,-76.60881805419922
1779121800824564184,1779121800794458264,2026-05-19T00:30:00.824+08:00,1.8723520040512085,-2.1373395919799805,0.009999990463256836,2.6041934490203857,-9.162803649902344,-76.48342895507812
1779121801056909272,1779121801032471320,2026-05-19T00:30:01.056+08:00,1.8711144924163818,-2.1334352493286133,0.0,2.5675745010375977,-8.87259578704834,-76.3849868774414
1779121801256943160,1779121801234554712,2026-05-19T00:30:01.256+08:00,1.8699854612350464,-2.131112813949585,0.0,2.3670551776885986,-8.330310821533203,-76.65081787109375
1779121801490271288,1779121801471584984,2026-05-19T00:30:01.490+08:00,1.8720948696136475,-2.1323115825653076,0.009999990463256836,1.6823443174362183,-7.4932708740234375,-77.11576843261719
1779121801690419960,1779121801671281912,2026-05-19T00:30:01.690+08:00,1.8746243715286255,-2.1349833011627197,0.009999990463256836,1.1115798950195312,-7.019014835357666,-77.43115997314453
1779121801923343672,1779121801907708632,2026-05-19T00:30:01.923+08:00,1.8751327991485596,-2.137242078781128,0.009999990463256836,1.0481926202774048,-7.122294902801514,-77.35462951660156
1779121802123526904,1779121802112557464,2026-05-19T00:30:02.123+08:00,1.8736138343811035,-2.13674259185791,0.009999990463256836,1.7546741962432861,-7.546370506286621,-77.16199493408203
1779121802323724856,1779121802310673144,2026-05-19T00:30:02.323+08:00,1.8727527856826782,-2.135913372039795,0.009999990463256836,2.616302728652954,-7.773075580596924,-77.25961303710938
1779121802524431160,1779121802511452472,2026-05-19T00:30:02.524+08:00,1.8739047050476074,-2.137868642807007,0.009999990463256836,2.8025310039520264,-7.6568803787231445,-77.67499542236328
1779121802756685976,1779121802744440248,2026-05-19T00:30:02.756+08:00,1.8761411905288696,-2.143195152282715,0.009999990463256836,2.2275214195251465,-7.50523042678833,-77.99676513671875
1779121802957047640,1779121802944246488,2026-05-19T00:30:02.957+08:00,1.8771681785583496,-2.1461875438690186,0.009999990463256836,1.8747490644454956,-7.89574670791626,-77.89024353027344
1779121803189681048,1779121803185928472,2026-05-19T00:30:03.189+08:00,1.8764221668243408,-2.1456024646759033,0.009999990463256836,2.0752358436584473,-8.738870620727539,-77.54856872558594
1779121803389763640,1779121803383417880,2026-05-19T00:30:03.389+08:00,1.875485897064209,-2.144174098968506,0.009999990463256836,2.5956850051879883,-9.359672546386719,-77.24207305908203
1779121803590553656,1779121803588393656,2026-05-19T00:30:03.590+08:00,1.8742122650146484,-2.1428003311157227,0.009999990463256836,3.294562339782715,-10.127341270446777,-76.77667236328125
1779121803823644440,1779121803795043448,2026-05-19T00:30:03.823+08:00,1.8721911907196045,-2.1408441066741943,0.009999990463256836,3.8953051567077637,-11.073633193969727,-76.24790954589844
1779121804024613816,1779121803996088216,2026-05-19T00:30:04.024+08:00,1.8697158098220825,-2.1377973556518555,0.0,4.384181022644043,-12.038623809814453,-75.66649627685547
1779121804256999736,1779121804224540920,2026-05-19T00:30:04.257+08:00,1.8671883344650269,-2.1339786052703857,0.009999990463256836,4.55572509765625,-12.747769355773926,-75.00208282470703
1779121804490128888,1779121804462122616,2026-05-19T00:30:04.490+08:00,1.8652033805847168,-2.1280553340911865,0.009999990463256836,4.31687593460083,-12.991619110107422,-74.24644470214844
1779121804723977368,1779121804696084440,2026-05-19T00:30:04.723+08:00,1.8629300594329834,-2.1222610473632812,0.0,3.8567652702331543,-12.915225982666016,-73.52989196777344
1779121804957073432,1779121804930416152,2026-05-19T00:30:04.957+08:00,1.8599083423614502,-2.1157424449920654,0.0,3.3949177265167236,-12.717723846435547,-72.9436264038086
1779121805190117848,1779121805167019320,2026-05-19T00:30:05.190+08:00,1.856574535369873,-2.110619068145752,0.009999990463256836,2.9726669788360596,-11.807861328125,-73.02803802490234
1779121805390397400,1779121805367293944,2026-05-19T00:30:05.390+08:00,1.8574703931808472,-2.1095523834228516,0.0,2.55765438079834,-10.51537799835205,-73.23650360107422
1779121805624240184,1779121805597284248,2026-05-19T00:30:05.624+08:00,1.8608444929122925,-2.1079273223876953,0.009999990463256836,2.1390175819396973,-9.111322402954102,-73.6263427734375
1779121805856421208,1779121805842259128,2026-05-19T00:30:05.856+08:00,1.8632314205169678,-2.105621814727783,0.009999990463256836,1.8022502660751343,-8.033353805541992,-73.88707733154297
1779121806060867992,1779121806048543832,2026-05-19T00:30:06.060+08:00,1.8614628314971924,-2.1025021076202393,0.019999980926513672,2.0223305225372314,-7.596569061279297,-73.96326446533203
1779121806289826136,1779121806283424440,2026-05-19T00:30:06.289+08:00,1.8584764003753662,-2.0971627235412598,0.009999990463256836,2.8541548252105713,-7.933150291442871,-73.62578582763672
1779121806490172056,1779121806452482488,2026-05-19T00:30:06.490+08:00,1.8569203615188599,-2.090512990951538,0.009999990463256836,3.838829278945923,-8.873614311218262,-73.20344543457031
1779121806691363736,1779121806689347608,2026-05-19T00:30:06.691+08:00,1.8547698259353638,-2.0785911083221436,0.009999990463256836,4.993992805480957,-10.727987289428711,-72.69081115722656
1779121806923806520,1779121806890936504,2026-05-19T00:30:06.923+08:00,1.8517447710037231,-2.068643093109131,0.009999990463256836,5.345538139343262,-12.343402862548828,-72.28932189941406
1779121807156628376,1779121807127630680,2026-05-19T00:30:07.156+08:00,1.8494077920913696,-2.0600717067718506,0.009999990463256836,4.847567081451416,-13.330863952636719,-72.0775146484375
1779121807357078968,1779121807329250872,2026-05-19T00:30:07.357+08:00,1.8514058589935303,-2.0569586753845215,0.0,3.6172497272491455,-12.632149696350098,-72.35846710205078
1779121807557587832,1779121807529136760,2026-05-19T00:30:07.557+08:00,1.8553065061569214,-2.0558054447174072,0.009999990463256836,2.013828754425049,-11.121299743652344,-72.86283874511719
1779121807790049176,1779121807776593688,2026-05-19T00:30:07.790+08:00,1.8586347103118896,-2.0557327270507812,0.009999990463256836,0.39566412568092346,-9.045074462890625,-73.6185302734375
1779121807990708632,1779121807981199032,2026-05-19T00:30:07.990+08:00,1.8605256080627441,-2.0565483570098877,0.009999990463256836,-0.17662519216537476,-7.494950771331787,-74.14531707763672
1779121808223347800,1779121808210187288,2026-05-19T00:30:08.223+08:00,1.8633027076721191,-2.0586373805999756,0.009999990463256836,0.04713523015379906,-6.081452369689941,-74.84068298339844
1779121808456517752,1779121808448707096,2026-05-19T00:30:08.456+08:00,1.8666603565216064,-2.062279462814331,0.019999980926513672,0.926886260509491,-5.300012588500977,-75.41637420654297
1779121808689837144,1779121808681151320,2026-05-19T00:30:08.689+08:00,1.8680318593978882,-2.063624143600464,0.019999980926513672,2.0505261421203613,-5.246597766876221,-75.70674133300781
1779121808889868120,1779121808887393048,2026-05-19T00:30:08.889+08:00,1.8682705163955688,-2.0634171962738037,0.029999971389770508,3.1787805557250977,-5.846249103546143,-75.72176361083984
1779121809089867384,1779121809083030040,2026-05-19T00:30:09.089+08:00,1.8684519529342651,-2.0631706714630127,0.019999980926513672,3.8831801414489746,-6.668673515319824,-75.68728637695312
1779121809324531224,1779121809322271000,2026-05-19T00:30:09.324+08:00,1.8687342405319214,-2.0638294219970703,0.019999980926513672,4.136702537536621,-7.664658069610596,-75.84223937988281
1779121809567997432,1779121809527197624,2026-05-19T00:30:09.567+08:00,1.8697980642318726,-2.065670967102051,0.019999980926513672,3.365480422973633,-8.1605806350708,-76.31981658935547
1779121809790278296,1779121809762027928,2026-05-19T00:30:09.790+08:00,1.8729573488235474,-2.0688188076019287,0.009999990463256836,1.6772488355636597,-8.158968925476074,-77.06681060791016
1779121809990304856,1779121809966177624,2026-05-19T00:30:09.990+08:00,1.8760197162628174,-2.0739479064941406,0.009999990463256836,-0.2232428342103958,-7.771791458129883,-77.80926513671875
1779121810222978008,1779121810202738456,2026-05-19T00:30:10.222+08:00,1.8769561052322388,-2.082486152648926,0.009999990463256836,-1.69737708568573,-7.326547622680664,-78.16178131103516
1779121810424004216,1779121810411248920,2026-05-19T00:30:10.424+08:00,1.8764654397964478,-2.0894014835357666,0.009999990463256836,-1.3238234519958496,-7.379742622375488,-78.18898010253906
1779121810656342520,1779121810644214488,2026-05-19T00:30:10.656+08:00,1.876625418663025,-2.093883991241455,0.019999980926513672,0.22748351097106934,-7.612002372741699,-78.36966705322266
1779121810856423160,1779121810844253496,2026-05-19T00:30:10.856+08:00,1.8779025077819824,-2.098726272583008,0.029999971389770508,1.7395884990692139,-7.767660140991211,-78.63597106933594
1779121811090301080,1779121811077427768,2026-05-19T00:30:11.090+08:00,1.8784784078598022,-2.1058733463287354,0.029999971389770508,2.8040056228637695,-7.806642532348633,-78.81425476074219
1779121811291890488,1779121811282017944,2026-05-19T00:30:11.291+08:00,1.8779349327087402,-2.11196231842041,0.019999980926513672,3.1409194469451904,-7.823710918426514,-78.67263793945312
1779121811523354840,1779121811512254488,2026-05-19T00:30:11.523+08:00,1.8774749040603638,-2.1175177097320557,0.019999980926513672,3.289329767227173,-8.119294166564941,-78.21281433105469
1779121811756856536,1779121811747287864,2026-05-19T00:30:11.756+08:00,1.8758823871612549,-2.121856451034546,0.019999980926513672,3.2870566844940186,-8.641474723815918,-77.70455169677734
1779121811989942424,1779121811982172536,2026-05-19T00:30:11.989+08:00,1.8741099834442139,-2.125607490539551,0.009999990463256836,3.4424703121185303,-9.237039566040039,-77.19685363769531
1779121812190169240,1779121812186631224,2026-05-19T00:30:12.190+08:00,1.8722107410430908,-2.1282501220703125,0.009999990463256836,3.8361852169036865,-9.917641639709473,-76.57798767089844
1779121812423658104,1779121812422145880,2026-05-19T00:30:12.423+08:00,1.8691164255142212,-2.1300981044769287,0.019999980926513672,4.189663887023926,-10.416215896606445,-75.9906997680664
1779121812656962072,1779121812625990520,2026-05-19T00:30:12.656+08:00,1.8663207292556763,-2.1317672729492188,0.009999990463256836,4.342287063598633,-10.613627433776855,-75.53050994873047
1779121812857528120,1779121812826389848,2026-05-19T00:30:12.857+08:00,1.8657339811325073,-2.1332645416259766,0.0,4.31389856338501,-10.537235260009766,-75.17749786376953
1779121813091293944,1779121813063882840,2026-05-19T00:30:13.091+08:00,1.8670666217803955,-2.134984254837036,0.009999990463256836,3.819234848022461,-9.973515510559082,-74.8390884399414
1779121813323024760,1779121813308208248,2026-05-19T00:30:13.323+08:00,1.8659765720367432,-2.1359269618988037,0.009999990463256836,3.282891035079956,-9.159111976623535,-74.29833984375
1779121813523049112,1779121813509550680,2026-05-19T00:30:13.523+08:00,1.8635798692703247,-2.135058879852295,0.009999990463256836,3.3265624046325684,-8.90380859375,-73.75862884521484
1779121813723416024,1779121813707190584,2026-05-19T00:30:13.723+08:00,1.8612803220748901,-2.1332437992095947,0.0,3.6686384677886963,-9.017474174499512,-73.3092041015625
1779121813956645976,1779121813937393176,2026-05-19T00:30:13.956+08:00,1.8600510358810425,-2.130869150161743,0.009999990463256836,4.120359420776367,-9.32326602935791,-72.92839813232422
1779121814190139640,1779121814174337688,2026-05-19T00:30:14.190+08:00,1.8588833808898926,-2.127855062484741,0.0,4.189446926116943,-9.760955810546875,-72.60785675048828
1779121814423511576,1779121814410127288,2026-05-19T00:30:14.423+08:00,1.8577187061309814,-2.1241307258605957,0.009999990463256836,3.5111095905303955,-9.98705005645752,-72.48078918457031
1779121814656531960,1779121814650265528,2026-05-19T00:30:14.656+08:00,1.8574845790863037,-2.1209895610809326,0.0,2.5582144260406494,-9.968589782714844,-72.38733673095703
1779121814856876312,1779121814843064760,2026-05-19T00:30:14.856+08:00,1.8575770854949951,-2.1187562942504883,-0.009999990463256836,2.0057361125946045,-9.890180587768555,-72.36585998535156
1779121815057086232,1779121815043222328,2026-05-19T00:30:15.057+08:00,1.857786774635315,-2.116008996963501,0.0,1.7172164916992188,-9.868306159973145,-72.27216339111328
1779121815290248792,1779121815280527896,2026-05-19T00:30:15.290+08:00,1.8562049865722656,-2.1112077236175537,0.0,2.093709707260132,-10.264095306396484,-71.9806137084961
1779121815523318264,1779121815512448888,2026-05-19T00:30:15.523+08:00,1.8526962995529175,-2.103919267654419,0.0,3.0041422843933105,-11.212246894836426,-71.70967102050781
1779121815756787800,1779121815748414488,2026-05-19T00:30:15.756+08:00,1.849714994430542,-2.0950286388397217,0.009999990463256836,3.5818169116973877,-12.062531471252441,-71.65596008300781
1779121815989841976,1779121815986511864,2026-05-19T00:30:15.989+08:00,1.8502013683319092,-2.088676691055298,0.009999990463256836,3.3158223628997803,-12.059603691101074,-71.88851165771484
1779121816190710008,1779121816152149400,2026-05-19T00:30:16.190+08:00,1.8517487049102783,-2.0863096714019775,0.0,2.7822468280792236,-11.678196907043457,-71.92530059814453
1779121816391423320,1779121816354525784,2026-05-19T00:30:16.391+08:00,1.8527652025222778,-2.081550121307373,0.0,2.4250681400299072,-11.247699737548828,-71.69073486328125
1779121816596088216,1779121816557742616,2026-05-19T00:30:16.596+08:00,1.8513901233673096,-2.073535442352295,0.009999990463256836,2.875627040863037,-11.170744895935059,-71.08918762207031
1779121816823650168,1779121816791763192,2026-05-19T00:30:16.823+08:00,1.846543788909912,-2.061023235321045,0.019999980926513672,4.76508903503418,-11.59201717376709,-69.86931610107422
1779121817056787352,1779121817030038872,2026-05-19T00:30:17.056+08:00,1.8388935327529907,-2.043743848800659,0.019999980926513672,7.529527187347412,-12.246787071228027,-68.4069595336914
1779121817257033688,1779121817233924216,2026-05-19T00:30:17.257+08:00,1.8321205377578735,-2.02677845954895,0.029999971389770508,9.365338325500488,-12.662981033325195,-67.26892852783203
1779121817489758072,1779121817473828760,2026-05-19T00:30:17.489+08:00,1.8251832723617554,-2.0061142444610596,0.019999980926513672,9.866775512695312,-12.466979026794434,-66.3901596069336
1779121817690507096,1779121817673770872,2026-05-19T00:30:17.690+08:00,1.822729468345642,-1.9911035299301147,0.019999980926513672,8.385049819946289,-11.28941535949707,-66.2991943359375
1779121817929012824,1779121817906977976,2026-05-19T00:30:17.929+08:00,1.8255488872528076,-1.9777318239212036,0.009999990463256836,4.8497443199157715,-9.01350212097168,-66.97402954101562
1779121818159201880,1779121818135955064,2026-05-19T00:30:18.159+08:00,1.8313562870025635,-1.9693539142608643,0.0,1.2623355388641357,-6.984625339508057,-68.2254409790039
1779121818389740568,1779121818376365400,2026-05-19T00:30:18.389+08:00,1.8379979133605957,-1.9647547006607056,0.0,-1.7398096323013306,-5.323143005371094,-69.97843933105469
1779121818589907224,1779121818581728248,2026-05-19T00:30:18.589+08:00,1.8427700996398926,-1.9634982347488403,0.0,-3.041177988052368,-4.222385406494141,-71.56417083740234
1779121818790182072,1779121818781967224,2026-05-19T00:30:18.790+08:00,1.8493475914001465,-1.9632649421691895,0.0,-3.2790379524230957,-3.4810144901275635,-73.10772705078125
1779121819023120376,1779121819011001496,2026-05-19T00:30:19.023+08:00,1.8588497638702393,-1.9651191234588623,0.009999990463256836,-2.626103639602661,-3.1104867458343506,-74.81536102294922
1779121819223829592,1779121819213147640,2026-05-19T00:30:19.223+08:00,1.8645201921463013,-1.9685293436050415,0.019999980926513672,-1.7150555849075317,-3.0223605632781982,-76.13097381591797
1779121819424041976,1779121819413962904,2026-05-19T00:30:19.424+08:00,1.8684360980987549,-1.973024606704712,0.019999980926513672,-0.9810914397239685,-3.0527424812316895,-77.338623046875
1779121819656849688,1779121819652155224,2026-05-19T00:30:19.656+08:00,1.8737884759902954,-1.9791231155395508,0.029999971389770508,-0.7317489981651306,-3.3455288410186768,-78.65672302246094
1779121819857249336,1779121819847148664,2026-05-19T00:30:19.857+08:00,1.8783836364746094,-1.9853665828704834,0.019999980926513672,-1.0126439332962036,-3.789984941482544,-79.66065216064453
1779121820090222648,1779121820084094136,2026-05-19T00:30:20.090+08:00,1.8815357685089111,-1.993820309638977,0.019999980926513672,-1.6038200855255127,-4.159018516540527,-80.65231323242188
1779121820290367288,1779121820252977176,2026-05-19T00:30:20.290+08:00,1.8829171657562256,-2.0021538734436035,0.019999980926513672,-2.048654556274414,-4.271690368652344,-81.3818359375
1779121820490836920,1779121820488912440,2026-05-19T00:30:20.490+08:00,1.885526180267334,-2.0138049125671387,0.029999971389770508,-2.2469162940979004,-4.4121928215026855,-82.26519775390625
1779121820723296888,1779121820690716280,2026-05-19T00:30:20.723+08:00,1.8883309364318848,-2.023782730102539,0.029999971389770508,-2.0986719131469727,-4.613870143890381,-82.85442352294922
1779121820923676248,1779121820892685240,2026-05-19T00:30:20.923+08:00,1.889723539352417,-2.032923936843872,0.029999971389770508,-1.3974250555038452,-5.001277446746826,-82.93083953857422
1779121821123823832,1779121821097383608,2026-05-19T00:30:21.123+08:00,1.888606071472168,-2.0401954650878906,0.039999961853027344,0.16509489715099335,-5.7613325119018555,-82.56417846679688
1779121821356707832,1779121821337284856,2026-05-19T00:30:21.356+08:00,1.8854217529296875,-2.0483686923980713,0.04999995231628418,2.3705034255981445,-6.8415656089782715,-82.28076934814453
1779121821556803448,1779121821541916984,2026-05-19T00:30:21.556+08:00,1.8845648765563965,-2.054783582687378,0.04999995231628418,3.626134157180786,-7.520355701446533,-82.31063079833984
1779121821756805976,1779121821743179672,2026-05-19T00:30:21.756+08:00,1.8869093656539917,-2.0626442432403564,0.039999961853027344,3.626082181930542,-7.700870037078857,-82.51371765136719
1779121821956899416,1779121821941669080,2026-05-19T00:30:21.956+08:00,1.8894821405410767,-2.0722315311431885,0.039999961853027344,2.1927878856658936,-7.3933491706848145,-82.80450439453125
1779121822190012536,1779121822187192824,2026-05-19T00:30:22.190+08:00,1.8902088403701782,-2.0877914428710938,0.039999961853027344,-0.6653913855552673,-6.477892875671387,-83.32888793945312
1779121822390555256,1779121822351681496,2026-05-19T00:30:22.390+08:00,1.8902775049209595,-2.0980842113494873,0.029999971389770508,-2.2308874130249023,-5.666785717010498,-83.74942016601562
1779121822623677016,1779121822590729464,2026-05-19T00:30:22.623+08:00,1.892284870147705,-2.1133036613464355,0.029999971389770508,-3.5202016830444336,-4.3142924308776855,-84.46114349365234
1779121822823694424,1779121822797134360,2026-05-19T00:30:22.823+08:00,1.8936601877212524,-2.126063346862793,0.039999961853027344,-3.5141921043395996,-3.344702959060669,-85.0191421508789
1779121823056879128,1779121823031654360,2026-05-19T00:30:23.056+08:00,1.8934030532836914,-2.1419920921325684,0.04999995231628418,-2.502941846847534,-2.56817626953125,-85.5453109741211
1779121823290521016,1779121823274885976,2026-05-19T00:30:23.290+08:00,1.8932312726974487,-2.1572935581207275,0.04999995231628418,-0.82855623960495,-2.4580647945404053,-85.73531341552734
1779121823491662648,1779121823485528024,2026-05-19T00:30:23.491+08:00,1.8944038152694702,-2.168827772140503,0.04999995231628418,0.5602725744247437,-2.8629486560821533,-85.77659606933594
1779121823724285272,1779121823713253624,2026-05-19T00:30:23.724+08:00,1.8960329294204712,-2.1815989017486572,0.039999961853027344,1.349026083946228,-3.572052478790283,-85.82714080810547
1779121823957172056,1779121823952075864,2026-05-19T00:30:23.957+08:00,1.8964570760726929,-2.193115234375,0.039999961853027344,1.0330289602279663,-4.398841857910156,-85.73356628417969
1779121824189734072,1779121824185193304,2026-05-19T00:30:24.189+08:00,1.8962963819503784,-2.2023122310638428,0.039999961853027344,0.2538353502750397,-5.147388935089111,-85.57391357421875
1779121824390049048,1779121824387330648,2026-05-19T00:30:24.390+08:00,1.8961173295974731,-2.2107725143432617,0.039999961853027344,-0.5264472365379333,-5.770095348358154,-85.38041687011719
1779121824590169432,1779121824587202232,2026-05-19T00:30:24.590+08:00,1.8962819576263428,-2.2161917686462402,0.029999971389770508,-0.9934651255607605,-6.0716071128845215,-85.35798645019531
1779121824790680568,1779121824789036792,2026-05-19T00:30:24.790+08:00,1.896827220916748,-2.2209298610687256,0.039999961853027344,-1.304711937904358,-6.159171104431152,-85.48784637451172
1779121825023737752,1779121824995664696,2026-05-19T00:30:25.023+08:00,1.8974989652633667,-2.224959135055542,0.039999961853027344,-1.5289585590362549,-6.017724990844727,-85.70510864257812
1779121825224385528,1779121825193638904,2026-05-19T00:30:25.224+08:00,1.8979969024658203,-2.229388475418091,0.039999961853027344,-1.695603370666504,-5.507307529449463,-85.96466064453125
1779121825456911896,1779121825431683928,2026-05-19T00:30:25.456+08:00,1.898626446723938,-2.235106945037842,0.039999961853027344,-1.775359034538269,-4.54744291305542,-86.28488159179688
1779121825689784792,1779121825670917112,2026-05-19T00:30:25.689+08:00,1.899128794670105,-2.239044666290283,0.04999995231628418,-1.6644885540008545,-3.7555696964263916,-86.45137786865234
1779121825923307512,1779121825907654456,2026-05-19T00:30:25.923+08:00,1.898549199104309,-2.239637613296509,0.04999995231628418,-0.8417025804519653,-3.7578318119049072,-85.8708267211914
1779121826123380248,1779121826115794808,2026-05-19T00:30:26.123+08:00,1.8958028554916382,-2.2351083755493164,0.04999995231628418,1.4356765747070312,-4.981620788574219,-84.39019012451172
1779121826357114488,1779121826347078488,2026-05-19T00:30:26.357+08:00,1.8887022733688354,-2.225709915161133,0.059999942779541016,5.310389041900635,-7.119335174560547,-82.61372375488281
1779121826590188568,1779121826581125528,2026-05-19T00:30:26.590+08:00,1.884292483329773,-2.215731143951416,0.06999993324279785,8.294122695922852,-8.980681419372559,-81.38600158691406
1779121826790457848,1779121826781110520,2026-05-19T00:30:26.790+08:00,1.8821660280227661,-2.206791639328003,0.059999942779541016,9.352415084838867,-10.287388801574707,-80.56896209716797
1779121827023668760,1779121827016096024,2026-05-19T00:30:27.023+08:00,1.8796396255493164,-2.193877696990967,0.04999995231628418,8.935022354125977,-11.606303215026855,-78.99663543701172
1779121827256670712,1779121827250879896,2026-05-19T00:30:27.256+08:00,1.8740395307540894,-2.17716121673584,0.039999961853027344,7.949585437774658,-12.799394607543945,-77.33098602294922
1779121827457744344,1779121827454697656,2026-05-19T00:30:27.457+08:00,1.8689658641815186,-2.163529872894287,0.019999980926513672,6.949108123779297,-13.307893753051758,-76.09107208251953
1779121827689720120,1779121827683826488,2026-05-19T00:30:27.689+08:00,1.8652750253677368,-2.148742198944092,0.009999990463256836,5.719873905181885,-13.32465648651123,-74.84007263183594
1779121827889724440,1779121827851705624,2026-05-19T00:30:27.889+08:00,1.8621845245361328,-2.1376307010650635,0.009999990463256836,4.744348526000977,-13.038763046264648,-73.99042510986328
1779121828090356440,1779121828052907224,2026-05-19T00:30:28.090+08:00,1.8584680557250977,-2.1254801750183105,0.0,3.8694984912872314,-12.435275077819824,-73.31201934814453
1779121828323951032,1779121828287984696,2026-05-19T00:30:28.323+08:00,1.8538644313812256,-2.1134090423583984,0.009999990463256836,3.157622814178467,-11.390575408935547,-72.57621765136719
1779121828556823832,1779121828529446680,2026-05-19T00:30:28.556+08:00,1.8505043983459473,-2.102247714996338,0.0,3.113154649734497,-10.402684211730957,-71.94229125976562
1779121828790472952,1779121828762863352,2026-05-19T00:30:28.790+08:00,1.8478273153305054,-2.0906550884246826,-0.009999990463256836,3.597669839859009,-9.906438827514648,-71.48237609863281
1779121829023768024,1779121829000685688,2026-05-19T00:30:29.023+08:00,1.846770167350769,-2.076359510421753,0.0,4.210824966430664,-9.839759826660156,-71.09229278564453
1779121829256342200,1779121829231233688,2026-05-19T00:30:29.256+08:00,1.8453264236450195,-2.0628206729888916,0.009999990463256836,4.511141777038574,-10.017769813537598,-70.70484161376953
1779121829457431800,1779121829432727544,2026-05-19T00:30:29.457+08:00,1.8422918319702148,-2.0525999069213867,0.0,4.538712501525879,-10.109723091125488,-70.46282196044922
1779121829690147928,1779121829666765400,2026-05-19T00:30:29.690+08:00,1.842230200767517,-2.0407981872558594,0.0,3.7559585571289062,-9.603378295898438,-70.8870849609375
1779121829890642872,1779121829876721336,2026-05-19T00:30:29.890+08:00,1.8473011255264282,-2.0343518257141113,0.0,1.9598253965377808,-8.639264106750488,-71.72883605957031
1779121830123169304,1779121830109642744,2026-05-19T00:30:30.123+08:00,1.853792667388916,-2.0327301025390625,0.0,-0.656836748123169,-7.167911052703857,-73.23329162597656
1779121830323288088,1779121830307012504,2026-05-19T00:30:30.323+08:00,1.8585777282714844,-2.0360846519470215,0.0,-2.5911900997161865,-5.890230178833008,-74.63849639892578
1779121830524015960,1779121830510810136,2026-05-19T00:30:30.524+08:00,1.8647780418395996,-2.041266679763794,0.0,-3.937932252883911,-4.720600128173828,-76.10702514648438
1779121830757220760,1779121830746576440,2026-05-19T00:30:30.757+08:00,1.8713732957839966,-2.048478603363037,0.0,-4.390347957611084,-3.6551761627197266,-77.7917251586914
1779121830989986328,1779121830982758584,2026-05-19T00:30:30.989+08:00,1.8742910623550415,-2.0557117462158203,0.009999990463256836,-3.7666921615600586,-3.122310161590576,-79.1257095336914
1779121831223176888,1779121831214430040,2026-05-19T00:30:31.223+08:00,1.8775745630264282,-2.0648322105407715,0.009999990463256836,-2.3945019245147705,-2.9394848346710205,-80.35319519042969
1779121831456486328,1779121831446718584,2026-05-19T00:30:31.456+08:00,1.8834501504898071,-2.075225830078125,0.019999980926513672,-1.1580301523208618,-2.9742743968963623,-81.39464569091797
1779121831656511992,1779121831647820504,2026-05-19T00:30:31.656+08:00,1.8874231576919556,-2.0842971801757812,0.029999971389770508,-0.8141378164291382,-3.2361202239990234,-82.11936950683594
1779121831856710904,1779121831847828920,2026-05-19T00:30:31.856+08:00,1.8887379169464111,-2.093994379043579,0.039999961853027344,-1.0187466144561768,-3.656062364578247,-82.75979614257812
1779121832056948440,1779121832048023864,2026-05-19T00:30:32.056+08:00,1.8883147239685059,-2.1042063236236572,0.029999971389770508,-1.4277193546295166,-4.081964492797852,-83.36653900146484
1779121832299435288,1779121832283727576,2026-05-19T00:30:32.299+08:00,1.8896586894989014,-2.115361213684082,0.039999961853027344,-1.7302998304367065,-4.425054550170898,-83.92858123779297
1779121832523525464,1779121832521587992,2026-05-19T00:30:32.523+08:00,1.8926304578781128,-2.128371000289917,0.029999971389770508,-1.9351682662963867,-4.700737953186035,-84.43795013427734
1779121832757171928,1779121832752060952,2026-05-19T00:30:32.757+08:00,1.8938781023025513,-2.142411470413208,0.04999995231628418,-1.9407508373260498,-4.8114333152771,-84.91746520996094
1779121832990032184,1779121832987744920,2026-05-19T00:30:32.990+08:00,1.8935047388076782,-2.1568968296051025,0.039999961853027344,-1.668994665145874,-4.686921119689941,-85.35079193115234
1779121833190195832,1779121833160731096,2026-05-19T00:30:33.190+08:00,1.8944650888442993,-2.166130542755127,0.04999995231628418,-1.3167481422424316,-4.608702182769775,-85.56050109863281
1779121833423909592,1779121833393799896,2026-05-19T00:30:33.423+08:00,1.8959012031555176,-2.1789472103118896,0.04999995231628418,-0.7496045827865601,-4.534606456756592,-85.72819519042969
1779121833623982264,1779121833597122392,2026-05-19T00:30:33.623+08:00,1.8963658809661865,-2.1882405281066895,0.059999942779541016,-0.31082260608673096,-4.485234260559082,-85.73636627197266
1779121833856806808,1779121833829598904,2026-05-19T00:30:33.856+08:00,1.8967475891113281,-2.197756767272949,0.059999942779541016,0.14135247468948364,-4.573874473571777,-85.69271087646484
1779121834058235832,1779121834031648632,2026-05-19T00:30:34.058+08:00,1.8969205617904663,-2.204423427581787,0.059999942779541016,0.2824915945529938,-4.6048994064331055,-85.66847229003906
1779121834290764920,1779121834266972472,2026-05-19T00:30:34.290+08:00,1.8972524404525757,-2.2119810581207275,0.059999942779541016,0.20623880624771118,-4.514609336853027,-85.62561798095703
1779121834523070808,1779121834509501848,2026-05-19T00:30:34.523+08:00,1.8981486558914185,-2.2180159091949463,0.059999942779541016,-0.2668136954307556,-4.472866058349609,-85.737060546875
1779121834723117944,1779121834709729048,2026-05-19T00:30:34.723+08:00,1.8988995552062988,-2.2219367027282715,0.04999995231628418,-0.8941342234611511,-4.363741874694824,-85.8884506225586
1779121834923554424,1779121834910819960,2026-05-19T00:30:34.923+08:00,1.8992249965667725,-2.225923538208008,0.059999942779541016,-1.5453909635543823,-4.011274814605713,-86.09579467773438
1779121835123913912,1779121835115858552,2026-05-19T00:30:35.123+08:00,1.8996995687484741,-2.229799509048462,0.04999995231628418,-2.061511754989624,-3.598956823348999,-86.36309051513672
1779121835356657720,1779121835348107352,2026-05-19T00:30:35.356+08:00,1.9004392623901367,-2.2325172424316406,0.04999995231628418,-2.1699793338775635,-3.3525118827819824,-86.51400756835938
1779121835557436568,1779121835549731704,2026-05-19T00:30:35.557+08:00,1.8998035192489624,-2.2333710193634033,0.059999942779541016,-1.749185562133789,-3.3825254440307617,-86.54174041748047
1779121835789990552,1779121835784098136,2026-05-19T00:30:35.789+08:00,1.8988616466522217,-2.234062910079956,0.059999942779541016,-1.009606122970581,-3.4423112869262695,-86.64512634277344
1779121835990164728,1779121835982711384,2026-05-19T00:30:35.990+08:00,1.899499535560608,-2.234583616256714,0.059999942779541016,-0.46202024817466736,-3.4475314617156982,-86.8064956665039
1779121836223062680,1779121836220753112,2026-05-19T00:30:36.223+08:00,1.900197982788086,-2.234647750854492,0.059999942779541016,-0.38981372117996216,-3.47685170173645,-87.04310607910156
1779121836423523992,1779121836421764952,2026-05-19T00:30:36.423+08:00,1.9002333879470825,-2.234502077102661,0.059999942779541016,-0.8348988890647888,-3.47654390335083,-87.2497329711914
1779121836656340792,1779121836623195736,2026-05-19T00:30:36.656+08:00,1.9002799987792969,-2.2345688343048096,0.059999942779541016,-1.439835786819458,-3.3820641040802,-87.41532135009766
1779121836856853240,1779121836826726232,2026-05-19T00:30:36.856+08:00,1.90049147605896,-2.2346408367156982,0.04999995231628418,-2.0531694889068604,-3.2498557567596436,-87.59181213378906
1779121837089850168,1779121837066466872,2026-05-19T00:30:37.089+08:00,1.9004124402999878,-2.2337493896484375,0.04999995231628418,-2.4135210514068604,-3.2152791023254395,-87.77626037597656
1779121837324451288,1779121837299367736,2026-05-19T00:30:37.324+08:00,1.8996597528457642,-2.2320213317871094,0.04999995231628418,-2.1963846683502197,-3.3168506622314453,-87.85926818847656
1779121837525112696,1779121837504961240,2026-05-19T00:30:37.525+08:00,1.8990644216537476,-2.230241060256958,0.059999942779541016,-1.5957090854644775,-3.456761121749878,-87.87361145019531
1779121837756648888,1779121837742589336,2026-05-19T00:30:37.756+08:00,1.8991338014602661,-2.228816509246826,0.059999942779541016,-0.7618991732597351,-3.6282575130462646,-87.84223937988281
1779121837989730616,1779121837982542424,2026-05-19T00:30:37.989+08:00,1.8992559909820557,-2.2276206016540527,0.059999942779541016,-0.22752948105335236,-3.8248820304870605,-87.77232360839844
1779121838189861624,1779121838182707864,2026-05-19T00:30:38.189+08:00,1.8983546495437622,-2.2257883548736572,0.04999995231628418,-0.18989868462085724,-4.052731037139893,-87.70944213867188
1779121838390132696,1779121838381298168,2026-05-19T00:30:38.390+08:00,1.897563099861145,-2.223294973373413,0.04999995231628418,-0.4061885178089142,-4.23231840133667,-87.6641845703125
1779121838623107576,1779121838610531640,2026-05-19T00:30:38.623+08:00,1.897921085357666,-2.2207088470458984,0.04999995231628418,-0.8541821837425232,-4.252191066741943,-87.60445404052734
1779121838856627256,1779121838848095736,2026-05-19T00:30:38.856+08:00,1.898313045501709,-2.2191545963287354,0.04999995231628418,-1.3615087270736694,-4.168118476867676,-87.6217041015625
1779121839056692824,1779121839048082200,2026-05-19T00:30:39.056+08:00,1.8982105255126953,-2.218217372894287,0.04999995231628418,-1.7528349161148071,-4.017384052276611,-87.7405776977539
1779121839257410456,1779121839248781080,2026-05-19T00:30:39.257+08:00,1.8979378938674927,-2.2170300483703613,0.04999995231628418,-1.9441102743148804,-3.7264606952667236,-87.88287353515625
1779121839457941208,1779121839444763224,2026-05-19T00:30:39.457+08:00,1.8984824419021606,-2.21644926071167,0.04999995231628418,-1.942064881324768,-3.39235520362854,-88.04643249511719
1779121839690104120,1779121839681453784,2026-05-19T00:30:39.690+08:00,1.899221658706665,-2.2160439491271973,0.04999995231628418,-1.820600152015686,-2.9904510974884033,-88.22257232666016
1779121839923149688,1779121839921250808,2026-05-19T00:30:39.923+08:00,1.8992676734924316,-2.2158210277557373,0.04999995231628418,-1.6249480247497559,-2.6337649822235107,-88.4328842163086
1779121840123389400,1779121840116868696,2026-05-19T00:30:40.123+08:00,1.8993301391601562,-2.2163636684417725,0.059999942779541016,-1.4700512886047363,-2.362372636795044,-88.60598754882812
1779121840356580920,1779121840349792952,2026-05-19T00:30:40.356+08:00,1.899770736694336,-2.2168891429901123,0.059999942779541016,-1.3962103128433228,-2.242924451828003,-88.81382751464844
1779121840589747608,1779121840587192408,2026-05-19T00:30:40.589+08:00,1.8997701406478882,-2.2169501781463623,0.04999995231628418,-1.428839921951294,-2.373310089111328,-88.99163055419922
1779121840790359128,1779121840785441880,2026-05-19T00:30:40.790+08:00,1.8997846841812134,-2.2171645164489746,0.059999942779541016,-1.4966334104537964,-2.5073540210723877,-89.10908508300781
1779121841023890200,1779121841020789080,2026-05-19T00:30:41.023+08:00,1.9005534648895264,-2.2181694507598877,0.04999995231628418,-1.5915716886520386,-2.689311981201172,-89.2494888305664
1779121841257222168,1779121841219129880,2026-05-19T00:30:41.257+08:00,1.9016406536102295,-2.218836545944214,0.059999942779541016,-1.6561721563339233,-2.9371654987335205,-89.25299835205078
1779121841490118424,1779121841461371480,2026-05-19T00:30:41.490+08:00,1.902085542678833,-2.219348430633545,0.04999995231628418,-1.7402117252349854,-3.275963068008423,-89.31460571289062
1779121841723716344,1779121841696687416,2026-05-19T00:30:41.723+08:00,1.9008841514587402,-2.220397710800171,0.04999995231628418,-1.7474861145019531,-3.349013566970825,-89.3809814453125
1779121841956302936,1779121841934693816,2026-05-19T00:30:41.956+08:00,1.9009897708892822,-2.2210869789123535,0.04999995231628418,-1.5675733089447021,-3.332169532775879,-89.47026824951172
1779121842156381496,1779121842130185560,2026-05-19T00:30:42.156+08:00,1.9010714292526245,-2.220731258392334,0.059999942779541016,-1.396720051765442,-3.4056973457336426,-89.5474624633789
1779121842389793656,1779121842376705272,2026-05-19T00:30:42.389+08:00,1.9008548259735107,-2.2204978466033936,0.059999942779541016,-1.3073883056640625,-3.3524959087371826,-89.61373901367188
1779121842592406680,1779121842579531416,2026-05-19T00:30:42.592+08:00,1.900769591331482,-2.2212424278259277,0.059999942779541016,-1.267475962638855,-3.1354217529296875,-89.63890075683594
1779121842823629400,1779121842816882936,2026-05-19T00:30:42.823+08:00,1.9001100063323975,-2.2229995727539062,0.059999942779541016,-1.2690240144729614,-2.9046988487243652,-89.66943359375
1779121843058640056,1779121843018640632,2026-05-19T00:30:43.058+08:00,1.8999122381210327,-2.2238354682922363,0.059999942779541016,-1.2676024436950684,-2.831829309463501,-89.70096588134766
1779121843290015704,1779121843252511832,2026-05-19T00:30:43.290+08:00,1.9000924825668335,-2.224278688430786,0.06999993324279785,-1.25752592086792,-2.73675799369812,-89.72541809082031
1779121843490457112,1779121843452537304,2026-05-19T00:30:43.490+08:00,1.8997642993927002,-2.2242720127105713,0.059999942779541016,-1.2660664319992065,-2.725816249847412,-89.75697326660156
1779121843723383224,1779121843693565688,2026-05-19T00:30:43.723+08:00,1.8993620872497559,-2.2238423824310303,0.059999942779541016,-1.2251302003860474,-2.8367559909820557,-89.8110122680664
1779121843924001784,1779121843896899960,2026-05-19T00:30:43.924+08:00,1.8994020223617554,-2.223484754562378,0.059999942779541016,-1.1777633428573608,-2.9460976123809814,-89.85281372070312
1779121844156543096,1779121844129839064,2026-05-19T00:30:44.156+08:00,1.8996541500091553,-2.2238008975982666,0.059999942779541016,-1.1632575988769531,-3.008058786392212,-89.89925384521484
1779121844357497848,1779121844328907288,2026-05-19T00:30:44.357+08:00,1.8998676538467407,-2.2243847846984863,0.06999993324279785,-1.2985854148864746,-2.634765863418579,-89.92501068115234
1779121844590249976,1779121844563781720,2026-05-19T00:30:44.590+08:00,1.8994375467300415,-2.2230520248413086,0.059999942779541016,-1.702908992767334,-2.015549659729004,-89.92481231689453
1779121844790700600,1779121844770648088,2026-05-19T00:30:44.790+08:00,1.897909164428711,-2.2201573848724365,0.059999942779541016,-2.060164213180542,-1.6364049911499023,-89.92911529541016
1779121845023695352,1779121845006652216,2026-05-19T00:30:45.023+08:00,1.8980993032455444,-2.2170653343200684,0.059999942779541016,-1.92035973072052,-1.5496933460235596,-89.98278045654297
1779121845256508696,1779121845239902008,2026-05-19T00:30:45.256+08:00,1.8996624946594238,-2.2158329486846924,0.059999942779541016,-1.526640772819519,-1.8015823364257812,-90.05513763427734
1779121845456519128,1779121845443460472,2026-05-19T00:30:45.456+08:00,1.9007223844528198,-2.215773820877075,0.06999993324279785,-1.1345385313034058,-2.231618642807007,-90.10276794433594
1779121845656584696,1779121845646573944,2026-05-19T00:30:45.656+08:00,1.9008255004882812,-2.215507984161377,0.059999942779541016,-0.8825138211250305,-2.8086109161376953,-90.13756561279297
1779121845891742040,1779121845879520504,2026-05-19T00:30:45.891+08:00,1.900191307067871,-2.213984489440918,0.059999942779541016,-0.9263221025466919,-3.34128475189209,-90.16891479492188
1779121846124101304,1779121846112687768,2026-05-19T00:30:46.124+08:00,1.9008344411849976,-2.2130050659179688,0.059999942779541016,-1.124259352684021,-3.6519970893859863,-90.21593475341797
1779121846357449944,1779121846347477720,2026-05-19T00:30:46.357+08:00,1.9012218713760376,-2.212719678878784,0.059999942779541016,-1.427702784538269,-3.7023868560791016,-90.26803588867188
1779121846557485752,1779121846553486680,2026-05-19T00:30:46.557+08:00,1.900502324104309,-2.2126684188842773,0.059999942779541016,-1.59890615940094,-3.730236530303955,-90.3028793334961
1779121846790775576,1779121846789064696,2026-05-19T00:30:46.790+08:00,1.9004939794540405,-2.2126200199127197,0.059999942779541016,-1.5305960178375244,-3.5816266536712646,-90.33580017089844
1779121847023751256,1779121846990630712,2026-05-19T00:30:47.023+08:00,1.9010558128356934,-2.212769031524658,0.04999995231628418,-1.3620661497116089,-3.3426496982574463,-90.36592102050781
1779121847257366232,1779121847226547352,2026-05-19T00:30:47.257+08:00,1.9011248350143433,-2.2140142917633057,0.059999942779541016,-1.240339994430542,-2.9259214401245117,-90.38931274414062
1779121847489986616,1779121847473523032,2026-05-19T00:30:47.489+08:00,1.9003671407699585,-2.2150893211364746,0.059999942779541016,-1.5063170194625854,-2.284755229949951,-90.36512756347656
1779121847689997784,1779121847669256728,2026-05-19T00:30:47.689+08:00,1.8993655443191528,-2.2156500816345215,0.059999942779541016,-2.078705310821533,-1.6567412614822388,-90.34223937988281
1779121847890906232,1779121847873722488,2026-05-19T00:30:47.890+08:00,1.8983104228973389,-2.215186595916748,0.059999942779541016,-2.748706579208374,-0.924574613571167,-90.32781219482422
1779121848123440920,1779121848106594968,2026-05-19T00:30:48.123+08:00,1.8969324827194214,-2.213613986968994,0.059999942779541016,-3.5464494228363037,0.10779169201850891,-90.24040985107422
1779121848323763288,1779121848308709976,2026-05-19T00:30:48.323+08:00,1.8948067426681519,-2.2121267318725586,0.059999942779541016,-4.422291278839111,0.9227371215820312,-90.09773254394531
1779121848556575768,1779121848543872888,2026-05-19T00:30:48.556+08:00,1.891448736190796,-2.210231065750122,0.06999993324279785,-5.662527561187744,1.7092478275299072,-89.84163665771484
1779121848790121656,1779121848781291800,2026-05-19T00:30:48.790+08:00,1.8871403932571411,-2.207050323486328,0.07999992370605469,-7.369492530822754,2.316315174102783,-89.45317840576172
1779121848990531768,1779121848979480376,2026-05-19T00:30:48.990+08:00,1.8828319311141968,-2.204176664352417,0.07999992370605469,-8.92200756072998,2.537069320678711,-89.07183074951172
1779121849223521944,1779121849213618520,2026-05-19T00:30:49.223+08:00,1.876805067062378,-2.1990835666656494,0.07999992370605469,-11.008374214172363,2.752687454223633,-88.54358673095703
1779121849456488024,1779121849454311160,2026-05-19T00:30:49.456+08:00,1.868228793144226,-2.1915805339813232,0.07999992370605469,-13.068140983581543,2.843017816543579,-87.84172058105469
1779121849657094488,1779121849618619544,2026-05-19T00:30:49.657+08:00,1.8620762825012207,-2.1862566471099854,0.09000003337860107,-14.250656127929688,2.8446881771087646,-87.24332427978516
1779121849890405816,1779121849861579800,2026-05-19T00:30:49.890+08:00,1.851975679397583,-2.177905797958374,0.09000003337860107,-15.624547958374023,2.701533555984497,-86.21094512939453
1779121850090966936,1779121850058057080,2026-05-19T00:30:50.090+08:00,1.8435851335525513,-2.173076868057251,0.11000001430511475,-14.871395111083984,2.040323257446289,-85.57091522216797
1779121850323349496,1779121850291932856,2026-05-19T00:30:50.323+08:00,1.8410687446594238,-2.170670986175537,0.13999998569488525,-9.720354080200195,0.4722446799278259,-85.1732406616211
1779121850523913880,1779121850493913592,2026-05-19T00:30:50.523+08:00,1.8473435640335083,-2.171300172805786,0.15999996662139893,-3.539449691772461,-1.1685467958450317,-85.08580780029297
1779121850757534680,1779121850729110232,2026-05-19T00:30:50.757+08:00,1.8617404699325562,-2.1763672828674316,0.1799999475479126,2.598067283630371,-2.9735803604125977,-85.27045440673828
1779121850990299160,1779121850970413752,2026-05-19T00:30:50.990+08:00,1.8743321895599365,-2.18479585647583,0.1799999475479126,4.788877964019775,-4.025932312011719,-85.54346466064453
1779121851190360472,1779121851172622424,2026-05-19T00:30:51.190+08:00,1.8787184953689575,-2.1921489238739014,0.16999995708465576,3.6423511505126953,-4.039605140686035,-85.56067657470703
1779121851424190200,1779121851409248760,2026-05-19T00:30:51.424+08:00,1.8815646171569824,-2.1992039680480957,0.15999996662139893,1.0193408727645874,-3.4108307361602783,-85.79022979736328
1779121851624375000,1779121851593300440,2026-05-19T00:30:51.624+08:00,1.8847533464431763,-2.203430652618408,0.15999996662139893,-0.4594127833843231,-2.7957851886749268,-86.09331512451172
1779121851857611032,1779121851836844792,2026-05-19T00:30:51.857+08:00,1.892087459564209,-2.2089107036590576,0.15999996662139893,-0.9222344756126404,-1.9349792003631592,-86.56321716308594
1779121852089955800,1779121852075326648,2026-05-19T00:30:52.089+08:00,1.899101972579956,-2.213527202606201,0.15999996662139893,0.32242557406425476,-1.0032495260238647,-87.09664154052734
1779121852290755064,1779121852276481496,2026-05-19T00:30:52.290+08:00,1.9046046733856201,-2.2173120975494385,0.1799999475479126,1.838694453239441,-0.32013383507728577,-87.54605102539062
1779121852523864280,1779121852508313176,2026-05-19T00:30:52.523+08:00,1.9090523719787598,-2.222261428833008,0.15999996662139893,3.251187801361084,0.19062750041484833,-88.04124450683594
1779121852723943352,1779121852711264856,2026-05-19T00:30:52.723+08:00,1.91025972366333,-2.226077079772949,0.16999995708465576,4.2811431884765625,0.3717299997806549,-88.49630737304688
1779121852956575032,1779121852938537432,2026-05-19T00:30:52.956+08:00,1.9147173166275024,-2.2282602787017822,0.15999996662139893,5.3585896492004395,0.49826154112815857,-88.93461608886719
1779121853159097368,1779121853140265112,2026-05-19T00:30:53.159+08:00,1.9164005517959595,-2.230001211166382,0.13999998569488525,4.842586994171143,0.3395201861858368,-89.07266998291016
1779121853390687416,1779121853338422840,2026-05-19T00:30:53.390+08:00,1.9145511388778687,-2.232367515563965,0.12000000476837158,2.774954080581665,-0.13162578642368317,-89.08551025390625
1779121853593772184,1779121853562333432,2026-05-19T00:30:53.593+08:00,1.9122629165649414,-2.2348227500915527,0.10000002384185791,-0.4624345898628235,-0.9616252183914185,-89.04222106933594
1779121853823698232,1779121853800443320,2026-05-19T00:30:53.823+08:00,1.9088115692138672,-2.2352988719940186,0.09000003337860107,-3.651571035385132,-1.44553542137146,-89.02155303955078
1779121854023963448,1779121853996491992,2026-05-19T00:30:54.023+08:00,1.904462456703186,-2.232226848602295,0.06999993324279785,-5.172983646392822,-1.2355777025222778,-89.07176971435547
1779121854224010008,1779121854209507224,2026-05-19T00:30:54.224+08:00,1.9006872177124023,-2.2282073497772217,0.06999993324279785,-5.20880651473999,-0.9552241563796997,-89.123046875
1779121854456708152,1779121854454407928,2026-05-19T00:30:54.456+08:00,1.8980940580368042,-2.2239694595336914,0.07999992370605469,-4.036974906921387,-0.43829602003097534,-89.13624572753906
1779121854657784376,1779121854656161016,2026-05-19T00:30:54.657+08:00,1.8980529308319092,-2.2184362411499023,0.06999993324279785,-2.33603835105896,-0.20843350887298584,-89.19469451904297
1779121854891414872,1779121854866402328,2026-05-19T00:30:54.891+08:00,1.900150179862976,-2.213146924972534,0.06999993324279785,-0.37555739283561707,-0.283224493265152,-89.26713562011719
1779121855097065880,1779121855063131128,2026-05-19T00:30:55.097+08:00,1.901849627494812,-2.20937180519104,0.06999993324279785,1.2676811218261719,-0.6309703588485718,-89.35409545898438
1779121855323782904,1779121855320541912,2026-05-19T00:30:55.323+08:00,1.902970552444458,-2.206799030303955,0.059999942779541016,2.0195748805999756,-1.375691533088684,-89.52444458007812
1779121855557217880,1779121855546579416,2026-05-19T00:30:55.557+08:00,1.9038112163543701,-2.204562187194824,0.039999961853027344,1.0119647979736328,-2.3099288940429688,-89.61387634277344
1779121855757470936,1779121855726246744,2026-05-19T00:30:55.757+08:00,1.9031519889831543,-2.202718734741211,0.029999971389770508,-0.3440481424331665,-3.0663132667541504,-89.66429901123047
1779121855990617784,1779121855965146808,2026-05-19T00:30:55.990+08:00,1.9016952514648438,-2.201406717300415,0.019999980926513672,-1.9117108583450317,-3.821831464767456,-89.71810913085938
1779121856223446808,1779121856196827224,2026-05-19T00:30:56.223+08:00,1.90203058719635,-2.202442169189453,0.019999980926513672,-2.7318623065948486,-4.26636266708374,-89.80435943603516
1779121856423458968,1779121856417888952,2026-05-19T00:30:56.423+08:00,1.9034065008163452,-2.2048466205596924,0.009999990463256836,-2.6723692417144775,-4.407713890075684,-89.8729476928711
1779121856656516792,1779121856649723704,2026-05-19T00:30:56.656+08:00,1.902836561203003,-2.205665349960327,0.019999980926513672,-2.1877708435058594,-4.45388650894165,-89.9384765625
1779121856861952952,1779121856849815768,2026-05-19T00:30:56.861+08:00,1.9013004302978516,-2.205470085144043,0.019999980926513672,-1.5477638244628906,-4.420209884643555,-90.0441665649414
1779121857100673592,1779121857050401208,2026-05-19T00:30:57.100+08:00,1.9004226922988892,-2.2055776119232178,0.019999980926513672,-1.013846755027771,-4.147992134094238,-90.11283874511719
1779121857323863224,1779121857312487096,2026-05-19T00:30:57.323+08:00,1.9010193347930908,-2.20721173286438,0.019999980926513672,-0.7387611269950867,-3.510742664337158,-90.15164947509766
1779121857524877432,1779121857516875640,2026-05-19T00:30:57.524+08:00,1.9016656875610352,-2.2077667713165283,0.019999980926513672,-0.802302360534668,-2.9782934188842773,-90.1664810180664
1779121857758041208,1779121857726560312,2026-05-19T00:30:57.758+08:00,1.901929497718811,-2.2092132568359375,0.019999980926513672,-1.0223019123077393,-2.513498306274414,-90.21448516845703
1779121857990763128,1779121857962459672,2026-05-19T00:30:57.990+08:00,1.9025168418884277,-2.2110555171966553,0.029999971389770508,-1.2815736532211304,-2.011232852935791,-90.25260925292969
1779121858223724728,1779121858200082872,2026-05-19T00:30:58.223+08:00,1.9024955034255981,-2.208690643310547,0.029999971389770508,-2.0914559364318848,-1.1253238916397095,-90.08816528320312
1779121858457899160,1779121858418431544,2026-05-19T00:30:58.457+08:00,1.898013710975647,-2.207472085952759,0.019999980926513672,-5.233931541442871,-0.7437970638275146,-89.43543243408203
1779121858691793976,1779121858686403736,2026-05-19T00:30:58.691+08:00,1.8842945098876953,-2.20902943611145,0.0,-12.600165367126465,-0.11465231329202652,-88.40348815917969
1779121858930554328,1779121858922836664,2026-05-19T00:30:58.930+08:00,1.8729572296142578,-2.2076363563537598,0.009999990463256836,-18.518352508544922,0.22657452523708344,-87.17779541015625
1779121859156991256,1779121859122855064,2026-05-19T00:30:59.156+08:00,1.8652422428131104,-2.206599473953247,0.029999971389770508,-22.26250648498535,0.3490714430809021,-85.80745697021484
1779121859390538584,1779121859380212536,2026-05-19T00:30:59.390+08:00,1.8502451181411743,-2.2043404579162598,0.04999995231628418,-24.684083938598633,0.7664309740066528,-84.10698699951172
1779121859590684376,1779121859580466296,2026-05-19T00:30:59.590+08:00,1.8361445665359497,-2.2023890018463135,0.09000003337860107,-25.05839729309082,1.0185637474060059,-82.81208801269531
1779121859823606552,1779121859809640600,2026-05-19T00:30:59.823+08:00,1.819628357887268,-2.2063238620758057,0.12000000476837158,-23.803802490234375,0.6599772572517395,-81.08436584472656
1779121860023755864,1779121860011316472,2026-05-19T00:31:00.023+08:00,1.8011647462844849,-2.2111945152282715,0.1499999761581421,-21.703596115112305,0.14404939115047455,-79.81419372558594
1779121860224093656,1779121860209249880,2026-05-19T00:31:00.224+08:00,1.7851537466049194,-2.2153866291046143,0.18999993801116943,-17.316905975341797,-0.9529638886451721,-79.0848159790039
1779121860425049816,1779121860420539064,2026-05-19T00:31:00.425+08:00,1.7764743566513062,-2.2219390869140625,0.24000000953674316,-9.97455883026123,-2.4942703247070312,-78.9594955444336
1779121860662001720,1779121860652864856,2026-05-19T00:31:00.662+08:00,1.7798644304275513,-2.229921579360962,0.26999998092651367,-0.4631578028202057,-4.282444477081299,-79.36967468261719
1779121860891191736,1779121860854786456,2026-05-19T00:31:00.891+08:00,1.791550874710083,-2.2380566596984863,0.2999999523162842,5.649760723114014,-5.234415531158447,-79.94070434570312
1779121861091436504,1779121861089942040,2026-05-19T00:31:01.091+08:00,1.8127007484436035,-2.2459359169006348,0.309999942779541,9.415837287902832,-5.632083892822266,-80.5831527709961
1779121861324015032,1779121861313580664,2026-05-19T00:31:01.324+08:00,1.835227370262146,-2.252676486968994,0.31999993324279785,9.078577995300293,-5.394135475158691,-81.08790588378906
1779121861561519512,1779121861554096312,2026-05-19T00:31:01.561+08:00,1.853981614112854,-2.2571825981140137,0.2999999523162842,5.458720684051514,-4.6752142906188965,-81.52874755859375
1779121861791163288,1779121861789195256,2026-05-19T00:31:01.791+08:00,1.8677607774734497,-2.26076078414917,0.2799999713897705,0.8197336196899414,-3.6724905967712402,-82.13170623779297
1779121861991805272,1779121861989359000,2026-05-19T00:31:01.991+08:00,1.8773411512374878,-2.2628495693206787,0.2799999713897705,-2.2264199256896973,-2.7663872241973877,-82.74440002441406
1779121862224127672,1779121862190573656,2026-05-19T00:31:02.224+08:00,1.8855384588241577,-2.264207124710083,0.26999998092651367,-3.800462007522583,-1.9366058111190796,-83.4300308227539
1779121862456648728,1779121862452027864,2026-05-19T00:31:02.456+08:00,1.8951932191848755,-2.266029119491577,0.25999999046325684,-3.661449670791626,-1.1184028387069702,-84.28250885009766
1779121862656818008,1779121862650240824,2026-05-19T00:31:02.656+08:00,1.900553584098816,-2.266679525375366,0.25999999046325684,-2.565831422805786,-0.7514172792434692,-84.83952331542969
1779121862890309656,1779121862882569240,2026-05-19T00:31:02.890+08:00,1.9040393829345703,-2.2663049697875977,0.24000000953674316,-1.2380155324935913,-0.6829698085784912,-85.39778137207031
1779121863123236504,1779121863120902200,2026-05-19T00:31:03.123+08:00,1.9059382677078247,-2.26456880569458,0.2200000286102295,-0.143425852060318,-0.9737669229507446,-85.89529418945312
1779121863325833304,1779121863316377336,2026-05-19T00:31:03.325+08:00,1.9069385528564453,-2.2624406814575195,0.21000003814697266,0.28592580556869507,-1.351625680923462,-86.32792663574219
1779121863557358680,1779121863552279896,2026-05-19T00:31:03.557+08:00,1.9077861309051514,-2.260373592376709,0.18999993801116943,0.11473850905895233,-1.79059636592865,-86.77235412597656
1779121863757764088,1779121863755004952,2026-05-19T00:31:03.757+08:00,1.9072540998458862,-2.2579047679901123,0.16999995708465576,-0.5582644939422607,-2.0819499492645264,-87.13472747802734
1779121863958245880,1779121863928776376,2026-05-19T00:31:03.958+08:00,1.9056833982467651,-2.2545204162597656,0.1499999761581421,-1.2622109651565552,-2.3085150718688965,-87.58499908447266
1779121864190318808,1779121864161004760,2026-05-19T00:31:04.190+08:00,1.9029676914215088,-2.2501444816589355,0.12000000476837158,-1.7455252408981323,-2.601353406906128,-88.03983306884766
1779121864423645944,1779121864419177144,2026-05-19T00:31:04.423+08:00,1.8998210430145264,-2.2450337409973145,0.10000002384185791,-1.5271217823028564,-2.897392511367798,-88.50228881835938
1779121864656859384,1779121864653471000,2026-05-19T00:31:04.656+08:00,1.897267460823059,-2.239381790161133,0.06999993324279785,-0.9129941463470459,-3.015258312225342,-88.88460540771484
1779121864857608408,1779121864825869752,2026-05-19T00:31:04.857+08:00,1.894929051399231,-2.2326548099517822,0.059999942779541016,-0.4025762379169464,-3.0538055896759033,-89.12323760986328
1779121865090151000,1779121865061469880,2026-05-19T00:31:05.090+08:00,1.8912373781204224,-2.2226552963256836,0.04999995231628418,0.15286920964717865,-3.09775972366333,-89.34098815917969
1779121865290714776,1779121865270497496,2026-05-19T00:31:05.290+08:00,1.885563611984253,-2.2101104259490967,0.039999961853027344,0.7396286129951477,-2.844196319580078,-89.51502990722656
1779121865494113656,1779121865486377976,2026-05-19T00:31:05.494+08:00,1.877834439277649,-2.1906282901763916,0.029999971389770508,1.4868100881576538,-2.134681463241577,-89.70877838134766
1779121865723807128,1779121865688201112,2026-05-19T00:31:05.723+08:00,1.8722825050354004,-2.169618844985962,0.009999990463256836,2.0710086822509766,-1.4259593486785889,-89.91874694824219
1779121865923983384,1779121865891691800,2026-05-19T00:31:05.923+08:00,1.8682278394699097,-2.148566961288452,0.009999990463256836,2.4249091148376465,-1.1394050121307373,-90.23541259765625
1779121866156702520,1779121866130122200,2026-05-19T00:31:06.156+08:00,1.8624427318572998,-2.124882936477661,-0.009999990463256836,2.292956829071045,-1.3871796131134033,-90.65899658203125
1779121866389851416,1779121866373280344,2026-05-19T00:31:06.389+08:00,1.8594250679016113,-2.1054999828338623,-0.009999990463256836,1.5711948871612549,-1.5688591003417969,-90.87198638916016
1779121866590304344,1779121866572988632,2026-05-19T00:31:06.590+08:00,1.857221007347107,-2.0925140380859375,-0.020000040531158447,0.9066699147224426,-1.2723957300186157,-90.92041015625
1779121866790391416,1779121866773167928,2026-05-19T00:31:06.790+08:00,1.8542414903640747,-2.081601142883301,-0.020000040531158447,0.8077429533004761,-0.8035048246383667,-90.94696807861328
1779121867030485944,1779121867008935864,2026-05-19T00:31:07.030+08:00,1.8537415266036987,-2.0704681873321533,-0.020000040531158447,1.2983367443084717,-0.5414135456085205,-90.92431640625
1779121867257494456,1779121867247037944,2026-05-19T00:31:07.257+08:00,1.8564633131027222,-2.0618512630462646,-0.009999990463256836,1.4903768301010132,-0.7801197171211243,-90.86433410644531
1779121867490096888,1779121867480034360,2026-05-19T00:31:07.490+08:00,1.8618322610855103,-2.05755352973938,-0.020000040531158447,1.1171648502349854,-1.0424860715866089,-90.80387115478516
1779121867690262296,1779121867683987064,2026-05-19T00:31:07.690+08:00,1.8681538105010986,-2.0585761070251465,-0.020000040531158447,0.4207979440689087,-1.2264341115951538,-90.73370361328125
1779121867923502424,1779121867920034584,2026-05-19T00:31:07.923+08:00,1.8750187158584595,-2.0636720657348633,-0.020000040531158447,-0.6487311720848083,-1.3622491359710693,-90.65841674804688
1779121868156557848,1779121868150120856,2026-05-19T00:31:08.156+08:00,1.8809691667556763,-2.068061590194702,-0.020000040531158447,-1.4012759923934937,-1.49245285987854,-90.6416015625
1779121868357139832,1779121868351992824,2026-05-19T00:31:08.357+08:00,1.8856256008148193,-2.070190668106079,0.0,-1.7637182474136353,-1.854017972946167,-90.68122100830078
1779121868557472344,1779121868555836696,2026-05-19T00:31:08.557+08:00,1.8900022506713867,-2.0739452838897705,-0.009999990463256836,-2.033649206161499,-2.379775285720825,-90.69325256347656
1779121868790361336,1779121868761095800,2026-05-19T00:31:08.790+08:00,1.8928327560424805,-2.0790297985076904,-0.009999990463256836,-2.443476676940918,-2.8882875442504883,-90.65351867675781
1779121869025073528,1779121868994921464,2026-05-19T00:31:09.025+08:00,1.8924648761749268,-2.084329843521118,-0.009999990463256836,-3.700056791305542,-3.089277982711792,-90.41705322265625
1779121869257642584,1779121869228307448,2026-05-19T00:31:09.257+08:00,1.888154149055481,-2.0864791870117188,-0.020000040531158447,-6.4894700050354,-2.821789026260376,-89.82283020019531
1779121869495753560,1779121869465493848,2026-05-19T00:31:09.495+08:00,1.8799691200256348,-2.091010808944702,-0.020000040531158447,-11.520499229431152,-2.4251246452331543,-89.21238708496094
1779121869723714072,1779121869708617528,2026-05-19T00:31:09.723+08:00,1.8651950359344482,-2.0965747833251953,-0.020000040531158447,-18.65911102294922,-2.1938276290893555,-88.22048950195312
1779121869923823448,1779121869910693400,2026-05-19T00:31:09.923+08:00,1.855222225189209,-2.101301431655884,-0.020000040531158447,-21.942951202392578,-2.540769100189209,-87.19972229003906
1779121870156628760,1779121870143210584,2026-05-19T00:31:10.156+08:00,1.8455145359039307,-2.1098086833953857,0.019999980926513672,-20.609647750854492,-3.4930708408355713,-86.31179809570312
1779121870357307096,1779121870342851672,2026-05-19T00:31:10.357+08:00,1.8427613973617554,-2.1191818714141846,0.059999942779541016,-14.375003814697266,-4.854617118835449,-85.7665023803711
1779121870590084280,1779121870572778840,2026-05-19T00:31:10.590+08:00,1.8467463254928589,-2.130573272705078,0.09000003337860107,-4.576076984405518,-6.484388828277588,-85.44359588623047
1779121870790558424,1779121870782030968,2026-05-19T00:31:10.790+08:00,1.8544790744781494,-2.1436691284179688,0.11000001430511475,2.2457940578460693,-7.306868076324463,-85.50971221923828
1779121870996815896,1779121870985069880,2026-05-19T00:31:10.996+08:00,1.8634016513824463,-2.159851551055908,0.12000000476837158,5.97412633895874,-7.397884845733643,-85.6473159790039
1779121871223434072,1779121871221269592,2026-05-19T00:31:11.223+08:00,1.8720672130584717,-2.1787660121917725,0.11000001430511475,6.173923015594482,-6.622913837432861,-85.80204772949219
1779121871423845496,1779121871416159064,2026-05-19T00:31:11.423+08:00,1.8776135444641113,-2.1948015689849854,0.11000001430511475,3.905155897140503,-5.582472801208496,-86.00640106201172
1779121871656564696,1779121871650711704,2026-05-19T00:31:11.656+08:00,1.880784273147583,-2.210022211074829,0.09000003337860107,0.49969953298568726,-4.36848258972168,-86.42906951904297
1779121871857135000,1779121871850801688,2026-05-19T00:31:11.857+08:00,1.8827917575836182,-2.220440149307251,0.09000003337860107,-1.5749155282974243,-3.577359914779663,-86.83377075195312
1779121872090390232,1779121872083780440,2026-05-19T00:31:12.090+08:00,1.8853803873062134,-2.229039430618286,0.07999992370605469,-3.8528289794921875,-2.0526297092437744,-87.00160217285156
1779121872323309976,1779121872316743448,2026-05-19T00:31:12.323+08:00,1.8792102336883545,-2.227154016494751,0.07999992370605469,-7.808032512664795,1.0252013206481934,-86.93866729736328
1779121872557279768,1779121872554047320,2026-05-19T00:31:12.557+08:00,1.8666162490844727,-2.2134196758270264,0.07999992370605469,-12.889153480529785,4.4213738441467285,-86.7474365234375
1779121872760281080,1779121872756136312,2026-05-19T00:31:12.760+08:00,1.8578449487686157,-2.1941516399383545,0.09000003337860107,-16.529314041137695,5.964974880218506,-86.33998107910156
1779121872990085464,1779121872958516184,2026-05-19T00:31:12.990+08:00,1.8474937677383423,-2.178894281387329,0.09000003337860107,-19.268882751464844,5.765383243560791,-85.3455581665039
1779121873190281048,1779121873158849752,2026-05-19T00:31:13.190+08:00,1.835209608078003,-2.172093152999878,0.10000002384185791,-21.340496063232422,4.20053243637085,-83.7672348022461
1779121873423461976,1779121873391620856,2026-05-19T00:31:13.423+08:00,1.8166064023971558,-2.170886993408203,0.12000000476837158,-22.068119049072266,1.597008228302002,-81.71794891357422
1779121873656584728,1779121873632091288,2026-05-19T00:31:13.656+08:00,1.7972688674926758,-2.1733593940734863,0.1499999761581421,-21.106887817382812,-0.9782810807228088,-79.73238372802734
1779121873856934136,1779121873836276760,2026-05-19T00:31:13.856+08:00,1.779094934463501,-2.1775388717651367,0.1799999475479126,-19.032655715942383,-2.890073537826538,-78.43590545654297
1779121874056970712,1779121874040051768,2026-05-19T00:31:14.056+08:00,1.7621461153030396,-2.1826348304748535,0.2200000286102295,-14.629390716552734,-4.559126853942871,-77.89703369140625
1779121874289965880,1779121874275411160,2026-05-19T00:31:14.289+08:00,1.7521402835845947,-2.191183090209961,0.25999999046325684,-6.320847511291504,-6.135453701019287,-78.20342254638672
1779121874490143352,1779121874472844376,2026-05-19T00:31:14.490+08:00,1.7499207258224487,-2.1978979110717773,0.28999996185302734,1.1700236797332764,-7.019433498382568,-78.93345642089844
1779121874723349752,1779121874714138360,2026-05-19T00:31:14.723+08:00,1.745834469795227,-2.2062647342681885,0.309999942779541,7.770873546600342,-7.050779819488525,-79.7110595703125
1779121874956734648,1779121874948756600,2026-05-19T00:31:14.956+08:00,1.7505775690078735,-2.2098159790039062,0.31999993324279785,6.230985641479492,-4.638007164001465,-79.23055267333984
1779121875156993560,1779121875151878552,2026-05-19T00:31:15.156+08:00,1.7591097354888916,-2.2083921432495117,0.309999942779541,1.6865272521972656,-2.6464178562164307,-79.2318115234375
1779121875389992888,1779121875354971832,2026-05-19T00:31:15.389+08:00,1.771695613861084,-2.2096645832061768,0.309999942779541,-1.7709003686904907,-1.4756256341934204,-79.77497863769531
1779121875590464280,1779121875562836056,2026-05-19T00:31:15.590+08:00,1.7888054847717285,-2.2118942737579346,0.309999942779541,-2.8188459873199463,-1.1508487462997437,-80.5235824584961
1779121875823337656,1779121875806826680,2026-05-19T00:31:15.823+08:00,1.814887523651123,-2.2145955562591553,0.309999942779541,-1.1629383563995361,-1.6917120218276978,-81.54420471191406
1779121876023504184,1779121876005127096,2026-05-19T00:31:16.023+08:00,1.835063099861145,-2.2179782390594482,0.309999942779541,0.8375680446624756,-2.4114153385162354,-82.24337768554688
1779121876223785272,1779121876204648376,2026-05-19T00:31:16.223+08:00,1.8536838293075562,-2.221034049987793,0.309999942779541,2.7923684120178223,-3.2911946773529053,-83.07324981689453
1779121876424316024,1779121876408028760,2026-05-19T00:31:16.424+08:00,1.8664562702178955,-2.2235560417175293,0.28999996185302734,3.923992872238159,-4.180045127868652,-83.84510040283203
1779121876656833592,1779121876646830904,2026-05-19T00:31:16.656+08:00,1.8750466108322144,-2.2247314453125,0.26999998092651367,3.854947328567505,-4.852112770080566,-84.8128433227539
1779121876857027928,1779121876846742616,2026-05-19T00:31:16.857+08:00,1.8806917667388916,-2.2240982055664062,0.25999999046325684,3.0311696529388428,-5.0843825340271,-85.3746109008789
1779121877057343576,1779121877049158744,2026-05-19T00:31:17.057+08:00,1.8851044178009033,-2.2228357791900635,0.2200000286102295,1.9584681987762451,-5.059243202209473,-85.94527435302734
1779121877290248056,1779121877280933208,2026-05-19T00:31:17.290+08:00,1.8884037733078003,-2.221708297729492,0.19999992847442627,1.0890264511108398,-4.779862403869629,-86.53193664550781
1779121877524224824,1779121877518654104,2026-05-19T00:31:17.524+08:00,1.8907150030136108,-2.2199747562408447,0.1799999475479126,0.8633146286010742,-4.316513538360596,-87.03874969482422
1779121877756835096,1779121877747780728,2026-05-19T00:31:17.756+08:00,1.8911741971969604,-2.2184972763061523,0.15999996662139893,1.27599036693573,-3.8007845878601074,-87.51737976074219
1779121877990058648,1779121877982993944,2026-05-19T00:31:17.990+08:00,1.8916523456573486,-2.217954397201538,0.13999998569488525,1.945210576057434,-3.3129422664642334,-87.88726043701172
1779121878190482328,1779121878151522680,2026-05-19T00:31:18.190+08:00,1.8923625946044922,-2.2172725200653076,0.12000000476837158,2.477587938308716,-2.978586196899414,-88.1678466796875
1779121878390737528,1779121878352128664,2026-05-19T00:31:18.390+08:00,1.8930635452270508,-2.216493606567383,0.10000002384185791,2.768737316131592,-2.7043089866638184,-88.47826385498047
1779121878591127928,1779121878586127448,2026-05-19T00:31:18.591+08:00,1.8933738470077515,-2.2152814865112305,0.06999993324279785,2.4645893573760986,-2.5328800678253174,-88.77326965332031
1779121878823556984,1779121878787423320,2026-05-19T00:31:18.823+08:00,1.89247727394104,-2.21427059173584,0.059999942779541016,1.820527195930481,-2.533278703689575,-88.98674774169922
1779121879023859544,1779121878992575576,2026-05-19T00:31:19.023+08:00,1.8914250135421753,-2.2136847972869873,0.039999961853027344,1.0404101610183716,-2.6065075397491455,-89.21648406982422
1779121879256853720,1779121879235636600,2026-05-19T00:31:19.256+08:00,1.890891671180725,-2.2121024131774902,0.019999980926513672,0.0389447845518589,-2.722187042236328,-89.45936584472656
1779121879491022360,1779121879474158104,2026-05-19T00:31:19.491+08:00,1.891002893447876,-2.209723711013794,-0.009999990463256836,-0.9202593564987183,-2.683824062347412,-89.62835693359375
1779121879723544152,1779121879713656056,2026-05-19T00:31:19.723+08:00,1.891762375831604,-2.206794261932373,-0.009999990463256836,-1.4939496517181396,-2.486420154571533,-89.76981353759766
1779121879957369752,1779121879946215448,2026-05-19T00:31:19.957+08:00,1.891918659210205,-2.204984664916992,-0.009999990463256836,-1.5957648754119873,-2.2719836235046387,-89.90177154541016
1779121880195606136,1779121880187115032,2026-05-19T00:31:20.195+08:00,1.890194058418274,-2.203282356262207,-0.009999990463256836,-1.4452166557312012,-1.9674839973449707,-89.99559020996094
1779121880423545144,1779121880383660312,2026-05-19T00:31:20.423+08:00,1.8882100582122803,-2.2017550468444824,-0.009999990463256836,-1.621856689453125,-1.7186909914016724,-90.02418518066406
1779121880656670040,1779121880626809656,2026-05-19T00:31:20.656+08:00,1.884622573852539,-2.1989893913269043,-0.020000040531158447,-2.6794307231903076,-1.2848421335220337,-89.92950439453125
1779121880856848664,1779121880824667704,2026-05-19T00:31:20.856+08:00,1.8829388618469238,-2.1976540088653564,-0.030000030994415283,-3.8822035789489746,-0.9413793683052063,-89.69094848632812
1779121881057552888,1779121881029570680,2026-05-19T00:31:21.057+08:00,1.8799604177474976,-2.196234941482544,-0.030000030994415283,-6.765559673309326,-0.1494792103767395,-89.18582916259766
1779121881290544952,1779121881259726072,2026-05-19T00:31:21.290+08:00,1.8721460103988647,-2.190998077392578,-0.04000002145767212,-11.114204406738281,0.8569948673248291,-88.43108367919922
1779121881523703640,1779121881499269336,2026-05-19T00:31:21.523+08:00,1.8610817193984985,-2.1830010414123535,-0.04000002145767212,-15.838173866271973,1.5540881156921387,-87.31369018554688
1779121881756550232,1779121881744024856,2026-05-19T00:31:21.756+08:00,1.8487201929092407,-2.172654390335083,-0.030000030994415283,-20.69548225402832,2.5034618377685547,-85.99697875976562
1779121881956795768,1779121881937608312,2026-05-19T00:31:21.956+08:00,1.836421251296997,-2.1624276638031006,-0.020000040531158447,-24.418670654296875,3.767228841781616,-84.94683837890625
1779121882190625976,1779121882175070200,2026-05-19T00:31:22.190+08:00,1.8192501068115234,-2.1483469009399414,0.0,-28.031925201416016,5.3387346267700195,-83.8958740234375
1779121882423733208,1779121882410877880,2026-05-19T00:31:22.423+08:00,1.8012206554412842,-2.138117790222168,0.04999995231628418,-27.03728675842285,4.958844184875488,-82.98445892333984
1779121882657240280,1779121882648144152,2026-05-19T00:31:22.657+08:00,1.794193983078003,-2.1379005908966064,0.09000003337860107,-18.98066520690918,2.2474160194396973,-82.05126190185547
1779121882889868888,1779121882883930328,2026-05-19T00:31:22.889+08:00,1.79631507396698,-2.1420528888702393,0.12999999523162842,-8.771631240844727,-1.3410519361495972,-81.65570068359375
1779121883122996632,1779121883121193144,2026-05-19T00:31:23.122+08:00,1.806011438369751,-2.1499619483947754,0.15999996662139893,0.86402428150177,-5.149368762969971,-82.06769561767578
1779121883323046040,1779121883321173784,2026-05-19T00:31:23.323+08:00,1.8196207284927368,-2.1590194702148438,0.16999995708465576,5.7364935874938965,-7.4152607917785645,-82.80367279052734
1779121883523635032,1779121883486588568,2026-05-19T00:31:23.523+08:00,1.8355392217636108,-2.169735908508301,0.16999995708465576,7.184959411621094,-8.551605224609375,-83.41485595703125
1779121883757171960,1779121883728434232,2026-05-19T00:31:23.757+08:00,1.8543117046356201,-2.185539484024048,0.15999996662139893,5.636752128601074,-8.905241012573242,-84.07038879394531
1779121883957803512,1779121883925756024,2026-05-19T00:31:23.957+08:00,1.8629451990127563,-2.198596715927124,0.1499999761581421,2.823718547821045,-8.433260917663574,-84.63931274414062
1779121884190499960,1779121884168762712,2026-05-19T00:31:24.190+08:00,1.8705021142959595,-2.2109739780426025,0.13999998569488525,-0.30880481004714966,-7.034027576446533,-85.38426971435547
1779121884423871352,1779121884403120216,2026-05-19T00:31:24.423+08:00,1.8791309595108032,-2.22012996673584,0.13999998569488525,-1.8181589841842651,-5.310609340667725,-86.09162902832031
1779121884656581912,1779121884644348600,2026-05-19T00:31:24.656+08:00,1.8876926898956299,-2.2287607192993164,0.12999999523162842,-1.8180252313613892,-3.5191328525543213,-86.89252471923828
1779121884856744696,1779121884846265496,2026-05-19T00:31:24.856+08:00,1.8902281522750854,-2.2325167655944824,0.12999999523162842,-0.9173895716667175,-2.1948671340942383,-87.5030517578125
1779121885089833624,1779121885081356312,2026-05-19T00:31:25.089+08:00,1.8868776559829712,-2.233286142349243,0.12999999523162842,-0.12082364410161972,-1.131493330001831,-88.25547790527344
1779121885290079800,1779121885283995448,2026-05-19T00:31:25.290+08:00,1.8844497203826904,-2.2327427864074707,0.12000000476837158,0.058405499905347824,-0.2936808168888092,-88.66918182373047
1779121885490700280,1779121885486370584,2026-05-19T00:31:25.490+08:00,1.8863416910171509,-2.2315518856048584,0.11000001430511475,-0.13917610049247742,0.13540653884410858,-88.97405242919922
1779121885723196728,1779121885691086904,2026-05-19T00:31:25.723+08:00,1.8883384466171265,-2.229837417602539,0.10000002384185791,-0.29384371638298035,-0.1483212113380432,-89.2081069946289
1779121885928846296,1779121885894586968,2026-05-19T00:31:25.928+08:00,1.8886123895645142,-2.227113962173462,0.07999992370605469,-0.2715849280357361,-1.0017343759536743,-89.4097671508789
1779121886156556056,1779121886135019768,2026-05-19T00:31:26.156+08:00,1.88827383518219,-2.2229342460632324,0.06999993324279785,-0.0451170913875103,-2.4066057205200195,-89.61857604980469
1779121886356978744,1779121886334226712,2026-05-19T00:31:26.356+08:00,1.8881133794784546,-2.219015121459961,0.059999942779541016,0.20886191725730896,-3.6314749717712402,-89.76307678222656
1779121886590081784,1779121886571765976,2026-05-19T00:31:26.590+08:00,1.8881559371948242,-2.214092254638672,0.04999995231628418,0.2959197759628296,-4.941706657409668,-89.88772583007812
1779121886823436024,1779121886812148472,2026-05-19T00:31:26.823+08:00,1.8874728679656982,-2.208630084991455,0.039999961853027344,0.08066409826278687,-5.884721279144287,-89.96835327148438
1779121887056320504,1779121887041533432,2026-05-19T00:31:27.056+08:00,1.8845072984695435,-2.202345371246338,0.019999980926513672,-0.06594584137201309,-6.4467997550964355,-89.99474334716797
1779121887256607192,1779121887248629176,2026-05-19T00:31:27.256+08:00,1.8781096935272217,-2.1928155422210693,0.009999990463256836,0.10883873701095581,-6.762495517730713,-89.9749526977539
1779121887456829720,1779121887446754360,2026-05-19T00:31:27.456+08:00,1.8704171180725098,-2.1807548999786377,0.009999990463256836,0.6512336134910583,-6.841104984283447,-89.93436431884766
1779121887691473720,1779121887686711160,2026-05-19T00:31:27.691+08:00,1.8611806631088257,-2.1644067764282227,0.0,1.6296534538269043,-6.771708011627197,-89.84864807128906
1779121887923309496,1779121887918025368,2026-05-19T00:31:27.923+08:00,1.8529956340789795,-2.141709804534912,-0.009999990463256836,2.185291051864624,-6.318806171417236,-89.78417205810547
1779121888123776248,1779121888085895704,2026-05-19T00:31:28.123+08:00,1.8447211980819702,-2.122826099395752,-0.020000040531158447,2.1617767810821533,-5.565942287445068,-89.69593811035156
1779121888356843576,1779121888321416888,2026-05-19T00:31:28.356+08:00,1.8345153331756592,-2.1041507720947266,-0.020000040531158447,1.7690271139144897,-4.144613742828369,-89.5496597290039
1779121888557470008,1779121888524365496,2026-05-19T00:31:28.557+08:00,1.8252002000808716,-2.088948965072632,-0.020000040531158447,1.419954538345337,-2.7121737003326416,-89.42646789550781
1779121888790090200,1779121888763603288,2026-05-19T00:31:28.790+08:00,1.8127886056900024,-2.071901798248291,-0.009999990463256836,1.4567114114761353,-1.5113115310668945,-89.24873352050781
1779121888990340216,1779121888959883448,2026-05-19T00:31:28.990+08:00,1.8016630411148071,-2.0565879344940186,-0.020000040531158447,1.792389154434204,-1.1998207569122314,-89.06990814208984
1779121889224593016,1779121889207656952,2026-05-19T00:31:29.224+08:00,1.7815357446670532,-2.0338706970214844,-0.020000040531158447,2.4587135314941406,-1.5706905126571655,-88.848388671875
1779121889456849368,1779121889444942392,2026-05-19T00:31:29.456+08:00,1.7603094577789307,-2.0127792358398438,-0.020000040531158447,2.9683995246887207,-2.0769503116607666,-88.6798095703125
1779121889656897304,1779121889651195608,2026-05-19T00:31:29.656+08:00,1.7371246814727783,-1.9916146993637085,-0.009999990463256836,3.0040760040283203,-2.236015558242798,-88.55549621582031
1779121889889811128,1779121889883591576,2026-05-19T00:31:29.889+08:00,1.7137255668640137,-1.970506191253662,-0.009999990463256836,2.669431209564209,-1.983886957168579,-88.4509048461914
1779121890090880216,1779121890085991352,2026-05-19T00:31:30.090+08:00,1.6941150426864624,-1.9523334503173828,-0.009999990463256836,2.163877248764038,-1.6504241228103638,-88.46792602539062
1779121890323664600,1779121890288208344,2026-05-19T00:31:30.323+08:00,1.6836683750152588,-1.941563606262207,-0.020000040531158447,1.6075448989868164,-1.5748978853225708,-88.53541564941406
1779121890556852824,1779121890529063576,2026-05-19T00:31:30.556+08:00,1.6747499704360962,-1.9317649602890015,-0.020000040531158447,0.9523419141769409,-1.884129285812378,-88.53932189941406
1779121890790362584,1779121890764576184,2026-05-19T00:31:30.790+08:00,1.6781208515167236,-1.9324932098388672,-0.009999990463256836,0.4603383541107178,-2.38946533203125,-88.48802947998047
1779121891023482392,1779121891004766104,2026-05-19T00:31:31.023+08:00,1.688297986984253,-1.9381310939788818,-0.009999990463256836,0.036537714302539825,-3.030383825302124,-88.38211059570312
1779121891224030680,1779121891204796728,2026-05-19T00:31:31.224+08:00,1.7009671926498413,-1.944651484489441,0.0,-0.12178985029459,-3.563655138015747,-88.30559539794922
1779121891456644024,1779121891449950808,2026-05-19T00:31:31.456+08:00,1.723814606666565,-1.9558604955673218,-0.009999990463256836,-0.11895397305488586,-4.1911468505859375,-88.15331268310547
1779121891690175608,1779121891681298744,2026-05-19T00:31:31.690+08:00,1.7458027601242065,-1.9685556888580322,0.0,0.02827693708240986,-4.595747470855713,-87.96329498291016
1779121891923639576,1779121891921518840,2026-05-19T00:31:31.923+08:00,1.7741758823394775,-1.9861702919006348,0.0,0.26235976815223694,-4.905977249145508,-87.76473999023438
1779121892156385368,1779121892150691096,2026-05-19T00:31:32.156+08:00,1.8060872554779053,-2.004659652709961,0.0,0.40706196427345276,-5.123568534851074,-87.62042236328125
1779121892357072408,1779121892352559256,2026-05-19T00:31:32.357+08:00,1.8331798315048218,-2.0201690196990967,-0.009999990463256836,0.1927672028541565,-5.258900165557861,-87.61225128173828
1779121892592008440,1779121892585893368,2026-05-19T00:31:32.592+08:00,1.8582563400268555,-2.040416955947876,0.0,-0.5935953855514526,-5.259781360626221,-87.74740600585938
1779121892823530872,1779121892788865560,2026-05-19T00:31:32.823+08:00,1.8714253902435303,-2.0578510761260986,-0.009999990463256836,-1.4315979480743408,-5.123387813568115,-88.05558776855469
1779121893023923864,1779121892991778200,2026-05-19T00:31:33.023+08:00,1.8821314573287964,-2.0742695331573486,-0.009999990463256836,-2.063941717147827,-4.96652889251709,-88.30667877197266
1779121893224066680,1779121893195192248,2026-05-19T00:31:33.224+08:00,1.8912314176559448,-2.090782403945923,0.0,-2.462435245513916,-4.790363788604736,-88.51908111572266
1779121893456822776,1779121893436689336,2026-05-19T00:31:33.456+08:00,1.8980915546417236,-2.111313581466675,-0.009999990463256836,-2.735337972640991,-4.410304069519043,-88.7915267944336
1779121893689910712,1779121893673670104,2026-05-19T00:31:33.689+08:00,1.9022327661514282,-2.1335339546203613,-0.009999990463256836,-2.808565855026245,-4.09564208984375,-89.04288482666016
1779121893889958872,1779121893875731896,2026-05-19T00:31:33.889+08:00,1.9036184549331665,-2.1523773670196533,-0.009999990463256836,-2.4355926513671875,-4.160745620727539,-89.07538604736328
1779121894090316728,1779121894075801496,2026-05-19T00:31:34.090+08:00,1.9049172401428223,-2.18586802482605,-0.009999990463256836,-1.2761118412017822,-4.641988754272461,-89.05990600585938
1779121894290441752,1779121894278857016,2026-05-19T00:31:34.290+08:00,1.9083322286605835,-2.261777400970459,-0.009999990463256836,0.3985781669616699,-5.395040512084961,-88.80191802978516
1779121894491254168,1779121894486418552,2026-05-19T00:31:34.491+08:00,1.9154449701309204,-2.3752572536468506,0.0,2.3402066230773926,-6.2660627365112305,-88.73564147949219
1779121894724080792,1779121894720934488,2026-05-19T00:31:34.724+08:00,1.922330379486084,-2.488766670227051,0.019999980926513672,2.6527621746063232,-7.07834529876709,-88.809814453125
1779121894924941912,1779121894921979640,2026-05-19T00:31:34.924+08:00,1.9271700382232666,-2.5920207500457764,0.009999990463256836,1.206630825996399,-8.04403305053711,-89.15330505371094
1779121895156814552,1779121895126296312,2026-05-19T00:31:35.156+08:00,1.9319192171096802,-2.7025914192199707,0.009999990463256836,-1.1078141927719116,-8.933371543884277,-89.76123046875
1779121895356986808,1779121895327784568,2026-05-19T00:31:35.356+08:00,1.9402786493301392,-2.7278330326080322,0.0,-4.087320804595947,-9.364643096923828,-90.27139282226562
1779121895590270808,1779121895572141880,2026-05-19T00:31:35.590+08:00,1.926297903060913,-2.756603479385376,-0.009999990463256836,-10.367215156555176,-9.534903526306152,-89.86412048339844
1779121895790677784,1779121895769635064,2026-05-19T00:31:35.790+08:00,1.908613681793213,-2.7738537788391113,0.0,-14.289588928222656,-8.589852333068848,-89.82568359375
1779121896023277528,1779121896000692952,2026-05-19T00:31:36.023+08:00,1.8986293077468872,-2.7921645641326904,0.029999971389770508,-13.20052433013916,-6.186372756958008,-89.85079193115234
1779121896223634904,1779121896204883832,2026-05-19T00:31:36.223+08:00,1.8995482921600342,-2.803635597229004,0.039999961853027344,-8.259976387023926,-4.518608093261719,-89.24995422363281
1779121896457738616,1779121896441468984,2026-05-19T00:31:36.457+08:00,1.8985267877578735,-2.806190013885498,0.04999995231628418,-3.1342360973358154,-5.659817695617676,-88.685546875
1779121896690021496,1779121896675839640,2026-05-19T00:31:36.690+08:00,1.8974684476852417,-2.8152592182159424,0.059999942779541016,0.17051920294761658,-7.020448684692383,-88.5732192993164
1779121896923175864,1779121896910278648,2026-05-19T00:31:36.923+08:00,1.8972886800765991,-2.826204538345337,0.039999961853027344,1.263421654701233,-8.434569358825684,-89.22472381591797
1779121897156475416,1779121897148295288,2026-05-19T00:31:37.156+08:00,1.8971092700958252,-2.8371500968933105,0.029999971389770508,0.8034675717353821,-9.96817398071289,-90.77703094482422
1779121897356502744,1779121897350485848,2026-05-19T00:31:37.356+08:00,1.896959662437439,-2.846271514892578,0.019999980926513672,0.1487484723329544,-10.596056938171387,-92.54824829101562
1779121897556527352,1779121897550201592,2026-05-19T00:31:37.556+08:00,1.8765336275100708,-2.8418545722961426,0.009999990463256836,-0.20818810164928436,-10.197041511535645,-94.53410339355469
1779121897756846008,1779121897752464504,2026-05-19T00:31:37.756+08:00,1.8464419841766357,-2.8205642700195312,0.009999990463256836,-0.2969398498535156,-8.981428146362305,-96.67805480957031
1779121897957458552,1779121897920693304,2026-05-19T00:31:37.957+08:00,1.8220783472061157,-2.8029232025146484,0.0,-0.25133222341537476,-7.774779796600342,-98.46134948730469
1779121898159437848,1779121898125915480,2026-05-19T00:31:38.159+08:00,1.7891703844070435,-2.775951862335205,-0.009999990463256836,-0.17850741744041443,-6.93111515045166,-99.6986083984375
1779121898390100696,1779121898358552120,2026-05-19T00:31:38.390+08:00,1.754814863204956,-2.746662139892578,-0.009999990463256836,-1.0974395275115967,-12.466402053833008,-91.70635986328125
1779121898590488056,1779121898559502424,2026-05-19T00:31:38.590+08:00,1.726474404335022,-2.7179126739501953,-0.009999990463256836,-8.328743934631348,-27.226043701171875,-66.25251770019531
1779121898823809144,1779121898791452056,2026-05-19T00:31:38.823+08:00,1.6890639066696167,-2.684149742126465,-0.020000040531158447,-64.0086898803711,-25.687868118286133,39.47917556762695
1779121899056810328,1779121899025419064,2026-05-19T00:31:39.056+08:00,1.6474493741989136,-2.6402037143707275,-0.020000040531158447,-37.79851531982422,33.812801361083984,159.64236450195312
1779121899257001496,1779121899225332504,2026-05-19T00:31:39.257+08:00,1.6125705242156982,-2.597928524017334,-0.020000040531158447,-4.714684963226318,18.28221321105957,-137.33714294433594
1779121899490167256,1779121899462351288,2026-05-19T00:31:39.490+08:00,1.5744572877883911,-2.5518641471862793,-0.020000040531158447,-0.08118248730897903,5.088059902191162,-116.7137451171875
1779121899694147096,1779121899663518360,2026-05-19T00:31:39.694+08:00,1.5331825017929077,-2.507193088531494,-0.020000040531158447,-0.11160747706890106,0.7114003896713257,-110.18414306640625
1779121899923141912,1779121899899024152,2026-05-19T00:31:39.923+08:00,1.49443519115448,-2.461362361907959,-0.009999990463256836,-0.6636596918106079,-0.5606619715690613,-108.41462707519531
1779121900123728856,1779121900105719864,2026-05-19T00:31:40.123+08:00,1.4598718881607056,-2.4197192192077637,-0.020000040531158447,-1.0512343645095825,-1.3551959991455078,-108.01809692382812
1779121900323886488,1779121900306651032,2026-05-19T00:31:40.323+08:00,1.4281107187271118,-2.379141330718994,-0.009999990463256836,-0.6233497262001038,-2.24489426612854,-107.7718276977539
1779121900556451832,1779121900543378616,2026-05-19T00:31:40.556+08:00,1.3909488916397095,-2.3333704471588135,-0.009999990463256836,0.1646060049533844,-3.0557870864868164,-107.59609985351562
1779121900756676728,1779121900745837720,2026-05-19T00:31:40.756+08:00,1.361541748046875,-2.291609525680542,-0.009999990463256836,0.6481664776802063,-3.4769351482391357,-107.56659698486328
1779121900990061080,1779121900980464760,2026-05-19T00:31:40.990+08:00,1.3297970294952393,-2.250432252883911,-0.009999990463256836,0.9059856534004211,-3.8492512702941895,-107.48162841796875
1779121901222984920,1779121901215739256,2026-05-19T00:31:41.222+08:00,1.2944042682647705,-2.1986682415008545,0.0,1.3451579809188843,-4.717562675476074,-107.16535949707031
1779121901423198840,1779121901419530360,2026-05-19T00:31:41.423+08:00,1.2623229026794434,-2.1521754264831543,-0.009999990463256836,1.8340389728546143,-5.443322658538818,-106.64910888671875
1779121901624000504,1779121901596125144,2026-05-19T00:31:41.624+08:00,1.2271360158920288,-2.107316732406616,-0.009999990463256836,2.1982383728027344,-5.686176776885986,-106.06919860839844
1779121901857703576,1779121901834636312,2026-05-19T00:31:41.857+08:00,1.1788264513015747,-2.046689033508301,-0.009999990463256836,2.2745540142059326,-5.231557846069336,-105.44524383544922
1779121902090306520,1779121902077688312,2026-05-19T00:31:42.090+08:00,1.1330403089523315,-1.9895915985107422,-0.009999990463256836,1.4703935384750366,-4.022782325744629,-105.22531127929688
1779121902323341080,1779121902313270328,2026-05-19T00:31:42.323+08:00,1.0902938842773438,-1.9346517324447632,0.0,0.9044764637947083,-2.9599368572235107,-104.74889373779297
1779121902523639608,1779121902512693400,2026-05-19T00:31:42.523+08:00,1.051157832145691,-1.889686942100525,-0.020000040531158447,1.0285402536392212,-2.5472476482391357,-104.25984954833984
1779121902756433240,1779121902743459064,2026-05-19T00:31:42.756+08:00,1.010045051574707,-1.8388051986694336,-0.009999990463256836,1.1942033767700195,-2.448035955429077,-103.88058471679688
1779121902957380792,1779121902946059928,2026-05-19T00:31:42.957+08:00,0.9685951471328735,-1.7910486459732056,0.0,1.359989047050476,-2.3860971927642822,-103.448974609375
1779121903190145880,1779121903186189848,2026-05-19T00:31:43.190+08:00,0.9223243594169617,-1.7395225763320923,-0.009999990463256836,0.6623700261116028,-2.193730592727661,-104.05079650878906
1779121903391180408,1779121903388642200,2026-05-19T00:31:43.391+08:00,0.8747547268867493,-1.6913307905197144,-0.009999990463256836,-5.002167701721191,-0.9660704135894775,-109.16027069091797
1779121903623639192,1779121903595711736,2026-05-19T00:31:43.623+08:00,0.8248044848442078,-1.6435749530792236,-0.009999990463256836,-21.9555606842041,-0.3271103799343109,-125.57376098632812
1779121903857036184,1779121903834669080,2026-05-19T00:31:43.857+08:00,0.7650480270385742,-1.5855889320373535,-0.009999990463256836,-66.5046615600586,-29.744470596313477,-175.06719970703125
1779121904089921240,1779121904072747736,2026-05-19T00:31:44.089+08:00,0.7055111527442932,-1.5270123481750488,-0.020000040531158447,48.77601623535156,-59.389068603515625,-29.310834884643555
1779121904290128248,1779121904279425112,2026-05-19T00:31:44.290+08:00,0.6509565114974976,-1.476336121559143,-0.020000040531158447,26.61703872680664,-17.43054962158203,-66.5933837890625
1779121904490189176,1779121904478894296,2026-05-19T00:31:44.490+08:00,0.5945800542831421,-1.4261265993118286,-0.009999990463256836,12.555720329284668,-5.663760662078857,-83.28700256347656
1779121904723402488,1779121904713319128,2026-05-19T00:31:44.723+08:00,0.5280410051345825,-1.369792103767395,-0.009999990463256836,6.0196146965026855,-2.275784492492676,-90.25960540771484
1779121904923783160,1779121904911445816,2026-05-19T00:31:44.923+08:00,0.47177672386169434,-1.3224873542785645,-0.009999990463256836,4.362802505493164,-1.8348180055618286,-91.83467102050781
1779121905123972408,1779121905112573144,2026-05-19T00:31:45.123+08:00,0.4155391752719879,-1.2732783555984497,-0.009999990463256836,4.644061088562012,-2.166353940963745,-92.21363830566406
1779121905356751288,1779121905352195512,2026-05-19T00:31:45.356+08:00,0.3396165370941162,-1.2101824283599854,-0.009999990463256836,4.812983512878418,-2.5187289714813232,-92.31452178955078
1779121905590223032,1779121905554743448,2026-05-19T00:31:45.590+08:00,0.27927491068840027,-1.1601848602294922,-0.009999990463256836,3.779085636138916,-2.2811152935028076,-92.39035034179688
1779121905791221912,1779121905789474584,2026-05-19T00:31:45.791+08:00,0.21330216526985168,-1.1047446727752686,-0.009999990463256836,1.7645143270492554,-1.4234132766723633,-92.6883544921875
1779121905991237880,1779121905989453592,2026-05-19T00:31:45.991+08:00,0.16278499364852905,-1.0632023811340332,-0.020000040531158447,0.0879102349281311,-0.8562904000282288,-93.16632843017578
1779121906223833720,1779121906195083000,2026-05-19T00:31:46.223+08:00,0.1137579008936882,-1.0242788791656494,-0.020000040531158447,-0.9490873217582703,-0.8913675546646118,-93.8049087524414
1779121906456395928,1779121906429050872,2026-05-19T00:31:46.456+08:00,0.05893024057149887,-0.9778745770454407,-0.009999990463256836,-1.202680230140686,-1.3781863451004028,-94.73857116699219
1779121906656726200,1779121906637372600,2026-05-19T00:31:46.656+08:00,0.0187752116471529,-0.9418197870254517,-0.009999990463256836,-1.195772647857666,-1.747132420539856,-95.60121154785156
1779121906890529080,1779121906870468184,2026-05-19T00:31:46.890+08:00,-0.02631022036075592,-0.9007234573364258,0.0,-1.0899744033813477,-2.235934257507324,-96.74195861816406
1779121907124237208,1779121907110611416,2026-05-19T00:31:47.124+08:00,-0.07501579076051712,-0.8617989420890808,0.0,-1.0758347511291504,-2.9380578994750977,-97.91937255859375
1779121907356633944,1779121907348224856,2026-05-19T00:31:47.356+08:00,-0.11333399266004562,-0.827198326587677,0.009999990463256836,-1.7011830806732178,-3.668555736541748,-99.08245849609375
1779121907556842328,1779121907547532408,2026-05-19T00:31:47.556+08:00,-0.14177115261554718,-0.799945056438446,0.009999990463256836,-2.378582715988159,-4.10090446472168,-100.07840728759766
1779121907757101560,1779121907748480504,2026-05-19T00:31:47.757+08:00,-0.1677161008119583,-0.7742077112197876,0.019999980926513672,-2.931196451187134,-4.351877212524414,-101.11467742919922
1779121907989698680,1779121907983298008,2026-05-19T00:31:47.989+08:00,-0.19396840035915375,-0.748144805431366,0.039999961853027344,-2.6482298374176025,-4.376431465148926,-99.81084442138672
1779121908189939736,1779121908182295832,2026-05-19T00:31:48.189+08:00,-0.2155839502811432,-0.7251806259155273,0.059999942779541016,-1.706348180770874,-4.600927829742432,-93.43569946289062
1779121908390088888,1779121908388111192,2026-05-19T00:31:48.390+08:00,-0.23796018958091736,-0.7027787566184998,0.06999993324279785,0.32429200410842896,-6.158214092254639,-71.28089904785156
1779121908590514136,1779121908586341208,2026-05-19T00:31:48.590+08:00,-0.25805267691612244,-0.6826598644256592,0.09000003337860107,0.9619782567024231,-11.97506332397461,-15.50319766998291
1779121908790560184,1779121908760216632,2026-05-19T00:31:48.790+08:00,-0.2717980444431305,-0.6679475903511047,0.11000001430511475,-6.836478233337402,-15.4035005569458,68.30292510986328
1779121909023669368,1779121908994975768,2026-05-19T00:31:49.023+08:00,-0.28851115703582764,-0.6485351920127869,0.12999999523162842,-9.352140426635742,-4.848966121673584,-175.64739990234375
1779121909223765816,1779121909200352344,2026-05-19T00:31:49.223+08:00,-0.3004976511001587,-0.6343963146209717,0.15999996662139893,-4.762180328369141,-3.0294175148010254,-133.23121643066406
1779121909456537560,1779121909444501208,2026-05-19T00:31:49.456+08:00,-0.31226807832717896,-0.6207676529884338,0.1799999475479126,-2.428480386734009,-3.638106346130371,-115.82025146484375
1779121909689649048,1779121909678364280,2026-05-19T00:31:49.689+08:00,-0.3224346339702606,-0.6090649962425232,0.21000003814697266,-1.2756876945495605,-4.457170486450195,-110.95217895507812
1779121909890159960,1779121909882453560,2026-05-19T00:31:49.890+08:00,-0.3306211829185486,-0.6010778546333313,0.23000001907348633,2.0921132564544678,-6.009809494018555,-109.25725555419922
1779121910090271672,1779121910088635960,2026-05-19T00:31:50.090+08:00,-0.34403565526008606,-0.5949172377586365,0.25,10.826149940490723,-9.26990032196045,-107.64811706542969
1779121910291420216,1779121910285596024,2026-05-19T00:31:50.291+08:00,-0.359317809343338,-0.5911554098129272,0.23000001907348633,18.602487564086914,-12.523984909057617,-106.27754211425781
1779121910524151576,1779121910488314296,2026-05-19T00:31:50.524+08:00,-0.3768719732761383,-0.5895107388496399,0.21000003814697266,22.923707962036133,-15.280594825744629,-104.58130645751953
1779121910757133752,1779121910728991128,2026-05-19T00:31:50.757+08:00,-0.39714035391807556,-0.5882998108863831,0.15999996662139893,21.00452995300293,-10.526920318603516,-111.23025512695312
1779121910990375576,1779121910959184376,2026-05-19T00:31:50.990+08:00,-0.41563308238983154,-0.5878071784973145,0.11000001430511475,16.820083618164062,4.831437110900879,-137.86077880859375
1779121911190409272,1779121911163883320,2026-05-19T00:31:51.190+08:00,-0.42768725752830505,-0.5862135887145996,0.07999992370605469,-15.750923156738281,19.013126373291016,148.8224334716797
1779121911390435992,1779121911367736600,2026-05-19T00:31:51.390+08:00,-0.43556565046310425,-0.5797452926635742,0.06999993324279785,-29.79839324951172,-29.407560348510742,35.69709777832031
1779121911623776664,1779121911606817720,2026-05-19T00:31:51.623+08:00,-0.437965989112854,-0.571800172328949,0.059999942779541016,12.431523323059082,-27.465341567993164,-58.20288848876953
1779121911856871512,1779121911838688056,2026-05-19T00:31:51.856+08:00,-0.43553242087364197,-0.5694844126701355,0.04999995231628418,17.885292053222656,-13.88050651550293,-82.87120056152344
1779121912090677656,1779121912078259512,2026-05-19T00:31:52.090+08:00,-0.4300295114517212,-0.5780223608016968,0.04999995231628418,19.28171730041504,-7.022735595703125,-89.93492126464844
1779121912290744920,1779121912280052568,2026-05-19T00:31:52.290+08:00,-0.42462536692619324,-0.5859602093696594,0.039999961853027344,18.5717716217041,-4.393804550170898,-90.5538330078125
1779121912523119288,1779121912520311288,2026-05-19T00:31:52.523+08:00,-0.4220578968524933,-0.5951747894287109,0.019999980926513672,15.934503555297852,-3.381535530090332,-89.64268493652344
1779121912723439800,1779121912685536728,2026-05-19T00:31:52.723+08:00,-0.41697582602500916,-0.6003251075744629,0.019999980926513672,13.572009086608887,-2.8008737564086914,-89.28146362304688
1779121912956439384,1779121912953001208,2026-05-19T00:31:52.956+08:00,-0.40987908840179443,-0.6039199829101562,0.009999990463256836,10.799880027770996,-2.3388304710388184,-89.4463882446289
1779121913156529048,1779121913127758008,2026-05-19T00:31:53.156+08:00,-0.40691372752189636,-0.6051658987998962,0.0,9.957006454467773,-2.327092409133911,-89.82299041748047
1779121913356539608,1779121913327507768,2026-05-19T00:31:53.356+08:00,-0.40489262342453003,-0.6055951118469238,0.0,9.651164054870605,-2.2099356651306152,-90.06208801269531
1779121913557543352,1779121913537323928,2026-05-19T00:31:53.557+08:00,-0.4036855399608612,-0.6061795353889465,0.009999990463256836,9.698472023010254,-1.9364314079284668,-89.97787475585938
1779121913790353368,1779121913774512472,2026-05-19T00:31:53.790+08:00,-0.40211522579193115,-0.6068931221961975,0.009999990463256836,9.673359870910645,-1.669527292251587,-89.66813659667969
1779121914023593784,1779121914005260920,2026-05-19T00:31:54.023+08:00,-0.40008115768432617,-0.6089816689491272,0.009999990463256836,9.32664966583252,-1.4324573278427124,-89.25347900390625
1779121914257075544,1779121914244839544,2026-05-19T00:31:54.257+08:00,-0.3971451222896576,-0.6129034161567688,0.009999990463256836,9.332290649414062,-1.0760046243667603,-88.78349304199219
1779121914489843832,1779121914477027896,2026-05-19T00:31:54.489+08:00,-0.3940783143043518,-0.6171973943710327,0.019999980926513672,9.958311080932617,-0.9389349222183228,-88.48786926269531
1779121914723446584,1779121914711162712,2026-05-19T00:31:54.723+08:00,-0.39074572920799255,-0.6210352182388306,0.029999971389770508,11.167963027954102,-1.1584782600402832,-88.54873657226562
1779121914957826520,1779121914950482616,2026-05-19T00:31:54.957+08:00,-0.3871042728424072,-0.6237846612930298,0.029999971389770508,11.476415634155273,-1.3768385648727417,-89.09276580810547
1779121915190103064,1779121915152260376,2026-05-19T00:31:55.190+08:00,-0.38332852721214294,-0.6232614517211914,0.029999971389770508,11.265691757202148,-1.6967025995254517,-89.45947265625
1779121915424450456,1779121915422515736,2026-05-19T00:31:55.424+08:00,-0.378495991230011,-0.6234723925590515,0.029999971389770508,10.78640079498291,-2.0682339668273926,-89.40760803222656
1779121915656524280,1779121915630472888,2026-05-19T00:31:55.656+08:00,-0.37423062324523926,-0.624409556388855,0.019999980926513672,10.44194221496582,-2.219012975692749,-88.94490051269531
1779121915857999064,1779121915835249560,2026-05-19T00:31:55.857+08:00,-0.37120136618614197,-0.6264646649360657,0.019999980926513672,10.340271949768066,-2.1813178062438965,-88.3702392578125
1779121916089878552,1779121916064257016,2026-05-19T00:31:56.089+08:00,-0.3677108585834503,-0.6284520030021667,0.019999980926513672,10.275752067565918,-1.942681074142456,-87.6871109008789
1779121916323576760,1779121916302776504,2026-05-19T00:31:56.323+08:00,-0.3637760579586029,-0.6289432644844055,0.029999971389770508,9.939106941223145,-1.6929534673690796,-87.01599884033203
1779121916556670392,1779121916541538776,2026-05-19T00:31:56.556+08:00,-0.35937732458114624,-0.6273572444915771,0.009999990463256836,9.026905059814453,-1.4605119228363037,-86.02327728271484
1779121916789799736,1779121916776972408,2026-05-19T00:31:56.789+08:00,-0.3551178574562073,-0.6251371502876282,0.019999980926513672,8.472137451171875,-1.3728867769241333,-84.80354309082031
1779121916989978200,1779121916977218680,2026-05-19T00:31:56.989+08:00,-0.3527771830558777,-0.6239335536956787,0.009999990463256836,8.131607055664062,-1.4818177223205566,-83.96041870117188
1779121917223318232,1779121917205167384,2026-05-19T00:31:57.223+08:00,-0.34957990050315857,-0.6242661476135254,0.009999990463256836,7.216605186462402,-1.6868833303451538,-83.38418579101562
1779121917423730584,1779121917410400280,2026-05-19T00:31:57.423+08:00,-0.345962792634964,-0.6249236464500427,0.0,6.617625713348389,-1.9701660871505737,-83.12120819091797
1779121917656501080,1779121917651340504,2026-05-19T00:31:57.656+08:00,-0.34039098024368286,-0.626230776309967,0.0,6.236413478851318,-2.4059863090515137,-82.94552612304688
1779121917857165112,1779121917818751704,2026-05-19T00:31:57.857+08:00,-0.33603042364120483,-0.6272925138473511,0.0,6.1575117111206055,-2.6282010078430176,-82.9474868774414
1779121918089830424,1779121918051031448,2026-05-19T00:31:58.089+08:00,-0.3287620544433594,-0.6294708251953125,0.0,6.134442329406738,-2.779130697250366,-83.03549194335938
1779121918290529560,1779121918284967800,2026-05-19T00:31:58.290+08:00,-0.32357579469680786,-0.6329630017280579,0.0,5.653521537780762,-2.588117837905884,-82.62460327148438
1779121918490537240,1779121918488389944,2026-05-19T00:31:58.490+08:00,-0.3221982419490814,-0.6347874999046326,-0.009999990463256836,4.558529853820801,-2.3148787021636963,-81.03855895996094
1779121918723474072,1779121918691652088,2026-05-19T00:31:58.723+08:00,-0.32295534014701843,-0.6321586966514587,-0.009999990463256836,2.953911542892456,-1.6244703531265259,-78.73876953125
1779121918957038296,1779121918928431864,2026-05-19T00:31:58.957+08:00,-0.322968989610672,-0.6227502822875977,-0.009999990463256836,4.1100311279296875,-0.2500702738761902,-77.3822250366211
1779121919190793368,1779121919168233688,2026-05-19T00:31:59.190+08:00,-0.3224831521511078,-0.6110498905181885,0.0,5.817115306854248,0.10922510921955109,-77.04414367675781
1779121919424878168,1779121919401147704,2026-05-19T00:31:59.424+08:00,-0.32500022649765015,-0.6049261093139648,0.009999990463256836,6.704866886138916,-0.6813551783561707,-76.68295288085938
1779121919656521464,1779121919637459864,2026-05-19T00:31:59.656+08:00,-0.3255711793899536,-0.5983713269233704,0.009999990463256836,9.3914794921875,-1.1585440635681152,-76.59999084472656
1779121919857068056,1779121919838182872,2026-05-19T00:31:59.857+08:00,-0.3283277451992035,-0.5928328633308411,0.0,11.509699821472168,-1.086997389793396,-76.70764923095703
1779121920090548280,1779121920071058456,2026-05-19T00:32:00.090+08:00,-0.33774885535240173,-0.5889635682106018,0.009999990463256836,11.239725112915039,-1.446085810661316,-76.07643127441406
1779121920323656984,1779121920313013656,2026-05-19T00:32:00.323+08:00,-0.34063223004341125,-0.5874518752098083,0.0,9.139046669006348,-1.986649990081787,-75.7798080444336
1779121920556457176,1779121920545033656,2026-05-19T00:32:00.556+08:00,-0.3366323411464691,-0.588433563709259,0.0,7.973625183105469,-2.117419481277466,-76.19437408447266
1779121920756625560,1779121920749006936,2026-05-19T00:32:00.756+08:00,-0.33405637741088867,-0.5907824635505676,0.0,8.168228149414062,-2.0265562534332275,-76.66016387939453
1779121920957440888,1779121920952295576,2026-05-19T00:32:00.957+08:00,-0.33278805017471313,-0.5943359136581421,0.0,8.446167945861816,-1.9640228748321533,-76.97410583496094
1779121921190074488,1779121921186370584,2026-05-19T00:32:01.190+08:00,-0.33094796538352966,-0.5988535284996033,-0.009999990463256836,8.325657844543457,-1.9058724641799927,-76.97662353515625
1779121921390284280,1779121921356688472,2026-05-19T00:32:01.390+08:00,-0.3293346166610718,-0.6010109782218933,-0.009999990463256836,8.12059497833252,-1.7040059566497803,-76.82408905029297
1779121921590563448,1779121921559907640,2026-05-19T00:32:01.590+08:00,-0.3283068537712097,-0.6014513373374939,0.0,7.969447612762451,-1.382615566253662,-76.59909057617188
1779121921823128280,1779121921799745464,2026-05-19T00:32:01.823+08:00,-0.32878485321998596,-0.6011086106300354,0.0,7.82971715927124,-1.372138500213623,-76.56661987304688
1779121922023296280,1779121922001173848,2026-05-19T00:32:02.023+08:00,-0.32706403732299805,-0.6023487448692322,0.0,7.606622219085693,-1.5757458209991455,-76.7931900024414
1779121922223532248,1779121922199927864,2026-05-19T00:32:02.223+08:00,-0.32295674085617065,-0.6046220064163208,0.0,7.130997657775879,-1.5821107625961304,-77.0276870727539
1779121922456763672,1779121922440909752,2026-05-19T00:32:02.456+08:00,-0.318023145198822,-0.6071203947067261,0.009999990463256836,6.785336494445801,-1.7230440378189087,-76.86310577392578
1779121922690138424,1779121922682114936,2026-05-19T00:32:02.690+08:00,-0.31462180614471436,-0.6107028722763062,-0.009999990463256836,6.497702121734619,-2.121011734008789,-76.07940673828125
1779121922923640024,1779121922919143928,2026-05-19T00:32:02.923+08:00,-0.31264528632164,-0.6127632260322571,-0.009999990463256836,5.70780611038208,-2.3412325382232666,-74.51996612548828
1779121923124253752,1779121923119068280,2026-05-19T00:32:03.124+08:00,-0.31007149815559387,-0.6094417572021484,-0.009999990463256836,4.66073751449585,-1.9292840957641602,-73.26670837402344
1779121923356687576,1779121923350125976,2026-05-19T00:32:03.356+08:00,-0.3075055181980133,-0.5980803966522217,-0.009999990463256836,4.163636207580566,-0.870319664478302,-72.12596130371094
1779121923590067960,1779121923551167064,2026-05-19T00:32:03.590+08:00,-0.30556491017341614,-0.5862979888916016,0.0,5.617578506469727,-0.47360846400260925,-71.65896606445312
1779121923790545432,1779121923787987096,2026-05-19T00:32:03.790+08:00,-0.3018805682659149,-0.5784107446670532,0.0,6.0613837242126465,-1.224729061126709,-70.6538314819336
1779121923990737144,1779121923959879000,2026-05-19T00:32:03.990+08:00,-0.2983037531375885,-0.5760189294815063,-0.009999990463256836,5.60829496383667,-1.9245336055755615,-69.56420135498047
1779121924223458264,1779121924195068760,2026-05-19T00:32:04.223+08:00,-0.29221808910369873,-0.574551522731781,0.0,5.645158767700195,-2.3222620487213135,-67.71321868896484
1779121924423755288,1779121924397002360,2026-05-19T00:32:04.423+08:00,-0.2882319688796997,-0.5739980340003967,0.0,6.088698863983154,-2.1226377487182617,-66.03514862060547
1779121924624767832,1779121924599877944,2026-05-19T00:32:04.624+08:00,-0.2880497872829437,-0.5736900568008423,0.009999990463256836,6.32291841506958,-1.848293423652649,-64.3797836303711
1779121924856424120,1779121924840612824,2026-05-19T00:32:04.856+08:00,-0.28777533769607544,-0.5721266269683838,0.0,6.542203426361084,-1.653632640838623,-62.804988861083984
1779121925056711544,1779121925047629336,2026-05-19T00:32:05.056+08:00,-0.28754255175590515,-0.5707011222839355,0.009999990463256836,6.667329788208008,-1.3350553512573242,-61.83123779296875
1779121925256936888,1779121925246177016,2026-05-19T00:32:05.256+08:00,-0.2873292565345764,-0.5694214105606079,0.0,6.718058109283447,-0.822425901889801,-61.38055419921875
1779121925489963992,1779121925482919544,2026-05-19T00:32:05.489+08:00,-0.2871261537075043,-0.5682914853096008,0.009999990463256836,7.161700248718262,-0.6371279954910278,-61.407737731933594
1779121925690596984,1779121925686007640,2026-05-19T00:32:05.690+08:00,-0.2868739366531372,-0.5674419403076172,0.0,7.574793338775635,-1.1172364950180054,-61.96202087402344
1779121925923844120,1779121925921010520,2026-05-19T00:32:05.923+08:00,-0.28576287627220154,-0.5660082101821899,0.009999990463256836,6.95979642868042,-1.6959823369979858,-62.73004913330078
1779121926124397560,1779121926092132472,2026-05-19T00:32:06.124+08:00,-0.2845889925956726,-0.5650604367256165,0.0,5.831562042236328,-2.0078067779541016,-63.204322814941406
1779121926357039544,1779121926328458328,2026-05-19T00:32:06.357+08:00,-0.28324437141418457,-0.5637742280960083,-0.009999990463256836,5.193567752838135,-2.247964382171631,-63.49625778198242
1779121926590453464,1779121926570060504,2026-05-19T00:32:06.590+08:00,-0.28189975023269653,-0.5624879002571106,0.009999990463256836,5.6746649742126465,-2.120823860168457,-63.45582580566406
1779121926823714904,1779121926811101816,2026-05-19T00:32:06.823+08:00,-0.2805551290512085,-0.5612016320228577,-0.009999990463256836,5.608383655548096,-1.9417327642440796,-62.836734771728516
1779121927056472344,1779121927049658424,2026-05-19T00:32:07.056+08:00,-0.2792273759841919,-0.5599228143692017,-0.009999990463256836,5.1840105056762695,-2.153987169265747,-61.36698913574219
1779121927257014872,1779121927247948472,2026-05-19T00:32:07.257+08:00,-0.2797969877719879,-0.5596010088920593,0.0,5.374131679534912,-2.1645750999450684,-59.85436248779297
1779121927457935608,1779121927453365048,2026-05-19T00:32:07.457+08:00,-0.28061357140541077,-0.5594635009765625,0.0,6.107314109802246,-1.6430963277816772,-58.48765563964844
1779121927690650232,1779121927685207384,2026-05-19T00:32:07.690+08:00,-0.28821176290512085,-0.5614344477653503,0.019999980926513672,7.9663896560668945,-0.6595585346221924,-57.449546813964844
1779121927891312088,1779121927851843320,2026-05-19T00:32:07.891+08:00,-0.2884491980075836,-0.5590726137161255,0.019999980926513672,8.715439796447754,-0.3379034698009491,-56.89482879638672
1779121928123344056,1779121928092161016,2026-05-19T00:32:08.123+08:00,-0.286058634519577,-0.5551601052284241,0.0,7.442828178405762,-0.6814911365509033,-55.637115478515625
1779121928324040920,1779121928292622616,2026-05-19T00:32:08.324+08:00,-0.28406649827957153,-0.5518997311592102,0.0,5.598408222198486,-1.157598853111267,-54.25661087036133
1779121928556565112,1779121928533036248,2026-05-19T00:32:08.556+08:00,-0.2861335277557373,-0.550815224647522,0.009999990463256836,5.423217296600342,-1.2383270263671875,-52.846107482910156
1779121928757284728,1779121928738015640,2026-05-19T00:32:08.757+08:00,-0.2893187999725342,-0.5508413314819336,0.009999990463256836,6.879734039306641,-1.180722951889038,-52.19949722290039
1779121928990092920,1779121928973519160,2026-05-19T00:32:08.990+08:00,-0.29314109683036804,-0.5508726239204407,0.0,8.016357421875,-1.4531317949295044,-51.90803909301758
1779121929223431288,1779121929213766232,2026-05-19T00:32:09.223+08:00,-0.2984120845794678,-0.5506216287612915,0.0,6.770754337310791,-2.0971715450286865,-51.30406951904297
1779121929456329272,1779121929454457976,2026-05-19T00:32:09.456+08:00,-0.2993294894695282,-0.5456154942512512,0.0,4.521491527557373,-2.7154109477996826,-50.01962661743164
1779121929658494040,1779121929652030904,2026-05-19T00:32:09.658+08:00,-0.29989922046661377,-0.5413220524787903,-0.009999990463256836,3.271390914916992,-2.8796114921569824,-48.87977600097656
1779121929859040152,1779121929820823864,2026-05-19T00:32:09.859+08:00,-0.2982279360294342,-0.5406092405319214,0.0,2.781688690185547,-2.7854905128479004,-48.25967788696289
1779121930090342200,1779121930058544056,2026-05-19T00:32:10.090+08:00,-0.29517385363578796,-0.5401517152786255,-0.009999990463256836,2.077378988265991,-2.42160701751709,-47.57194519042969
1779121930323177368,1779121930294925272,2026-05-19T00:32:10.323+08:00,-0.2892337441444397,-0.5411300659179688,-0.009999990463256836,1.3880983591079712,-2.12429141998291,-47.175140380859375
1779121930523589720,1779121930499084568,2026-05-19T00:32:10.523+08:00,-0.28469154238700867,-0.5408281087875366,-0.009999990463256836,1.211602807044983,-2.541412830352783,-47.29014587402344
1779121930756703896,1779121930732757784,2026-05-19T00:32:10.756+08:00,-0.2791486978530884,-0.5409634709358215,-0.009999990463256836,0.4833362102508545,-3.239628553390503,-48.01091003417969
1779121930957174968,1779121930933662904,2026-05-19T00:32:10.957+08:00,-0.27423304319381714,-0.5425870418548584,0.0,-0.3530043065547943,-3.4102683067321777,-49.117919921875
1779121931190175032,1779121931172084664,2026-05-19T00:32:11.190+08:00,-0.27115023136138916,-0.5434077978134155,0.0,-0.7311686277389526,-3.6307151317596436,-50.87107849121094
1779121931423964280,1779121931411158904,2026-05-19T00:32:11.423+08:00,-0.27134233713150024,-0.5431857705116272,0.009999990463256836,0.015484202653169632,-4.464858531951904,-52.60281753540039
1779121931656681912,1779121931646018264,2026-05-19T00:32:11.656+08:00,-0.2711396813392639,-0.5428038835525513,0.009999990463256836,2.5181570053100586,-5.662618160247803,-53.95329666137695
1779121931857637048,1779121931855800376,2026-05-19T00:32:11.857+08:00,-0.2706156373023987,-0.5433152318000793,0.019999980926513672,5.399055480957031,-6.512691020965576,-54.78923034667969
1779121932090344024,1779121932088698744,2026-05-19T00:32:12.090+08:00,-0.2699889540672302,-0.5439290404319763,0.029999971389770508,8.571215629577637,-6.954943656921387,-55.91007614135742
1779121932323728408,1779121932291392408,2026-05-19T00:32:12.323+08:00,-0.26946666836738586,-0.544440507888794,0.019999980926513672,10.322147369384766,-6.89460563659668,-57.155616760253906
1779121932557053976,1779121932529393496,2026-05-19T00:32:12.557+08:00,-0.2712686061859131,-0.5461933612823486,0.019999980926513672,11.461594581604004,-6.420992374420166,-58.82913589477539
1779121932790092408,1779121932760357784,2026-05-19T00:32:12.790+08:00,-0.2738366425037384,-0.5487406849861145,0.009999990463256836,12.516057968139648,-5.854922294616699,-60.32893753051758
1779121933022989240,1779121933006832792,2026-05-19T00:32:13.022+08:00,-0.2714916169643402,-0.552579402923584,-0.009999990463256836,13.240734100341797,-5.503376483917236,-61.848365783691406
1779121933223551928,1779121933209910008,2026-05-19T00:32:13.223+08:00,-0.27152711153030396,-0.5561591982841492,0.0,13.105242729187012,-4.990360260009766,-63.26209259033203
1779121933423711000,1779121933409075160,2026-05-19T00:32:13.423+08:00,-0.27146226167678833,-0.5605303645133972,0.0,11.860331535339355,-3.7909858226776123,-65.06333923339844
1779121933624036600,1779121933615588760,2026-05-19T00:32:13.624+08:00,-0.2675471007823944,-0.5655627250671387,-0.009999990463256836,8.279975891113281,-2.2987053394317627,-66.60063171386719
1779121933857026744,1779121933842591064,2026-05-19T00:32:13.857+08:00,-0.25872159004211426,-0.5721450448036194,-0.020000040531158447,2.254697561264038,-0.7961933016777039,-67.8591537475586
1779121934089878488,1779121934077175384,2026-05-19T00:32:14.089+08:00,-0.24902144074440002,-0.5793229937553406,-0.020000040531158447,-2.248650074005127,-0.010662738233804703,-69.10650634765625
1779121934290410456,1779121934280052696,2026-05-19T00:32:14.290+08:00,-0.24727044999599457,-0.5843396186828613,-0.020000040531158447,-2.915505886077881,-0.3320405185222626,-70.08236694335938
1779121934524091832,1779121934519008024,2026-05-19T00:32:14.524+08:00,-0.24688675999641418,-0.5890911221504211,-0.009999990463256836,-1.4716600179672241,-1.2688169479370117,-71.27424621582031
1779121934756424504,1779121934753971640,2026-05-19T00:32:14.756+08:00,-0.24594265222549438,-0.5946739315986633,0.0,0.6021847128868103,-1.9217277765274048,-72.42144775390625
1779121934957689144,1779121934955191832,2026-05-19T00:32:14.957+08:00,-0.24483950436115265,-0.6002808213233948,0.0,2.026406764984131,-2.3171885013580322,-73.26765441894531
1779121935157899448,1779121935155824088,2026-05-19T00:32:15.157+08:00,-0.2432505488395691,-0.605725109577179,0.0,2.6322832107543945,-3.0180723667144775,-74.03130340576172
1779121935390402200,1779121935358766872,2026-05-19T00:32:15.390+08:00,-0.24142351746559143,-0.6105236411094666,0.0,2.221349000930786,-3.9535999298095703,-74.73870849609375
1779121935623153656,1779121935595465208,2026-05-19T00:32:15.623+08:00,-0.23888051509857178,-0.6173151135444641,0.009999990463256836,2.423977851867676,-5.1438517570495605,-75.55306243896484
1779121935823484536,1779121935792527928,2026-05-19T00:32:15.823+08:00,-0.2367088943719864,-0.6209871172904968,0.019999980926513672,4.775734901428223,-6.319274425506592,-76.31739807128906
1779121936023909688,1779121935994735384,2026-05-19T00:32:16.023+08:00,-0.23634859919548035,-0.6246383786201477,0.019999980926513672,7.102753162384033,-7.107558250427246,-77.19088745117188
1779121936256452248,1779121936235039800,2026-05-19T00:32:16.256+08:00,-0.2368408888578415,-0.6301764845848083,0.029999971389770508,8.05350112915039,-7.313920021057129,-78.19232940673828
1779121936490591128,1779121936469502712,2026-05-19T00:32:16.490+08:00,-0.23733319342136383,-0.6357145309448242,0.029999971389770508,6.7042059898376465,-6.779598236083984,-78.92338562011719
1779121936691365688,1779121936669839224,2026-05-19T00:32:16.691+08:00,-0.23392051458358765,-0.6418247222900391,0.019999980926513672,4.0915751457214355,-5.968677043914795,-79.48393249511719
1779121936923253272,1779121936912591320,2026-05-19T00:32:16.923+08:00,-0.2298365831375122,-0.6479460597038269,0.009999990463256836,0.6642748117446899,-5.004642009735107,-80.29513549804688
1779121937124862744,1779121937107891128,2026-05-19T00:32:17.124+08:00,-0.22721873223781586,-0.6519301533699036,0.009999990463256836,-1.3158063888549805,-4.128696441650391,-81.2173080444336
1779121937356394648,1779121937345024696,2026-05-19T00:32:17.356+08:00,-0.22288183867931366,-0.6565225124359131,0.019999980926513672,-2.143054723739624,-2.851210117340088,-82.6280288696289
1779121937589901688,1779121937580861336,2026-05-19T00:32:17.589+08:00,-0.21835511922836304,-0.6606096625328064,0.039999961853027344,-1.7115014791488647,-1.7712631225585938,-84.01493835449219
1779121937823313624,1779121937816560376,2026-05-19T00:32:17.823+08:00,-0.21394847333431244,-0.664314329624176,0.04999995231628418,0.24668167531490326,-1.1610486507415771,-85.66146850585938
1779121938023777880,1779121938022222168,2026-05-19T00:32:18.023+08:00,-0.2173231840133667,-0.659316897392273,0.04999995231628418,4.581177711486816,-2.186762571334839,-86.7614974975586
1779121938256729816,1779121938220810104,2026-05-19T00:32:18.256+08:00,-0.23074086010456085,-0.6473304629325867,0.04999995231628418,9.270057678222656,-3.710615873336792,-87.734375
1779121938458146872,1779121938426477400,2026-05-19T00:32:18.458+08:00,-0.25152143836021423,-0.627612829208374,0.029999971389770508,10.462641716003418,-4.290770053863525,-88.93190002441406
1779121938690429784,1779121938659935448,2026-05-19T00:32:18.690+08:00,-0.2679755389690399,-0.6081153154373169,0.009999990463256836,8.490921020507812,-4.173212051391602,-90.02561950683594
1779121938923309752,1779121938902664920,2026-05-19T00:32:18.923+08:00,-0.2841452658176422,-0.5889513492584229,0.0,9.315728187561035,-4.597471237182617,-91.22950744628906
1779121939123604696,1779121939105883736,2026-05-19T00:32:19.123+08:00,-0.2933312654495239,-0.5717170834541321,-0.009999990463256836,11.7308931350708,-4.750021934509277,-92.19210052490234
1779121939356642232,1779121939342521496,2026-05-19T00:32:19.356+08:00,-0.30086493492126465,-0.5545607805252075,-0.009999990463256836,12.404277801513672,-4.572240352630615,-92.57466888427734
1779121939557255736,1779121939545863448,2026-05-19T00:32:19.557+08:00,-0.3143928050994873,-0.5406965613365173,0.0,11.601265907287598,-4.149928092956543,-92.51778411865234
1779121939789980504,1779121939780828984,2026-05-19T00:32:19.789+08:00,-0.32748159766197205,-0.5289293527603149,0.009999990463256836,11.006383895874023,-4.2244367599487305,-91.6014633178711
1779121940023925592,1779121940018693368,2026-05-19T00:32:20.023+08:00,-0.3304330110549927,-0.5242756009101868,0.0,11.439762115478516,-4.9201130867004395,-89.79589080810547
1779121940224317944,1779121940221938488,2026-05-19T00:32:20.224+08:00,-0.33501675724983215,-0.5203647613525391,0.0,10.860196113586426,-5.369302272796631,-87.80555725097656
1779121940457097720,1779121940425285720,2026-05-19T00:32:20.457+08:00,-0.3410501778125763,-0.5162186622619629,0.0,10.202055931091309,-5.384496688842773,-85.50408172607422
1779121940691337688,1779121940658445944,2026-05-19T00:32:20.691+08:00,-0.3454578220844269,-0.5125044584274292,0.009999990463256836,11.12625789642334,-4.855192184448242,-83.7321548461914
1779121940923418744,1779121940894904696,2026-05-19T00:32:20.923+08:00,-0.344235897064209,-0.5114310383796692,0.009999990463256836,12.762277603149414,-4.522249221801758,-81.9312973022461
1779121941124196184,1779121941097714104,2026-05-19T00:32:21.124+08:00,-0.343281090259552,-0.5110001564025879,0.0,13.602577209472656,-4.852176189422607,-80.11591339111328
1779121941357439320,1779121941341503864,2026-05-19T00:32:21.357+08:00,-0.346710741519928,-0.5117204189300537,-0.009999990463256836,15.139589309692383,-4.6191511154174805,-78.49678802490234
1779121941589785464,1779121941576329880,2026-05-19T00:32:21.589+08:00,-0.35618487000465393,-0.5074301958084106,-0.020000040531158447,15.16454792022705,-4.001580715179443,-77.52452850341797
1779121941789967000,1779121941779586648,2026-05-19T00:32:21.789+08:00,-0.358566552400589,-0.5025352835655212,-0.030000030994415283,13.762104988098145,-4.357337951660156,-77.47351837158203
1779121941990463864,1779121941980766040,2026-05-19T00:32:21.990+08:00,-0.3589837849140167,-0.49765902757644653,-0.06000000238418579,11.853203773498535,-6.1315107345581055,-77.16766357421875
1779121942191301112,1779121942182882360,2026-05-19T00:32:22.191+08:00,-0.35940101742744446,-0.4927827715873718,-0.11000001430511475,7.777795314788818,-9.282870292663574,-76.49993133544922
1779121942423515320,1779121942414456504,2026-05-19T00:32:22.423+08:00,-0.35035642981529236,-0.48063814640045166,-0.15000003576278687,1.4829742908477783,-12.392984390258789,-77.10253143310547
1779121942656695064,1779121942652377400,2026-05-19T00:32:22.656+08:00,-0.32924047112464905,-0.4608890414237976,-0.17000001668930054,-5.920024394989014,-15.461398124694824,-77.17293548583984
1779121942857471480,1779121942855747608,2026-05-19T00:32:22.857+08:00,-0.32234635949134827,-0.45243099331855774,-0.15000003576278687,-10.088194847106934,-17.28841781616211,-76.20482635498047
1779121943090171288,1779121943062328472,2026-05-19T00:32:23.090+08:00,-0.31589239835739136,-0.44455716013908386,-0.17000001668930054,-9.948164939880371,-17.47787094116211,-75.3120346069336
1779121943290670360,1779121943260964664,2026-05-19T00:32:23.290+08:00,-0.31298917531967163,-0.44136953353881836,-0.1600000262260437,-6.827482223510742,-17.712308883666992,-74.8891372680664
1779121943523524920,1779121943506201784,2026-05-19T00:32:23.523+08:00,-0.31458067893981934,-0.44154155254364014,-0.14000004529953003,-1.3595725297927856,-18.044164657592773,-75.3896255493164
1779121943727307704,1779121943708530584,2026-05-19T00:32:23.727+08:00,-0.3306785225868225,-0.45012572407722473,-0.11000001430511475,2.907799243927002,-17.236053466796875,-76.43041229248047
1779121943929527416,1779121943918256696,2026-05-19T00:32:23.929+08:00,-0.3466721773147583,-0.4581926763057709,-0.09000003337860107,6.930051803588867,-16.15941619873047,-77.64078521728516
1779121944156633080,1779121944146907640,2026-05-19T00:32:24.156+08:00,-0.3615354597568512,-0.4647890627384186,-0.06999999284744263,10.848240852355957,-15.389544486999512,-78.5372543334961
1779121944356817144,1779121944349679160,2026-05-19T00:32:24.356+08:00,-0.36990487575531006,-0.4688408374786377,-0.06999999284744263,13.020827293395996,-14.8009614944458,-78.97527313232422
1779121944556825272,1779121944550540696,2026-05-19T00:32:24.556+08:00,-0.37146592140197754,-0.47388654947280884,-0.06999999284744263,14.102389335632324,-14.10495376586914,-79.27665710449219
1779121944757663096,1779121944755710808,2026-05-19T00:32:24.757+08:00,-0.3726072609424591,-0.4793110489845276,-0.06000000238418579,14.368653297424316,-13.538162231445312,-79.21390533447266
1779121944990080888,1779121944958157976,2026-05-19T00:32:24.990+08:00,-0.37317994236946106,-0.4838196635246277,-0.06000000238418579,14.506562232971191,-12.863836288452148,-78.67244720458984
1779121945190500504,1779121945159606360,2026-05-19T00:32:25.190+08:00,-0.3715125322341919,-0.4845990538597107,-0.06999999284744263,13.563689231872559,-12.529558181762695,-77.8226089477539
1779121945424330552,1779121945400396280,2026-05-19T00:32:25.424+08:00,-0.36084800958633423,-0.4818977117538452,-0.10000002384185791,9.748758316040039,-13.207297325134277,-76.97686767578125
1779121945658623768,1779121945638231000,2026-05-19T00:32:25.658+08:00,-0.3456783890724182,-0.47596845030784607,-0.12999999523162842,5.5864129066467285,-14.285123825073242,-76.30778503417969
1779121945890338296,1779121945878641272,2026-05-19T00:32:25.890+08:00,-0.3336131274700165,-0.4687712788581848,-0.12999999523162842,2.7381038665771484,-15.23666000366211,-75.34849548339844
1779121946090560088,1779121946081041400,2026-05-19T00:32:26.090+08:00,-0.32980480790138245,-0.4667379558086395,-0.11000001430511475,-0.21720001101493835,-15.676426887512207,-74.22423553466797
1779121946323513880,1779121946314808888,2026-05-19T00:32:26.323+08:00,-0.32305315136909485,-0.47271665930747986,-0.09000003337860107,-2.133330821990967,-14.424589157104492,-73.62884521484375
1779121946556498712,1779121946549824536,2026-05-19T00:32:26.556+08:00,-0.31653958559036255,-0.47732073068618774,-0.08000004291534424,-2.4009358882904053,-11.019540786743164,-72.90950012207031
1779121946756715800,1779121946720481720,2026-05-19T00:32:26.756+08:00,-0.3161003887653351,-0.4782971441745758,-0.06000000238418579,-2.227874994277954,-8.44223690032959,-71.77754974365234
1779121946956810712,1779121946920582520,2026-05-19T00:32:26.956+08:00,-0.3174377381801605,-0.4783344268798828,-0.04000002145767212,-1.0947563648223877,-5.62431526184082,-69.86336517333984
1779121947157599800,1779121947155607064,2026-05-19T00:32:27.157+08:00,-0.31958475708961487,-0.47829222679138184,-0.020000040531158447,-0.3548203408718109,-3.2025039196014404,-66.84461212158203
1779121947360129752,1779121947326552664,2026-05-19T00:32:27.360+08:00,-0.32119423151016235,-0.47826796770095825,-0.030000030994415283,-1.1035128831863403,-2.010791540145874,-64.22636413574219
1779121947590339736,1779121947571540760,2026-05-19T00:32:27.590+08:00,-0.32334017753601074,-0.4782356917858124,-0.020000040531158447,-0.8183834552764893,-1.0376272201538086,-61.36125183105469
1779121947823240216,1779121947800122648,2026-05-19T00:32:27.823+08:00,-0.31933334469795227,-0.4798833727836609,-0.020000040531158447,1.491610050201416,-0.9554327726364136,-60.02661895751953
1779121948023717400,1779121948006642232,2026-05-19T00:32:28.023+08:00,-0.3140789866447449,-0.4818774461746216,-0.020000040531158447,1.5316658020019531,-1.0633819103240967,-59.27580261230469
1779121948257128472,1779121948247713048,2026-05-19T00:32:28.257+08:00,-0.3083469569683075,-0.4840528070926666,-0.020000040531158447,0.5918917655944824,-1.0151026248931885,-58.80303192138672
1779121948490674072,1779121948481224536,2026-05-19T00:32:28.490+08:00,-0.3030926585197449,-0.48604685068130493,-0.030000030994415283,0.5785002708435059,-0.9890409708023071,-58.1236457824707
1779121948723324920,1779121948720374232,2026-05-19T00:32:28.723+08:00,-0.2973606288433075,-0.48822221159935,-0.030000030994415283,0.6144475936889648,-0.8533795475959778,-56.97184371948242
1779121948923957368,1779121948922094232,2026-05-19T00:32:28.923+08:00,-0.29521650075912476,-0.483286052942276,-0.030000030994415283,0.4840773344039917,-0.8006378412246704,-56.28520584106445
1779121949156556024,1779121949120751064,2026-05-19T00:32:29.156+08:00,-0.29840078949928284,-0.46540072560310364,-0.04000002145767212,0.9314812421798706,-0.5333954095840454,-55.92802810668945
1779121949357454040,1779121949326351960,2026-05-19T00:32:29.357+08:00,-0.29123035073280334,-0.46354788541793823,-0.050000011920928955,1.635007381439209,-0.6638903021812439,-55.6212272644043
1779121949590953080,1779121949560521208,2026-05-19T00:32:29.590+08:00,-0.2803652286529541,-0.46538522839546204,-0.06999999284744263,2.646489381790161,-2.2768657207489014,-55.54518127441406
1779121949823825208,1779121949808107064,2026-05-19T00:32:29.823+08:00,-0.26752224564552307,-0.4675576686859131,-0.09000003337860107,2.832165479660034,-4.907731533050537,-55.78239440917969
1779121950056642616,1779121950040531544,2026-05-19T00:32:30.056+08:00,-0.25665512681007385,-0.46939587593078613,-0.12000000476837158,1.2113778591156006,-6.710121154785156,-56.20465087890625
1779121950257150008,1779121950240670904,2026-05-19T00:32:30.257+08:00,-0.26272010803222656,-0.4639691114425659,-0.15000003576278687,-1.6085398197174072,-8.043787002563477,-56.39985656738281
1779121950490718936,1779121950480609176,2026-05-19T00:32:30.490+08:00,-0.2709994614124298,-0.4563165009021759,-0.1600000262260437,-6.200998783111572,-9.41015338897705,-55.76466369628906
1779121950724027896,1779121950719440792,2026-05-19T00:32:30.724+08:00,-0.27928638458251953,-0.44867295026779175,-0.17000001668930054,-11.421448707580566,-10.131345748901367,-54.9437141418457
1779121950958744536,1779121950954440408,2026-05-19T00:32:30.958+08:00,-0.2767776548862457,-0.4459831714630127,-0.17000001668930054,-12.41833782196045,-10.470850944519043,-56.971107482910156
1779121951189846360,1779121951187108632,2026-05-19T00:32:31.189+08:00,-0.2845732867717743,-0.45507559180259705,-0.17000001668930054,-10.05947494506836,-10.172640800476074,-60.23957061767578
1779121951390276184,1779121951359203768,2026-05-19T00:32:31.390+08:00,-0.2913458049297333,-0.46172067523002625,-0.17000001668930054,-7.100059509277344,-10.641180992126465,-62.4355583190918
1779121951590354392,1779121951563262392,2026-05-19T00:32:31.590+08:00,-0.30292725563049316,-0.47032949328422546,-0.14000004529953003,-3.4012515544891357,-11.740193367004395,-64.90579223632812
1779121951790464344,1779121951772790072,2026-05-19T00:32:31.790+08:00,-0.3188517987728119,-0.4763936400413513,-0.12999999523162842,0.8663403987884521,-13.12718677520752,-66.98607635498047
1779121952023696504,1779121952000330168,2026-05-19T00:32:32.023+08:00,-0.3333035707473755,-0.4785507321357727,-0.09000003337860107,4.988942623138428,-13.667115211486816,-68.28336334228516
1779121952256599544,1779121952243566456,2026-05-19T00:32:32.256+08:00,-0.34489569067955017,-0.4810813367366791,-0.06999999284744263,8.053635597229004,-12.741743087768555,-68.1439437866211
1779121952459667416,1779121952445590008,2026-05-19T00:32:32.459+08:00,-0.352157860994339,-0.485050231218338,-0.050000011920928955,10.336385726928711,-10.792695999145508,-66.78311157226562
1779121952690226968,1779121952677481688,2026-05-19T00:32:32.690+08:00,-0.3510967493057251,-0.487214058637619,-0.04000002145767212,11.939107894897461,-9.075441360473633,-65.80411529541016
1779121952890380216,1779121952878555608,2026-05-19T00:32:32.890+08:00,-0.34895679354667664,-0.49127453565597534,-0.04000002145767212,12.158184051513672,-8.195008277893066,-65.43394470214844
1779121953090488024,1779121953084648216,2026-05-19T00:32:33.090+08:00,-0.3446325659751892,-0.5010743141174316,-0.04000002145767212,10.37362003326416,-7.681539058685303,-65.84825134277344
1779121953323523736,1779121953321452536,2026-05-19T00:32:33.323+08:00,-0.3344506323337555,-0.5133342742919922,-0.04000002145767212,7.45423698425293,-6.660899639129639,-66.8187484741211
1779121953557127928,1779121953519378040,2026-05-19T00:32:33.557+08:00,-0.3243379592895508,-0.5230868458747864,-0.030000030994415283,5.548695087432861,-4.828765869140625,-67.05111694335938
1779121953790375192,1779121953762293816,2026-05-19T00:32:33.790+08:00,-0.31219837069511414,-0.5347921848297119,-0.009999990463256836,5.689425945281982,-1.8494583368301392,-66.44078063964844
1779121953990417720,1779121953958026168,2026-05-19T00:32:33.990+08:00,-0.30208203196525574,-0.5445466041564941,0.0,5.0105156898498535,0.18062660098075867,-65.6939697265625
1779121954190542456,1779121954158260088,2026-05-19T00:32:34.190+08:00,-0.29943686723709106,-0.5482133030891418,-0.020000040531158447,3.7420804500579834,0.954491376876831,-65.3660888671875
1779121954423978680,1779121954391962040,2026-05-19T00:32:34.423+08:00,-0.30497169494628906,-0.5497866272926331,-0.030000030994415283,3.8258955478668213,-0.3207220137119293,-64.47535705566406
1779121954656653048,1779121954629252632,2026-05-19T00:32:34.656+08:00,-0.3104932904243469,-0.5513850450515747,-0.030000030994415283,4.555730819702148,-2.060023784637451,-62.47099304199219
1779121954857189752,1779121954832637496,2026-05-19T00:32:34.857+08:00,-0.31511542201042175,-0.553595244884491,-0.009999990463256836,5.228888511657715,-2.5800206661224365,-60.34782791137695
1779121955089797272,1779121955071038680,2026-05-19T00:32:35.089+08:00,-0.3207171559333801,-0.5618389248847961,-0.009999990463256836,5.945211887359619,-2.0893096923828125,-57.87871551513672
1779121955290599544,1779121955274723928,2026-05-19T00:32:35.290+08:00,-0.32538267970085144,-0.5687103867530823,-0.020000040531158447,5.830534934997559,-1.6165601015090942,-56.709590911865234
1779121955523176600,1779121955506376312,2026-05-19T00:32:35.523+08:00,-0.3309813141822815,-0.5769560933113098,-0.030000030994415283,5.731403350830078,-1.837133526802063,-55.9174690246582
1779121955723346936,1779121955717387352,2026-05-19T00:32:35.723+08:00,-0.3529098927974701,-0.5785927176475525,-0.04000002145767212,5.219644069671631,-2.0720560550689697,-56.020591735839844
1779121955924314648,1779121955885305240,2026-05-19T00:32:35.924+08:00,-0.377481073141098,-0.577904999256134,-0.09000003337860107,3.0986874103546143,-3.2335939407348633,-56.83164596557617
1779121956156780664,1779121956120308760,2026-05-19T00:32:36.156+08:00,-0.37327462434768677,-0.5865641236305237,-0.14000004529953003,-1.6794049739837646,-6.242621421813965,-58.81794738769531
1779121956356974904,1779121956324256088,2026-05-19T00:32:36.356+08:00,-0.37179672718048096,-0.5882260203361511,-0.17000001668930054,-9.534940719604492,-9.012068748474121,-60.916072845458984
1779121956557434360,1779121956528897720,2026-05-19T00:32:36.557+08:00,-0.3787742257118225,-0.577526330947876,-0.1600000262260437,-16.20832061767578,-11.171199798583984,-62.81599807739258
1779121956759252408,1779121956728211928,2026-05-19T00:32:36.759+08:00,-0.3827483355998993,-0.5630297660827637,-0.15000003576278687,-19.064149856567383,-13.187849998474121,-65.42716979980469
1779121956991817240,1779121956965460888,2026-05-19T00:32:36.991+08:00,-0.3884850740432739,-0.5623408555984497,-0.17000001668930054,-21.887609481811523,-14.75174331665039,-68.49687194824219
1779121957224016536,1779121957196306136,2026-05-19T00:32:37.224+08:00,-0.39962494373321533,-0.5705326199531555,-0.17000001668930054,-19.846370697021484,-14.54105281829834,-70.3680419921875
1779121957456828216,1779121957437235032,2026-05-19T00:32:37.456+08:00,-0.4109230935573578,-0.5792402029037476,-0.15000003576278687,-16.003694534301758,-14.827563285827637,-71.66432189941406
1779121957690299800,1779121957676412216,2026-05-19T00:32:37.690+08:00,-0.41787880659103394,-0.5854317545890808,-0.17000001668930054,-12.95461654663086,-15.317731857299805,-73.75086212158203
1779121957890599512,1779121957879655128,2026-05-19T00:32:37.890+08:00,-0.4247368276119232,-0.5875623226165771,-0.18000000715255737,-10.565411567687988,-15.367456436157227,-75.65193176269531
1779121958090803608,1779121958079265432,2026-05-19T00:32:38.090+08:00,-0.4339011311531067,-0.5910125374794006,-0.17000001668930054,-8.605416297912598,-15.433743476867676,-76.83837890625
1779121958323638232,1779121958314602904,2026-05-19T00:32:38.323+08:00,-0.44111084938049316,-0.5902845859527588,-0.15000003576278687,-7.2249884605407715,-15.270313262939453,-77.45272827148438
1779121958523895352,1779121958518496152,2026-05-19T00:32:38.523+08:00,-0.44113293290138245,-0.5887142419815063,-0.17000001668930054,-6.811621189117432,-15.43351936340332,-77.29646301269531
1779121958756522264,1779121958750413528,2026-05-19T00:32:38.756+08:00,-0.43640583753585815,-0.5860267877578735,-0.15000003576278687,-6.827014446258545,-15.058371543884277,-75.89778137207031
1779121958956530136,1779121958919309944,2026-05-19T00:32:38.956+08:00,-0.4330733120441437,-0.5834405422210693,-0.1600000262260437,-7.054412364959717,-14.527508735656738,-74.16676330566406
1779121959157010776,1779121959120424248,2026-05-19T00:32:39.157+08:00,-0.4280298352241516,-0.5777240991592407,-0.15000003576278687,-7.860252380371094,-14.391368865966797,-70.990234375
1779121959390556568,1779121959360413944,2026-05-19T00:32:39.390+08:00,-0.4290696680545807,-0.5746349096298218,-0.1600000262260437,-9.374817848205566,-14.214611053466797,-66.87516784667969
1779121959591123608,1779121959560279096,2026-05-19T00:32:39.591+08:00,-0.4381774365901947,-0.5817598104476929,-0.1600000262260437,-11.207415580749512,-14.282794952392578,-64.5235366821289
1779121959823276120,1779121959805288472,2026-05-19T00:32:39.823+08:00,-0.4350760281085968,-0.6058526635169983,-0.14000004529953003,-14.302047729492188,-14.260542869567871,-62.4376220703125
1779121960023628856,1779121960007585272,2026-05-19T00:32:40.023+08:00,-0.42604273557662964,-0.6296618580818176,-0.11000001430511475,-16.189739227294922,-12.56372356414795,-62.0252685546875
1779121960257095768,1779121960247053080,2026-05-19T00:32:40.257+08:00,-0.4178069829940796,-0.6577188372612,-0.06000000238418579,-15.002086639404297,-8.720345497131348,-62.23234558105469
1779121960489946776,1779121960480119064,2026-05-19T00:32:40.489+08:00,-0.41558608412742615,-0.6775698065757751,-0.009999990463256836,-9.383468627929688,-4.875136375427246,-62.27946090698242
1779121960690173688,1779121960682421912,2026-05-19T00:32:40.690+08:00,-0.4140271842479706,-0.6956043243408203,0.019999980926513672,-2.8507847785949707,-2.2363696098327637,-62.246429443359375
1779121960890540184,1779121960881644152,2026-05-19T00:32:40.890+08:00,-0.41497451066970825,-0.7029402256011963,0.039999961853027344,2.216193437576294,-0.3576546311378479,-62.28765869140625
1779121961123371704,1779121961118055608,2026-05-19T00:32:41.123+08:00,-0.41401487588882446,-0.7095352411270142,0.039999961853027344,4.9551897048950195,1.4171364307403564,-62.35195541381836
1779121961323852024,1779121961319408952,2026-05-19T00:32:41.323+08:00,-0.4122558534145355,-0.7131944298744202,0.029999971389770508,4.524725437164307,2.0727765560150146,-62.36675262451172
1779121961557555000,1779121961521194520,2026-05-19T00:32:41.557+08:00,-0.4116155505180359,-0.7158036231994629,0.019999980926513672,2.614187240600586,1.7080515623092651,-62.42778396606445
1779121961758081240,1779121961733450616,2026-05-19T00:32:41.758+08:00,-0.4103190004825592,-0.7175576686859131,0.04999995231628418,4.401803016662598,4.06102180480957,-64.76178741455078
1779121961990271704,1779121961970378904,2026-05-19T00:32:41.990+08:00,-0.40813136100769043,-0.7167631387710571,0.11000001430511475,15.930048942565918,15.187045097351074,-70.8593521118164
1779121962224425400,1779121962203420376,2026-05-19T00:32:42.224+08:00,-0.3934367895126343,-0.6842445731163025,0.12999999523162842,28.033893585205078,27.977474212646484,-75.3927993774414
1779121962457328824,1779121962441012216,2026-05-19T00:32:42.457+08:00,-0.3839408755302429,-0.6478971242904663,0.12999999523162842,33.379920959472656,37.10670471191406,-79.35887145996094
1779121962690361432,1779121962674606552,2026-05-19T00:32:42.690+08:00,-0.3855839967727661,-0.6113723516464233,0.12000000476837158,31.976762771606445,38.97372817993164,-84.00885009765625
1779121962923479096,1779121962909242968,2026-05-19T00:32:42.923+08:00,-0.3871164619922638,-0.5748656988143921,0.11000001430511475,33.064781188964844,38.394317626953125,-87.33885192871094
1779121963123869624,1779121963116560440,2026-05-19T00:32:43.123+08:00,-0.3883935213088989,-0.5444434881210327,0.11000001430511475,37.34023666381836,38.43846130371094,-88.98818969726562
1779121963324005976,1779121963319316024,2026-05-19T00:32:43.324+08:00,-0.38967058062553406,-0.5140212774276733,0.12000000476837158,42.81178283691406,38.5821647644043,-90.44738006591797
1779121963524226840,1779121963522218392,2026-05-19T00:32:43.524+08:00,-0.3909476697444916,-0.4835990369319916,0.10000002384185791,49.841217041015625,40.77119827270508,-92.05005645751953
1779121963757154072,1779121963755302584,2026-05-19T00:32:43.757+08:00,-0.39248016476631165,-0.44709235429763794,0.07999992370605469,51.472557067871094,43.44532012939453,-95.27543640136719
1779121963990046296,1779121963957247608,2026-05-19T00:32:43.990+08:00,-0.3937572240829468,-0.41667014360427856,0.06999993324279785,50.47875213623047,41.54719924926758,-96.27495574951172
1779121964190566104,1779121964157949336,2026-05-19T00:32:44.190+08:00,-0.3864833414554596,-0.3884241580963135,0.04999995231628418,50.089908599853516,37.8275260925293,-97.14159393310547
1779121964390747896,1779121964364562616,2026-05-19T00:32:44.390+08:00,-0.35042041540145874,-0.36634182929992676,0.019999980926513672,51.32552719116211,33.80732345581055,-93.69393157958984
1779121964624024216,1779121964600093528,2026-05-19T00:32:44.624+08:00,-0.31375667452812195,-0.34537363052368164,-0.050000011920928955,53.972232818603516,-5.214256763458252,-64.45585632324219
1779121964857165496,1779121964840483320,2026-05-19T00:32:44.857+08:00,-0.2737599313259125,-0.32249924540519714,-0.10000002384185791,-51.414527893066406,-38.50767517089844,78.17837524414062
1779121965057371032,1779121965011166520,2026-05-19T00:32:45.057+08:00,-0.24376237392425537,-0.3053434491157532,-0.14000004529953003,-61.269596099853516,27.4661808013916,124.96968078613281
1779121965291593976,1779121965289790104,2026-05-19T00:32:45.291+08:00,-0.19709880650043488,-0.27865350246429443,-0.15000003576278687,-25.114246368408203,60.122093200683594,174.281005859375
1779121965523475768,1779121965520094232,2026-05-19T00:32:45.523+08:00,-0.16043439507484436,-0.25768211483955383,-0.15000003576278687,-2.675320863723755,61.86571502685547,-167.58795166015625
1779121965723907576,1779121965687048280,2026-05-19T00:32:45.723+08:00,-0.1304362565279007,-0.24052368104457855,-0.1600000262260437,2.643449306488037,62.458274841308594,-164.62249755859375
1779121965957151256,1779121965928251224,2026-05-19T00:32:45.957+08:00,-0.09043872356414795,-0.2176458239555359,-0.15000003576278687,0.74980229139328,60.1905517578125,-168.34983825683594
1779121966190184056,1779121966163145976,2026-05-19T00:32:46.190+08:00,-0.05377431586384773,-0.1966744065284729,-0.1600000262260437,-2.6915481090545654,53.50483703613281,-172.73654174804688
1779121966390407544,1779121966367779160,2026-05-19T00:32:46.390+08:00,-0.017109913751482964,-0.1757030189037323,-0.1600000262260437,-5.496840476989746,45.823978424072266,-174.88526916503906
1779121966590459864,1779121966566891384,2026-05-19T00:32:46.590+08:00,0.016221361234784126,-0.15663811564445496,-0.1600000262260437,-6.765925407409668,38.99302291870117,-175.88645935058594
1779121966790621560,1779121966768255928,2026-05-19T00:32:46.790+08:00,0.04955263435840607,-0.1375732123851776,-0.1600000262260437,-8.551482200622559,32.59430694580078,-177.91732788085938
1779121966991336184,1779121966971480920,2026-05-19T00:32:46.991+08:00,0.08288391679525375,-0.11850830167531967,-0.15000003576278687,-10.722126960754395,29.068941116333008,177.48199462890625
1779121967223849272,1779121967207555032,2026-05-19T00:32:47.223+08:00,0.1228814423084259,-0.09563041478395462,-0.17000001668930054,-13.537473678588867,33.514244079589844,167.50332641601562
1779121967456815736,1779121967446464056,2026-05-19T00:32:47.456+08:00,0.16287897527217865,-0.07275252789258957,-0.1600000262260437,-14.303277969360352,34.79860305786133,164.73048400878906
1779121967690420280,1779121967680038552,2026-05-19T00:32:47.690+08:00,0.1995442509651184,-0.051781319081783295,-0.1600000262260437,-11.783478736877441,31.243005752563477,166.36813354492188
1779121967923339544,1779121967915932632,2026-05-19T00:32:47.923+08:00,0.23954352736473083,-0.028903817757964134,-0.17000001668930054,-7.339793682098389,28.960586547851562,174.0881805419922
1779121968123852152,1779121968121754488,2026-05-19T00:32:48.123+08:00,0.2728762626647949,-0.009839232079684734,-0.1600000262260437,-5.886336803436279,26.608190536499023,177.34173583984375
1779121968324130200,1779121968320324248,2026-05-19T00:32:48.324+08:00,0.306208997964859,0.009225355461239815,-0.1600000262260437,-4.941807270050049,22.690959930419922,178.75355529785156
1779121968558068664,1779121968526860920,2026-05-19T00:32:48.558+08:00,0.3428746163845062,0.030196484178304672,-0.1600000262260437,-3.951502561569214,16.80052947998047,179.82772827148438
1779121968790422840,1779121968759868728,2026-05-19T00:32:48.790+08:00,0.37953981757164,0.051167674362659454,-0.1600000262260437,-3.204932451248169,9.312156677246094,179.0436553955078
1779121968990475832,1779121968970186232,2026-05-19T00:32:48.990+08:00,0.41620495915412903,0.07213873416185379,-0.15000003576278687,-2.115095376968384,4.827271461486816,174.86260986328125
1779121969190519800,1779121969180121464,2026-05-19T00:32:49.190+08:00,0.4495370090007782,0.09120332449674606,-0.17000001668930054,-1.7787050008773804,4.3963236808776855,172.26173400878906
1779121969423393336,1779121969411242968,2026-05-19T00:32:49.423+08:00,0.4895356297492981,0.11408093571662903,-0.1600000262260437,-1.6318080425262451,4.295970916748047,171.41842651367188
1779121969656639896,1779121969649015608,2026-05-19T00:32:49.656+08:00,0.5295341610908508,0.13695861399173737,-0.1600000262260437,-1.1794934272766113,2.8329555988311768,171.30162048339844
1779121969857179960,1779121969847570520,2026-05-19T00:32:49.857+08:00,0.5628662109375,0.15602335333824158,-0.1600000262260437,-0.6259170770645142,0.8680785894393921,171.46449279785156
1779121970090446776,1779121970083959768,2026-05-19T00:32:50.090+08:00,0.6028645038604736,0.1789010614156723,-0.15000003576278687,-0.04324851930141449,-1.266507625579834,171.64308166503906
1779121970327657112,1779121970284611448,2026-05-19T00:32:50.327+08:00,0.6361969709396362,0.19796571135520935,-0.17000001668930054,0.12273761630058289,-1.8824037313461304,171.674560546875
1779121970557299640,1779121970520225976,2026-05-19T00:32:50.557+08:00,0.6728629469871521,0.2189367562532425,-0.15000003576278687,0.12123102694749832,-1.5932735204696655,170.12498474121094
1779121970790205688,1779121970757118200,2026-05-19T00:32:50.790+08:00,0.7128621935844421,0.2418142706155777,-0.1600000262260437,0.06467486917972565,-1.0642699003219604,166.37615966796875
1779121970990609720,1779121970958632248,2026-05-19T00:32:50.990+08:00,0.7461949586868286,0.2608788013458252,-0.15000003576278687,0.4261016845703125,-1.9122817516326904,165.22207641601562
1779121971223110776,1779121971194397080,2026-05-19T00:32:51.223+08:00,0.786193311214447,0.2837565243244171,-0.1600000262260437,0.6800730228424072,-2.5197720527648926,163.2924346923828
1779121971423894360,1779121971407256184,2026-05-19T00:32:51.423+08:00,0.822857677936554,0.3047279119491577,-0.1600000262260437,-1.3677308559417725,-1.7562255859375,159.8328094482422
1779121971656490296,1779121971619735416,2026-05-19T00:32:51.656+08:00,0.856188952922821,0.32379281520843506,-0.1600000262260437,1.3670430183410645,-4.413575649261475,155.14576721191406
1779121971857391992,1779121971825066136,2026-05-19T00:32:51.857+08:00,0.8928533792495728,0.34476420283317566,-0.1600000262260437,5.8478474617004395,-6.055353164672852,148.6710968017578
1779121972090706392,1779121972061196728,2026-05-19T00:32:52.090+08:00,0.9295177459716797,0.36573565006256104,-0.1600000262260437,9.75485897064209,-6.719480037689209,140.98001098632812
1779121972323869880,1779121972294571576,2026-05-19T00:32:52.323+08:00,0.969515323638916,0.3886135220527649,-0.1600000262260437,12.529534339904785,-6.811007976531982,133.11903381347656
1779121972556905464,1779121972540825144,2026-05-19T00:32:52.556+08:00,1.0095127820968628,0.41149142384529114,-0.1600000262260437,16.460187911987305,-8.315845489501953,124.69322204589844
1779121972790112504,1779121972779616088,2026-05-19T00:32:52.790+08:00,1.0495103597640991,0.434369295835495,-0.17000001668930054,20.51119613647461,-12.593804359436035,116.6356201171875
1779121973023327576,1779121973009908600,2026-05-19T00:32:53.023+08:00,1.0895073413848877,0.4572446942329407,-0.15000003576278687,21.97019386291504,-15.463587760925293,112.72640991210938
1779121973223473528,1779121973216779768,2026-05-19T00:32:53.223+08:00,1.122838020324707,0.476306676864624,-0.17000001668930054,21.30565643310547,-19.44802474975586,113.49909210205078
1779121973423733848,1779121973414249816,2026-05-19T00:32:53.423+08:00,1.1561686992645264,0.49536868929862976,-0.1600000262260437,18.188743591308594,-21.752004623413086,117.3517837524414
1779121973658795384,1779121973653916952,2026-05-19T00:32:53.658+08:00,1.1961654424667358,0.5182430744171143,-0.1600000262260437,15.706429481506348,-19.45290184020996,121.23133087158203
1779121973890909336,1779121973885165880,2026-05-19T00:32:53.890+08:00,1.2361621856689453,0.5411174297332764,-0.15000003576278687,15.421284675598145,-14.90921688079834,124.05786895751953
1779121974091050456,1779121974089287704,2026-05-19T00:32:54.091+08:00,1.2694926261901855,0.5601794719696045,-0.17000001668930054,16.28337860107422,-11.622498512268066,126.16200256347656
1779121974323379320,1779121974321248312,2026-05-19T00:32:54.323+08:00,1.3061565160751343,0.5811476707458496,-0.15000003576278687,17.989004135131836,-10.500079154968262,126.96965789794922
1779121974556848696,1779121974545635672,2026-05-19T00:32:54.556+08:00,1.3461532592773438,0.6040220856666565,-0.1600000262260437,18.466278076171875,-13.243267059326172,128.9192352294922
1779121974757316312,1779121974751939768,2026-05-19T00:32:54.757+08:00,1.3794838190078735,0.6230840086936951,-0.1600000262260437,17.47215461730957,-17.989065170288086,132.3974151611328
1779121974990054232,1779121974982965144,2026-05-19T00:32:54.990+08:00,1.4161475896835327,0.6440522074699402,-0.1600000262260437,12.43032455444336,-20.676372528076172,141.47268676757812
1779121975190673528,1779121975188751352,2026-05-19T00:32:55.190+08:00,1.4528112411499023,0.6650204658508301,-0.1600000262260437,10.139939308166504,-19.481563568115234,150.91427612304688
1779121975423919128,1779121975414852632,2026-05-19T00:32:55.423+08:00,1.4894750118255615,0.6859886646270752,-0.1600000262260437,11.389727592468262,-16.725854873657227,159.64625549316406
1779121975624249336,1779121975617806328,2026-05-19T00:32:55.624+08:00,1.5228055715560913,0.7050506472587585,-0.1600000262260437,13.494438171386719,-13.835880279541016,166.3330535888672
1779121975856430072,1779121975824849368,2026-05-19T00:32:55.856+08:00,1.5594693422317505,0.7260187864303589,-0.15000003576278687,15.71300220489502,-13.394074440002441,171.36471557617188
1779121976056898872,1779121976029689752,2026-05-19T00:32:56.056+08:00,1.5927999019622803,0.745080828666687,-0.17000001668930054,14.929205894470215,-13.725138664245605,177.11367797851562
1779121976256999256,1779121976233085816,2026-05-19T00:32:56.256+08:00,1.6261305809020996,0.7641428112983704,-0.1600000262260437,14.578640937805176,-12.906183242797852,-175.9242706298828
1779121976457755768,1779121976449027480,2026-05-19T00:32:56.457+08:00,1.6627975702285767,0.7851102352142334,-0.17000001668930054,15.397579193115234,-12.66837215423584,-166.22390747070312
1779121976690665272,1779121976688953304,2026-05-19T00:32:56.690+08:00,1.7028013467788696,0.8079831004142761,-0.1600000262260437,15.828237533569336,-11.332657814025879,-155.91465759277344
1779121976923270776,1779121976890149624,2026-05-19T00:32:56.923+08:00,1.736137866973877,0.8270438313484192,-0.1600000262260437,15.585576057434082,-9.836381912231445,-148.4252166748047
1779121977124013112,1779121977090243864,2026-05-19T00:32:57.124+08:00,1.7694742679595947,0.8461045622825623,-0.1600000262260437,14.85000991821289,-9.355314254760742,-140.87228393554688
1779121977324210904,1779121977258963320,2026-05-19T00:32:57.324+08:00,1.7961434125900269,0.8613531589508057,-0.15000003576278687,13.835112571716309,-9.440364837646484,-135.90870666503906
1779121977557324696,1779121977524209592,2026-05-19T00:32:57.557+08:00,1.842814564704895,0.888038158416748,-0.1600000262260437,12.784870147705078,-9.46994400024414,-130.27685546875
1779121977757430104,1779121977730910808,2026-05-19T00:32:57.757+08:00,1.8761509656906128,0.9070988297462463,-0.1600000262260437,12.510725021362305,-8.793529510498047,-129.56680297851562
1779121977991328600,1779121977977183672,2026-05-19T00:32:57.991+08:00,1.9161546230316162,0.9299716949462891,-0.15000003576278687,11.978819847106934,-8.616499900817871,-131.83111572265625
1779121978224502744,1779121978212865528,2026-05-19T00:32:58.224+08:00,1.9561583995819092,0.9528445601463318,-0.1600000262260437,11.137466430664062,-11.5927095413208,-135.75013732910156
1779121978457533784,1779121978452966200,2026-05-19T00:32:58.457+08:00,1.9961621761322021,0.9757174253463745,-0.17000001668930054,8.783939361572266,-18.38093376159668,-141.12184143066406
1779121978690360344,1779121978659728120,2026-05-19T00:32:58.690+08:00,2.029498815536499,0.9947781562805176,-0.15000003576278687,7.809474468231201,-20.411603927612305,-147.77291870117188
1779121978890768632,1779121978870770488,2026-05-19T00:32:58.890+08:00,2.066168785095215,1.015744924545288,-0.17000001668930054,8.8999605178833,-20.726781845092773,-152.95773315429688
1779121979092625400,1779121979066836696,2026-05-19T00:32:59.092+08:00,2.0995051860809326,1.0348055362701416,-0.1600000262260437,11.469280242919922,-22.412214279174805,-154.84652709960938
1779121979324985688,1779121979311011864,2026-05-19T00:32:59.324+08:00,2.1395089626312256,1.057678461074829,-0.1600000262260437,14.128172874450684,-21.976486206054688,-156.8856658935547
1779121979557141496,1779121979539864088,2026-05-19T00:32:59.557+08:00,2.1761789321899414,1.0786452293395996,-0.17000001668930054,17.206663131713867,-20.881671905517578,-160.0906982421875
1779121979757223384,1779121979739790424,2026-05-19T00:32:59.757+08:00,2.2095155715942383,1.0977060794830322,-0.15000003576278687,20.717227935791016,-16.30278205871582,-165.94403076171875
1779121979990173656,1779121979975899000,2026-05-19T00:32:59.990+08:00,2.2495193481445312,1.1205788850784302,-0.1600000262260437,22.692955017089844,-11.49179744720459,-171.67276000976562
1779121980190196024,1779121980182475064,2026-05-19T00:33:00.190+08:00,2.282855749130249,1.1396396160125732,-0.15000003576278687,21.860090255737305,-9.03554630279541,-174.9219512939453
1779121980390436024,1779121980372887288,2026-05-19T00:33:00.390+08:00,2.316192150115967,1.1587003469467163,-0.1600000262260437,20.798377990722656,-5.450179100036621,-177.3738555908203
1779121980623085016,1779121980611115416,2026-05-19T00:33:00.623+08:00,2.3561956882476807,1.1815731525421143,-0.1600000262260437,19.519367218017578,-1.4601753950119019,-178.42189025878906
1779121980823157400,1779121980817715480,2026-05-19T00:33:00.823+08:00,2.3895323276519775,1.2006338834762573,-0.1600000262260437,19.473804473876953,0.44366148114204407,-178.6710968017578
1779121981023702040,1779121980986966936,2026-05-19T00:33:01.023+08:00,2.4195351600646973,1.217788577079773,-0.1600000262260437,17.9193115234375,1.2656745910644531,-178.98118591308594
1779121981256977240,1779121981219664696,2026-05-19T00:33:01.256+08:00,2.456205129623413,1.2387553453445435,-0.15000003576278687,17.066848754882812,0.8870511651039124,-179.9163818359375
1779121981489940856,1779121981476869944,2026-05-19T00:33:01.489+08:00,2.4995429515838623,1.2635343074798584,-0.1600000262260437,15.428071022033691,1.7490097284317017,179.23204040527344
1779121981690407352,1779121981678659800,2026-05-19T00:33:01.690+08:00,2.532879114151001,1.2825950384140015,-0.15000003576278687,14.435548782348633,4.14310359954834,179.00978088378906
1779121981890661304,1779121981879575672,2026-05-19T00:33:01.890+08:00,2.566215753555298,1.301655650138855,-0.1600000262260437,14.908380508422852,4.3481764793396,178.77383422851562
1779121982123642552,1779121982119100760,2026-05-19T00:33:02.123+08:00,2.6062192916870117,1.3245285749435425,-0.17000001668930054,13.5965576171875,3.901157855987549,178.26431274414062
1779121982356643576,1779121982345029400,2026-05-19T00:33:02.356+08:00,2.6462230682373047,1.3474013805389404,-0.15000003576278687,10.635899543762207,3.2147088050842285,178.7967529296875
1779121982592571576,1779121982589444472,2026-05-19T00:33:02.592+08:00,2.6862270832061768,1.370274305343628,-0.1600000262260437,6.70304012298584,2.5858678817749023,178.9802703857422
1779121982823900440,1779121982821931288,2026-05-19T00:33:02.823+08:00,2.7228968143463135,1.3912410736083984,-0.1600000262260437,2.799772024154663,2.2059004306793213,178.89768981933594
1779121983024208632,1779121982991990200,2026-05-19T00:33:03.024+08:00,2.752899646759033,1.4083956480026245,-0.1600000262260437,1.3525360822677612,2.013984441757202,178.7850341796875
1779121983257145272,1779121983228760920,2026-05-19T00:33:03.257+08:00,2.792903423309326,1.431268572807312,-0.17000001668930054,0.5822200179100037,1.8894566297531128,178.77447509765625
1779121983491471224,1779121983489214584,2026-05-19T00:33:03.491+08:00,2.8362410068511963,1.4560476541519165,-0.1600000262260437,0.32283928990364075,1.8519654273986816,178.81631469726562
1779121983725449368,1779121983722773976,2026-05-19T00:33:03.725+08:00,2.872910976409912,1.477014422416687,-0.1600000262260437,0.24445612728595734,1.8442144393920898,178.81752014160156
1779121983957187512,1779121983929850712,2026-05-19T00:33:03.957+08:00,2.909580945968628,1.4979811906814575,-0.1600000262260437,0.20378226041793823,1.8500564098358154,178.825439453125
1779121984157709048,1779121984133731832,2026-05-19T00:33:04.157+08:00,2.942917585372925,1.517041802406311,-0.15000003576278687,0.17525242269039154,1.865375280380249,178.8522491455078
1779121984390556376,1779121984388683128,2026-05-19T00:33:04.390+08:00,2.986254930496216,1.541820764541626,-0.1600000262260437,0.1453370600938797,1.888118028640747,178.8650360107422
1779121984623687736,1779121984620064312,2026-05-19T00:33:04.623+08:00,3.0229249000549316,1.5627875328063965,-0.17000001668930054,0.12891870737075806,1.9116369485855103,178.86822509765625
1779121984857288280,1779121984826771000,2026-05-19T00:33:04.857+08:00,3.0595953464508057,1.5837544202804565,-0.15000003576278687,0.1181640699505806,1.924360752105713,178.85398864746094
1779121985089919736,1779121985059627768,2026-05-19T00:33:05.089+08:00,3.0962653160095215,1.604721188545227,-0.17000001668930054,0.11649894714355469,1.9252121448516846,178.81517028808594
1779121985290615032,1779121985266658840,2026-05-19T00:33:05.290+08:00,3.1329352855682373,1.625688076019287,-0.15000003576278687,0.11980770528316498,1.9166572093963623,178.7884979248047
1779121985523567224,1779121985519773656,2026-05-19T00:33:05.523+08:00,3.1729393005371094,1.6485607624053955,-0.1600000262260437,0.12567771971225739,1.9069114923477173,178.78424072265625
1779121985757193016,1779121985754271000,2026-05-19T00:33:05.757+08:00,3.2129428386688232,1.671433687210083,-0.17000001668930054,0.1236082911491394,1.908042550086975,178.77227783203125
1779121985957223128,1779121985923387192,2026-05-19T00:33:05.957+08:00,3.239612102508545,1.6866822242736816,-0.1600000262260437,0.12076479941606522,1.9042270183563232,178.7775421142578
1779121986157854008,1779121986125920216,2026-05-19T00:33:06.157+08:00,3.2762820720672607,1.7076489925384521,-0.1600000262260437,0.11372432857751846,1.8951269388198853,178.79754638671875
1779121986391638936,1779121986352630904,2026-05-19T00:33:06.391+08:00,3.3129522800445557,1.7286157608032227,-0.15000003576278687,0.10845715552568436,1.8810620307922363,178.81117248535156
1779121986591874936,1779121986558538456,2026-05-19T00:33:06.591+08:00,3.3462886810302734,1.7476764917373657,-0.15000003576278687,0.11135389655828476,1.8693788051605225,178.80543518066406
1779121986824194072,1779121986794755192,2026-05-19T00:33:06.824+08:00,3.3862924575805664,1.7705492973327637,-0.1600000262260437,0.10184257477521896,1.8572819232940674,178.8192138671875
1779121987056937016,1779121987026592568,2026-05-19T00:33:07.056+08:00,3.4262962341308594,1.7934222221374512,-0.15000003576278687,0.09700752049684525,1.841688632965088,178.82952880859375
1779121987257146584,1779121987230614072,2026-05-19T00:33:07.257+08:00,3.459632635116577,1.8124830722808838,-0.1600000262260437,0.08017269521951675,1.8311066627502441,178.86221313476562
1779121987490012088,1779121987484628504,2026-05-19T00:33:07.490+08:00,3.5029702186584473,1.8372619152069092,-0.1600000262260437,0.08629730343818665,1.8112728595733643,178.85025024414062
1779121987691796600,1779121987688942616,2026-05-19T00:33:07.691+08:00,3.536306619644165,1.8563226461410522,-0.1600000262260437,0.07538294047117233,1.7966402769088745,178.8729705810547
1779121987923659096,1779121987890834712,2026-05-19T00:33:07.923+08:00,3.5696427822113037,1.8753833770751953,-0.17000001668930054,0.0712132602930069,1.7818156480789185,178.87155151367188
1779121988124017464,1779121988092588664,2026-05-19T00:33:08.124+08:00,3.6029794216156006,1.8944441080093384,-0.15000003576278687,0.07247552275657654,1.765923261642456,178.86114501953125
1779121988357173080,1779121988340854136,2026-05-19T00:33:08.357+08:00,3.6429834365844727,1.9173169136047363,-0.1600000262260437,0.07260654866695404,1.7500470876693726,178.8623504638672
1779121988557286808,1779121988540830488,2026-05-19T00:33:08.557+08:00,3.6763195991516113,1.9363776445388794,-0.1600000262260437,0.0761614441871643,1.7361958026885986,178.8760528564453
1779121988790353944,1779121988778402488,2026-05-19T00:33:08.790+08:00,3.7163233757019043,1.9592504501342773,-0.1600000262260437,0.07928137481212616,1.722215175628662,178.89649963378906
1779121988990384024,1779121988980111416,2026-05-19T00:33:08.990+08:00,3.749659776687622,1.9783111810684204,-0.1600000262260437,0.07980282604694366,1.714155912399292,178.93614196777344
1779121989223447000,1779121989214004536,2026-05-19T00:33:09.223+08:00,3.789663791656494,2.0011842250823975,-0.15000003576278687,0.08286923170089722,1.6971697807312012,178.9375457763672
1779121989423633560,1779121989406633848,2026-05-19T00:33:09.423+08:00,3.823000192642212,2.020244598388672,-0.17000001668930054,0.08305758982896805,1.6869956254959106,178.9596710205078
1779121989657494712,1779121989647581912,2026-05-19T00:33:09.657+08:00,3.863003730773926,2.0431175231933594,-0.1600000262260437,0.085500568151474,1.6737725734710693,178.97328186035156
1779121989890645912,1779121989849625272,2026-05-19T00:33:09.890+08:00,3.8963401317596436,2.062178134918213,-0.15000003576278687,0.08901094645261765,1.6616215705871582,178.9861602783203
1779121990090998744,1779121990088964440,2026-05-19T00:33:10.090+08:00,3.9363439083099365,2.0850510597229004,-0.17000001668930054,0.09357662498950958,1.6476540565490723,178.984375
1779121990323569400,1779121990314055224,2026-05-19T00:33:10.323+08:00,3.9730141162872314,2.10601806640625,-0.1600000262260437,0.09909402579069138,1.6338903903961182,178.9964599609375
1779121990557515096,1779121990546421048,2026-05-19T00:33:10.557+08:00,4.013017654418945,2.1288909912109375,-0.1600000262260437,0.1056215837597847,1.6189924478530884,179.00755310058594
1779121990790201016,1779121990787968536,2026-05-19T00:33:10.790+08:00,4.053021430969238,2.151763677597046,-0.1600000262260437,0.12001828104257584,1.6040771007537842,179.01731872558594
1779121990990232760,1779121990951662136,2026-05-19T00:33:10.990+08:00,4.079690456390381,2.1670122146606445,-0.1600000262260437,0.13321059942245483,1.5948253870010376,179.02996826171875
1779121991190750008,1779121991153488888,2026-05-19T00:33:11.190+08:00,4.113027095794678,2.186073064804077,-0.1600000262260437,0.1352333426475525,1.5829440355300903,179.04299926757812
1779121991390940472,1779121991380026360,2026-05-19T00:33:11.390+08:00,4.149697303771973,2.2070398330688477,-0.15000003576278687,0.13799872994422913,1.5713295936584473,179.05575561523438
1779121991592233880,1779121991554558552,2026-05-19T00:33:11.592+08:00,4.179699897766113,2.2241945266723633,-0.17000001668930054,0.14367206394672394,1.5618195533752441,179.06228637695312
1779121991823951064,1779121991796324248,2026-05-19T00:33:11.823+08:00,4.219703674316406,2.2470672130584717,-0.1600000262260437,0.15580174326896667,1.549221158027649,179.07139587402344
1779121992056841080,1779121992030066936,2026-05-19T00:33:12.056+08:00,4.259707450866699,2.269940137863159,-0.15000003576278687,0.17365524172782898,1.5380215644836426,179.0821990966797
1779121992290600120,1779121992266185432,2026-05-19T00:33:12.290+08:00,4.299711227416992,2.2928130626678467,-0.1600000262260437,0.22323191165924072,1.536156415939331,179.10157775878906
1779121992523449848,1779121992519647096,2026-05-19T00:33:12.523+08:00,4.339715003967285,2.315685749053955,-0.17000001668930054,0.24013859033584595,1.5265642404556274,179.12796020507812
