timestamp_ns,source_stamp_ns,time_local,run,task,message
1791626895590779136,1791626895589204288,2026-10-10T18:08:15.590+08:00,0,,启动配置：MCU原点重置=True，心跳发布器已创建=True，频率=15Hz，arm_mode=1；等待START成功后才发送心跳
1791626898312534304,1791626898311313376,2026-10-10T18:08:18.312+08:00,0,,比赛目标元数据：turntable
1791626898358470304,1791626898357447168,2026-10-10T18:08:18.358+08:00,0,,TaskRunner 节点已启动
1791626898360172192,1791626898358468032,2026-10-10T18:08:18.360+08:00,0,,调试模式：False
1791626898387642688,1791626898386087008,2026-10-10T18:08:18.387+08:00,0,,已从 /home/nvidia/YouLong_AUV_Control_System/workspace_auv/src/uv_task/config/missions/grab_sea_cucumber.yaml 加载 2 个任务
1791626898389883328,1791626898387589504,2026-10-10T18:08:18.389+08:00,1,,=== 任务列表开始执行（共 2 个任务）===
1791626898391057536,1791626898388772384,2026-10-10T18:08:18.391+08:00,1,start,"[1/2] start 参数={'skip_preparation': True} | 指令位姿=(0.00, 0.00, 0.00, 0.0°)"
1791626898392068928,1791626898389497056,2026-10-10T18:08:18.392+08:00,1,start,仿真/自动任务：跳过拔缆倒计时，立即初始化里程计原点
1791626898392763744,1791626898390527648,2026-10-10T18:08:18.392+08:00,1,start,💡 灯光已关闭
1791626898393154496,1791626898391415968,2026-10-10T18:08:18.393+08:00,1,start,⚙️  舵机1：START置零（抓取位置）（发布angle=0.0°；内部=0.0000 rad，已发指令）
1791626898394869952,1791626898392589760,2026-10-10T18:08:18.394+08:00,1,start,已自动启动任务列表（共 2 个任务）
1791626898397000288,1791626898396116640,2026-10-10T18:08:18.397+08:00,1,start,"发送动作目标：START，目标=[0.00, 0.00, 0.00, 0.00]，超时=0s，任务上下文=""start task:1步骤-初始化里程计原点(all)"""
1791626898412441664,1791626898408150912,2026-10-10T18:08:18.412+08:00,1,start,动作目标已接受，等待执行结果……
1791626898486490304,1791626898485443648,2026-10-10T18:08:18.486+08:00,1,start,START[6/6]：PoseInfo已发布，agxhbt心跳已启用；START返回成功，不等待MCU解锁
1791626898491719872,1791626898490903808,2026-10-10T18:08:18.491+08:00,1,start,动作执行结果：成功
1791626898492432096,1791626898491713120,2026-10-10T18:08:18.492+08:00,1,grab_sea_cucumber,"[2/2] grab_sea_cucumber 参数={'sea_cucumber_class_id': 2, 'image_width': 640, 'image_height': 480, 'down_camera_mount_yaw_deg': 180.0, 'expected_count': 5, 'total_timeout_seconds': 365.0, 'max_failed_attempts': 3, 'search_pose': [0.35, -1.75, 0.2, -90.0], 'search_travel_timeout_seconds': 90.0, 'min_confidence': 0.55, 'detection_timeout': 0.8, 'pixel_tolerance_fraction': 0.04, 'target_match_radius_px': 70.0, 'target_lost_wait_seconds': 4.0, 'visual_position_tolerance_m': 0.03, 'visual_motion_settle_seconds': 0.3, 'horizontal_servo_timeout': 30.0, 'horizontal_servo_period': 0.5, 'horizontal_servo_log_period': 0.5, 'horizontal_hold_seconds': 0.5, 'projection_depth_m': 0.8, 'horizontal_servo_gain': 0.5, 'max_horizontal_step_m': 0.08, 'position_command_timeout': 30.0, 'gripper_servo_id': 1, 'gripper_close_wait_seconds': 0.5, 'gripper_offset_x_m': 0.3, 'gripper_offset_y_m': 0.1, 'pickup_servo_angle_deg': 0.0, 'release_servo_angle_deg': 90.0, 'pre_descent_settle_seconds': 5.0, 'servo2_open_angle_deg': 270.0, 'servo2_close_angle_deg': 150.0, 'servo2_front_camera_body_xyz': [0.23, 0.0, 0.076], 'servo2_down_camera_body_xyz': [-0.13, 0.03, 0.0645], 'servo2_gripper_from_front_xyz': [0.05, 0.0, 0.1], 'descent_speed_mps': 0.5, 'descent_duration_seconds': 5.3, 'max_press_distance_m': 2.0, 'descent_publish_period': 0.05, 'ascent_speed_mps': 0.05, 'ascent_publish_period': 0.05, 'ascent_tolerance_m': 0.05, 'count_frames': 3, 'count_timeout_seconds': 20.0, 'drop_pose': [0.3, 0.0, 0.2, 0.0], 'drop_timeout_seconds': 90.0, 'release_wait_seconds': 2.0, 'near_floor_open_loop': True, 'floor_z_m': 1.2, 'bottom_reference_offset_z_m': 0.1, 'open_loop_clearance_m': 0.2, 'press_thrust': 0.2, 'lift_thrust': -0.3, 'press_thrust_seconds': 1.0, 'restore_pre_press_odom_xy': True, 'collection_visual_align': True, 'collection_class_id': 4, 'collection_projection_depth_m': 0.8, 'collection_correct_odom_xy': True, 'collection_center_odom_xy': [0.0, 0.0], 'collection_camera_body_xy': [-0.13, 0.03], 'odom_correction_max_m': 1.0, 'return_timeout': 300.0} | 指令位姿=(0.00, 0.00, 0.00, 0.0°)"
1791626898493010304,1791626898492570720,2026-10-10T18:08:18.493+08:00,1,grab_sea_cucumber,💡 灯光已打开：抓海参执行中（数值=3）
1791626898494730560,1791626898494160480,2026-10-10T18:08:18.494+08:00,1,grab_sea_cucumber,抓海参：选择舵机1圆盘爪，抓0°、放90°，使用原水平补偿
1791626898497207488,1791626898496408352,2026-10-10T18:08:18.497+08:00,1,grab_sea_cucumber,抓海参：下视安装yaw补偿=180°；输入为camera还原后的标定像素，夹爪偏置保持机体系定义
1791626898497808128,1791626898497245984,2026-10-10T18:08:18.497+08:00,1,grab_sea_cucumber,"抓海参：先前往抓取区 (0.350, -1.750)m，扫描目标深度=0.200m，配置航向=-90.0°"
1791626898498286560,1791626898497868704,2026-10-10T18:08:18.498+08:00,1,grab_sea_cucumber,"发送动作目标：WTRAVEL，目标=[0.35, -1.75, 0.20, -90.00]，超时=90s，任务上下文=""grab_sea_cucumber task:2步骤-前往海参抓取区并调整扫描深度"""
1791626898511474400,1791626898510520288,2026-10-10T18:08:18.511+08:00,1,grab_sea_cucumber,动作目标已接受，等待执行结果……
1791626899569415136,1791626899566503744,2026-10-10T18:08:19.569+08:00,1,grab_sea_cucumber,"步进开始: 目标=(-0.01, 0.00, 0.00, -78.5°), 总超时=90s"
1791626902590712256,1791626902590051104,2026-10-10T18:08:22.590+08:00,1,grab_sea_cucumber,"步进开始: 目标=(0.35, -1.75, 0.20, -78.5°), 总超时=87s"
1791626914164805632,1791626914159912736,2026-10-10T18:08:34.164+08:00,1,grab_sea_cucumber,动作执行结果：成功
1791626914165616672,1791626914160776352,2026-10-10T18:08:34.165+08:00,1,grab_sea_cucumber,抓海参：前往海参抓取区并调整扫描深度运输到位，开始水平定位及归向：x=0.350，y=-1.750，yaw=-90.0°
1791626914166173952,1791626914161438048,2026-10-10T18:08:34.166+08:00,1,grab_sea_cucumber,"发送动作目标：SET，目标=[0.35, -1.75, 0.24, -90.00]，超时=74s，任务上下文=""grab_sea_cucumber task:2步骤-前往海参抓取区并调整扫描深度到位归向"""
1791626914174990720,1791626914173790688,2026-10-10T18:08:34.174+08:00,1,grab_sea_cucumber,动作目标已接受，等待执行结果……
1791626915502342752,1791626915500876352,2026-10-10T18:08:35.502+08:00,1,grab_sea_cucumber,动作执行结果：成功
1791626915504042656,1791626915501958304,2026-10-10T18:08:35.504+08:00,1,grab_sea_cucumber,抓海参：前往海参抓取区并调整扫描深度位置及航向已确认
1791626915504765280,1791626915503011072,2026-10-10T18:08:35.504+08:00,1,grab_sea_cucumber,⚙️  舵机1：海参抓取准备（发布angle=0.0°；内部=0.0000 rad，已发指令）
1791626915505296896,1791626915503576928,2026-10-10T18:08:35.505+08:00,1,grab_sea_cucumber,抓海参：海参水平对准固定z=0.210m、yaw=-85.0°，SET axes=xyzrz；下视像素竖向误差只修正水平位置，不用于升沉；z正方向向下
1791626915527725024,1791626915526220800,2026-10-10T18:08:35.527+08:00,1,grab_sea_cucumber,抓海参：等待视觉微调实测到位，XY误差=0.000m/0.030m，z误差=+0.000m，yaw误差=0.0°
1791626915829274720,1791626915828206688,2026-10-10T18:08:35.829+08:00,1,grab_sea_cucumber,抓海参：等待锁定目标；原因=等待动作稳定后收到的新帧，不切换其他目标
1791626916330938016,1791626916329994912,2026-10-10T18:08:36.330+08:00,1,grab_sea_cucumber,"抓海参：锁定目标像素=(245.0,265.5)，误差=(-0.1632,+0.0176)，机体步长=(+0.007,+0.065)m，世界步长=(+0.066,-0.003)m"
1791626916353880256,1791626916352289696,2026-10-10T18:08:36.353+08:00,1,grab_sea_cucumber,抓海参：等待视觉微调实测到位，XY误差=0.066m/0.030m，z误差=-0.010m，yaw误差=1.4°
1791626916856521632,1791626916855532448,2026-10-10T18:08:36.856+08:00,1,grab_sea_cucumber,抓海参：等待视觉微调实测到位，XY误差=0.053m/0.030m，z误差=+0.010m，yaw误差=1.0°
1791626917360114080,1791626917358580096,2026-10-10T18:08:37.360+08:00,1,grab_sea_cucumber,抓海参：等待视觉微调实测到位，XY误差=0.037m/0.030m，z误差=-0.010m，yaw误差=0.8°
1791626918365761088,1791626918365037312,2026-10-10T18:08:38.365+08:00,1,grab_sea_cucumber,"抓海参：锁定目标像素=(254.0,282.0)，误差=(-0.1476,+0.0461)，机体步长=(+0.018,+0.059)m，世界步长=(+0.060,-0.014)m"
1791626918389362144,1791626918388071648,2026-10-10T18:08:38.389+08:00,1,grab_sea_cucumber,抓海参：等待视觉微调实测到位，XY误差=0.062m/0.030m，z误差=+0.010m，yaw误差=0.8°
1791626918891716960,1791626918890671328,2026-10-10T18:08:38.891+08:00,1,grab_sea_cucumber,抓海参：等待视觉微调实测到位，XY误差=0.051m/0.030m，z误差=+0.010m，yaw误差=0.4°
1791626919395125568,1791626919393354080,2026-10-10T18:08:39.395+08:00,1,grab_sea_cucumber,抓海参：等待视觉微调实测到位，XY误差=0.031m/0.030m，z误差=+0.000m，yaw误差=0.5°
1791626920248118816,1791626920247135360,2026-10-10T18:08:40.248+08:00,1,grab_sea_cucumber,"抓海参：锁定目标像素=(293.0,279.0)，误差=(-0.0803,+0.0409)，机体步长=(+0.016,+0.032)m，世界步长=(+0.033,-0.014)m"
1791626920271012960,1791626920269977408,2026-10-10T18:08:40.271+08:00,1,grab_sea_cucumber,抓海参：等待视觉微调实测到位，XY误差=0.036m/0.018m，z误差=-0.010m，yaw误差=0.6°
1791626920773610432,1791626920772629920,2026-10-10T18:08:40.773+08:00,1,grab_sea_cucumber,抓海参：等待视觉微调实测到位，XY误差=0.033m/0.018m，z误差=+0.020m，yaw误差=0.4°
1791626921277409824,1791626921275480096,2026-10-10T18:08:41.277+08:00,1,grab_sea_cucumber,抓海参：等待视觉微调实测到位，XY误差=0.023m/0.018m，z误差=+0.010m，yaw误差=0.8°
1791626921782840480,1791626921781862944,2026-10-10T18:08:41.782+08:00,1,grab_sea_cucumber,抓海参：等待视觉微调实测到位，XY误差=0.014m/0.018m，z误差=-0.010m，yaw误差=1.2°
1791626922334462688,1791626922333707584,2026-10-10T18:08:42.334+08:00,1,grab_sea_cucumber,"抓海参：锁定目标像素=(321.0,255.0)，误差=(-0.0320,-0.0006)，机体步长=(-0.000,+0.013)m，世界步长=(+0.013,+0.001)m"
1791626922836578240,1791626922835459680,2026-10-10T18:08:42.836+08:00,1,grab_sea_cucumber,"抓海参：锁定目标像素=(308.0,267.0)，误差=(-0.0545,+0.0201)，机体步长=(+0.008,+0.022)m，世界步长=(+0.022,-0.007)m"
1791626922864164384,1791626922858562976,2026-10-10T18:08:42.864+08:00,1,grab_sea_cucumber,抓海参：等待视觉微调实测到位，XY误差=0.023m/0.012m，z误差=+0.010m，yaw误差=1.6°
1791626923363639584,1791626923362288512,2026-10-10T18:08:43.363+08:00,1,grab_sea_cucumber,抓海参：等待视觉微调实测到位，XY误差=0.020m/0.012m，z误差=+0.020m，yaw误差=1.8°
1791626924368560288,1791626924367559232,2026-10-10T18:08:44.368+08:00,1,grab_sea_cucumber,"抓海参：锁定目标像素=(304.0,251.0)，误差=(-0.0614,-0.0075)，机体步长=(-0.003,+0.025)m，世界步长=(+0.024,+0.004)m"
1791626926933267520,1791626926932475968,2026-10-10T18:08:46.933+08:00,1,grab_sea_cucumber,抓海参：等待视觉微调实测到位，XY误差=0.011m/0.012m，z误差=+0.000m，yaw误差=4.9°
1791626927735948352,1791626927735284928,2026-10-10T18:08:47.735+08:00,1,grab_sea_cucumber,"抓海参：锁定目标像素=(308.0,260.0)，误差=(-0.0545,+0.0081)，机体步长=(+0.003,+0.022)m，世界步长=(+0.022,-0.002)m"
1791626927758859744,1791626927757816576,2026-10-10T18:08:47.758+08:00,1,grab_sea_cucumber,抓海参：等待视觉微调实测到位，XY误差=0.022m/0.011m，z误差=-0.010m，yaw误差=1.8°
1791626928261648224,1791626928260441952,2026-10-10T18:08:48.261+08:00,1,grab_sea_cucumber,抓海参：等待视觉微调实测到位，XY误差=0.019m/0.011m，z误差=+0.010m，yaw误差=0.8°
1791626929215012992,1791626929213832960,2026-10-10T18:08:49.215+08:00,1,grab_sea_cucumber,"抓海参：锁定目标像素=(305.0,263.0)，误差=(-0.0596,+0.0132)，机体步长=(+0.005,+0.024)m，世界步长=(+0.024,-0.003)m"
1791626929248009888,1791626929246873856,2026-10-10T18:08:49.248+08:00,1,grab_sea_cucumber,抓海参：等待视觉微调实测到位，XY误差=0.024m/0.012m，z误差=-0.010m，yaw误差=0.4°
1791626929751132480,1791626929749370688,2026-10-10T18:08:49.751+08:00,1,grab_sea_cucumber,抓海参：等待视觉微调实测到位，XY误差=0.022m/0.012m，z误差=+0.000m，yaw误差=0.2°
1791626930254147456,1791626930252773696,2026-10-10T18:08:50.254+08:00,1,grab_sea_cucumber,抓海参：等待视觉微调实测到位，XY误差=0.005m/0.012m，z误差=-0.010m，yaw误差=0.7°
1791626930856042400,1791626930854991872,2026-10-10T18:08:50.856+08:00,1,grab_sea_cucumber,"抓海参：锁定目标像素=(322.0,269.5)，误差=(-0.0303,+0.0245)，机体步长=(+0.010,+0.012)m，世界步长=(+0.013,-0.009)m"
1791626931358859264,1791626931357911264,2026-10-10T18:08:51.358+08:00,1,grab_sea_cucumber,"抓海参：锁定目标像素=(353.0,262.0)，误差=(+0.0232,+0.0115)，机体步长=(+0.005,-0.009)m，世界步长=(-0.009,-0.005)m"
1791626931359496192,1791626931358599712,2026-10-10T18:08:51.359+08:00,1,grab_sea_cucumber,"抓海参：海参视觉居中通过，误差=(+0.0232,+0.0115)，容差=0.04"
1791626931961913728,1791626931960872640,2026-10-10T18:08:51.961+08:00,1,grab_sea_cucumber,"抓海参：before计数帧=[5, 5, 5]，保守结果=5"
1791626931965970112,1791626931964116224,2026-10-10T18:08:51.965+08:00,1,grab_sea_cucumber,"抓海参：夹爪偏置目标XY=(0.664,-2.054)m，保持z=0.210m、yaw=-85.0°；SET axes=xyzrz"
1791626931966582688,1791626931964911232,2026-10-10T18:08:51.966+08:00,1,grab_sea_cucumber,"发送动作目标：SET，目标=[0.66, -2.05, 0.21, -85.00]，超时=30s，任务上下文=""grab_sea_cucumber task:2步骤-海参夹爪偏置并保持深度航向"""
1791626931977732704,1791626931976809280,2026-10-10T18:08:51.977+08:00,1,grab_sea_cucumber,动作目标已接受，等待执行结果……
1791626934089936896,1791626934088823680,2026-10-10T18:08:54.089+08:00,1,grab_sea_cucumber,动作执行结果：成功
1791626934091175648,1791626934090340608,2026-10-10T18:08:54.091+08:00,1,grab_sea_cucumber,26rb_grab_ball：等待偏置移动稳定 5.0s，随后开始下降
1791626939092987424,1791626939091656320,2026-10-10T18:08:59.092+08:00,1,grab_sea_cucumber,"抓海参：记录下压前XY=(0.666567862033844, -2.0580382347106934)"
1791626943727760864,1791626943726804896,2026-10-10T18:09:03.727+08:00,1,grab_sea_cucumber,抓海参：离地0.190m，锁定纯开环下压；推力=0.2，持续=1s；不使用DVL XY闭环
1791626944394276096,1791626944393103808,2026-10-10T18:09:04.394+08:00,1,grab_sea_cucumber,抓海参：直接速度上浮，当前z=1.070m，目标z=0.190m，速度上限=0.050m/s；不使用BMOVE位置拉升
1791626944394976192,1791626944393894656,2026-10-10T18:09:04.394+08:00,1,grab_sea_cucumber,抓海参：近底纯推力离底，z=1.070，推力=-0.3；速度不作保证
1791626945404709472,1791626945403331744,2026-10-10T18:09:05.404+08:00,1,grab_sea_cucumber,抓海参：近底纯推力离底，z=1.090，推力=-0.3；速度不作保证
1791626946413693856,1791626946412776000,2026-10-10T18:09:06.413+08:00,1,grab_sea_cucumber,抓海参：近底纯推力离底，z=1.070，推力=-0.3；速度不作保证
1791626947421724960,1791626947420428864,2026-10-10T18:09:07.421+08:00,1,grab_sea_cucumber,抓海参：近底纯推力离底，z=1.060，推力=-0.3；速度不作保证
1791626948431134208,1791626948430377120,2026-10-10T18:09:08.431+08:00,1,grab_sea_cucumber,抓海参：近底纯推力离底，z=1.020，推力=-0.3；速度不作保证
1791626949441072736,1791626949439404544,2026-10-10T18:09:09.441+08:00,1,grab_sea_cucumber,抓海参：近底纯推力离底，z=0.980，推力=-0.3；速度不作保证
1791626950450095520,1791626950448729152,2026-10-10T18:09:10.450+08:00,1,grab_sea_cucumber,抓海参：近底纯推力离底，z=0.930，推力=-0.3；速度不作保证
1791626951458514432,1791626951457503520,2026-10-10T18:09:11.458+08:00,1,grab_sea_cucumber,抓海参：近底纯推力离底，z=0.870，推力=-0.3；速度不作保证
1791626951509862304,1791626951508903584,2026-10-10T18:09:11.509+08:00,1,grab_sea_cucumber,抓海参：离地超过开环高度+3cm，恢复慢速上浮速度环
1791626952468427584,1791626952467414208,2026-10-10T18:09:12.468+08:00,1,grab_sea_cucumber,抓海参：上浮z=0.770m，剩余=0.580m，vz=-0.0500m/s
1791626953477817376,1791626953476828704,2026-10-10T18:09:13.477+08:00,1,grab_sea_cucumber,抓海参：上浮z=0.640m，剩余=0.450m，vz=-0.0450m/s
1791626954487380640,1791626954486255328,2026-10-10T18:09:14.487+08:00,1,grab_sea_cucumber,抓海参：上浮z=0.490m，剩余=0.300m，vz=-0.0300m/s
1791626955496860096,1791626955495757856,2026-10-10T18:09:15.496+08:00,1,grab_sea_cucumber,抓海参：上浮z=0.350m，剩余=0.160m，vz=-0.0160m/s
1791626956404581216,1791626956403305120,2026-10-10T18:09:16.404+08:00,1,grab_sea_cucumber,抓海参：速度上浮到位，实测z=0.230m；不向下纠偏
1791626956405346304,1791626956404299904,2026-10-10T18:09:16.405+08:00,1,grab_sea_cucumber,"抓海参：离底后XY变化=(+0.122,+0.042)m；默认按真实位移回位，不盲改DVL"
1791626956411206112,1791626956408944480,2026-10-10T18:09:16.411+08:00,1,grab_sea_cucumber,"任务odom平移修正=(-0.122,-0.042)m；MCU原始DVL未改写"
1791626956427533344,1791626956425873920,2026-10-10T18:09:16.427+08:00,1,grab_sea_cucumber,"抓海参：下压前XY锚点（假定无真实水平漂移）：任务odom平移修正=(-0.122,-0.042)m；MCU原始DVL未改写"
1791626956428440448,1791626956426922816,2026-10-10T18:09:16.428+08:00,1,grab_sea_cucumber,"发送动作目标：SET，目标=[0.54, -1.76, 0.22, -86.18]，超时=288s，任务上下文=""grab_sea_cucumber task:2步骤-抓海参后水平回位"""
1791626956439589600,1791626956438919616,2026-10-10T18:09:16.439+08:00,1,grab_sea_cucumber,动作目标已接受，等待执行结果……
1791626958757095072,1791626958756136704,2026-10-10T18:09:18.757+08:00,1,grab_sea_cucumber,动作执行结果：成功
1791626959259505472,1791626959258422016,2026-10-10T18:09:19.259+08:00,1,grab_sea_cucumber,"抓海参：after计数帧=[4, 4, 2]，保守结果=4"
1791626959260309952,1791626959259143104,2026-10-10T18:09:19.260+08:00,1,grab_sea_cucumber,抓海参：观察位数量 5→4，本次可能抓起 1 只
1791626959260788672,1791626959259817152,2026-10-10T18:09:19.260+08:00,1,grab_sea_cucumber,"发送动作目标：WTRAVEL，目标=[0.30, 0.00, 0.23, 0.00]，超时=90s，任务上下文=""grab_sea_cucumber task:2步骤-海参运往收集区"""
1791626959271045312,1791626959270476352,2026-10-10T18:09:19.271+08:00,1,grab_sea_cucumber,"步进开始: 目标=(0.54, -1.81, 0.23, 97.5°), 总超时=90s"
1791626959273571392,1791626959271690304,2026-10-10T18:09:19.273+08:00,1,grab_sea_cucumber,动作目标已接受，等待执行结果……
1791626965106175296,1791626965105540736,2026-10-10T18:09:25.106+08:00,1,grab_sea_cucumber,"步进开始: 目标=(0.30, 0.00, 0.23, 97.5°), 总超时=84s"
1791626977271190496,1791626977270090048,2026-10-10T18:09:37.271+08:00,1,grab_sea_cucumber,动作执行结果：成功
1791626977272606624,1791626977270779552,2026-10-10T18:09:37.272+08:00,1,grab_sea_cucumber,抓海参：海参运往收集区运输到位，开始水平定位及归向：x=0.300，y=0.000，yaw=0.0°
1791626977273082976,1791626977271379968,2026-10-10T18:09:37.273+08:00,1,grab_sea_cucumber,"发送动作目标：SET，目标=[0.30, 0.00, 0.21, 0.00]，超时=72s，任务上下文=""grab_sea_cucumber task:2步骤-海参运往收集区到位归向"""
1791626977288381376,1791626977284919808,2026-10-10T18:09:37.288+08:00,1,grab_sea_cucumber,动作目标已接受，等待执行结果……
1791626981619707168,1791626981618575904,2026-10-10T18:09:41.619+08:00,1,grab_sea_cucumber,动作执行结果：成功
1791626981671284224,1791626981669817632,2026-10-10T18:09:41.671+08:00,1,grab_sea_cucumber,抓海参：海参运往收集区位置及航向已确认
1791626981672278368,1791626981670607232,2026-10-10T18:09:41.672+08:00,1,grab_sea_cucumber,抓海参：收集框居中容差=0.08，保持时间=0s；抓取海参门限不变
1791626981672839616,1791626981671387904,2026-10-10T18:09:41.672+08:00,1,grab_sea_cucumber,抓海参：收集框水平对准固定z=0.240m、yaw=0.8°，SET axes=xyzrz；下视像素竖向误差只修正水平位置，不用于升沉；z正方向向下
1791626981695140224,1791626981694300736,2026-10-10T18:09:41.695+08:00,1,grab_sea_cucumber,抓海参：等待视觉微调实测到位，XY误差=0.000m/0.030m，z误差=+0.000m，yaw误差=0.0°
1791626981997350016,1791626981996308064,2026-10-10T18:09:41.997+08:00,1,grab_sea_cucumber,抓海参：等待锁定目标；原因=等待动作稳定后收到的新帧，不切换其他目标
1791626982499709184,1791626982498226336,2026-10-10T18:09:42.499+08:00,1,grab_sea_cucumber,"抓海参：锁定目标像素=(452.0,136.5)，误差=(+0.1940,-0.2053)，机体步长=(-0.058,-0.055)m，世界步长=(-0.056,-0.057)m"
1791626982533242368,1791626982532331968,2026-10-10T18:09:42.533+08:00,1,grab_sea_cucumber,抓海参：等待视觉微调实测到位，XY误差=0.080m/0.030m，z误差=-0.020m，yaw误差=1.0°
1791626983035813120,1791626983034854624,2026-10-10T18:09:43.035+08:00,1,grab_sea_cucumber,抓海参：等待视觉微调实测到位，XY误差=0.088m/0.030m，z误差=+0.000m，yaw误差=1.6°
1791626983538592544,1791626983537531680,2026-10-10T18:09:43.538+08:00,1,grab_sea_cucumber,抓海参：等待视觉微调实测到位，XY误差=0.103m/0.030m，z误差=+0.000m，yaw误差=3.2°
1791626984042033248,1791626984041056576,2026-10-10T18:09:44.042+08:00,1,grab_sea_cucumber,抓海参：等待视觉微调实测到位，XY误差=0.101m/0.030m，z误差=+0.020m，yaw误差=3.1°
1791626984544861824,1791626984543743776,2026-10-10T18:09:44.544+08:00,1,grab_sea_cucumber,抓海参：等待视觉微调实测到位，XY误差=0.085m/0.030m，z误差=+0.020m，yaw误差=2.6°
1791626985047591488,1791626985046480576,2026-10-10T18:09:45.047+08:00,1,grab_sea_cucumber,抓海参：等待视觉微调实测到位，XY误差=0.065m/0.030m，z误差=+0.020m，yaw误差=2.3°
1791626985550545568,1791626985549488704,2026-10-10T18:09:45.550+08:00,1,grab_sea_cucumber,抓海参：等待视觉微调实测到位，XY误差=0.045m/0.030m，z误差=+0.020m，yaw误差=1.8°
1791626986053747520,1791626986052114016,2026-10-10T18:09:46.053+08:00,1,grab_sea_cucumber,抓海参：等待视觉微调实测到位，XY误差=0.027m/0.030m，z误差=+0.020m，yaw误差=1.4°
1791626986805804288,1791626986804819424,2026-10-10T18:09:46.805+08:00,1,grab_sea_cucumber,抓海参：等待锁定目标；原因=匹配距离超过门限，不切换其他目标
1791626987307864896,1791626987306800224,2026-10-10T18:09:47.307+08:00,1,grab_sea_cucumber,"抓海参：锁定目标像素=(411.0,244.0)，误差=(+0.1233,-0.0196)，机体步长=(-0.008,-0.049)m，世界步长=(-0.007,-0.049)m"
1791626987329751040,1791626987329073792,2026-10-10T18:09:47.329+08:00,1,grab_sea_cucumber,抓海参：等待视觉微调实测到位，XY误差=0.050m/0.025m，z误差=+0.020m，yaw误差=0.5°
1791626987836547520,1791626987834537408,2026-10-10T18:09:47.836+08:00,1,grab_sea_cucumber,抓海参：等待视觉微调实测到位，XY误差=0.048m/0.025m，z误差=+0.020m，yaw误差=0.6°
1791626988338944288,1791626988337671424,2026-10-10T18:09:48.338+08:00,1,grab_sea_cucumber,抓海参：等待视觉微调实测到位，XY误差=0.037m/0.025m，z误差=+0.010m，yaw误差=3.1°
1791626988842857504,1791626988841860896,2026-10-10T18:09:48.842+08:00,1,grab_sea_cucumber,抓海参：等待视觉微调实测到位，XY误差=0.046m/0.025m，z误差=+0.030m，yaw误差=2.8°
1791626989345580512,1791626989344518464,2026-10-10T18:09:49.345+08:00,1,grab_sea_cucumber,抓海参：等待视觉微调实测到位，XY误差=0.043m/0.025m，z误差=+0.040m，yaw误差=2.0°
1791626989849442880,1791626989848012032,2026-10-10T18:09:49.849+08:00,1,grab_sea_cucumber,抓海参：等待视觉微调实测到位，XY误差=0.033m/0.025m，z误差=+0.020m，yaw误差=1.5°
1791626990352621088,1791626990351603264,2026-10-10T18:09:50.352+08:00,1,grab_sea_cucumber,抓海参：等待视觉微调实测到位，XY误差=0.020m/0.025m，z误差=+0.010m，yaw误差=1.1°
1791626991005002592,1791626991003941696,2026-10-10T18:09:51.005+08:00,1,grab_sea_cucumber,"抓海参：锁定目标像素=(365.0,242.0)，误差=(+0.0439,-0.0230)，机体步长=(-0.009,-0.018)m，世界步长=(-0.009,-0.018)m"
1791626991005714880,1791626991004663872,2026-10-10T18:09:51.005+08:00,1,grab_sea_cucumber,"抓海参：收集框视觉居中通过，误差=(+0.0439,-0.0230)，容差=0.08"
1791626991419428256,1791626991418250784,2026-10-10T18:09:51.419+08:00,1,grab_sea_cucumber,抓海参：收集框视觉已通过，但地标采样或odom校正失败
1791626991420713344,1791626991418974976,2026-10-10T18:09:51.420+08:00,1,grab_sea_cucumber,"抓海参：收集框对准失败，启用投放兜底；重新前往配置位姿(0.3, 0.0, 0.2, 0.0)并恢复航向，到位后直接释放，不再等待视觉"
1791626991421156736,1791626991419714816,2026-10-10T18:09:51.421+08:00,1,grab_sea_cucumber,"发送动作目标：WTRAVEL，目标=[0.30, 0.00, 0.25, 0.00]，超时=90s，任务上下文=""grab_sea_cucumber task:2步骤-收集框对准失败：配置投放点兜底"""
1791626991435335712,1791626991432130080,2026-10-10T18:09:51.435+08:00,1,grab_sea_cucumber,"步进开始: 目标=(0.26, -0.10, 0.25, 68.6°), 总超时=90s"
1791626991435650176,1791626991432763488,2026-10-10T18:09:51.435+08:00,1,grab_sea_cucumber,动作目标已接受，等待执行结果……
1791626993854913600,1791626993853997824,2026-10-10T18:09:53.854+08:00,1,grab_sea_cucumber,"步进开始: 目标=(0.30, 0.00, 0.25, 68.6°), 总超时=88s"
1791626994075104608,1791626994074195808,2026-10-10T18:09:54.075+08:00,1,grab_sea_cucumber,动作执行结果：成功
1791626994075725536,1791626994074868640,2026-10-10T18:09:54.075+08:00,1,grab_sea_cucumber,抓海参：收集框对准失败：配置投放点兜底运输到位，开始水平定位及归向：x=0.300，y=0.000，yaw=0.0°
1791626994076055360,1791626994075454528,2026-10-10T18:09:54.076+08:00,1,grab_sea_cucumber,"发送动作目标：SET，目标=[0.30, 0.00, 0.25, 0.00]，超时=87s，任务上下文=""grab_sea_cucumber task:2步骤-收集框对准失败：配置投放点兜底到位归向"""
1791626994082332768,1791626994079881888,2026-10-10T18:09:54.082+08:00,1,grab_sea_cucumber,"=============================动作 SET: axes=""xyrz"" task_context=""grab_sea_cucumber task:2步骤-收集框对准失败：配置投放点兜底到位归向""开始============================="
1791626994088510560,1791626994086979520,2026-10-10T18:09:54.088+08:00,1,grab_sea_cucumber,动作目标已接受，等待执行结果……
1791626996907781024,1791626996906539232,2026-10-10T18:09:56.907+08:00,1,grab_sea_cucumber,动作执行结果：成功
1791626996909281984,1791626996907330720,2026-10-10T18:09:56.909+08:00,1,grab_sea_cucumber,抓海参：收集框对准失败：配置投放点兜底位置及航向已确认
1791626996909854496,1791626996908012896,2026-10-10T18:09:56.909+08:00,1,grab_sea_cucumber,⚙️  舵机1：海参收集区释放（发布angle=90.0°；内部=1.5708 rad，已发指令）
1791626998911284512,1791626998909096736,2026-10-10T18:09:58.911+08:00,1,grab_sea_cucumber,抓海参：已发释放指令；实际投放仍须靠视觉/现场验证
1791626998913164704,1791626998910798880,2026-10-10T18:09:58.913+08:00,1,grab_sea_cucumber,抓海参：投放结束，返回配置扫描点；返回成功前不启动扫描
1791626998913787648,1791626998912284800,2026-10-10T18:09:58.913+08:00,1,grab_sea_cucumber,"发送动作目标：WTRAVEL，目标=[0.35, -1.75, 0.25, -90.00]，超时=90s，任务上下文=""grab_sea_cucumber task:2步骤-返回海参搜索区"""
1791626998925841056,1791626998925115680,2026-10-10T18:09:58.925+08:00,1,grab_sea_cucumber,"步进开始: 目标=(0.29, 0.00, 0.25, -88.0°), 总超时=90s"
1791626998927546496,1791626998925138720,2026-10-10T18:09:58.927+08:00,1,grab_sea_cucumber,动作目标已接受，等待执行结果……
1791627001857081440,1791627001854503456,2026-10-10T18:10:01.857+08:00,1,grab_sea_cucumber,"步进开始: 目标=(0.35, -1.75, 0.25, -88.0°), 总超时=87s"
1791627018557682048,1791627018556515904,2026-10-10T18:10:18.557+08:00,1,grab_sea_cucumber,动作执行结果：成功
1791627018558563744,1791627018557410560,2026-10-10T18:10:18.558+08:00,1,grab_sea_cucumber,抓海参：返回海参搜索区运输到位，开始水平定位及归向：x=0.350，y=-1.750，yaw=-90.0°
1791627018559228288,1791627018558128448,2026-10-10T18:10:18.559+08:00,1,grab_sea_cucumber,"发送动作目标：SET，目标=[0.35, -1.75, 0.26, -90.00]，超时=70s，任务上下文=""grab_sea_cucumber task:2步骤-返回海参搜索区到位归向"""
1791627018571293728,1791627018570425376,2026-10-10T18:10:18.571+08:00,1,grab_sea_cucumber,动作目标已接受，等待执行结果……
1791627018583165248,1791627018581688480,2026-10-10T18:10:18.583+08:00,1,grab_sea_cucumber,动作执行结果：成功
1791627018584663456,1791627018583130464,2026-10-10T18:10:18.584+08:00,1,grab_sea_cucumber,抓海参：返回海参搜索区位置及航向已确认
1791627018586214144,1791627018584045216,2026-10-10T18:10:18.586+08:00,1,grab_sea_cucumber,抓海参：已返回扫描点并恢复扫描航向，允许开始下一轮识别
1791627018587385312,1791627018585179904,2026-10-10T18:10:18.587+08:00,1,grab_sea_cucumber,⚙️  舵机1：海参抓取准备（发布angle=0.0°；内部=0.0000 rad，已发指令）
1791627018587928256,1791627018586093600,2026-10-10T18:10:18.587+08:00,1,grab_sea_cucumber,抓海参：海参水平对准固定z=0.260m、yaw=-88.0°，SET axes=xyzrz；下视像素竖向误差只修正水平位置，不用于升沉；z正方向向下
1791627018620106496,1791627018619119168,2026-10-10T18:10:18.620+08:00,1,grab_sea_cucumber,抓海参：等待视觉微调实测到位，XY误差=0.002m/0.030m，z误差=+0.000m，yaw误差=0.0°
1791627019123226944,1791627019121965120,2026-10-10T18:10:19.123+08:00,1,grab_sea_cucumber,抓海参：等待视觉微调实测到位，XY误差=0.062m/0.030m，z误差=+0.000m，yaw误差=0.1°
1791627019626303456,1791627019625181248,2026-10-10T18:10:19.626+08:00,1,grab_sea_cucumber,抓海参：等待视觉微调实测到位，XY误差=0.091m/0.030m，z误差=+0.000m，yaw误差=0.3°
1791627020128989376,1791627020127919680,2026-10-10T18:10:20.128+08:00,1,grab_sea_cucumber,抓海参：等待视觉微调实测到位，XY误差=0.105m/0.030m，z误差=+0.000m，yaw误差=0.2°
1791627020632357696,1791627020631650400,2026-10-10T18:10:20.632+08:00,1,grab_sea_cucumber,抓海参：等待视觉微调实测到位，XY误差=0.110m/0.030m，z误差=+0.000m，yaw误差=0.1°
1791627021135374976,1791627021134289184,2026-10-10T18:10:21.135+08:00,1,grab_sea_cucumber,抓海参：等待视觉微调实测到位，XY误差=0.110m/0.030m，z误差=+0.020m，yaw误差=0.0°
1791627021641142592,1791627021640016128,2026-10-10T18:10:21.641+08:00,1,grab_sea_cucumber,抓海参：等待视觉微调实测到位，XY误差=0.104m/0.030m，z误差=+0.000m，yaw误差=0.0°
1791627022144058304,1791627022142832544,2026-10-10T18:10:22.144+08:00,1,grab_sea_cucumber,抓海参：等待视觉微调实测到位，XY误差=0.091m/0.030m，z误差=+0.020m，yaw误差=0.1°
1791627022646483840,1791627022645548608,2026-10-10T18:10:22.646+08:00,1,grab_sea_cucumber,抓海参：等待视觉微调实测到位，XY误差=0.075m/0.030m，z误差=+0.000m，yaw误差=0.1°
1791627023152497664,1791627023148642272,2026-10-10T18:10:23.152+08:00,1,grab_sea_cucumber,抓海参：等待视觉微调实测到位，XY误差=0.054m/0.030m，z误差=+0.020m，yaw误差=0.1°
1791627023652327488,1791627023651353920,2026-10-10T18:10:23.652+08:00,1,grab_sea_cucumber,抓海参：等待视觉微调实测到位，XY误差=0.032m/0.030m，z误差=+0.000m，yaw误差=0.1°
1791627024004642912,1791627024003680960,2026-10-10T18:10:24.004+08:00,1,grab_sea_cucumber,抓海参：等待锁定目标；原因=等待动作稳定后收到的新帧，不切换其他目标
1791627024508049472,1791627024506850592,2026-10-10T18:10:24.508+08:00,1,grab_sea_cucumber,"抓海参：锁定目标像素=(389.5,413.5)，误差=(+0.0862,+0.2732)，机体步长=(+0.076,-0.024)m，世界步长=(-0.021,-0.077)m"
1791627024530803584,1791627024530249056,2026-10-10T18:10:24.530+08:00,1,grab_sea_cucumber,抓海参：等待视觉微调实测到位，XY误差=0.080m/0.030m，z误差=+0.000m，yaw误差=0.1°
1791627025039812672,1791627025032844704,2026-10-10T18:10:25.039+08:00,1,grab_sea_cucumber,抓海参：等待视觉微调实测到位，XY误差=0.092m/0.030m，z误差=-0.010m，yaw误差=0.3°
1791627025537705024,1791627025536078848,2026-10-10T18:10:25.537+08:00,1,grab_sea_cucumber,抓海参：等待视觉微调实测到位，XY误差=0.083m/0.030m，z误差=+0.000m，yaw误差=0.5°
1791627026040642656,1791627026039587264,2026-10-10T18:10:26.040+08:00,1,grab_sea_cucumber,抓海参：等待视觉微调实测到位，XY误差=0.060m/0.030m，z误差=+0.000m，yaw误差=0.4°
1791627026545145984,1791627026543920320,2026-10-10T18:10:26.545+08:00,1,grab_sea_cucumber,抓海参：等待视觉微调实测到位，XY误差=0.030m/0.030m，z误差=+0.000m，yaw误差=0.2°
1791627027398266656,1791627027397578592,2026-10-10T18:10:27.398+08:00,1,grab_sea_cucumber,"抓海参：锁定目标像素=(378.5,355.0)，误差=(+0.0672,+0.1721)，机体步长=(+0.069,-0.027)m，世界步长=(-0.025,-0.070)m"
1791627027420593152,1791627027419715072,2026-10-10T18:10:27.420+08:00,1,grab_sea_cucumber,抓海参：等待视觉微调实测到位，XY误差=0.074m/0.030m，z误差=+0.000m，yaw误差=0.0°
1791627027923798496,1791627027922444992,2026-10-10T18:10:27.923+08:00,1,grab_sea_cucumber,抓海参：等待视觉微调实测到位，XY误差=0.056m/0.030m，z误差=+0.000m，yaw误差=0.1°
1791627028427780160,1791627028426436064,2026-10-10T18:10:28.427+08:00,1,grab_sea_cucumber,抓海参：等待视觉微调实测到位，XY误差=0.017m/0.030m，z误差=+0.000m，yaw误差=0.2°
1791627029080143488,1791627029079008768,2026-10-10T18:10:29.080+08:00,1,grab_sea_cucumber,"抓海参：锁定目标像素=(353.5,307.5)，误差=(+0.0241,+0.0901)，机体步长=(+0.036,-0.010)m，世界步长=(-0.008,-0.036)m"
1791627029112605536,1791627029111632672,2026-10-10T18:10:29.112+08:00,1,grab_sea_cucumber,抓海参：等待视觉微调实测到位，XY误差=0.035m/0.019m，z误差=-0.010m，yaw误差=0.2°
1791627029615779392,1791627029614441088,2026-10-10T18:10:29.615+08:00,1,grab_sea_cucumber,抓海参：等待视觉微调实测到位，XY误差=0.017m/0.019m，z误差=-0.010m，yaw误差=0.2°
1791627030418328096,1791627030417259232,2026-10-10T18:10:30.418+08:00,1,grab_sea_cucumber,"抓海参：锁定目标像素=(356.0,259.0)，误差=(+0.0284,+0.0063)，机体步长=(+0.003,-0.011)m，世界步长=(-0.011,-0.003)m"
1791627030920236320,1791627030919150144,2026-10-10T18:10:30.920+08:00,1,grab_sea_cucumber,"抓海参：锁定目标像素=(355.5,250.0)，误差=(+0.0275,-0.0092)，机体步长=(-0.004,-0.011)m，世界步长=(-0.011,+0.003)m"
1791627030921032256,1791627030919847456,2026-10-10T18:10:30.921+08:00,1,grab_sea_cucumber,"抓海参：海参视觉居中通过，误差=(+0.0275,-0.0092)，容差=0.04"
1791627031422972896,1791627031421966624,2026-10-10T18:10:31.422+08:00,1,grab_sea_cucumber,"抓海参：before计数帧=[4, 4, 4]，保守结果=4"
1791627031423860736,1791627031422669376,2026-10-10T18:10:31.423+08:00,1,grab_sea_cucumber,"抓海参：夹爪偏置目标XY=(0.396,-2.218)m，保持z=0.260m、yaw=-88.0°；SET axes=xyzrz"
1791627031424300096,1791627031423296640,2026-10-10T18:10:31.424+08:00,1,grab_sea_cucumber,"发送动作目标：SET，目标=[0.40, -2.22, 0.26, -88.02]，超时=30s，任务上下文=""grab_sea_cucumber task:2步骤-海参夹爪偏置并保持深度航向"""
1791627031435511552,1791627031434948800,2026-10-10T18:10:31.435+08:00,1,grab_sea_cucumber,动作目标已接受，等待执行结果……
1791627034662171104,1791627034661144448,2026-10-10T18:10:34.662+08:00,1,grab_sea_cucumber,动作执行结果：成功
1791627034663792448,1791627034662126624,2026-10-10T18:10:34.663+08:00,1,grab_sea_cucumber,26rb_grab_ball：等待偏置移动稳定 5.0s，随后开始下降
1791627039666266624,1791627039665051296,2026-10-10T18:10:39.666+08:00,1,grab_sea_cucumber,"抓海参：记录下压前XY=(0.3976261615753174, -2.2308661937713623)"
1791627043545517664,1791627043544592608,2026-10-10T18:10:43.545+08:00,1,grab_sea_cucumber,抓海参：离地0.190m，锁定纯开环下压；推力=0.2，持续=1s；不使用DVL XY闭环
1791627044547004704,1791627044545940512,2026-10-10T18:10:44.547+08:00,1,grab_sea_cucumber,抓海参：直接速度上浮，当前z=1.100m，目标z=0.270m，速度上限=0.050m/s；不使用BMOVE位置拉升
1791627044547961760,1791627044546656224,2026-10-10T18:10:44.547+08:00,1,grab_sea_cucumber,抓海参：近底纯推力离底，z=1.100，推力=-0.3；速度不作保证
1791627045556026848,1791627045555174528,2026-10-10T18:10:45.556+08:00,1,grab_sea_cucumber,抓海参：近底纯推力离底，z=1.100，推力=-0.3；速度不作保证
1791627046566680704,1791627046565527488,2026-10-10T18:10:46.566+08:00,1,grab_sea_cucumber,抓海参：近底纯推力离底，z=1.100，推力=-0.3；速度不作保证
1791627047574886048,1791627047573910208,2026-10-10T18:10:47.574+08:00,1,grab_sea_cucumber,抓海参：近底纯推力离底，z=1.100，推力=-0.3；速度不作保证
1791627048584551776,1791627048583407392,2026-10-10T18:10:48.584+08:00,1,grab_sea_cucumber,抓海参：近底纯推力离底，z=1.110，推力=-0.3；速度不作保证
1791627049592962624,1791627049591565408,2026-10-10T18:10:49.592+08:00,1,grab_sea_cucumber,抓海参：近底纯推力离底，z=1.100，推力=-0.3；速度不作保证
1791627050601673248,1791627050600640928,2026-10-10T18:10:50.601+08:00,1,grab_sea_cucumber,抓海参：近底纯推力离底，z=1.100，推力=-0.3；速度不作保证
1791627051610587104,1791627051609658816,2026-10-10T18:10:51.610+08:00,1,grab_sea_cucumber,抓海参：近底纯推力离底，z=1.100，推力=-0.3；速度不作保证
1791627052619818560,1791627052618678720,2026-10-10T18:10:52.619+08:00,1,grab_sea_cucumber,抓海参：近底纯推力离底，z=1.100，推力=-0.3；速度不作保证
1791627053627628032,1791627053626534752,2026-10-10T18:10:53.627+08:00,1,grab_sea_cucumber,抓海参：近底纯推力离底，z=1.100，推力=-0.3；速度不作保证
1791627054635591008,1791627054634792544,2026-10-10T18:10:54.635+08:00,1,grab_sea_cucumber,抓海参：近底纯推力离底，z=1.100，推力=-0.3；速度不作保证
1791627055644140704,1791627055643234432,2026-10-10T18:10:55.644+08:00,1,grab_sea_cucumber,抓海参：近底纯推力离底，z=1.100，推力=-0.3；速度不作保证
1791627056660809920,1791627056659717024,2026-10-10T18:10:56.660+08:00,1,grab_sea_cucumber,抓海参：近底纯推力离底，z=1.100，推力=-0.3；速度不作保证
1791627057669303584,1791627057668436608,2026-10-10T18:10:57.669+08:00,1,grab_sea_cucumber,抓海参：近底纯推力离底，z=1.100，推力=-0.3；速度不作保证
1791627058677368384,1791627058676512480,2026-10-10T18:10:58.677+08:00,1,grab_sea_cucumber,抓海参：近底纯推力离底，z=1.100，推力=-0.3；速度不作保证
1791627059687544960,1791627059686631136,2026-10-10T18:10:59.687+08:00,1,grab_sea_cucumber,抓海参：近底纯推力离底，z=1.100，推力=-0.3；速度不作保证
1791627060697432128,1791627060696758016,2026-10-10T18:11:00.697+08:00,1,grab_sea_cucumber,抓海参：近底纯推力离底，z=1.100，推力=-0.3；速度不作保证
1791627061705417696,1791627061704347072,2026-10-10T18:11:01.705+08:00,1,grab_sea_cucumber,抓海参：近底纯推力离底，z=1.100，推力=-0.3；速度不作保证
1791627062713943584,1791627062712998912,2026-10-10T18:11:02.713+08:00,1,grab_sea_cucumber,抓海参：近底纯推力离底，z=1.100，推力=-0.3；速度不作保证
1791627063723886496,1791627063721838400,2026-10-10T18:11:03.723+08:00,1,grab_sea_cucumber,抓海参：近底纯推力离底，z=1.100，推力=-0.3；速度不作保证
1791627064177416320,1791627064176079840,2026-10-10T18:11:04.177+08:00,1,grab_sea_cucumber,抓海参：速度上浮期间丢失实测位姿
1791627064178178016,1791627064176965984,2026-10-10T18:11:04.178+08:00,1,grab_sea_cucumber,抓海参：任务停止；视觉确认减少=1/5，已发投放指令=1
1791627064178539264,1791627064177616512,2026-10-10T18:11:04.178+08:00,1,grab_sea_cucumber,💡 灯光已打开：抓海参失败或停止（数值=1）
1791627064178837152,1791627064178175776,2026-10-10T18:11:04.178+08:00,1,grab_sea_cucumber,[2/2] grab_sea_cucumber 执行失败
1791627064179153344,1791627064178723584,2026-10-10T18:11:04.179+08:00,1,,=== 任务列表执行结束：1/2 个任务失败 ===
1791627175907887872,1791627175904602304,2026-10-10T18:12:55.907+08:00,1,,比赛目标元数据：turntable
1791627175943806400,1791627175942860736,2026-10-10T18:12:55.943+08:00,1,,TaskRunner 节点已启动
1791627175944590624,1791627175943655360,2026-10-10T18:12:55.944+08:00,1,,调试模式：False
1791627175967915680,1791627175966996160,2026-10-10T18:12:55.967+08:00,1,,已从 /home/nvidia/YouLong_AUV_Control_System/workspace_auv/src/uv_task/config/missions/grab_sea_cucumber.yaml 加载 2 个任务
1791627175970276736,1791627175969170880,2026-10-10T18:12:55.970+08:00,2,,=== 任务列表开始执行（共 2 个任务）===
1791627175970890464,1791627175969771360,2026-10-10T18:12:55.970+08:00,2,,已自动启动任务列表（共 2 个任务）
1791627175974559712,1791627175972861696,2026-10-10T18:12:55.974+08:00,2,start,"[1/2] start 参数={'skip_preparation': True} | 指令位姿=(0.00, 0.00, 0.00, 0.0°)"
1791627175976037632,1791627175974759808,2026-10-10T18:12:55.976+08:00,2,start,仿真/自动任务：跳过拔缆倒计时，立即初始化里程计原点
1791627175976962752,1791627175976306496,2026-10-10T18:12:55.976+08:00,2,start,💡 灯光已关闭
1791627175978639232,1791627175977397312,2026-10-10T18:12:55.978+08:00,2,start,⚙️  舵机1：START置零（抓取位置）（发布angle=0.0°；内部=0.0000 rad，已发指令）
1791627175980351136,1791627175978666400,2026-10-10T18:12:55.980+08:00,2,start,"发送动作目标：START，目标=[0.00, 0.00, 0.00, 0.00]，超时=0s，任务上下文=""start task:1步骤-初始化里程计原点(all)"""
1791627175998289696,1791627175991178688,2026-10-10T18:12:55.998+08:00,2,start,动作目标已接受，等待执行结果……
1791627176125975072,1791627176122632384,2026-10-10T18:12:56.125+08:00,2,start,START[6/6]：PoseInfo已发布，agxhbt心跳已启用；START返回成功，不等待MCU解锁
1791627176136535360,1791627176134542240,2026-10-10T18:12:56.136+08:00,2,start,动作执行结果：成功
1791627176137256288,1791627176135387616,2026-10-10T18:12:56.137+08:00,2,grab_sea_cucumber,"[2/2] grab_sea_cucumber 参数={'sea_cucumber_class_id': 2, 'image_width': 640, 'image_height': 480, 'down_camera_mount_yaw_deg': 180.0, 'expected_count': 5, 'total_timeout_seconds': 365.0, 'max_failed_attempts': 3, 'search_pose': [0.35, -1.75, 0.2, -90.0], 'search_travel_timeout_seconds': 90.0, 'min_confidence': 0.55, 'detection_timeout': 0.8, 'pixel_tolerance_fraction': 0.04, 'target_match_radius_px': 70.0, 'target_lost_wait_seconds': 4.0, 'visual_position_tolerance_m': 0.03, 'visual_motion_settle_seconds': 0.3, 'horizontal_servo_timeout': 30.0, 'horizontal_servo_period': 0.5, 'horizontal_servo_log_period': 0.5, 'horizontal_hold_seconds': 0.5, 'projection_depth_m': 0.8, 'horizontal_servo_gain': 0.5, 'max_horizontal_step_m': 0.08, 'position_command_timeout': 30.0, 'gripper_servo_id': 1, 'gripper_close_wait_seconds': 0.5, 'gripper_offset_x_m': 0.3, 'gripper_offset_y_m': 0.0, 'pickup_servo_angle_deg': 0.0, 'release_servo_angle_deg': 90.0, 'pre_descent_settle_seconds': 5.0, 'servo2_open_angle_deg': 270.0, 'servo2_close_angle_deg': 150.0, 'servo2_front_camera_body_xyz': [0.23, 0.0, 0.076], 'servo2_down_camera_body_xyz': [-0.13, 0.03, 0.0645], 'servo2_gripper_from_front_xyz': [0.05, 0.0, 0.1], 'descent_speed_mps': 0.5, 'descent_duration_seconds': 5.3, 'max_press_distance_m': 2.0, 'descent_publish_period': 0.05, 'ascent_speed_mps': 0.05, 'ascent_publish_period': 0.05, 'ascent_tolerance_m': 0.05, 'count_frames': 3, 'count_timeout_seconds': 20.0, 'drop_pose': [0.3, 0.0, 0.2, 0.0], 'drop_timeout_seconds': 90.0, 'release_wait_seconds': 2.0, 'near_floor_open_loop': True, 'floor_z_m': 1.2, 'bottom_reference_offset_z_m': 0.1, 'open_loop_clearance_m': 0.2, 'press_thrust': 0.2, 'lift_thrust': -0.3, 'press_thrust_seconds': 1.0, 'restore_pre_press_odom_xy': True, 'collection_visual_align': False, 'collection_class_id': 4, 'collection_projection_depth_m': 0.8, 'collection_correct_odom_xy': False, 'collection_center_odom_xy': [0.0, 0.0], 'collection_camera_body_xy': [-0.13, 0.03], 'odom_correction_max_m': 1.0, 'return_timeout': 300.0} | 指令位姿=(0.00, 0.00, 0.00, 0.0°)"
1791627176138336608,1791627176136079552,2026-10-10T18:12:56.138+08:00,2,grab_sea_cucumber,💡 灯光已打开：抓海参执行中（数值=3）
1791627176138833952,1791627176137427488,2026-10-10T18:12:56.138+08:00,2,grab_sea_cucumber,抓海参：选择舵机1圆盘爪，抓0°、放90°，使用原水平补偿
1791627176140995904,1791627176140132544,2026-10-10T18:12:56.140+08:00,2,grab_sea_cucumber,抓海参：下视安装yaw补偿=180°；输入为camera还原后的标定像素，夹爪偏置保持机体系定义
1791627176143059680,1791627176142397152,2026-10-10T18:12:56.143+08:00,2,grab_sea_cucumber,"抓海参：先前往抓取区 (0.350, -1.750)m，扫描目标深度=0.200m，配置航向=-90.0°"
1791627176143772032,1791627176143102464,2026-10-10T18:12:56.143+08:00,2,grab_sea_cucumber,"发送动作目标：WTRAVEL，目标=[0.35, -1.75, 0.20, -90.00]，超时=90s，任务上下文=""grab_sea_cucumber task:2步骤-前往海参抓取区并调整扫描深度"""
1791627176157321184,1791627176155972960,2026-10-10T18:12:56.157+08:00,2,grab_sea_cucumber,动作目标已接受，等待执行结果……
1791627177276234592,1791627177275758688,2026-10-10T18:12:57.276+08:00,2,grab_sea_cucumber,"步进开始: 目标=(0.01, 0.01, 0.00, -78.9°), 总超时=90s"
1791627180305293152,1791627180304655808,2026-10-10T18:13:00.305+08:00,2,grab_sea_cucumber,"步进开始: 目标=(0.35, -1.75, 0.20, -78.9°), 总超时=87s"
1791627199395835360,1791627199394764032,2026-10-10T18:13:19.395+08:00,2,grab_sea_cucumber,动作执行结果：成功
1791627199396548896,1791627199395636640,2026-10-10T18:13:19.396+08:00,2,grab_sea_cucumber,抓海参：前往海参抓取区并调整扫描深度运输到位，开始水平定位及归向：x=0.350，y=-1.750，yaw=-90.0°
1791627199398388672,1791627199396508896,2026-10-10T18:13:19.398+08:00,2,grab_sea_cucumber,"发送动作目标：SET，目标=[0.35, -1.75, 0.22, -90.00]，超时=67s，任务上下文=""grab_sea_cucumber task:2步骤-前往海参抓取区并调整扫描深度到位归向"""
1791627199415993728,1791627199409805792,2026-10-10T18:13:19.415+08:00,2,grab_sea_cucumber,动作目标已接受，等待执行结果……
1791627200822777632,1791627200821810720,2026-10-10T18:13:20.822+08:00,2,grab_sea_cucumber,动作执行结果：成功
1791627200824209344,1791627200822557024,2026-10-10T18:13:20.824+08:00,2,grab_sea_cucumber,抓海参：前往海参抓取区并调整扫描深度位置及航向已确认
1791627200824820320,1791627200823390688,2026-10-10T18:13:20.824+08:00,2,grab_sea_cucumber,⚙️  舵机1：海参抓取准备（发布angle=0.0°；内部=0.0000 rad，已发指令）
1791627200825414592,1791627200823973664,2026-10-10T18:13:20.825+08:00,2,grab_sea_cucumber,抓海参：海参水平对准固定z=0.200m、yaw=-85.4°，SET axes=xyzrz；下视像素竖向误差只修正水平位置，不用于升沉；z正方向向下
1791627200847036832,1791627200846207968,2026-10-10T18:13:20.847+08:00,2,grab_sea_cucumber,抓海参：等待视觉微调实测到位，XY误差=0.004m/0.030m，z误差=+0.010m，yaw误差=0.2°
1791627201350377088,1791627201349416800,2026-10-10T18:13:21.350+08:00,2,grab_sea_cucumber,抓海参：等待视觉微调实测到位，XY误差=0.059m/0.030m，z误差=+0.000m，yaw误差=1.9°
1791627201853067552,1791627201852136704,2026-10-10T18:13:21.853+08:00,2,grab_sea_cucumber,抓海参：等待视觉微调实测到位，XY误差=0.058m/0.030m，z误差=+0.000m，yaw误差=1.8°
1791627202356062432,1791627202354823200,2026-10-10T18:13:22.356+08:00,2,grab_sea_cucumber,抓海参：等待视觉微调实测到位，XY误差=0.073m/0.030m，z误差=+0.010m，yaw误差=0.9°
1791627202858517792,1791627202857562752,2026-10-10T18:13:22.858+08:00,2,grab_sea_cucumber,抓海参：等待视觉微调实测到位，XY误差=0.063m/0.030m，z误差=+0.010m，yaw误差=0.1°
1791627203361193664,1791627203360114528,2026-10-10T18:13:23.361+08:00,2,grab_sea_cucumber,抓海参：等待视觉微调实测到位，XY误差=0.046m/0.030m，z误差=+0.010m，yaw误差=0.4°
1791627203864595712,1791627203863404448,2026-10-10T18:13:23.864+08:00,2,grab_sea_cucumber,抓海参：等待视觉微调实测到位，XY误差=0.026m/0.030m，z误差=+0.000m，yaw误差=0.5°
1791627204117669568,1791627204116084480,2026-10-10T18:13:24.117+08:00,2,grab_sea_cucumber,抓海参：等待锁定目标；原因=等待动作稳定后收到的新帧，不切换其他目标
1791627204619519360,1791627204618359136,2026-10-10T18:13:24.619+08:00,2,grab_sea_cucumber,"抓海参：锁定目标像素=(324.0,359.0)，误差=(-0.0268,+0.1791)，机体步长=(+0.072,+0.011)m，世界步长=(+0.017,-0.070)m"
1791627204642396448,1791627204641002368,2026-10-10T18:13:24.642+08:00,2,grab_sea_cucumber,抓海参：等待视觉微调实测到位，XY误差=0.072m/0.030m，z误差=-0.010m，yaw误差=0.6°
1791627205146705408,1791627205146060800,2026-10-10T18:13:25.146+08:00,2,grab_sea_cucumber,抓海参：等待视觉微调实测到位，XY误差=0.084m/0.030m，z误差=+0.000m，yaw误差=0.7°
1791627205649576160,1791627205648830496,2026-10-10T18:13:25.649+08:00,2,grab_sea_cucumber,抓海参：等待视觉微调实测到位，XY误差=0.079m/0.030m，z误差=-0.010m，yaw误差=0.5°
1791627206152446496,1791627206151400768,2026-10-10T18:13:26.152+08:00,2,grab_sea_cucumber,抓海参：等待视觉微调实测到位，XY误差=0.062m/0.030m，z误差=-0.010m，yaw误差=0.5°
1791627206655938016,1791627206654787776,2026-10-10T18:13:26.655+08:00,2,grab_sea_cucumber,抓海参：等待视觉微调实测到位，XY误差=0.036m/0.030m，z误差=+0.010m，yaw误差=0.3°
1791627207610803328,1791627207609226784,2026-10-10T18:13:27.610+08:00,2,grab_sea_cucumber,"抓海参：锁定目标像素=(336.5,300.0)，误差=(-0.0053,+0.0771)，机体步长=(+0.031,+0.002)m，世界步长=(+0.005,-0.031)m"
1791627207643107744,1791627207642081344,2026-10-10T18:13:27.643+08:00,2,grab_sea_cucumber,抓海参：等待视觉微调实测到位，XY误差=0.029m/0.015m，z误差=+0.010m，yaw误差=0.3°
1791627208146044576,1791627208144659584,2026-10-10T18:13:28.146+08:00,2,grab_sea_cucumber,抓海参：等待视觉微调实测到位，XY误差=0.014m/0.015m，z误差=+0.020m，yaw误差=0.4°
1791627208899377024,1791627208898358592,2026-10-10T18:13:28.899+08:00,2,grab_sea_cucumber,"抓海参：锁定目标像素=(336.5,277.5)，误差=(-0.0053,+0.0383)，机体步长=(+0.015,+0.002)m，世界步长=(+0.003,-0.015)m"
1791627209403343872,1791627209400283552,2026-10-10T18:13:29.403+08:00,2,grab_sea_cucumber,"抓海参：锁定目标像素=(336.5,267.5)，误差=(-0.0053,+0.0210)，机体步长=(+0.008,+0.002)m，世界步长=(+0.003,-0.008)m"
1791627209404455008,1791627209402678272,2026-10-10T18:13:29.404+08:00,2,grab_sea_cucumber,"抓海参：海参视觉居中通过，误差=(-0.0053,+0.0210)，容差=0.04"
1791627210106497728,1791627210105345952,2026-10-10T18:13:30.106+08:00,2,grab_sea_cucumber,"抓海参：before计数帧=[5, 5, 6]，保守结果=5"
1791627210107348832,1791627210106156736,2026-10-10T18:13:30.107+08:00,2,grab_sea_cucumber,"抓海参：夹爪偏置目标XY=(0.386,-2.235)m，保持z=0.200m、yaw=-85.4°；SET axes=xyzrz"
1791627210107822656,1791627210106878688,2026-10-10T18:13:30.107+08:00,2,grab_sea_cucumber,"发送动作目标：SET，目标=[0.39, -2.24, 0.20, -85.43]，超时=30s，任务上下文=""grab_sea_cucumber task:2步骤-海参夹爪偏置并保持深度航向"""
1791627210119459616,1791627210118646816,2026-10-10T18:13:30.119+08:00,2,grab_sea_cucumber,动作目标已接受，等待执行结果……
1791627213346275808,1791627213344486176,2026-10-10T18:13:33.346+08:00,2,grab_sea_cucumber,动作执行结果：成功
1791627213347286464,1791627213346565824,2026-10-10T18:13:33.347+08:00,2,grab_sea_cucumber,26rb_grab_ball：等待偏置移动稳定 5.0s，随后开始下降
1791627218349733216,1791627218347685856,2026-10-10T18:13:38.349+08:00,2,grab_sea_cucumber,"抓海参：记录下压前XY=(0.3881544768810272, -2.2510218620300293)"
1791627222381095712,1791627222380212768,2026-10-10T18:13:42.381+08:00,2,grab_sea_cucumber,抓海参：离地0.200m，锁定纯开环下压；推力=0.2，持续=1s；不使用DVL XY闭环
1791627223382720704,1791627223381430656,2026-10-10T18:13:43.382+08:00,2,grab_sea_cucumber,抓海参：直接速度上浮，当前z=1.020m，目标z=0.220m，速度上限=0.050m/s；不使用BMOVE位置拉升
1791627223383583776,1791627223382197088,2026-10-10T18:13:43.383+08:00,2,grab_sea_cucumber,抓海参：近底纯推力离底，z=1.020，推力=-0.3；速度不作保证
1791627224392383616,1791627224391439104,2026-10-10T18:13:44.392+08:00,2,grab_sea_cucumber,抓海参：近底纯推力离底，z=1.020，推力=-0.3；速度不作保证
1791627225401479680,1791627225400453440,2026-10-10T18:13:45.401+08:00,2,grab_sea_cucumber,抓海参：近底纯推力离底，z=0.980，推力=-0.3；速度不作保证
1791627226409559552,1791627226408643680,2026-10-10T18:13:46.409+08:00,2,grab_sea_cucumber,抓海参：近底纯推力离底，z=0.960，推力=-0.3；速度不作保证
1791627227419195616,1791627227418126048,2026-10-10T18:13:47.419+08:00,2,grab_sea_cucumber,抓海参：近底纯推力离底，z=0.920，推力=-0.3；速度不作保证
1791627228428078720,1791627228426989376,2026-10-10T18:13:48.428+08:00,2,grab_sea_cucumber,抓海参：近底纯推力离底，z=0.880，推力=-0.3；速度不作保证
1791627228630389888,1791627228629310720,2026-10-10T18:13:48.630+08:00,2,grab_sea_cucumber,抓海参：离地超过开环高度+3cm，恢复慢速上浮速度环
1791627229437094560,1791627229436093856,2026-10-10T18:13:49.437+08:00,2,grab_sea_cucumber,抓海参：上浮z=0.820m，剩余=0.600m，vz=-0.0500m/s
1791627230447791424,1791627230446687328,2026-10-10T18:13:50.447+08:00,2,grab_sea_cucumber,抓海参：上浮z=0.760m，剩余=0.540m，vz=-0.0500m/s
1791627231458186464,1791627231457250304,2026-10-10T18:13:51.458+08:00,2,grab_sea_cucumber,抓海参：上浮z=0.710m，剩余=0.490m，vz=-0.0490m/s
1791627232467264000,1791627232466197824,2026-10-10T18:13:52.467+08:00,2,grab_sea_cucumber,抓海参：上浮z=0.650m，剩余=0.430m，vz=-0.0430m/s
1791627233475436352,1791627233474524864,2026-10-10T18:13:53.475+08:00,2,grab_sea_cucumber,抓海参：上浮z=0.580m，剩余=0.360m，vz=-0.0360m/s
1791627263351550976,1791627263349228768,2026-10-10T18:14:23.351+08:00,2,grab_sea_cucumber,启动配置：MCU原点重置=True，心跳发布器已创建=True，频率=15Hz，arm_mode=1；等待START成功后才发送心跳
1791627265375472416,1791627265374394048,2026-10-10T18:14:25.375+08:00,2,grab_sea_cucumber,比赛目标元数据：turntable
1791627265406396288,1791627265405085920,2026-10-10T18:14:25.406+08:00,2,grab_sea_cucumber,TaskRunner 节点已启动
1791627265407978080,1791627265405814272,2026-10-10T18:14:25.407+08:00,2,grab_sea_cucumber,调试模式：False
1791627265428994912,1791627265427830816,2026-10-10T18:14:25.428+08:00,2,grab_sea_cucumber,已从 /home/nvidia/YouLong_AUV_Control_System/workspace_auv/src/uv_task/config/missions/grab_sea_cucumber.yaml 加载 2 个任务
1791627265431257728,1791627265430351232,2026-10-10T18:14:25.431+08:00,3,grab_sea_cucumber,=== 任务列表开始执行（共 2 个任务）===
1791627265432572416,1791627265431942336,2026-10-10T18:14:25.432+08:00,3,,已自动启动任务列表（共 2 个任务）
1791627265435294368,1791627265434288672,2026-10-10T18:14:25.435+08:00,3,start,"[1/2] start 参数={'skip_preparation': True} | 指令位姿=(0.00, 0.00, 0.00, 0.0°)"
1791627265436369728,1791627265434980160,2026-10-10T18:14:25.436+08:00,3,start,仿真/自动任务：跳过拔缆倒计时，立即初始化里程计原点
1791627265436870016,1791627265435758560,2026-10-10T18:14:25.436+08:00,3,start,💡 灯光已关闭
1791627265437198816,1791627265436429888,2026-10-10T18:14:25.437+08:00,3,start,⚙️  舵机1：START置零（抓取位置）（发布angle=0.0°；内部=0.0000 rad，已发指令）
1791627265437760384,1791627265437195040,2026-10-10T18:14:25.437+08:00,3,start,"发送动作目标：START，目标=[0.00, 0.00, 0.00, 0.00]，超时=0s，任务上下文=""start task:1步骤-初始化里程计原点(all)"""
1791627265450004448,1791627265449289120,2026-10-10T18:14:25.450+08:00,3,start,动作目标已接受，等待执行结果……
1791627265516195136,1791627265515932672,2026-10-10T18:14:25.516+08:00,3,start,START[6/6]：PoseInfo已发布，agxhbt心跳已启用；START返回成功，不等待MCU解锁
1791627265523503296,1791627265522837856,2026-10-10T18:14:25.523+08:00,3,start,动作执行结果：成功
1791627265524285984,1791627265523631488,2026-10-10T18:14:25.524+08:00,3,grab_sea_cucumber,"[2/2] grab_sea_cucumber 参数={'sea_cucumber_class_id': 2, 'image_width': 640, 'image_height': 480, 'down_camera_mount_yaw_deg': 180.0, 'expected_count': 5, 'total_timeout_seconds': 365.0, 'max_failed_attempts': 3, 'search_pose': [0.35, -1.75, 0.2, -90.0], 'search_travel_timeout_seconds': 90.0, 'min_confidence': 0.55, 'detection_timeout': 0.8, 'pixel_tolerance_fraction': 0.04, 'target_match_radius_px': 70.0, 'target_lost_wait_seconds': 4.0, 'visual_position_tolerance_m': 0.03, 'visual_motion_settle_seconds': 0.3, 'horizontal_servo_timeout': 30.0, 'horizontal_servo_period': 0.5, 'horizontal_servo_log_period': 0.5, 'horizontal_hold_seconds': 0.5, 'projection_depth_m': 0.8, 'horizontal_servo_gain': 0.5, 'max_horizontal_step_m': 0.08, 'position_command_timeout': 30.0, 'gripper_servo_id': 1, 'gripper_close_wait_seconds': 0.5, 'gripper_offset_x_m': 0.3, 'gripper_offset_y_m': 0.0, 'pickup_servo_angle_deg': 0.0, 'release_servo_angle_deg': 90.0, 'pre_descent_settle_seconds': 5.0, 'servo2_open_angle_deg': 270.0, 'servo2_close_angle_deg': 150.0, 'servo2_front_camera_body_xyz': [0.23, 0.0, 0.076], 'servo2_down_camera_body_xyz': [-0.13, 0.03, 0.0645], 'servo2_gripper_from_front_xyz': [0.05, 0.0, 0.1], 'descent_speed_mps': 0.4, 'descent_duration_seconds': 7.0, 'max_press_distance_m': 2.0, 'descent_publish_period': 0.05, 'ascent_speed_mps': 0.05, 'ascent_publish_period': 0.05, 'ascent_tolerance_m': 0.05, 'count_frames': 3, 'count_timeout_seconds': 20.0, 'drop_pose': [0.3, 0.0, 0.2, 0.0], 'drop_timeout_seconds': 90.0, 'release_wait_seconds': 2.0, 'near_floor_open_loop': True, 'floor_z_m': 1.2, 'bottom_reference_offset_z_m': 0.1, 'open_loop_clearance_m': 0.2, 'press_thrust': 0.2, 'lift_thrust': -0.3, 'press_thrust_seconds': 1.0, 'restore_pre_press_odom_xy': True, 'collection_visual_align': False, 'collection_class_id': 4, 'collection_projection_depth_m': 0.8, 'collection_correct_odom_xy': False, 'collection_center_odom_xy': [0.0, 0.0], 'collection_camera_body_xy': [-0.13, 0.03], 'odom_correction_max_m': 1.0, 'return_timeout': 300.0} | 指令位姿=(0.00, 0.00, 0.00, 0.0°)"
1791627265524767200,1791627265524315360,2026-10-10T18:14:25.524+08:00,3,grab_sea_cucumber,💡 灯光已打开：抓海参执行中（数值=3）
1791627265525980576,1791627265525617856,2026-10-10T18:14:25.525+08:00,3,grab_sea_cucumber,抓海参：选择舵机1圆盘爪，抓0°、放90°，使用原水平补偿
1791627265529013216,1791627265528114112,2026-10-10T18:14:25.529+08:00,3,grab_sea_cucumber,抓海参：下视安装yaw补偿=180°；输入为camera还原后的标定像素，夹爪偏置保持机体系定义
1791627265529467456,1791627265528726944,2026-10-10T18:14:25.529+08:00,3,grab_sea_cucumber,"抓海参：先前往抓取区 (0.350, -1.750)m，扫描目标深度=0.200m，配置航向=-90.0°"
1791627265529795424,1791627265529297376,2026-10-10T18:14:25.529+08:00,3,grab_sea_cucumber,"发送动作目标：WTRAVEL，目标=[0.35, -1.75, 0.20, -90.00]，超时=90s，任务上下文=""grab_sea_cucumber task:2步骤-前往海参抓取区并调整扫描深度"""
1791627265545737408,1791627265541259072,2026-10-10T18:14:25.545+08:00,3,grab_sea_cucumber,动作目标已接受，等待执行结果……
1791627266660708448,1791627266657475616,2026-10-10T18:14:26.660+08:00,3,grab_sea_cucumber,"步进开始: 目标=(-0.00, 0.00, 0.01, -78.6°), 总超时=90s"
1791627269681718976,1791627269680850752,2026-10-10T18:14:29.681+08:00,3,grab_sea_cucumber,"步进开始: 目标=(0.35, -1.75, 0.20, -78.6°), 总超时=87s"
1791627286871828096,1791627286870902720,2026-10-10T18:14:46.871+08:00,3,grab_sea_cucumber,动作执行结果：成功
1791627286872995936,1791627286871735808,2026-10-10T18:14:46.872+08:00,3,grab_sea_cucumber,抓海参：前往海参抓取区并调整扫描深度运输到位，开始水平定位及归向：x=0.350，y=-1.750，yaw=-90.0°
1791627286873520800,1791627286872291104,2026-10-10T18:14:46.873+08:00,3,grab_sea_cucumber,"发送动作目标：SET，目标=[0.35, -1.75, 0.19, -90.00]，超时=69s，任务上下文=""grab_sea_cucumber task:2步骤-前往海参抓取区并调整扫描深度到位归向"""
1791627286884538336,1791627286883823232,2026-10-10T18:14:46.884+08:00,3,grab_sea_cucumber,动作目标已接受，等待执行结果……
1791627288098739136,1791627288097747296,2026-10-10T18:14:48.098+08:00,3,grab_sea_cucumber,动作执行结果：成功
1791627288099439648,1791627288098504352,2026-10-10T18:14:48.099+08:00,3,grab_sea_cucumber,抓海参：前往海参抓取区并调整扫描深度位置及航向已确认
1791627288099782720,1791627288099290368,2026-10-10T18:14:48.099+08:00,3,grab_sea_cucumber,⚙️  舵机1：海参抓取准备（发布angle=0.0°；内部=0.0000 rad，已发指令）
1791627288100175200,1791627288099830528,2026-10-10T18:14:48.100+08:00,3,grab_sea_cucumber,抓海参：海参水平对准固定z=0.190m、yaw=-85.2°，SET axes=xyzrz；下视像素竖向误差只修正水平位置，不用于升沉；z正方向向下
1791627288122899296,1791627288121950464,2026-10-10T18:14:48.122+08:00,3,grab_sea_cucumber,抓海参：等待视觉微调实测到位，XY误差=0.005m/0.030m，z误差=+0.000m，yaw误差=0.2°
1791627288626495200,1791627288625548288,2026-10-10T18:14:48.626+08:00,3,grab_sea_cucumber,抓海参：等待视觉微调实测到位，XY误差=0.060m/0.030m，z误差=-0.010m，yaw误差=0.6°
1791627289129204192,1791627289128120800,2026-10-10T18:14:49.129+08:00,3,grab_sea_cucumber,抓海参：等待视觉微调实测到位，XY误差=0.084m/0.030m，z误差=+0.000m，yaw误差=0.3°
1791627289632317248,1791627289630985696,2026-10-10T18:14:49.632+08:00,3,grab_sea_cucumber,抓海参：等待视觉微调实测到位，XY误差=0.089m/0.030m，z误差=+0.010m，yaw误差=0.9°
1791627290135350336,1791627290134219040,2026-10-10T18:14:50.135+08:00,3,grab_sea_cucumber,抓海参：等待视觉微调实测到位，XY误差=0.101m/0.030m，z误差=+0.010m，yaw误差=2.4°
1791627290638933664,1791627290637572896,2026-10-10T18:14:50.638+08:00,3,grab_sea_cucumber,抓海参：等待视觉微调实测到位，XY误差=0.114m/0.030m，z误差=+0.010m，yaw误差=2.3°
1791627291141731040,1791627291140481824,2026-10-10T18:14:51.141+08:00,3,grab_sea_cucumber,抓海参：等待视觉微调实测到位，XY误差=0.119m/0.030m，z误差=+0.010m，yaw误差=1.5°
1791627291644486592,1791627291642993248,2026-10-10T18:14:51.644+08:00,3,grab_sea_cucumber,抓海参：等待视觉微调实测到位，XY误差=0.127m/0.030m，z误差=+0.020m，yaw误差=1.1°
1791627292147727200,1791627292146413952,2026-10-10T18:14:52.147+08:00,3,grab_sea_cucumber,抓海参：等待视觉微调实测到位，XY误差=0.115m/0.030m，z误差=+0.020m，yaw误差=1.1°
1791627292650287360,1791627292649261856,2026-10-10T18:14:52.650+08:00,3,grab_sea_cucumber,抓海参：等待视觉微调实测到位，XY误差=0.112m/0.030m，z误差=+0.010m，yaw误差=1.3°
1791627293153213344,1791627293152001088,2026-10-10T18:14:53.153+08:00,3,grab_sea_cucumber,抓海参：等待视觉微调实测到位，XY误差=0.105m/0.030m，z误差=+0.010m，yaw误差=2.6°
1791627293657171680,1791627293655973344,2026-10-10T18:14:53.657+08:00,3,grab_sea_cucumber,抓海参：等待视觉微调实测到位，XY误差=0.098m/0.030m，z误差=+0.020m，yaw误差=2.4°
1791627294160636192,1791627294159575424,2026-10-10T18:14:54.160+08:00,3,grab_sea_cucumber,抓海参：等待视觉微调实测到位，XY误差=0.091m/0.030m，z误差=+0.010m，yaw误差=2.6°
1791627294663228352,1791627294662167264,2026-10-10T18:14:54.663+08:00,3,grab_sea_cucumber,抓海参：等待视觉微调实测到位，XY误差=0.080m/0.030m，z误差=+0.010m，yaw误差=2.3°
1791627295165940864,1791627295164961792,2026-10-10T18:14:55.165+08:00,3,grab_sea_cucumber,抓海参：等待视觉微调实测到位，XY误差=0.066m/0.030m，z误差=+0.020m，yaw误差=1.9°
1791627295668884352,1791627295667767104,2026-10-10T18:14:55.668+08:00,3,grab_sea_cucumber,抓海参：等待视觉微调实测到位，XY误差=0.047m/0.030m，z误差=+0.020m，yaw误差=1.6°
1791627296172671776,1791627296171680768,2026-10-10T18:14:56.172+08:00,3,grab_sea_cucumber,抓海参：等待视觉微调实测到位，XY误差=0.029m/0.030m，z误差=+0.020m，yaw误差=1.5°
1791627296474800128,1791627296473752768,2026-10-10T18:14:56.474+08:00,3,grab_sea_cucumber,抓海参：等待锁定目标；原因=等待动作稳定后收到的新帧，不切换其他目标
1791627296977308704,1791627296975631456,2026-10-10T18:14:56.977+08:00,3,grab_sea_cucumber,"抓海参：锁定目标像素=(260.0,345.0)，误差=(-0.1373,+0.1549)，机体步长=(+0.060,+0.053)m，世界步长=(+0.059,-0.054)m"
1791627297001557152,1791627296998837632,2026-10-10T18:14:57.001+08:00,3,grab_sea_cucumber,抓海参：等待视觉微调实测到位，XY误差=0.081m/0.030m，z误差=+0.020m，yaw误差=1.1°
1791627297503253472,1791627297502258112,2026-10-10T18:14:57.503+08:00,3,grab_sea_cucumber,抓海参：等待视觉微调实测到位，XY误差=0.086m/0.030m，z误差=+0.030m，yaw误差=0.8°
1791627298007245600,1791627298006271744,2026-10-10T18:14:58.007+08:00,3,grab_sea_cucumber,抓海参：等待视觉微调实测到位，XY误差=0.066m/0.030m，z误差=+0.020m，yaw误差=0.3°
1791627298509871136,1791627298508815392,2026-10-10T18:14:58.509+08:00,3,grab_sea_cucumber,抓海参：等待视觉微调实测到位，XY误差=0.044m/0.030m，z误差=+0.000m，yaw误差=0.3°
1791627299014545568,1791627299013435904,2026-10-10T18:14:59.014+08:00,3,grab_sea_cucumber,抓海参：等待视觉微调实测到位，XY误差=0.018m/0.030m，z误差=+0.010m，yaw误差=0.3°
1791627299567599648,1791627299566601888,2026-10-10T18:14:59.567+08:00,3,grab_sea_cucumber,"抓海参：锁定目标像素=(282.0,303.0)，误差=(-0.0993,+0.0823)，机体步长=(+0.033,+0.040)m，世界步长=(+0.042,-0.029)m"
1791627299589896672,1791627299588961792,2026-10-10T18:14:59.589+08:00,3,grab_sea_cucumber,抓海参：等待视觉微调实测到位，XY误差=0.051m/0.026m，z误差=+0.020m，yaw误差=0.2°
1791627300093922112,1791627300092825888,2026-10-10T18:15:00.093+08:00,3,grab_sea_cucumber,抓海参：等待视觉微调实测到位，XY误差=0.035m/0.026m，z误差=+0.010m，yaw误差=0.2°
1791627301047506752,1791627301046392096,2026-10-10T18:15:01.047+08:00,3,grab_sea_cucumber,"抓海参：锁定目标像素=(338.0,287.0)，误差=(-0.0027,+0.0547)，机体步长=(+0.022,+0.001)m，世界步长=(+0.003,-0.022)m"
1791627301081135200,1791627301079719168,2026-10-10T18:15:01.081+08:00,3,grab_sea_cucumber,抓海参：等待视觉微调实测到位，XY误差=0.021m/0.011m，z误差=-0.010m，yaw误差=0.4°
1791627301583375072,1791627301582444672,2026-10-10T18:15:01.583+08:00,3,grab_sea_cucumber,抓海参：等待视觉微调实测到位，XY误差=0.012m/0.011m，z误差=+0.000m，yaw误差=0.3°
1791627302436669472,1791627302435645152,2026-10-10T18:15:02.436+08:00,3,grab_sea_cucumber,"抓海参：锁定目标像素=(318.5,261.0)，误差=(-0.0363,+0.0098)，机体步长=(+0.004,+0.015)m，世界步长=(+0.015,-0.003)m"
1791627302938595936,1791627302937502272,2026-10-10T18:15:02.938+08:00,3,grab_sea_cucumber,"抓海参：锁定目标像素=(325.5,261.0)，误差=(-0.0243,+0.0098)，机体步长=(+0.004,+0.010)m，世界步长=(+0.010,-0.003)m"
1791627302939242432,1791627302938205280,2026-10-10T18:15:02.939+08:00,3,grab_sea_cucumber,"抓海参：海参视觉居中通过，误差=(-0.0243,+0.0098)，容差=0.04"
1791627303341432128,1791627303340208704,2026-10-10T18:15:03.341+08:00,3,grab_sea_cucumber,"抓海参：before计数帧=[7, 6, 7]，保守结果=6"
1791627303342166528,1791627303340961088,2026-10-10T18:15:03.342+08:00,3,grab_sea_cucumber,"抓海参：夹爪偏置目标XY=(0.486,-2.254)m，保持z=0.190m、yaw=-85.2°；SET axes=xyzrz"
1791627303342573376,1791627303341567584,2026-10-10T18:15:03.342+08:00,3,grab_sea_cucumber,"发送动作目标：SET，目标=[0.49, -2.25, 0.19, -85.19]，超时=30s，任务上下文=""grab_sea_cucumber task:2步骤-海参夹爪偏置并保持深度航向"""
1791627303355143168,1791627303353555616,2026-10-10T18:15:03.355+08:00,3,grab_sea_cucumber,动作目标已接受，等待执行结果……
1791627306686772192,1791627306685582592,2026-10-10T18:15:06.686+08:00,3,grab_sea_cucumber,动作执行结果：成功
1791627306688916864,1791627306688232768,2026-10-10T18:15:06.688+08:00,3,grab_sea_cucumber,26rb_grab_ball：等待偏置移动稳定 5.0s，随后开始下降
1791627311690638048,1791627311689333696,2026-10-10T18:15:11.690+08:00,3,grab_sea_cucumber,"抓海参：记录下压前XY=(0.4874139726161957, -2.26159405708313)"
1791627315821754336,1791627315820697376,2026-10-10T18:15:15.821+08:00,3,grab_sea_cucumber,抓海参：离地0.190m，锁定纯开环下压；推力=0.2，持续=1s；不使用DVL XY闭环
1791627316822903456,1791627316821954336,2026-10-10T18:15:16.822+08:00,3,grab_sea_cucumber,抓海参：直接速度上浮，当前z=1.100m，目标z=0.180m，速度上限=0.050m/s；不使用BMOVE位置拉升
1791627316823503264,1791627316822670400,2026-10-10T18:15:16.823+08:00,3,grab_sea_cucumber,抓海参：近底纯推力离底，z=1.100，推力=-0.3；速度不作保证
1791627317832803456,1791627317831241728,2026-10-10T18:15:17.832+08:00,3,grab_sea_cucumber,抓海参：近底纯推力离底，z=1.080，推力=-0.3；速度不作保证
1791627318841364672,1791627318840393696,2026-10-10T18:15:18.841+08:00,3,grab_sea_cucumber,抓海参：近底纯推力离底，z=1.060，推力=-0.3；速度不作保证
1791627319850106528,1791627319848994880,2026-10-10T18:15:19.850+08:00,3,grab_sea_cucumber,抓海参：近底纯推力离底，z=1.040，推力=-0.3；速度不作保证
1791627320859392672,1791627320858614816,2026-10-10T18:15:20.859+08:00,3,grab_sea_cucumber,抓海参：近底纯推力离底，z=1.010，推力=-0.3；速度不作保证
1791627321868399968,1791627321866671200,2026-10-10T18:15:21.868+08:00,3,grab_sea_cucumber,抓海参：近底纯推力离底，z=0.980，推力=-0.3；速度不作保证
1791627322877262688,1791627322876153120,2026-10-10T18:15:22.877+08:00,3,grab_sea_cucumber,抓海参：近底纯推力离底，z=0.920，推力=-0.3；速度不作保证
1791627323786210304,1791627323785104576,2026-10-10T18:15:23.786+08:00,3,grab_sea_cucumber,抓海参：离地超过开环高度+3cm，恢复慢速上浮速度环
1791627323889540000,1791627323888221440,2026-10-10T18:15:23.889+08:00,3,grab_sea_cucumber,抓海参：上浮z=0.860m，剩余=0.680m，vz=-0.0500m/s
1791627324897703456,1791627324896628064,2026-10-10T18:15:24.897+08:00,3,grab_sea_cucumber,抓海参：上浮z=0.790m，剩余=0.610m，vz=-0.0500m/s
1791627325907132480,1791627325906180384,2026-10-10T18:15:25.907+08:00,3,grab_sea_cucumber,抓海参：上浮z=0.730m，剩余=0.550m，vz=-0.0500m/s
1791627326915602944,1791627326914398400,2026-10-10T18:15:26.915+08:00,3,grab_sea_cucumber,抓海参：上浮z=0.650m，剩余=0.470m，vz=-0.0470m/s
1791627327924824928,1791627327923585984,2026-10-10T18:15:27.924+08:00,3,grab_sea_cucumber,抓海参：上浮z=0.580m，剩余=0.400m，vz=-0.0400m/s
1791627328933995776,1791627328932213408,2026-10-10T18:15:28.933+08:00,3,grab_sea_cucumber,抓海参：上浮z=0.510m，剩余=0.330m，vz=-0.0330m/s
1791627329943379008,1791627329942396608,2026-10-10T18:15:29.943+08:00,3,grab_sea_cucumber,抓海参：上浮z=0.440m，剩余=0.260m，vz=-0.0260m/s
1791627330955874752,1791627330955065024,2026-10-10T18:15:30.955+08:00,3,grab_sea_cucumber,抓海参：上浮z=0.360m，剩余=0.180m，vz=-0.0180m/s
1791627331967032416,1791627331964186560,2026-10-10T18:15:31.967+08:00,3,grab_sea_cucumber,抓海参：上浮z=0.290m，剩余=0.110m，vz=-0.0110m/s
1791627332978234720,1791627332977336448,2026-10-10T18:15:32.978+08:00,3,grab_sea_cucumber,抓海参：上浮z=0.240m，剩余=0.060m，vz=-0.0060m/s
1791627333230764640,1791627333229908864,2026-10-10T18:15:33.230+08:00,3,grab_sea_cucumber,抓海参：速度上浮到位，实测z=0.220m；不向下纠偏
1791627333231410816,1791627333230708256,2026-10-10T18:15:33.231+08:00,3,grab_sea_cucumber,"抓海参：离底后XY变化=(-0.035,+0.165)m；默认按真实位移回位，不盲改DVL"
1791627333234257600,1791627333233708736,2026-10-10T18:15:33.234+08:00,3,grab_sea_cucumber,"任务odom平移修正=(+0.035,-0.165)m；MCU原始DVL未改写"
1791627333252925152,1791627333251903040,2026-10-10T18:15:33.252+08:00,3,grab_sea_cucumber,"抓海参：下压前XY锚点（假定无真实水平漂移）：任务odom平移修正=(+0.035,-0.165)m；MCU原始DVL未改写"
1791627333254114848,1791627333252646080,2026-10-10T18:15:33.254+08:00,3,grab_sea_cucumber,"发送动作目标：SET，目标=[0.46, -1.95, 0.22, -85.09]，超时=284s，任务上下文=""grab_sea_cucumber task:2步骤-抓海参后水平回位"""
1791627333265337600,1791627333264645664,2026-10-10T18:15:33.265+08:00,3,grab_sea_cucumber,动作目标已接受，等待执行结果……
1791627337897339264,1791627337896371712,2026-10-10T18:15:37.897+08:00,3,grab_sea_cucumber,动作执行结果：成功
1791627338399521376,1791627338398565728,2026-10-10T18:15:38.399+08:00,3,grab_sea_cucumber,"抓海参：after计数帧=[7, 7, 7]，保守结果=7"
1791627338400219840,1791627338399280448,2026-10-10T18:15:38.400+08:00,3,grab_sea_cucumber,抓海参：数量未减少（6→7），重试 1/3
1791627338400773856,1791627338400380448,2026-10-10T18:15:38.400+08:00,3,grab_sea_cucumber,⚙️  舵机1：海参抓取准备（发布angle=0.0°；内部=0.0000 rad，已发指令）
1791627338401235584,1791627338400924288,2026-10-10T18:15:38.401+08:00,3,grab_sea_cucumber,抓海参：海参水平对准固定z=0.240m、yaw=-85.0°，SET axes=xyzrz；下视像素竖向误差只修正水平位置，不用于升沉；z正方向向下
1791627338424082240,1791627338422987968,2026-10-10T18:15:38.424+08:00,3,grab_sea_cucumber,抓海参：等待视觉微调实测到位，XY误差=0.003m/0.030m，z误差=+0.010m，yaw误差=0.0°
1791627338726169888,1791627338725096192,2026-10-10T18:15:38.726+08:00,3,grab_sea_cucumber,抓海参：等待锁定目标；原因=等待动作稳定后收到的新帧，不切换其他目标
1791627339227926528,1791627339226837504,2026-10-10T18:15:39.227+08:00,3,grab_sea_cucumber,"抓海参：锁定目标像素=(287.0,354.0)，误差=(-0.0907,+0.1704)，机体步长=(+0.068,+0.036)m，世界步长=(+0.042,-0.065)m"
1791627339250171264,1791627339249240192,2026-10-10T18:15:39.250+08:00,3,grab_sea_cucumber,抓海参：等待视觉微调实测到位，XY误差=0.077m/0.030m，z误差=+0.010m，yaw误差=0.2°
1791627339753155968,1791627339751950304,2026-10-10T18:15:39.753+08:00,3,grab_sea_cucumber,抓海参：等待视觉微调实测到位，XY误差=0.073m/0.030m，z误差=+0.020m，yaw误差=0.4°
1791627340256073120,1791627340254978496,2026-10-10T18:15:40.256+08:00,3,grab_sea_cucumber,抓海参：等待视觉微调实测到位，XY误差=0.046m/0.030m，z误差=+0.010m，yaw误差=0.5°
1791627340759860928,1791627340757630720,2026-10-10T18:15:40.759+08:00,3,grab_sea_cucumber,抓海参：等待视觉微调实测到位，XY误差=0.022m/0.030m，z误差=+0.010m，yaw误差=0.6°
1791627341411380576,1791627341410309184,2026-10-10T18:15:41.411+08:00,3,grab_sea_cucumber,"抓海参：锁定目标像素=(306.0,302.0)，误差=(-0.0579,+0.0806)，机体步长=(+0.032,+0.023)m，世界步长=(+0.026,-0.030)m"
1791627341433649472,1791627341432552000,2026-10-10T18:15:41.433+08:00,3,grab_sea_cucumber,抓海参：等待视觉微调实测到位，XY误差=0.039m/0.020m，z误差=+0.020m，yaw误差=0.4°
1791627341937223552,1791627341935536416,2026-10-10T18:15:41.937+08:00,3,grab_sea_cucumber,抓海参：等待视觉微调实测到位，XY误差=0.038m/0.020m，z误差=+0.020m，yaw误差=0.4°
1791627373988777856,1791627373987957312,2026-10-10T18:16:13.988+08:00,3,grab_sea_cucumber,启动配置：MCU原点重置=True，心跳发布器已创建=True，频率=15Hz，arm_mode=1；等待START成功后才发送心跳
1791627375030613632,1791627375029875264,2026-10-10T18:16:15.030+08:00,3,grab_sea_cucumber,比赛目标元数据：turntable
1791627375053926784,1791627375052901344,2026-10-10T18:16:15.053+08:00,3,grab_sea_cucumber,TaskRunner 节点已启动
1791627375054635840,1791627375053621824,2026-10-10T18:16:15.054+08:00,3,grab_sea_cucumber,调试模式：False
1791627375076331328,1791627375075315072,2026-10-10T18:16:15.076+08:00,3,grab_sea_cucumber,已从 /home/nvidia/YouLong_AUV_Control_System/workspace_auv/src/uv_task/config/missions/grab_sea_cucumber.yaml 加载 2 个任务
1791627375077240768,1791627375076806368,2026-10-10T18:16:15.077+08:00,3,grab_sea_cucumber,已自动启动任务列表（共 2 个任务）
1791627375079662400,1791627375079106656,2026-10-10T18:16:15.079+08:00,4,grab_sea_cucumber,=== 任务列表开始执行（共 2 个任务）===
1791627375080272704,1791627375079866912,2026-10-10T18:16:15.080+08:00,4,start,"[1/2] start 参数={'skip_preparation': True} | 指令位姿=(0.00, 0.00, 0.00, 0.0°)"
1791627375080710976,1791627375080406560,2026-10-10T18:16:15.080+08:00,4,start,仿真/自动任务：跳过拔缆倒计时，立即初始化里程计原点
1791627375081431232,1791627375081046400,2026-10-10T18:16:15.081+08:00,4,start,💡 灯光已关闭
1791627375082994944,1791627375081713600,2026-10-10T18:16:15.082+08:00,4,start,⚙️  舵机1：START置零（抓取位置）（发布angle=0.0°；内部=0.0000 rad，已发指令）
1791627375083650240,1791627375082262016,2026-10-10T18:16:15.083+08:00,4,start,"发送动作目标：START，目标=[0.00, 0.00, 0.00, 0.00]，超时=0s，任务上下文=""start task:1步骤-初始化里程计原点(all)"""
1791627375094975904,1791627375094413888,2026-10-10T18:16:15.094+08:00,4,start,动作目标已接受，等待执行结果……
1791627377186666304,1791627377185611840,2026-10-10T18:16:17.186+08:00,4,start,START[6/6]：PoseInfo已发布，agxhbt心跳已启用；START返回成功，不等待MCU解锁
1791627377195433952,1791627377194710912,2026-10-10T18:16:17.195+08:00,4,start,动作执行结果：成功
1791627377197606944,1791627377196454912,2026-10-10T18:16:17.197+08:00,4,grab_sea_cucumber,"[2/2] grab_sea_cucumber 参数={'sea_cucumber_class_id': 2, 'image_width': 640, 'image_height': 480, 'down_camera_mount_yaw_deg': 180.0, 'expected_count': 5, 'total_timeout_seconds': 365.0, 'max_failed_attempts': 3, 'search_pose': [0.35, -1.75, 0.2, -90.0], 'search_travel_timeout_seconds': 90.0, 'min_confidence': 0.55, 'detection_timeout': 0.8, 'pixel_tolerance_fraction': 0.04, 'target_match_radius_px': 70.0, 'target_lost_wait_seconds': 4.0, 'visual_position_tolerance_m': 0.03, 'visual_motion_settle_seconds': 0.3, 'horizontal_servo_timeout': 30.0, 'horizontal_servo_period': 0.5, 'horizontal_servo_log_period': 0.5, 'horizontal_hold_seconds': 0.5, 'projection_depth_m': 0.8, 'horizontal_servo_gain': 0.5, 'max_horizontal_step_m': 0.08, 'position_command_timeout': 30.0, 'gripper_servo_id': 1, 'gripper_close_wait_seconds': 0.5, 'gripper_offset_x_m': 0.3, 'gripper_offset_y_m': 0.04, 'pickup_servo_angle_deg': 0.0, 'release_servo_angle_deg': 90.0, 'pre_descent_settle_seconds': 5.0, 'servo2_open_angle_deg': 270.0, 'servo2_close_angle_deg': 150.0, 'servo2_front_camera_body_xyz': [0.23, 0.0, 0.076], 'servo2_down_camera_body_xyz': [-0.13, 0.03, 0.0645], 'servo2_gripper_from_front_xyz': [0.05, 0.0, 0.1], 'descent_speed_mps': 0.4, 'descent_duration_seconds': 7.0, 'max_press_distance_m': 2.0, 'descent_publish_period': 0.05, 'ascent_speed_mps': 0.05, 'ascent_publish_period': 0.05, 'ascent_tolerance_m': 0.05, 'count_frames': 3, 'count_timeout_seconds': 20.0, 'drop_pose': [0.3, 0.0, 0.2, 0.0], 'drop_timeout_seconds': 90.0, 'release_wait_seconds': 2.0, 'near_floor_open_loop': True, 'floor_z_m': 1.2, 'bottom_reference_offset_z_m': 0.1, 'open_loop_clearance_m': 0.2, 'press_thrust': 0.2, 'lift_thrust': -0.3, 'press_thrust_seconds': 1.0, 'restore_pre_press_odom_xy': True, 'collection_visual_align': False, 'collection_class_id': 4, 'collection_projection_depth_m': 0.8, 'collection_correct_odom_xy': False, 'collection_center_odom_xy': [0.0, 0.0], 'collection_camera_body_xy': [-0.13, 0.03], 'odom_correction_max_m': 1.0, 'return_timeout': 300.0} | 指令位姿=(0.00, 0.00, 0.00, 0.0°)"
1791627377198205600,1791627377197181888,2026-10-10T18:16:17.198+08:00,4,grab_sea_cucumber,💡 灯光已打开：抓海参执行中（数值=3）
1791627377198969376,1791627377198568800,2026-10-10T18:16:17.198+08:00,4,grab_sea_cucumber,抓海参：选择舵机1圆盘爪，抓0°、放90°，使用原水平补偿
1791627377201322944,1791627377200688864,2026-10-10T18:16:17.201+08:00,4,grab_sea_cucumber,抓海参：下视安装yaw补偿=180°；输入为camera还原后的标定像素，夹爪偏置保持机体系定义
1791627377202036576,1791627377201316448,2026-10-10T18:16:17.202+08:00,4,grab_sea_cucumber,"抓海参：先前往抓取区 (0.350, -1.750)m，扫描目标深度=0.200m，配置航向=-90.0°"
1791627377202660256,1791627377201913376,2026-10-10T18:16:17.202+08:00,4,grab_sea_cucumber,"发送动作目标：WTRAVEL，目标=[0.35, -1.75, 0.20, -90.00]，超时=90s，任务上下文=""grab_sea_cucumber task:2步骤-前往海参抓取区并调整扫描深度"""
1791627377214259808,1791627377213655200,2026-10-10T18:16:17.214+08:00,4,grab_sea_cucumber,动作目标已接受，等待执行结果……
1791627378334509632,1791627378331866464,2026-10-10T18:16:18.334+08:00,4,grab_sea_cucumber,"步进开始: 目标=(0.00, -0.00, -0.01, -78.8°), 总超时=90s"
1791627381354445472,1791627381352162208,2026-10-10T18:16:21.354+08:00,4,grab_sea_cucumber,"步进开始: 目标=(0.35, -1.75, 0.20, -78.8°), 总超时=87s"
1791627398540269344,1791627398538423168,2026-10-10T18:16:38.540+08:00,4,grab_sea_cucumber,动作执行结果：成功
1791627398541731456,1791627398540579776,2026-10-10T18:16:38.541+08:00,4,grab_sea_cucumber,抓海参：前往海参抓取区并调整扫描深度运输到位，开始水平定位及归向：x=0.350，y=-1.750，yaw=-90.0°
1791627398542733984,1791627398541310656,2026-10-10T18:16:38.542+08:00,4,grab_sea_cucumber,"发送动作目标：SET，目标=[0.35, -1.75, 0.20, -90.00]，超时=69s，任务上下文=""grab_sea_cucumber task:2步骤-前往海参抓取区并调整扫描深度到位归向"""
1791627398555136736,1791627398554365440,2026-10-10T18:16:38.555+08:00,4,grab_sea_cucumber,动作目标已接受，等待执行结果……
1791627399868617312,1791627399867692608,2026-10-10T18:16:39.868+08:00,4,grab_sea_cucumber,动作执行结果：成功
1791627399869196032,1791627399868396096,2026-10-10T18:16:39.869+08:00,4,grab_sea_cucumber,抓海参：前往海参抓取区并调整扫描深度位置及航向已确认
1791627399869503168,1791627399869104992,2026-10-10T18:16:39.869+08:00,4,grab_sea_cucumber,⚙️  舵机1：海参抓取准备（发布angle=0.0°；内部=0.0000 rad，已发指令）
1791627399869913952,1791627399869616320,2026-10-10T18:16:39.869+08:00,4,grab_sea_cucumber,抓海参：海参水平对准固定z=0.200m、yaw=-85.0°，SET axes=xyzrz；下视像素竖向误差只修正水平位置，不用于升沉；z正方向向下
1791627399892925664,1791627399891758016,2026-10-10T18:16:39.892+08:00,4,grab_sea_cucumber,抓海参：等待视觉微调实测到位，XY误差=0.000m/0.030m，z误差=+0.000m，yaw误差=0.0°
1791627400196244480,1791627400195146944,2026-10-10T18:16:40.196+08:00,4,grab_sea_cucumber,抓海参：等待锁定目标；原因=等待动作稳定后收到的新帧，不切换其他目标
1791627400697751488,1791627400696895392,2026-10-10T18:16:40.697+08:00,4,grab_sea_cucumber,"抓海参：锁定目标像素=(231.0,290.0)，误差=(-0.1873,+0.0599)，机体步长=(+0.024,+0.075)m，世界步长=(+0.076,-0.019)m"
1791627400721778784,1791627400720657696,2026-10-10T18:16:40.721+08:00,4,grab_sea_cucumber,抓海参：等待视觉微调实测到位，XY误差=0.079m/0.030m，z误差=+0.010m，yaw误差=1.4°
1791627401228502496,1791627401227484736,2026-10-10T18:16:41.228+08:00,4,grab_sea_cucumber,抓海参：等待视觉微调实测到位，XY误差=0.072m/0.030m，z误差=+0.010m，yaw误差=0.9°
1791627401730599968,1791627401729899904,2026-10-10T18:16:41.730+08:00,4,grab_sea_cucumber,抓海参：等待视觉微调实测到位，XY误差=0.029m/0.030m，z误差=+0.020m，yaw误差=0.5°
1791627402233533088,1791627402232544928,2026-10-10T18:16:42.233+08:00,4,grab_sea_cucumber,抓海参：等待视觉微调实测到位，XY误差=0.039m/0.030m，z误差=-0.010m，yaw误差=0.1°
1791627402736724384,1791627402735518208,2026-10-10T18:16:42.736+08:00,4,grab_sea_cucumber,抓海参：等待视觉微调实测到位，XY误差=0.045m/0.030m，z误差=-0.010m，yaw误差=0.0°
1791627403239296320,1791627403238246400,2026-10-10T18:16:43.239+08:00,4,grab_sea_cucumber,抓海参：等待视觉微调实测到位，XY误差=0.042m/0.030m，z误差=+0.020m，yaw误差=0.0°
1791627403741872736,1791627403740882432,2026-10-10T18:16:43.741+08:00,4,grab_sea_cucumber,抓海参：等待视觉微调实测到位，XY误差=0.034m/0.030m，z误差=+0.010m，yaw误差=0.1°
1791627404746954688,1791627404745531712,2026-10-10T18:16:44.746+08:00,4,grab_sea_cucumber,"抓海参：锁定目标像素=(281.0,274.0)，误差=(-0.1010,+0.0322)，机体步长=(+0.013,+0.040)m，世界步长=(+0.041,-0.009)m"
1791627404768548448,1791627404767843040,2026-10-10T18:16:44.768+08:00,4,grab_sea_cucumber,抓海参：等待视觉微调实测到位，XY误差=0.043m/0.021m，z误差=+0.010m，yaw误差=0.2°
1791627405271555200,1791627405270502144,2026-10-10T18:16:45.271+08:00,4,grab_sea_cucumber,抓海参：等待视觉微调实测到位，XY误差=0.045m/0.021m，z误差=+0.030m，yaw误差=1.3°
1791627405774230144,1791627405773183104,2026-10-10T18:16:45.774+08:00,4,grab_sea_cucumber,抓海参：等待视觉微调实测到位，XY误差=0.015m/0.021m，z误差=+0.020m，yaw误差=1.7°
1791627406476843776,1791627406475760096,2026-10-10T18:16:46.476+08:00,4,grab_sea_cucumber,"抓海参：锁定目标像素=(318.5,268.5)，误差=(-0.0363,+0.0227)，机体步长=(+0.009,+0.015)m，世界步长=(+0.015,-0.008)m"
1791627406980872384,1791627406979698304,2026-10-10T18:16:46.980+08:00,4,grab_sea_cucumber,"抓海参：锁定目标像素=(312.0,257.0)，误差=(-0.0476,+0.0029)，机体步长=(+0.001,+0.019)m，世界步长=(+0.019,+0.001)m"
1791627407002941216,1791627407002049376,2026-10-10T18:16:47.002+08:00,4,grab_sea_cucumber,抓海参：等待视觉微调实测到位，XY误差=0.019m/0.010m，z误差=+0.010m，yaw误差=0.1°
1791627407505812928,1791627407504818272,2026-10-10T18:16:47.505+08:00,4,grab_sea_cucumber,抓海参：等待视觉微调实测到位，XY误差=0.018m/0.010m，z误差=+0.020m，yaw误差=0.3°
1791627408010289184,1791627408007517792,2026-10-10T18:16:48.010+08:00,4,grab_sea_cucumber,抓海参：等待视觉微调实测到位，XY误差=0.022m/0.010m，z误差=+0.010m，yaw误差=0.5°
1791627408515291808,1791627408514204736,2026-10-10T18:16:48.515+08:00,4,grab_sea_cucumber,抓海参：等待视觉微调实测到位，XY误差=0.027m/0.010m，z误差=+0.010m，yaw误差=0.4°
1791627409018023008,1791627409016985120,2026-10-10T18:16:49.018+08:00,4,grab_sea_cucumber,抓海参：等待视觉微调实测到位，XY误差=0.026m/0.010m，z误差=+0.010m，yaw误差=0.3°
1791627409521274848,1791627409519715584,2026-10-10T18:16:49.521+08:00,4,grab_sea_cucumber,抓海参：等待视觉微调实测到位，XY误差=0.021m/0.010m，z误差=+0.010m，yaw误差=0.2°
1791627410024522944,1791627410023354816,2026-10-10T18:16:50.024+08:00,4,grab_sea_cucumber,抓海参：等待视觉微调实测到位，XY误差=0.013m/0.010m，z误差=+0.020m，yaw误差=0.2°
1791627410527247488,1791627410525965184,2026-10-10T18:16:50.527+08:00,4,grab_sea_cucumber,抓海参：等待视觉微调实测到位，XY误差=0.009m/0.010m，z误差=+0.010m，yaw误差=0.1°
1791627411281717536,1791627411278835840,2026-10-10T18:16:51.281+08:00,4,grab_sea_cucumber,"抓海参：锁定目标像素=(310.0,253.0)，误差=(-0.0510,-0.0040)，机体步长=(-0.002,+0.020)m，世界步长=(+0.020,+0.003)m"
1791627411303672288,1791627411302550176,2026-10-10T18:16:51.303+08:00,4,grab_sea_cucumber,抓海参：等待视觉微调实测到位，XY误差=0.020m/0.010m，z误差=+0.010m，yaw误差=0.2°
1791627411806635200,1791627411805943840,2026-10-10T18:16:51.806+08:00,4,grab_sea_cucumber,抓海参：等待视觉微调实测到位，XY误差=0.018m/0.010m，z误差=+0.030m，yaw误差=0.2°
1791627412810319840,1791627412809410176,2026-10-10T18:16:52.810+08:00,4,grab_sea_cucumber,"抓海参：锁定目标像素=(336.0,253.0)，误差=(-0.0061,-0.0040)，机体步长=(-0.002,+0.002)m，世界步长=(+0.002,+0.002)m"
1791627413312758144,1791627413311288128,2026-10-10T18:16:53.312+08:00,4,grab_sea_cucumber,"抓海参：锁定目标像素=(326.0,255.0)，误差=(-0.0234,-0.0006)，机体步长=(-0.000,+0.009)m，世界步长=(+0.009,+0.001)m"
1791627413313586592,1791627413312445440,2026-10-10T18:16:53.313+08:00,4,grab_sea_cucumber,"抓海参：海参视觉居中通过，误差=(-0.0234,-0.0006)，容差=0.04"
1791627413815883296,1791627413814876384,2026-10-10T18:16:53.815+08:00,4,grab_sea_cucumber,"抓海参：before计数帧=[8, 7, 8]，保守结果=7"
1791627413817738560,1791627413816076032,2026-10-10T18:16:53.817+08:00,4,grab_sea_cucumber,"抓海参：夹爪偏置目标XY=(0.596,-2.199)m，保持z=0.200m、yaw=-85.0°；SET axes=xyzrz"
1791627413818189952,1791627413816674848,2026-10-10T18:16:53.818+08:00,4,grab_sea_cucumber,"发送动作目标：SET，目标=[0.60, -2.20, 0.20, -85.03]，超时=30s，任务上下文=""grab_sea_cucumber task:2步骤-海参夹爪偏置并保持深度航向"""
1791627413830445568,1791627413828232000,2026-10-10T18:16:53.830+08:00,4,grab_sea_cucumber,动作目标已接受，等待执行结果……
1791627416953581888,1791627416952543040,2026-10-10T18:16:56.953+08:00,4,grab_sea_cucumber,动作执行结果：成功
1791627416954579360,1791627416953770432,2026-10-10T18:16:56.954+08:00,4,grab_sea_cucumber,26rb_grab_ball：等待偏置移动稳定 5.0s，随后开始下降
1791627422204181632,1791627421954859552,2026-10-10T18:17:02.204+08:00,4,grab_sea_cucumber,"抓海参：记录下压前XY=(0.5977708697319031, -2.2140555381774902)"
1791627426039956032,1791627426037593440,2026-10-10T18:17:06.039+08:00,4,grab_sea_cucumber,抓海参：离地0.190m，锁定纯开环下压；推力=0.2，持续=1s；不使用DVL XY闭环
1791627427040603488,1791627427039633568,2026-10-10T18:17:07.040+08:00,4,grab_sea_cucumber,抓海参：直接速度上浮，当前z=1.100m，目标z=0.210m，速度上限=0.050m/s；不使用BMOVE位置拉升
1791627427041376448,1791627427040717504,2026-10-10T18:17:07.041+08:00,4,grab_sea_cucumber,抓海参：近底纯推力离底，z=1.100，推力=-0.3；速度不作保证
1791627428050716224,1791627428049236064,2026-10-10T18:17:08.050+08:00,4,grab_sea_cucumber,抓海参：近底纯推力离底，z=1.070，推力=-0.3；速度不作保证
1791627429059553280,1791627429058388416,2026-10-10T18:17:09.059+08:00,4,grab_sea_cucumber,抓海参：近底纯推力离底，z=1.050，推力=-0.3；速度不作保证
1791627430069207808,1791627430068557152,2026-10-10T18:17:10.069+08:00,4,grab_sea_cucumber,抓海参：近底纯推力离底，z=1.020，推力=-0.3；速度不作保证
1791627431079871040,1791627431078640256,2026-10-10T18:17:11.079+08:00,4,grab_sea_cucumber,抓海参：近底纯推力离底，z=1.000，推力=-0.3；速度不作保证
1791627432087617120,1791627432086566944,2026-10-10T18:17:12.087+08:00,4,grab_sea_cucumber,抓海参：近底纯推力离底，z=0.960，推力=-0.3；速度不作保证
1791627433095768832,1791627433094772896,2026-10-10T18:17:13.095+08:00,4,grab_sea_cucumber,抓海参：近底纯推力离底，z=0.910，推力=-0.3；速度不作保证
1791627433851532000,1791627433850622304,2026-10-10T18:17:13.851+08:00,4,grab_sea_cucumber,抓海参：离地超过开环高度+3cm，恢复慢速上浮速度环
1791627434104761024,1791627434103481920,2026-10-10T18:17:14.104+08:00,4,grab_sea_cucumber,抓海参：上浮z=0.840m，剩余=0.630m，vz=-0.0500m/s
1791627435115982976,1791627435114289280,2026-10-10T18:17:15.115+08:00,4,grab_sea_cucumber,抓海参：上浮z=0.780m，剩余=0.570m，vz=-0.0500m/s
1791627436124088352,1791627436123169568,2026-10-10T18:17:16.124+08:00,4,grab_sea_cucumber,抓海参：上浮z=0.720m，剩余=0.510m，vz=-0.0500m/s
1791627437134049056,1791627437132069312,2026-10-10T18:17:17.134+08:00,4,grab_sea_cucumber,抓海参：上浮z=0.650m，剩余=0.440m，vz=-0.0440m/s
1791627438143154656,1791627438142080512,2026-10-10T18:17:18.143+08:00,4,grab_sea_cucumber,抓海参：上浮z=0.590m，剩余=0.380m，vz=-0.0380m/s
1791627439151476160,1791627439150464800,2026-10-10T18:17:19.151+08:00,4,grab_sea_cucumber,抓海参：上浮z=0.520m，剩余=0.310m，vz=-0.0310m/s
1791627440161160992,1791627440158311232,2026-10-10T18:17:20.161+08:00,4,grab_sea_cucumber,抓海参：上浮z=0.460m，剩余=0.250m，vz=-0.0250m/s
1791627441168101632,1791627441167107680,2026-10-10T18:17:21.168+08:00,4,grab_sea_cucumber,抓海参：上浮z=0.390m，剩余=0.180m，vz=-0.0180m/s
1791627442176613344,1791627442175574752,2026-10-10T18:17:22.176+08:00,4,grab_sea_cucumber,抓海参：上浮z=0.330m，剩余=0.120m，vz=-0.0120m/s
1791627443185353376,1791627443184430848,2026-10-10T18:17:23.185+08:00,4,grab_sea_cucumber,抓海参：上浮z=0.270m，剩余=0.060m，vz=-0.0060m/s
1791627443438096224,1791627443436948320,2026-10-10T18:17:23.438+08:00,4,grab_sea_cucumber,抓海参：速度上浮到位，实测z=0.260m；不向下纠偏
1791627443438872448,1791627443438016768,2026-10-10T18:17:23.438+08:00,4,grab_sea_cucumber,"抓海参：离底后XY变化=(-0.006,+0.051)m；默认按真实位移回位，不盲改DVL"
1791627443443998624,1791627443442727360,2026-10-10T18:17:23.443+08:00,4,grab_sea_cucumber,"任务odom平移修正=(+0.006,-0.051)m；MCU原始DVL未改写"
1791627443461088896,1791627443459709760,2026-10-10T18:17:23.461+08:00,4,grab_sea_cucumber,"抓海参：下压前XY锚点（假定无真实水平漂移）：任务odom平移修正=(+0.006,-0.051)m；MCU原始DVL未改写"
1791627443462248960,1791627443460599392,2026-10-10T18:17:23.462+08:00,4,grab_sea_cucumber,"发送动作目标：SET，目标=[0.53, -1.90, 0.25, -84.89]，超时=284s，任务上下文=""grab_sea_cucumber task:2步骤-抓海参后水平回位"""
1791627443475660832,1791627443472895776,2026-10-10T18:17:23.475+08:00,4,grab_sea_cucumber,动作目标已接受，等待执行结果……
1791627448098582400,1791627448097813792,2026-10-10T18:17:28.098+08:00,4,grab_sea_cucumber,动作执行结果：成功
1791627448501236960,1791627448499969952,2026-10-10T18:17:28.501+08:00,4,grab_sea_cucumber,"抓海参：after计数帧=[3, 3, 5]，保守结果=5"
1791627448502239808,1791627448501176384,2026-10-10T18:17:28.502+08:00,4,grab_sea_cucumber,抓海参：观察位数量 7→5，本次可能抓起 2 只
1791627448502779968,1791627448501827232,2026-10-10T18:17:28.502+08:00,4,grab_sea_cucumber,抓海参：直接速度上浮，当前z=0.270m，目标z=0.200m，速度上限=0.050m/s；不使用BMOVE位置拉升
1791627448504008448,1791627448502521152,2026-10-10T18:17:28.504+08:00,4,grab_sea_cucumber,抓海参：上浮z=0.270m，剩余=0.070m，vz=-0.0070m/s
1791627449512279968,1791627449511221248,2026-10-10T18:17:29.512+08:00,4,grab_sea_cucumber,抓海参：上浮z=0.280m，剩余=0.080m，vz=-0.0080m/s
1791627450520691424,1791627450519592672,2026-10-10T18:17:30.520+08:00,4,grab_sea_cucumber,抓海参：上浮z=0.280m，剩余=0.080m，vz=-0.0080m/s
1791627451529342848,1791627451528719872,2026-10-10T18:17:31.529+08:00,4,grab_sea_cucumber,抓海参：上浮z=0.290m，剩余=0.090m，vz=-0.0090m/s
1791627452538241440,1791627452536945760,2026-10-10T18:17:32.538+08:00,4,grab_sea_cucumber,抓海参：上浮z=0.310m，剩余=0.110m，vz=-0.0110m/s
1791627453546892128,1791627453545976512,2026-10-10T18:17:33.546+08:00,4,grab_sea_cucumber,抓海参：上浮z=0.310m，剩余=0.110m，vz=-0.0110m/s
1791627454557720800,1791627454556832064,2026-10-10T18:17:34.557+08:00,4,grab_sea_cucumber,抓海参：上浮z=0.320m，剩余=0.120m，vz=-0.0120m/s
1791627455565830464,1791627455564955360,2026-10-10T18:17:35.565+08:00,4,grab_sea_cucumber,抓海参：上浮z=0.330m，剩余=0.130m，vz=-0.0130m/s
1791627456573953664,1791627456573138784,2026-10-10T18:17:36.573+08:00,4,grab_sea_cucumber,抓海参：上浮z=0.340m，剩余=0.140m，vz=-0.0140m/s
1791627457582260576,1791627457581256640,2026-10-10T18:17:37.582+08:00,4,grab_sea_cucumber,抓海参：上浮z=0.350m，剩余=0.150m，vz=-0.0150m/s
1791627458591177856,1791627458590315264,2026-10-10T18:17:38.591+08:00,4,grab_sea_cucumber,抓海参：上浮z=0.340m，剩余=0.140m，vz=-0.0140m/s
1791627459600629600,1791627459598966240,2026-10-10T18:17:39.600+08:00,4,grab_sea_cucumber,抓海参：上浮z=0.350m，剩余=0.150m，vz=-0.0150m/s
1791627460609475552,1791627460608476256,2026-10-10T18:17:40.609+08:00,4,grab_sea_cucumber,抓海参：上浮z=0.350m，剩余=0.150m，vz=-0.0150m/s
1791627461618292544,1791627461617281952,2026-10-10T18:17:41.618+08:00,4,grab_sea_cucumber,抓海参：上浮z=0.340m，剩余=0.140m，vz=-0.0140m/s
1791627462626827680,1791627462625985792,2026-10-10T18:17:42.626+08:00,4,grab_sea_cucumber,抓海参：上浮z=0.330m，剩余=0.130m，vz=-0.0130m/s
1791627463637262752,1791627463636353664,2026-10-10T18:17:43.637+08:00,4,grab_sea_cucumber,抓海参：上浮z=0.320m，剩余=0.120m，vz=-0.0120m/s
1791627464645615264,1791627464644762208,2026-10-10T18:17:44.645+08:00,4,grab_sea_cucumber,抓海参：上浮z=0.320m，剩余=0.120m，vz=-0.0120m/s
1791627465657663104,1791627465656663296,2026-10-10T18:17:45.657+08:00,4,grab_sea_cucumber,抓海参：上浮z=0.300m，剩余=0.100m，vz=-0.0100m/s
1791627466666921280,1791627466665493760,2026-10-10T18:17:46.666+08:00,4,grab_sea_cucumber,抓海参：上浮z=0.300m，剩余=0.100m，vz=-0.0100m/s
1791627467675554912,1791627467674457920,2026-10-10T18:17:47.675+08:00,4,grab_sea_cucumber,抓海参：上浮z=0.290m，剩余=0.090m，vz=-0.0090m/s
1791627468684504160,1791627468683557280,2026-10-10T18:17:48.684+08:00,4,grab_sea_cucumber,抓海参：上浮z=0.270m，剩余=0.070m，vz=-0.0070m/s
1791627469692497504,1791627469691575360,2026-10-10T18:17:49.692+08:00,4,grab_sea_cucumber,抓海参：上浮z=0.270m，剩余=0.070m，vz=-0.0070m/s
1791627470501403872,1791627470500531648,2026-10-10T18:17:50.501+08:00,4,grab_sea_cucumber,抓海参：速度上浮到位，实测z=0.250m；不向下纠偏
1791627470502030176,1791627470501338816,2026-10-10T18:17:50.502+08:00,4,grab_sea_cucumber,"发送动作目标：WTRAVEL，目标=[0.30, 0.00, 0.25, 0.00]，超时=68s，任务上下文=""grab_sea_cucumber task:2步骤-海参运往收集区"""
1791627470508842240,1791627470508553920,2026-10-10T18:17:50.508+08:00,4,grab_sea_cucumber,"步进开始: 目标=(0.50, -1.72, 0.25, 96.5°), 总超时=68s"
1791627470513216640,1791627470512775968,2026-10-10T18:17:50.513+08:00,4,grab_sea_cucumber,动作目标已接受，等待执行结果……
1791627474434512864,1791627474433658752,2026-10-10T18:17:54.434+08:00,4,grab_sea_cucumber,"步进开始: 目标=(0.30, 0.00, 0.25, 96.5°), 总超时=64s"
1791627489915982848,1791627489914542912,2026-10-10T18:18:09.915+08:00,4,grab_sea_cucumber,动作执行结果：成功
1791627489917274784,1791627489915308256,2026-10-10T18:18:09.917+08:00,4,grab_sea_cucumber,抓海参：海参运往收集区运输到位，开始水平定位及归向：x=0.300，y=0.000，yaw=0.0°
1791627489917720224,1791627489915895616,2026-10-10T18:18:09.917+08:00,4,grab_sea_cucumber,"发送动作目标：SET，目标=[0.30, 0.00, 0.25, 0.00]，超时=49s，任务上下文=""grab_sea_cucumber task:2步骤-海参运往收集区到位归向"""
1791627489929529600,1791627489928030272,2026-10-10T18:18:09.929+08:00,4,grab_sea_cucumber,动作目标已接受，等待执行结果……
1791627493254020960,1791627493253146944,2026-10-10T18:18:13.254+08:00,4,grab_sea_cucumber,动作执行结果：成功
1791627493254784736,1791627493253814624,2026-10-10T18:18:13.254+08:00,4,grab_sea_cucumber,抓海参：海参运往收集区位置及航向已确认
1791627493255281888,1791627493254428992,2026-10-10T18:18:13.255+08:00,4,grab_sea_cucumber,⚙️  舵机1：海参收集区释放（发布angle=90.0°；内部=1.5708 rad，已发指令）
1791627495256486368,1791627495255469088,2026-10-10T18:18:15.256+08:00,4,grab_sea_cucumber,抓海参：已发释放指令；实际投放仍须靠视觉/现场验证
1791627495257201920,1791627495256109312,2026-10-10T18:18:15.257+08:00,4,grab_sea_cucumber,抓海参：投放结束，返回配置扫描点；返回成功前不启动扫描
1791627495257605152,1791627495256982784,2026-10-10T18:18:15.257+08:00,4,grab_sea_cucumber,抓海参：直接速度上浮，当前z=0.270m，目标z=0.200m，速度上限=0.050m/s；不使用BMOVE位置拉升
1791627495258043168,1791627495257660672,2026-10-10T18:18:15.258+08:00,4,grab_sea_cucumber,抓海参：上浮z=0.270m，剩余=0.070m，vz=-0.0070m/s
1791627495410048864,1791627495409317152,2026-10-10T18:18:15.410+08:00,4,grab_sea_cucumber,抓海参：速度上浮到位，实测z=0.250m；不向下纠偏
1791627495410647296,1791627495410113056,2026-10-10T18:18:15.410+08:00,4,grab_sea_cucumber,"发送动作目标：WTRAVEL，目标=[0.35, -1.75, 0.25, -90.00]，超时=90s，任务上下文=""grab_sea_cucumber task:2步骤-返回海参搜索区"""
1791627495420290592,1791627495418639296,2026-10-10T18:18:15.420+08:00,4,grab_sea_cucumber,"步进开始: 目标=(0.29, -0.00, 0.25, -88.0°), 总超时=90s"
1791627495422419776,1791627495421584992,2026-10-10T18:18:15.422+08:00,4,grab_sea_cucumber,动作目标已接受，等待执行结果……
1791627498641627104,1791627498640013728,2026-10-10T18:18:18.641+08:00,4,grab_sea_cucumber,"步进开始: 目标=(0.35, -1.75, 0.25, -88.0°), 总超时=87s"
1791627516142092704,1791627516140952768,2026-10-10T18:18:36.142+08:00,4,grab_sea_cucumber,动作执行结果：成功
1791627516142805408,1791627516141876224,2026-10-10T18:18:36.142+08:00,4,grab_sea_cucumber,抓海参：返回海参搜索区运输到位，开始水平定位及归向：x=0.350，y=-1.750，yaw=-90.0°
1791627516144274720,1791627516142741568,2026-10-10T18:18:36.144+08:00,4,grab_sea_cucumber,"发送动作目标：SET，目标=[0.35, -1.75, 0.25, -90.00]，超时=69s，任务上下文=""grab_sea_cucumber task:2步骤-返回海参搜索区到位归向"""
1791627516158376352,1791627516155882144,2026-10-10T18:18:36.158+08:00,4,grab_sea_cucumber,动作目标已接受，等待执行结果……
1791627516168194528,1791627516167277728,2026-10-10T18:18:36.168+08:00,4,grab_sea_cucumber,动作执行结果：成功
1791627516169661920,1791627516167963776,2026-10-10T18:18:36.169+08:00,4,grab_sea_cucumber,抓海参：返回海参搜索区位置及航向已确认
1791627516170331200,1791627516169515744,2026-10-10T18:18:36.170+08:00,4,grab_sea_cucumber,抓海参：已返回扫描点并恢复扫描航向，允许开始下一轮识别
1791627516170670112,1791627516170295488,2026-10-10T18:18:36.170+08:00,4,grab_sea_cucumber,⚙️  舵机1：海参抓取准备（发布angle=0.0°；内部=0.0000 rad，已发指令）
1791627516171700960,1791627516171214272,2026-10-10T18:18:36.171+08:00,4,grab_sea_cucumber,抓海参：海参水平对准固定z=0.250m、yaw=-88.2°，SET axes=xyzrz；下视像素竖向误差只修正水平位置，不用于升沉；z正方向向下
1791627516197590752,1791627516196460864,2026-10-10T18:18:36.197+08:00,4,grab_sea_cucumber,抓海参：等待视觉微调实测到位，XY误差=0.000m/0.030m，z误差=+0.000m，yaw误差=0.0°
1791627516699733344,1791627516698906912,2026-10-10T18:18:36.699+08:00,4,grab_sea_cucumber,抓海参：等待视觉微调实测到位，XY误差=0.055m/0.030m，z误差=+0.010m，yaw误差=0.0°
1791627517206519744,1791627517201307360,2026-10-10T18:18:37.206+08:00,4,grab_sea_cucumber,抓海参：等待视觉微调实测到位，XY误差=0.082m/0.030m，z误差=+0.000m，yaw误差=0.1°
1791627517705825824,1791627517704663072,2026-10-10T18:18:37.705+08:00,4,grab_sea_cucumber,抓海参：等待视觉微调实测到位，XY误差=0.095m/0.030m，z误差=+0.010m，yaw误差=0.2°
1791627518208750560,1791627518207667808,2026-10-10T18:18:38.208+08:00,4,grab_sea_cucumber,抓海参：等待视觉微调实测到位，XY误差=0.098m/0.030m，z误差=+0.000m，yaw误差=0.1°
1791627518711726848,1791627518710232672,2026-10-10T18:18:38.711+08:00,4,grab_sea_cucumber,抓海参：等待视觉微调实测到位，XY误差=0.095m/0.030m，z误差=+0.000m，yaw误差=0.2°
1791627519214750656,1791627519213447872,2026-10-10T18:18:39.214+08:00,4,grab_sea_cucumber,抓海参：等待视觉微调实测到位，XY误差=0.085m/0.030m，z误差=+0.000m，yaw误差=0.2°
1791627519719958016,1791627519716323232,2026-10-10T18:18:39.719+08:00,4,grab_sea_cucumber,抓海参：等待视觉微调实测到位，XY误差=0.069m/0.030m，z误差=+0.010m，yaw误差=0.3°
1791627520220878624,1791627520219633120,2026-10-10T18:18:40.220+08:00,4,grab_sea_cucumber,抓海参：等待视觉微调实测到位，XY误差=0.050m/0.030m，z误差=+0.010m，yaw误差=0.3°
1791627520734492736,1791627520722397920,2026-10-10T18:18:40.734+08:00,4,grab_sea_cucumber,抓海参：等待视觉微调实测到位，XY误差=0.030m/0.030m，z误差=+0.010m，yaw误差=0.3°
1791627521075603840,1791627521074627584,2026-10-10T18:18:41.075+08:00,4,grab_sea_cucumber,抓海参：等待锁定目标；原因=等待动作稳定后收到的新帧，不切换其他目标
1791627521577314432,1791627521576210272,2026-10-10T18:18:41.577+08:00,4,grab_sea_cucumber,"抓海参：锁定目标像素=(288.0,396.0)，误差=(-0.0890,+0.2430)，机体步长=(+0.075,+0.028)m，世界步长=(+0.030,-0.074)m"
1791627521599721504,1791627521598654496,2026-10-10T18:18:41.599+08:00,4,grab_sea_cucumber,抓海参：等待视觉微调实测到位，XY误差=0.080m/0.030m，z误差=+0.000m，yaw误差=0.3°
1791627522102261952,1791627522101176224,2026-10-10T18:18:42.102+08:00,4,grab_sea_cucumber,抓海参：等待视觉微调实测到位，XY误差=0.087m/0.030m，z误差=+0.020m，yaw误差=0.5°
1791627522604875584,1791627522603860096,2026-10-10T18:18:42.604+08:00,4,grab_sea_cucumber,抓海参：等待视觉微调实测到位，XY误差=0.070m/0.030m，z误差=+0.020m，yaw误差=0.6°
1791627523107726848,1791627523106770368,2026-10-10T18:18:43.107+08:00,4,grab_sea_cucumber,抓海参：等待视觉微调实测到位，XY误差=0.044m/0.030m，z误差=+0.000m，yaw误差=0.1°
1791627523610534080,1791627523609427872,2026-10-10T18:18:43.610+08:00,4,grab_sea_cucumber,抓海参：等待视觉微调实测到位，XY误差=0.018m/0.030m，z误差=+0.010m，yaw误差=0.1°
1791627524213350976,1791627524211682848,2026-10-10T18:18:44.213+08:00,4,grab_sea_cucumber,"抓海参：锁定目标像素=(306.0,335.0)，误差=(-0.0579,+0.1376)，机体步长=(+0.055,+0.023)m，世界步长=(+0.025,-0.054)m"
1791627524235538176,1791627524234559840,2026-10-10T18:18:44.235+08:00,4,grab_sea_cucumber,抓海参：等待视觉微调实测到位，XY误差=0.058m/0.030m，z误差=+0.000m，yaw误差=0.1°
1791627526427060512,1791627525764351040,2026-10-10T18:18:46.427+08:00,4,grab_sea_cucumber,抓海参：等待视觉微调实测到位，XY误差=0.040m/0.021m，z误差=-0.010m，yaw误差=0.4°
1791627526427561600,1791627526266935712,2026-10-10T18:18:46.427+08:00,4,grab_sea_cucumber,抓海参：等待视觉微调实测到位，XY误差=0.020m/0.021m，z误差=-0.010m，yaw误差=0.3°
1791627527071473536,1791627527070436000,2026-10-10T18:18:47.071+08:00,4,grab_sea_cucumber,"抓海参：锁定目标像素=(329.0,268.0)，误差=(-0.0182,+0.0219)，机体步长=(+0.009,+0.007)m，世界步长=(+0.008,-0.008)m"
1791627527572924064,1791627527572205984,2026-10-10T18:18:47.572+08:00,4,grab_sea_cucumber,"抓海参：锁定目标像素=(333.0,257.0)，误差=(-0.0113,+0.0029)，机体步长=(+0.001,+0.005)m，世界步长=(+0.005,-0.001)m"
1791627527573568480,1791627527572855072,2026-10-10T18:18:47.573+08:00,4,grab_sea_cucumber,"抓海参：海参视觉居中通过，误差=(-0.0113,+0.0029)，容差=0.04"
1791627528176302176,1791627528175203168,2026-10-10T18:18:48.176+08:00,4,grab_sea_cucumber,"抓海参：before计数帧=[5, 5, 4]，保守结果=4"
1791627528177237696,1791627528175972000,2026-10-10T18:18:48.177+08:00,4,grab_sea_cucumber,"抓海参：夹爪偏置目标XY=(0.456,-2.184)m，保持z=0.250m、yaw=-88.2°；SET axes=xyzrz"
1791627528177678464,1791627528176583424,2026-10-10T18:18:48.177+08:00,4,grab_sea_cucumber,"发送动作目标：SET，目标=[0.46, -2.18, 0.25, -88.21]，超时=30s，任务上下文=""grab_sea_cucumber task:2步骤-海参夹爪偏置并保持深度航向"""
1791627528189011104,1791627528188310400,2026-10-10T18:18:48.189+08:00,4,grab_sea_cucumber,动作目标已接受，等待执行结果……
1791627531513958656,1791627531508456672,2026-10-10T18:18:51.513+08:00,4,grab_sea_cucumber,动作执行结果：成功
1791627531515184128,1791627531509200576,2026-10-10T18:18:51.515+08:00,4,grab_sea_cucumber,26rb_grab_ball：等待偏置移动稳定 5.0s，随后开始下降
1791627536511247232,1791627536510252992,2026-10-10T18:18:56.511+08:00,4,grab_sea_cucumber,"抓海参：记录下压前XY=(0.4578418433666229, -2.1995463371276855)"
1791627540399241536,1791627540398046464,2026-10-10T18:19:00.399+08:00,4,grab_sea_cucumber,抓海参：离地0.190m，锁定纯开环下压；推力=0.2，持续=1s；不使用DVL XY闭环
1791627541400748352,1791627541399394240,2026-10-10T18:19:01.400+08:00,4,grab_sea_cucumber,抓海参：直接速度上浮，当前z=1.100m，目标z=0.240m，速度上限=0.050m/s；不使用BMOVE位置拉升
1791627541401386240,1791627541400072256,2026-10-10T18:19:01.401+08:00,4,grab_sea_cucumber,抓海参：近底纯推力离底，z=1.100，推力=-0.3；速度不作保证
1791627542410371360,1791627542409181280,2026-10-10T18:19:02.410+08:00,4,grab_sea_cucumber,抓海参：近底纯推力离底，z=1.080，推力=-0.3；速度不作保证
1791627543419536320,1791627543418248864,2026-10-10T18:19:03.419+08:00,4,grab_sea_cucumber,抓海参：近底纯推力离底，z=1.050，推力=-0.3；速度不作保证
1791627544428121600,1791627544426903584,2026-10-10T18:19:04.428+08:00,4,grab_sea_cucumber,抓海参：近底纯推力离底，z=1.030，推力=-0.3；速度不作保证
1791627545436089184,1791627545434963776,2026-10-10T18:19:05.436+08:00,4,grab_sea_cucumber,抓海参：近底纯推力离底，z=1.010，推力=-0.3；速度不作保证
1791627546477504160,1791627546476629888,2026-10-10T18:19:06.477+08:00,4,grab_sea_cucumber,抓海参：近底纯推力离底，z=0.960，推力=-0.3；速度不作保证
1791627547486692032,1791627547485043936,2026-10-10T18:19:07.486+08:00,4,grab_sea_cucumber,抓海参：近底纯推力离底，z=0.910，推力=-0.3；速度不作保证
1791627548142544928,1791627548141586624,2026-10-10T18:19:08.142+08:00,4,grab_sea_cucumber,抓海参：离地超过开环高度+3cm，恢复慢速上浮速度环
1791627548496284992,1791627548495620928,2026-10-10T18:19:08.496+08:00,4,grab_sea_cucumber,抓海参：上浮z=0.840m，剩余=0.600m，vz=-0.0500m/s
1791627549506516512,1791627549505514368,2026-10-10T18:19:09.506+08:00,4,grab_sea_cucumber,抓海参：上浮z=0.770m，剩余=0.530m，vz=-0.0500m/s
1791627550515911552,1791627550514915296,2026-10-10T18:19:10.515+08:00,4,grab_sea_cucumber,抓海参：上浮z=0.720m，剩余=0.480m，vz=-0.0480m/s
1791627551525053248,1791627551523635168,2026-10-10T18:19:11.525+08:00,4,grab_sea_cucumber,抓海参：上浮z=0.660m，剩余=0.420m，vz=-0.0420m/s
1791627552534368896,1791627552533067712,2026-10-10T18:19:12.534+08:00,4,grab_sea_cucumber,抓海参：上浮z=0.590m，剩余=0.350m，vz=-0.0350m/s
1791627553544798080,1791627553543124032,2026-10-10T18:19:13.544+08:00,4,grab_sea_cucumber,抓海参：上浮z=0.530m，剩余=0.290m，vz=-0.0290m/s
1791627554554663328,1791627554553486400,2026-10-10T18:19:14.554+08:00,4,grab_sea_cucumber,抓海参：上浮z=0.460m，剩余=0.220m，vz=-0.0220m/s
1791627555565536608,1791627555564675712,2026-10-10T18:19:15.565+08:00,4,grab_sea_cucumber,抓海参：上浮z=0.400m，剩余=0.160m，vz=-0.0160m/s
1791627556575405088,1791627556573618624,2026-10-10T18:19:16.575+08:00,4,grab_sea_cucumber,抓海参：上浮z=0.340m，剩余=0.100m，vz=-0.0100m/s
1791627557584438080,1791627557582767424,2026-10-10T18:19:17.584+08:00,4,grab_sea_cucumber,抓海参：上浮z=0.300m，剩余=0.060m，vz=-0.0060m/s
1791627557635236480,1791627557634551840,2026-10-10T18:19:17.635+08:00,4,grab_sea_cucumber,抓海参：速度上浮到位，实测z=0.290m；不向下纠偏
1791627557635790880,1791627557635447328,2026-10-10T18:19:17.635+08:00,4,grab_sea_cucumber,"抓海参：离底后XY变化=(+0.006,+0.172)m；默认按真实位移回位，不盲改DVL"
1791627557639751296,1791627557638772160,2026-10-10T18:19:17.639+08:00,4,grab_sea_cucumber,"任务odom平移修正=(-0.006,-0.172)m；MCU原始DVL未改写"
1791627557657805568,1791627557656822336,2026-10-10T18:19:17.657+08:00,4,grab_sea_cucumber,"抓海参：下压前XY锚点（假定无真实水平漂移）：任务odom平移修正=(-0.006,-0.172)m；MCU原始DVL未改写"
1791627557658432544,1791627557657634656,2026-10-10T18:19:17.658+08:00,4,grab_sea_cucumber,"发送动作目标：SET，目标=[0.41, -1.88, 0.30, -88.01]，超时=189s，任务上下文=""grab_sea_cucumber task:2步骤-抓海参后水平回位"""
1791627557669865984,1791627557669300704,2026-10-10T18:19:17.669+08:00,4,grab_sea_cucumber,动作目标已接受，等待执行结果……
1791627562302853056,1791627562301886112,2026-10-10T18:19:22.302+08:00,4,grab_sea_cucumber,动作执行结果：成功
1791627562704973184,1791627562703944160,2026-10-10T18:19:22.704+08:00,4,grab_sea_cucumber,"抓海参：after计数帧=[3, 4, 3]，保守结果=4"
1791627562705766624,1791627562704626496,2026-10-10T18:19:22.705+08:00,4,grab_sea_cucumber,抓海参：数量未减少（4→4），重试 1/3
1791627562706184160,1791627562705452960,2026-10-10T18:19:22.706+08:00,4,grab_sea_cucumber,⚙️  舵机1：海参抓取准备（发布angle=0.0°；内部=0.0000 rad，已发指令）
1791627562706544416,1791627562706094816,2026-10-10T18:19:22.706+08:00,4,grab_sea_cucumber,抓海参：海参水平对准固定z=0.320m、yaw=-87.7°，SET axes=xyzrz；下视像素竖向误差只修正水平位置，不用于升沉；z正方向向下
1791627562730288320,1791627562729297568,2026-10-10T18:19:22.730+08:00,4,grab_sea_cucumber,抓海参：等待视觉微调实测到位，XY误差=0.000m/0.030m，z误差=+0.000m，yaw误差=0.0°
1791627563032300672,1791627563031288640,2026-10-10T18:19:23.032+08:00,4,grab_sea_cucumber,抓海参：等待锁定目标；原因=等待动作稳定后收到的新帧，不切换其他目标
1791627563536059136,1791627563533159712,2026-10-10T18:19:23.536+08:00,4,grab_sea_cucumber,"抓海参：锁定目标像素=(469.5,355.5)，误差=(+0.2242,+0.1730)，机体步长=(+0.049,-0.063)m，世界步长=(-0.061,-0.051)m"
1791627563557835264,1791627563556895808,2026-10-10T18:19:23.557+08:00,4,grab_sea_cucumber,抓海参：等待视觉微调实测到位，XY误差=0.080m/0.030m，z误差=+0.010m，yaw误差=0.1°
1791627564063166688,1791627564062173952,2026-10-10T18:19:24.063+08:00,4,grab_sea_cucumber,抓海参：等待视觉微调实测到位，XY误差=0.075m/0.030m，z误差=+0.010m，yaw误差=0.6°
1791627564565708672,1791627564564688896,2026-10-10T18:19:24.565+08:00,4,grab_sea_cucumber,抓海参：等待视觉微调实测到位，XY误差=0.041m/0.030m，z误差=+0.010m，yaw误差=1.1°
1791627565074840864,1791627565073547584,2026-10-10T18:19:25.074+08:00,4,grab_sea_cucumber,抓海参：等待视觉微调实测到位，XY误差=0.024m/0.030m，z误差=+0.030m，yaw误差=0.8°
1791627565727532032,1791627565726073376,2026-10-10T18:19:25.727+08:00,4,grab_sea_cucumber,"抓海参：锁定目标像素=(436.0,324.5)，误差=(+0.1664,+0.1195)，机体步长=(+0.047,-0.065)m，世界步长=(-0.063,-0.050)m"
1791627565749592640,1791627565748462944,2026-10-10T18:19:25.749+08:00,4,grab_sea_cucumber,抓海参：等待视觉微调实测到位，XY误差=0.079m/0.030m，z误差=+0.020m，yaw误差=0.4°
1791627566251864768,1791627566250990880,2026-10-10T18:19:26.251+08:00,4,grab_sea_cucumber,抓海参：等待视觉微调实测到位，XY误差=0.065m/0.030m，z误差=+0.020m，yaw误差=0.5°
1791627566756495648,1791627566755064416,2026-10-10T18:19:26.756+08:00,4,grab_sea_cucumber,抓海参：等待视觉微调实测到位，XY误差=0.022m/0.030m，z误差=+0.020m，yaw误差=1.1°
1791627567512664480,1791627567511576000,2026-10-10T18:19:27.512+08:00,4,grab_sea_cucumber,"抓海参：锁定目标像素=(395.0,274.5)，误差=(+0.0957,+0.0331)，机体步长=(+0.013,-0.038)m，世界步长=(-0.037,-0.015)m"
1791627567535167808,1791627567533984384,2026-10-10T18:19:27.535+08:00,4,grab_sea_cucumber,抓海参：等待视觉微调实测到位，XY误差=0.040m/0.020m，z误差=+0.020m，yaw误差=1.0°
1791627568037182784,1791627568036476736,2026-10-10T18:19:28.037+08:00,4,grab_sea_cucumber,抓海参：等待视觉微调实测到位，XY误差=0.030m/0.020m，z误差=+0.000m，yaw误差=1.6°
1791627568991177632,1791627568989900768,2026-10-10T18:19:28.991+08:00,4,grab_sea_cucumber,"抓海参：锁定目标像素=(400.0,251.0)，误差=(+0.1043,-0.0075)，机体步长=(-0.003,-0.042)m，世界步长=(-0.042,+0.000)m"
1791627569015676320,1791627569013086688,2026-10-10T18:19:29.015+08:00,4,grab_sea_cucumber,抓海参：等待视觉微调实测到位，XY误差=0.041m/0.021m，z误差=+0.010m，yaw误差=1.2°
1791627569516804512,1791627569515820480,2026-10-10T18:19:29.516+08:00,4,grab_sea_cucumber,抓海参：等待视觉微调实测到位，XY误差=0.036m/0.021m，z误差=+0.010m，yaw误差=1.3°
1791627570020263200,1791627570019275520,2026-10-10T18:19:30.020+08:00,4,grab_sea_cucumber,抓海参：等待视觉微调实测到位，XY误差=0.013m/0.021m，z误差=+0.000m，yaw误差=1.2°
1791627570573198496,1791627570571443296,2026-10-10T18:19:30.573+08:00,4,grab_sea_cucumber,"抓海参：锁定目标像素=(363.0,243.0)，误差=(+0.0404,-0.0213)，机体步长=(-0.009,-0.016)m，世界步长=(-0.017,+0.008)m"
1791627570599443904,1791627570598222432,2026-10-10T18:19:30.599+08:00,4,grab_sea_cucumber,抓海参：等待视觉微调实测到位，XY误差=0.018m/0.009m，z误差=+0.000m，yaw误差=0.9°
1791627571101515840,1791627571100646112,2026-10-10T18:19:31.101+08:00,4,grab_sea_cucumber,抓海参：等待视觉微调实测到位，XY误差=0.012m/0.009m，z误差=-0.010m，yaw误差=1.0°
1791627572005587520,1791627572003797888,2026-10-10T18:19:32.005+08:00,4,grab_sea_cucumber,"抓海参：锁定目标像素=(368.0,241.0)，误差=(+0.0491,-0.0248)，机体步长=(-0.010,-0.020)m，世界步长=(-0.020,+0.009)m"
1791627572039530624,1791627572038352000,2026-10-10T18:19:32.039+08:00,4,grab_sea_cucumber,抓海参：等待视觉微调实测到位，XY误差=0.022m/0.011m，z误差=+0.000m，yaw误差=0.7°
1791627572542776224,1791627572541123328,2026-10-10T18:19:32.542+08:00,4,grab_sea_cucumber,抓海参：等待视觉微调实测到位，XY误差=0.017m/0.011m，z误差=-0.010m，yaw误差=0.6°
1791627573044807616,1791627573043731712,2026-10-10T18:19:33.044+08:00,4,grab_sea_cucumber,抓海参：等待视觉微调实测到位，XY误差=0.009m/0.011m，z误差=+0.000m，yaw误差=0.6°
1791627573597259264,1791627573596127936,2026-10-10T18:19:33.597+08:00,4,grab_sea_cucumber,"抓海参：锁定目标像素=(346.0,248.0)，误差=(+0.0111,-0.0127)，机体步长=(-0.005,-0.004)m，世界步长=(-0.005,+0.005)m"
1791627574099029568,1791627574097798688,2026-10-10T18:19:34.099+08:00,4,grab_sea_cucumber,"抓海参：锁定目标像素=(347.0,252.0)，误差=(+0.0128,-0.0058)，机体步长=(-0.002,-0.005)m，世界步长=(-0.005,+0.002)m"
1791627574099793472,1791627574098623552,2026-10-10T18:19:34.099+08:00,4,grab_sea_cucumber,"抓海参：海参视觉居中通过，误差=(+0.0128,-0.0058)，容差=0.04"
1791627574602282080,1791627574600689824,2026-10-10T18:19:34.602+08:00,4,grab_sea_cucumber,"抓海参：before计数帧=[3, 3, 3]，保守结果=3"
1791627574603165600,1791627574601347360,2026-10-10T18:19:34.603+08:00,4,grab_sea_cucumber,"抓海参：夹爪偏置目标XY=(0.206,-2.332)m，保持z=0.320m、yaw=-87.7°；SET axes=xyzrz"
1791627574603598272,1791627574602036192,2026-10-10T18:19:34.603+08:00,4,grab_sea_cucumber,"发送动作目标：SET，目标=[0.21, -2.33, 0.32, -87.72]，超时=30s，任务上下文=""grab_sea_cucumber task:2步骤-海参夹爪偏置并保持深度航向"""
1791627574614315904,1791627574613697056,2026-10-10T18:19:34.614+08:00,4,grab_sea_cucumber,动作目标已接受，等待执行结果……
1791627578040148832,1791627578039331712,2026-10-10T18:19:38.040+08:00,4,grab_sea_cucumber,动作执行结果：成功
1791627578040809952,1791627578040024512,2026-10-10T18:19:38.040+08:00,4,grab_sea_cucumber,26rb_grab_ball：等待偏置移动稳定 5.0s，随后开始下降
1791627583042192064,1791627583041134176,2026-10-10T18:19:43.042+08:00,4,grab_sea_cucumber,"抓海参：记录下压前XY=(0.2053242176771164, -2.339050531387329)"
1791627586670731840,1791627586669684960,2026-10-10T18:19:46.670+08:00,4,grab_sea_cucumber,抓海参：离地0.180m，锁定纯开环下压；推力=0.2，持续=1s；不使用DVL XY闭环
1791627587672955232,1791627587670995104,2026-10-10T18:19:47.672+08:00,4,grab_sea_cucumber,抓海参：直接速度上浮，当前z=1.090m，目标z=0.320m，速度上限=0.050m/s；不使用BMOVE位置拉升
1791627587673755136,1791627587672829600,2026-10-10T18:19:47.673+08:00,4,grab_sea_cucumber,抓海参：近底纯推力离底，z=1.090，推力=-0.3；速度不作保证
1791627588682858208,1791627588681730624,2026-10-10T18:19:48.682+08:00,4,grab_sea_cucumber,抓海参：近底纯推力离底，z=1.080，推力=-0.3；速度不作保证
1791627589692726976,1791627589690695040,2026-10-10T18:19:49.692+08:00,4,grab_sea_cucumber,抓海参：近底纯推力离底，z=1.060，推力=-0.3；速度不作保证
1791627590701976448,1791627590701028128,2026-10-10T18:19:50.701+08:00,4,grab_sea_cucumber,抓海参：近底纯推力离底，z=1.030，推力=-0.3；速度不作保证
1791627591711568096,1791627591710147456,2026-10-10T18:19:51.711+08:00,4,grab_sea_cucumber,抓海参：近底纯推力离底，z=1.010，推力=-0.3；速度不作保证
1791627592719297440,1791627592718480384,2026-10-10T18:19:52.719+08:00,4,grab_sea_cucumber,抓海参：近底纯推力离底，z=0.960，推力=-0.3；速度不作保证
1791627593729734496,1791627593728912032,2026-10-10T18:19:53.729+08:00,4,grab_sea_cucumber,抓海参：近底纯推力离底，z=0.910，推力=-0.3；速度不作保证
1791627594436276320,1791627594434834720,2026-10-10T18:19:54.436+08:00,4,grab_sea_cucumber,抓海参：离地超过开环高度+3cm，恢复慢速上浮速度环
1791627594739729216,1791627594738636576,2026-10-10T18:19:54.739+08:00,4,grab_sea_cucumber,抓海参：上浮z=0.840m，剩余=0.520m，vz=-0.0500m/s
1791627595749747008,1791627595748707552,2026-10-10T18:19:55.749+08:00,4,grab_sea_cucumber,抓海参：上浮z=0.780m，剩余=0.460m，vz=-0.0460m/s
1791627596757464576,1791627596756532672,2026-10-10T18:19:56.757+08:00,4,grab_sea_cucumber,抓海参：上浮z=0.710m，剩余=0.390m，vz=-0.0390m/s
1791627597770207360,1791627597769312992,2026-10-10T18:19:57.770+08:00,4,grab_sea_cucumber,抓海参：上浮z=0.650m，剩余=0.330m，vz=-0.0330m/s
1791627598780181056,1791627598779272896,2026-10-10T18:19:58.780+08:00,4,grab_sea_cucumber,抓海参：上浮z=0.590m，剩余=0.270m，vz=-0.0270m/s
1791627599788480640,1791627599786846880,2026-10-10T18:19:59.788+08:00,4,grab_sea_cucumber,抓海参：上浮z=0.520m，剩余=0.200m，vz=-0.0200m/s
1791627600797033440,1791627600796219840,2026-10-10T18:20:00.797+08:00,4,grab_sea_cucumber,抓海参：上浮z=0.470m，剩余=0.150m，vz=-0.0150m/s
1791627601806584672,1791627601805599296,2026-10-10T18:20:01.806+08:00,4,grab_sea_cucumber,抓海参：上浮z=0.400m，剩余=0.080m，vz=-0.0080m/s
1791627602764242304,1791627602763208224,2026-10-10T18:20:02.764+08:00,4,grab_sea_cucumber,抓海参：速度上浮到位，实测z=0.360m；不向下纠偏
1791627602764998112,1791627602764102720,2026-10-10T18:20:02.764+08:00,4,grab_sea_cucumber,"抓海参：离底后XY变化=(-0.034,+0.251)m；默认按真实位移回位，不盲改DVL"
1791627602768040288,1791627602766891296,2026-10-10T18:20:02.768+08:00,4,grab_sea_cucumber,"任务odom平移修正=(+0.034,-0.251)m；MCU原始DVL未改写"
1791627602786645248,1791627602785424384,2026-10-10T18:20:02.786+08:00,4,grab_sea_cucumber,"抓海参：下压前XY锚点（假定无真实水平漂移）：任务odom平移修正=(+0.034,-0.251)m；MCU原始DVL未改写"
1791627602787526336,1791627602786216992,2026-10-10T18:20:02.787+08:00,4,grab_sea_cucumber,"发送动作目标：SET，目标=[0.15, -2.04, 0.36, -87.33]，超时=144s，任务上下文=""grab_sea_cucumber task:2步骤-抓海参后水平回位"""
1791627602799646720,1791627602797781216,2026-10-10T18:20:02.799+08:00,4,grab_sea_cucumber,动作目标已接受，等待执行结果……
1791627607234362176,1791627607233177056,2026-10-10T18:20:07.234+08:00,4,grab_sea_cucumber,动作执行结果：成功
1791627607836835712,1791627607835645632,2026-10-10T18:20:07.836+08:00,4,grab_sea_cucumber,"抓海参：after计数帧=[5, 4, 2]，保守结果=5"
1791627607837754912,1791627607836439392,2026-10-10T18:20:07.837+08:00,4,grab_sea_cucumber,抓海参：数量未减少（3→5），重试 2/3
1791627607838658816,1791627607837259072,2026-10-10T18:20:07.838+08:00,4,grab_sea_cucumber,⚙️  舵机1：海参抓取准备（发布angle=0.0°；内部=0.0000 rad，已发指令）
1791627607839299264,1791627607837830528,2026-10-10T18:20:07.839+08:00,4,grab_sea_cucumber,抓海参：海参水平对准固定z=0.380m、yaw=-86.9°，SET axes=xyzrz；下视像素竖向误差只修正水平位置，不用于升沉；z正方向向下
1791627607861110880,1791627607859935904,2026-10-10T18:20:07.861+08:00,4,grab_sea_cucumber,抓海参：等待视觉微调实测到位，XY误差=0.000m/0.030m，z误差=+0.000m，yaw误差=0.0°
1791627608163598624,1791627608162805408,2026-10-10T18:20:08.163+08:00,4,grab_sea_cucumber,抓海参：等待锁定目标；原因=等待动作稳定后收到的新帧，不切换其他目标
1791627608665254144,1791627608664156992,2026-10-10T18:20:08.665+08:00,4,grab_sea_cucumber,"抓海参：锁定目标像素=(142.0,455.0)，误差=(-0.3409,+0.3449)，机体步长=(+0.057,+0.056)m，世界步长=(+0.059,-0.054)m"
1791627608687743488,1791627608686687040,2026-10-10T18:20:08.687+08:00,4,grab_sea_cucumber,抓海参：等待视觉微调实测到位，XY误差=0.080m/0.030m，z误差=+0.000m，yaw误差=0.2°
1791627609191938528,1791627609190712928,2026-10-10T18:20:09.191+08:00,4,grab_sea_cucumber,抓海参：等待视觉微调实测到位，XY误差=0.076m/0.030m，z误差=+0.020m，yaw误差=0.2°
1791627609694448064,1791627609693318496,2026-10-10T18:20:09.694+08:00,4,grab_sea_cucumber,抓海参：等待视觉微调实测到位，XY误差=0.046m/0.030m，z误差=+0.010m，yaw误差=0.4°
1791627610197921664,1791627610197206432,2026-10-10T18:20:10.197+08:00,4,grab_sea_cucumber,抓海参：等待视觉微调实测到位，XY误差=0.022m/0.030m，z误差=+0.000m，yaw误差=0.7°
1791627610850888288,1791627610849485728,2026-10-10T18:20:10.850+08:00,4,grab_sea_cucumber,"抓海参：锁定目标像素=(189.0,406.0)，误差=(-0.2598,+0.2602)，机体步长=(+0.057,+0.057)m，世界步长=(+0.060,-0.053)m"
1791627610872471808,1791627610871723904,2026-10-10T18:20:10.872+08:00,4,grab_sea_cucumber,抓海参：等待视觉微调实测到位，XY误差=0.079m/0.030m，z误差=+0.020m，yaw误差=0.6°
1791627611375234432,1791627611374362624,2026-10-10T18:20:11.375+08:00,4,grab_sea_cucumber,抓海参：等待视觉微调实测到位，XY误差=0.066m/0.030m，z误差=+0.020m，yaw误差=0.5°
1791627611878619008,1791627611877006240,2026-10-10T18:20:11.878+08:00,4,grab_sea_cucumber,抓海参：等待视觉微调实测到位，XY误差=0.023m/0.030m，z误差=+0.010m，yaw误差=0.5°
1791627612633805696,1791627612631430816,2026-10-10T18:20:12.633+08:00,4,grab_sea_cucumber,"抓海参：锁定目标像素=(252.0,375.0)，误差=(-0.1511,+0.2067)，机体步长=(+0.065,+0.047)m，世界步长=(+0.051,-0.062)m"
1791627612657013088,1791627612655970240,2026-10-10T18:20:12.657+08:00,4,grab_sea_cucumber,抓海参：等待视觉微调实测到位，XY误差=0.080m/0.030m，z误差=+0.010m，yaw误差=0.4°
1791627613159809440,1791627613158765472,2026-10-10T18:20:13.159+08:00,4,grab_sea_cucumber,抓海参：等待视觉微调实测到位，XY误差=0.068m/0.030m，z误差=+0.010m，yaw误差=0.1°
1791627613663602496,1791627613662597888,2026-10-10T18:20:13.663+08:00,4,grab_sea_cucumber,抓海参：等待视觉微调实测到位，XY误差=0.027m/0.030m，z误差=+0.010m，yaw误差=0.0°
1791627614466515776,1791627614465392320,2026-10-10T18:20:14.466+08:00,4,grab_sea_cucumber,"抓海参：锁定目标像素=(288.0,309.0)，误差=(-0.0890,+0.0927)，机体步长=(+0.037,+0.036)m，世界步长=(+0.038,-0.035)m"
1791627614489012192,1791627614487824704,2026-10-10T18:20:14.489+08:00,4,grab_sea_cucumber,抓海参：等待视觉微调实测到位，XY误差=0.051m/0.026m，z误差=-0.010m，yaw误差=0.3°
1791627614991708320,1791627614990430880,2026-10-10T18:20:14.991+08:00,4,grab_sea_cucumber,抓海参：等待视觉微调实测到位，XY误差=0.041m/0.026m，z误差=+0.000m，yaw误差=0.5°
1791627615496001440,1791627615495309600,2026-10-10T18:20:15.496+08:00,4,grab_sea_cucumber,抓海参：等待视觉微调实测到位，XY误差=0.006m/0.026m，z误差=+0.000m，yaw误差=0.5°
1791627616149039328,1791627616147631520,2026-10-10T18:20:16.149+08:00,4,grab_sea_cucumber,"抓海参：锁定目标像素=(313.0,280.0)，误差=(-0.0458,+0.0426)，机体步长=(+0.017,+0.018)m，世界步长=(+0.019,-0.016)m"
1791627616170643264,1791627616169780288,2026-10-10T18:20:16.170+08:00,4,grab_sea_cucumber,抓海参：等待视觉微调实测到位，XY误差=0.024m/0.013m，z误差=-0.030m，yaw误差=0.9°
1791627616674333664,1791627616673390176,2026-10-10T18:20:16.674+08:00,4,grab_sea_cucumber,抓海参：等待视觉微调实测到位，XY误差=0.015m/0.013m，z误差=-0.010m，yaw误差=0.5°
1791627617177749472,1791627617176597632,2026-10-10T18:20:17.177+08:00,4,grab_sea_cucumber,抓海参：等待视觉微调实测到位，XY误差=0.017m/0.013m，z误差=-0.010m，yaw误差=0.3°
1791627617682155168,1791627617680572736,2026-10-10T18:20:17.682+08:00,4,grab_sea_cucumber,抓海参：等待视觉微调实测到位，XY误差=0.024m/0.013m，z误差=-0.010m，yaw误差=0.2°
1791627618185938048,1791627618184070176,2026-10-10T18:20:18.185+08:00,4,grab_sea_cucumber,抓海参：等待视觉微调实测到位，XY误差=0.024m/0.013m，z误差=-0.010m，yaw误差=0.1°
1791627618689062048,1791627618687676096,2026-10-10T18:20:18.689+08:00,4,grab_sea_cucumber,抓海参：等待视觉微调实测到位，XY误差=0.020m/0.013m，z误差=+0.000m，yaw误差=0.1°
1791627619191274176,1791627619190339872,2026-10-10T18:20:19.191+08:00,4,grab_sea_cucumber,抓海参：等待视觉微调实测到位，XY误差=0.012m/0.013m，z误差=+0.000m，yaw误差=0.1°
1791627619944632160,1791627619943027232,2026-10-10T18:20:19.944+08:00,4,grab_sea_cucumber,"抓海参：锁定目标像素=(318.0,256.0)，误差=(-0.0372,+0.0011)，机体步长=(+0.000,+0.015)m，世界步长=(+0.015,+0.000)m"
1791627620447564672,1791627620445338816,2026-10-10T18:20:20.447+08:00,4,grab_sea_cucumber,"抓海参：锁定目标像素=(299.0,246.0)，误差=(-0.0700,-0.0161)，机体步长=(-0.006,+0.028)m，世界步长=(+0.028,+0.008)m"
1791627620469854624,1791627620468896928,2026-10-10T18:20:20.469+08:00,4,grab_sea_cucumber,抓海参：等待视觉微调实测到位，XY误差=0.029m/0.014m，z误差=+0.020m，yaw误差=0.1°
1791627622601690304,1791627621975108224,2026-10-10T18:20:22.601+08:00,4,grab_sea_cucumber,"抓海参：锁定目标像素=(339.0,258.0)，误差=(-0.0010,+0.0046)，机体步长=(+0.002,+0.000)m，世界步长=(+0.000,-0.002)m"
1791627622602752256,1791627622476976800,2026-10-10T18:20:22.602+08:00,4,grab_sea_cucumber,"抓海参：锁定目标像素=(325.5,269.5)，误差=(-0.0243,+0.0245)，机体步长=(+0.010,+0.010)m，世界步长=(+0.010,-0.009)m"
1791627622603509888,1791627622477722048,2026-10-10T18:20:22.603+08:00,4,grab_sea_cucumber,"抓海参：海参视觉居中通过，误差=(-0.0243,+0.0245)，容差=0.04"
1791627623181461344,1791627623180214656,2026-10-10T18:20:23.181+08:00,4,grab_sea_cucumber,"抓海参：before计数帧=[3, 4, 5]，保守结果=3"
1791627623182285568,1791627623180983552,2026-10-10T18:20:23.182+08:00,4,grab_sea_cucumber,"抓海参：夹爪偏置目标XY=(0.484,-2.576)m，保持z=0.380m、yaw=-86.9°；SET axes=xyzrz"
1791627623182763328,1791627623181576192,2026-10-10T18:20:23.182+08:00,4,grab_sea_cucumber,"发送动作目标：SET，目标=[0.48, -2.58, 0.38, -86.89]，超时=30s，任务上下文=""grab_sea_cucumber task:2步骤-海参夹爪偏置并保持深度航向"""
1791627623216496864,1791627623193158272,2026-10-10T18:20:23.216+08:00,4,grab_sea_cucumber,动作目标已接受，等待执行结果……
1791627626421331840,1791627626419293152,2026-10-10T18:20:26.421+08:00,4,grab_sea_cucumber,动作执行结果：成功
1791627626421952640,1791627626420009568,2026-10-10T18:20:26.421+08:00,4,grab_sea_cucumber,26rb_grab_ball：等待偏置移动稳定 5.0s，随后开始下降
1791627631423338752,1791627631421898016,2026-10-10T18:20:31.423+08:00,4,grab_sea_cucumber,"抓海参：记录下压前XY=(0.48545050621032715, -2.5829436779022217)"
1791627634799754784,1791627634798814400,2026-10-10T18:20:34.799+08:00,4,grab_sea_cucumber,抓海参：离地0.180m，锁定纯开环下压；推力=0.2，持续=1s；不使用DVL XY闭环
1791627635801806880,1791627635800248896,2026-10-10T18:20:35.801+08:00,4,grab_sea_cucumber,抓海参：直接速度上浮，当前z=1.090m，目标z=0.400m，速度上限=0.050m/s；不使用BMOVE位置拉升
1791627635802936608,1791627635801886688,2026-10-10T18:20:35.802+08:00,4,grab_sea_cucumber,抓海参：近底纯推力离底，z=1.090，推力=-0.3；速度不作保证
1791627636811851712,1791627636810959168,2026-10-10T18:20:36.811+08:00,4,grab_sea_cucumber,抓海参：近底纯推力离底，z=1.060，推力=-0.3；速度不作保证
1791627637820057984,1791627637819112512,2026-10-10T18:20:37.820+08:00,4,grab_sea_cucumber,抓海参：近底纯推力离底，z=1.020，推力=-0.3；速度不作保证
1791627638828511040,1791627638827695168,2026-10-10T18:20:38.828+08:00,4,grab_sea_cucumber,抓海参：近底纯推力离底，z=1.000，推力=-0.3；速度不作保证
1791627639837871744,1791627639836972704,2026-10-10T18:20:39.837+08:00,4,grab_sea_cucumber,抓海参：近底纯推力离底，z=0.970，推力=-0.3；速度不作保证
1791627640847488064,1791627640846361248,2026-10-10T18:20:40.847+08:00,4,grab_sea_cucumber,抓海参：近底纯推力离底，z=0.920，推力=-0.3；速度不作保证
1791627641755089824,1791627641754106784,2026-10-10T18:20:41.755+08:00,4,grab_sea_cucumber,抓海参：离地超过开环高度+3cm，恢复慢速上浮速度环
1791627641857508736,1791627641856215200,2026-10-10T18:20:41.857+08:00,4,grab_sea_cucumber,抓海参：上浮z=0.860m，剩余=0.460m，vz=-0.0460m/s
1791627642867043904,1791627642865487520,2026-10-10T18:20:42.867+08:00,4,grab_sea_cucumber,抓海参：上浮z=0.800m，剩余=0.400m，vz=-0.0400m/s
1791627643874866944,1791627643873567936,2026-10-10T18:20:43.874+08:00,4,grab_sea_cucumber,抓海参：上浮z=0.740m，剩余=0.340m，vz=-0.0340m/s
1791627644884402112,1791627644882685440,2026-10-10T18:20:44.884+08:00,4,grab_sea_cucumber,抓海参：上浮z=0.690m，剩余=0.290m，vz=-0.0290m/s
1791627645892108352,1791627645890959840,2026-10-10T18:20:45.892+08:00,4,grab_sea_cucumber,抓海参：上浮z=0.650m，剩余=0.250m，vz=-0.0250m/s
1791627646902405408,1791627646900936736,2026-10-10T18:20:46.902+08:00,4,grab_sea_cucumber,抓海参：上浮z=0.590m，剩余=0.190m，vz=-0.0190m/s
1791627647913717536,1791627647912624384,2026-10-10T18:20:47.913+08:00,4,grab_sea_cucumber,抓海参：上浮z=0.540m，剩余=0.140m，vz=-0.0140m/s
1791627648922223936,1791627648921208000,2026-10-10T18:20:48.922+08:00,4,grab_sea_cucumber,抓海参：上浮z=0.510m，剩余=0.110m，vz=-0.0110m/s
1791627649931784736,1791627649930799008,2026-10-10T18:20:49.931+08:00,4,grab_sea_cucumber,抓海参：上浮z=0.460m，剩余=0.060m，vz=-0.0060m/s
1791627650436675072,1791627650435220800,2026-10-10T18:20:50.436+08:00,4,grab_sea_cucumber,抓海参：速度上浮到位，实测z=0.440m；不向下纠偏
1791627650437375328,1791627650436535136,2026-10-10T18:20:50.437+08:00,4,grab_sea_cucumber,"抓海参：离底后XY变化=(-0.012,+0.276)m；默认按真实位移回位，不盲改DVL"
1791627650440481920,1791627650439364832,2026-10-10T18:20:50.440+08:00,4,grab_sea_cucumber,"任务odom平移修正=(+0.012,-0.276)m；MCU原始DVL未改写"
1791627650459047808,1791627650458052832,2026-10-10T18:20:50.459+08:00,4,grab_sea_cucumber,"抓海参：下压前XY锚点（假定无真实水平漂移）：任务odom平移修正=(+0.012,-0.276)m；MCU原始DVL未改写"
1791627650459790016,1791627650458902912,2026-10-10T18:20:50.459+08:00,4,grab_sea_cucumber,"发送动作目标：SET，目标=[0.43, -2.28, 0.45, -86.75]，超时=96s，任务上下文=""grab_sea_cucumber task:2步骤-抓海参后水平回位"""
1791627650471693120,1791627650470721824,2026-10-10T18:20:50.471+08:00,4,grab_sea_cucumber,动作目标已接受，等待执行结果……
1791627654999861088,1791627654998679744,2026-10-10T18:20:54.999+08:00,4,grab_sea_cucumber,动作执行结果：成功
1791627655401852576,1791627655400800064,2026-10-10T18:20:55.401+08:00,4,grab_sea_cucumber,"抓海参：after计数帧=[3, 3, 2]，保守结果=3"
1791627655402585152,1791627655401451936,2026-10-10T18:20:55.402+08:00,4,grab_sea_cucumber,抓海参：数量未减少（3→3），重试 3/3
1791627655402998976,1791627655402173632,2026-10-10T18:20:55.402+08:00,4,grab_sea_cucumber,⚙️  舵机1：海参抓取准备（发布angle=0.0°；内部=0.0000 rad，已发指令）
1791627655403533344,1791627655402735936,2026-10-10T18:20:55.403+08:00,4,grab_sea_cucumber,抓海参：海参水平对准固定z=0.460m、yaw=-86.2°，SET axes=xyzrz；下视像素竖向误差只修正水平位置，不用于升沉；z正方向向下
1791627655426466240,1791627655425560640,2026-10-10T18:20:55.426+08:00,4,grab_sea_cucumber,抓海参：等待视觉微调实测到位，XY误差=0.000m/0.030m，z误差=+0.000m，yaw误差=0.0°
1791627655728912640,1791627655727791936,2026-10-10T18:20:55.728+08:00,4,grab_sea_cucumber,抓海参：等待锁定目标；原因=等待动作稳定后收到的新帧，不切换其他目标
1791627656230980480,1791627656229689664,2026-10-10T18:20:56.230+08:00,4,grab_sea_cucumber,"抓海参：锁定目标像素=(427.0,341.0)，误差=(+0.1509,+0.1480)，机体步长=(+0.056,-0.057)m，世界步长=(-0.053,-0.060)m"
1791627656254618336,1791627656253642400,2026-10-10T18:20:56.254+08:00,4,grab_sea_cucumber,抓海参：等待视觉微调实测到位，XY误差=0.080m/0.030m，z误差=+0.010m，yaw误差=0.4°
1791627656761563744,1791627656760284352,2026-10-10T18:20:56.761+08:00,4,grab_sea_cucumber,抓海参：等待视觉微调实测到位，XY误差=0.072m/0.030m，z误差=+0.010m，yaw误差=0.9°
1791627657264629952,1791627657263694496,2026-10-10T18:20:57.264+08:00,4,grab_sea_cucumber,抓海参：等待视觉微调实测到位，XY误差=0.041m/0.030m，z误差=+0.020m，yaw误差=1.4°
1791627657766936768,1791627657766181856,2026-10-10T18:20:57.766+08:00,4,grab_sea_cucumber,抓海参：等待视觉微调实测到位，XY误差=0.017m/0.030m，z误差=+0.030m，yaw误差=1.0°
1791627658370605696,1791627658368133568,2026-10-10T18:20:58.370+08:00,4,grab_sea_cucumber,"抓海参：锁定目标像素=(393.0,281.0)，误差=(+0.0922,+0.0443)，机体步长=(+0.018,-0.037)m，世界步长=(-0.035,-0.021)m"
1791627658394381760,1791627658392992384,2026-10-10T18:20:58.394+08:00,4,grab_sea_cucumber,抓海参：等待视觉微调实测到位，XY误差=0.041m/0.020m，z误差=+0.020m，yaw误差=0.7°
1791627658896866848,1791627658896008160,2026-10-10T18:20:58.896+08:00,4,grab_sea_cucumber,抓海参：等待视觉微调实测到位，XY误差=0.032m/0.020m，z误差=+0.010m，yaw误差=0.4°
1791627659901018272,1791627659899626592,2026-10-10T18:20:59.901+08:00,4,grab_sea_cucumber,"抓海参：锁定目标像素=(339.0,254.0)，误差=(-0.0010,-0.0023)，机体步长=(-0.001,+0.000)m，世界步长=(+0.000,+0.001)m"
1791627660403286080,1791627660401599872,2026-10-10T18:21:00.403+08:00,4,grab_sea_cucumber,"抓海参：锁定目标像素=(331.0,255.0)，误差=(-0.0148,-0.0006)，机体步长=(-0.000,+0.006)m，世界步长=(+0.006,+0.001)m"
1791627660404014912,1791627660403457728,2026-10-10T18:21:00.404+08:00,4,grab_sea_cucumber,"抓海参：海参视觉居中通过，误差=(-0.0148,-0.0006)，容差=0.04"
1791627660906571040,1791627660905573472,2026-10-10T18:21:00.906+08:00,4,grab_sea_cucumber,"抓海参：before计数帧=[2, 3, 3]，保守结果=2"
1791627660907393184,1791627660906273088,2026-10-10T18:21:00.907+08:00,4,grab_sea_cucumber,"抓海参：夹爪偏置目标XY=(0.398,-2.702)m，保持z=0.460m、yaw=-86.2°；SET axes=xyzrz"
1791627660908097984,1791627660906967808,2026-10-10T18:21:00.908+08:00,4,grab_sea_cucumber,"发送动作目标：SET，目标=[0.40, -2.70, 0.46, -86.24]，超时=30s，任务上下文=""grab_sea_cucumber task:2步骤-海参夹爪偏置并保持深度航向"""
1791627660919322720,1791627660918575264,2026-10-10T18:21:00.919+08:00,4,grab_sea_cucumber,动作目标已接受，等待执行结果……
1791627666654182016,1791627666653114752,2026-10-10T18:21:06.654+08:00,4,grab_sea_cucumber,动作执行结果：成功
1791627666655469376,1791627666653856192,2026-10-10T18:21:06.655+08:00,4,grab_sea_cucumber,26rb_grab_ball：等待偏置移动稳定 5.0s，随后开始下降
1791627671656615488,1791627671655052352,2026-10-10T18:21:11.656+08:00,4,grab_sea_cucumber,"抓海参：记录下压前XY=(0.39905649423599243, -2.715683937072754)"
1791627674629786144,1791627674628878592,2026-10-10T18:21:14.629+08:00,4,grab_sea_cucumber,抓海参：离地0.190m，锁定纯开环下压；推力=0.2，持续=1s；不使用DVL XY闭环
1791627675631965344,1791627675630241088,2026-10-10T18:21:15.631+08:00,4,grab_sea_cucumber,抓海参：直接速度上浮，当前z=1.090m，目标z=0.470m，速度上限=0.050m/s；不使用BMOVE位置拉升
1791627675633653856,1791627675631218400,2026-10-10T18:21:15.633+08:00,4,grab_sea_cucumber,抓海参：近底纯推力离底，z=1.090，推力=-0.3；速度不作保证
1791627676643932608,1791627676643023328,2026-10-10T18:21:16.643+08:00,4,grab_sea_cucumber,抓海参：近底纯推力离底，z=1.070，推力=-0.3；速度不作保证
1791627677653068384,1791627677651747872,2026-10-10T18:21:17.653+08:00,4,grab_sea_cucumber,抓海参：近底纯推力离底，z=1.040，推力=-0.3；速度不作保证
1791627678661475136,1791627678659990432,2026-10-10T18:21:18.661+08:00,4,grab_sea_cucumber,抓海参：近底纯推力离底，z=1.020，推力=-0.3；速度不作保证
1791627679669843744,1791627679668887296,2026-10-10T18:21:19.669+08:00,4,grab_sea_cucumber,抓海参：近底纯推力离底，z=0.990，推力=-0.3；速度不作保证
1791627680677908096,1791627680677044224,2026-10-10T18:21:20.677+08:00,4,grab_sea_cucumber,抓海参：近底纯推力离底，z=0.930，推力=-0.3；速度不作保证
1791627681686319840,1791627681685480384,2026-10-10T18:21:21.686+08:00,4,grab_sea_cucumber,抓海参：近底纯推力离底，z=0.880，推力=-0.3；速度不作保证
1791627681989505728,1791627681988528576,2026-10-10T18:21:21.989+08:00,4,grab_sea_cucumber,抓海参：离地超过开环高度+3cm，恢复慢速上浮速度环
1791627682696386240,1791627682695593888,2026-10-10T18:21:22.696+08:00,4,grab_sea_cucumber,抓海参：上浮z=0.810m，剩余=0.340m，vz=-0.0340m/s
1791627683705006464,1791627683703891136,2026-10-10T18:21:23.705+08:00,4,grab_sea_cucumber,抓海参：上浮z=0.750m，剩余=0.280m，vz=-0.0280m/s
1791627684713628064,1791627684712490848,2026-10-10T18:21:24.713+08:00,4,grab_sea_cucumber,抓海参：上浮z=0.700m，剩余=0.230m，vz=-0.0230m/s
1791627685721733248,1791627685720879840,2026-10-10T18:21:25.721+08:00,4,grab_sea_cucumber,抓海参：上浮z=0.650m，剩余=0.180m，vz=-0.0180m/s
1791627686731802656,1791627686730566208,2026-10-10T18:21:26.731+08:00,4,grab_sea_cucumber,抓海参：上浮z=0.600m，剩余=0.130m，vz=-0.0130m/s
1791627687739811968,1791627687739184352,2026-10-10T18:21:27.739+08:00,4,grab_sea_cucumber,抓海参：上浮z=0.560m，剩余=0.090m，vz=-0.0090m/s
1791627688749625440,1791627688748711584,2026-10-10T18:21:28.749+08:00,4,grab_sea_cucumber,抓海参：上浮z=0.530m，剩余=0.060m，vz=-0.0060m/s
1791627688901606144,1791627688900717440,2026-10-10T18:21:28.901+08:00,4,grab_sea_cucumber,抓海参：速度上浮到位，实测z=0.520m；不向下纠偏
1791627688902328864,1791627688901517312,2026-10-10T18:21:28.902+08:00,4,grab_sea_cucumber,"抓海参：离底后XY变化=(+0.002,+0.079)m；默认按真实位移回位，不盲改DVL"
1791627688905454592,1791627688904456992,2026-10-10T18:21:28.905+08:00,4,grab_sea_cucumber,"任务odom平移修正=(-0.002,-0.079)m；MCU原始DVL未改写"
1791627688923702016,1791627688922792832,2026-10-10T18:21:28.923+08:00,4,grab_sea_cucumber,"抓海参：下压前XY锚点（假定无真实水平漂移）：任务odom平移修正=(-0.002,-0.079)m；MCU原始DVL未改写"
1791627688924479744,1791627688923558656,2026-10-10T18:21:28.924+08:00,4,grab_sea_cucumber,"发送动作目标：SET，目标=[0.33, -2.41, 0.52, -85.78]，超时=57s，任务上下文=""grab_sea_cucumber task:2步骤-抓海参后水平回位"""
1791627688937341472,1791627688936528064,2026-10-10T18:21:28.937+08:00,4,grab_sea_cucumber,动作目标已接受，等待执行结果……
1791627693979670848,1791627693978734240,2026-10-10T18:21:33.979+08:00,4,grab_sea_cucumber,动作执行结果：成功
1791627694482299008,1791627694481105024,2026-10-10T18:21:34.482+08:00,4,grab_sea_cucumber,"抓海参：after计数帧=[4, 3, 3]，保守结果=4"
1791627694483068288,1791627694481775136,2026-10-10T18:21:34.483+08:00,4,grab_sea_cucumber,抓海参：数量未减少（2→4），重试 4/3
1791627694483550176,1791627694482336896,2026-10-10T18:21:34.483+08:00,4,grab_sea_cucumber,抓海参：任务停止；视觉确认减少=2/5，已发投放指令=1
1791627694483939936,1791627694483016032,2026-10-10T18:21:34.483+08:00,4,grab_sea_cucumber,💡 灯光已打开：抓海参失败或停止（数值=1）
1791627694484274784,1791627694483651200,2026-10-10T18:21:34.484+08:00,4,grab_sea_cucumber,[2/2] grab_sea_cucumber 执行失败
1791627694484977120,1791627694484244768,2026-10-10T18:21:34.484+08:00,4,,=== 任务列表执行结束：1/2 个任务失败 ===
1791627891306552000,1791627891305253632,2026-10-10T18:24:51.306+08:00,4,,启动配置：MCU原点重置=True，心跳发布器已创建=True，频率=15Hz，arm_mode=1；等待START成功后才发送心跳
1791627891793065696,1791627891788508064,2026-10-10T18:24:51.793+08:00,4,,START[6/6]：PoseInfo已发布，agxhbt心跳已启用；START返回成功，不等待MCU解锁
1791627892911052416,1791627892910386240,2026-10-10T18:24:52.911+08:00,4,,"步进开始: 目标=(-0.00, 0.00, -0.01, -78.7°), 总超时=90s"
1791627896137867200,1791627896137204256,2026-10-10T18:24:56.137+08:00,4,,"步进开始: 目标=(0.35, -1.75, 0.20, -78.7°), 总超时=87s"
1791627910718731328,1791627910717895904,2026-10-10T18:25:10.718+08:00,4,,动作执行结果：成功
1791627910719403456,1791627910718595264,2026-10-10T18:25:10.719+08:00,4,,抓海参：前往海参抓取区并调整扫描深度运输到位，开始水平定位及归向：x=0.350，y=-1.750，yaw=-90.0°
1791627910719799808,1791627910719180224,2026-10-10T18:25:10.719+08:00,4,,"发送动作目标：SET，目标=[0.35, -1.75, 0.18, -90.00]，超时=71s，任务上下文=""grab_sea_cucumber task:2步骤-前往海参抓取区并调整扫描深度到位归向"""
1791627910732507936,1791627910730855552,2026-10-10T18:25:10.732+08:00,4,,动作目标已接受，等待执行结果……
1791627911141910432,1791627911138602656,2026-10-10T18:25:11.141+08:00,4,,动作执行结果：成功
1791627911142573184,1791627911139372704,2026-10-10T18:25:11.142+08:00,4,,抓海参：前往海参抓取区并调整扫描深度位置及航向已确认
1791627911142947776,1791627911140090464,2026-10-10T18:25:11.142+08:00,4,,⚙️  舵机1：海参抓取准备（发布angle=0.0°；内部=0.0000 rad，已发指令）
1791627911143501696,1791627911140634656,2026-10-10T18:25:11.143+08:00,4,,抓海参：海参水平对准固定z=0.190m、yaw=-85.3°，SET axes=xyzrz；下视像素竖向误差只修正水平位置，不用于升沉；z正方向向下
1791627911165699008,1791627911164628384,2026-10-10T18:25:11.165+08:00,4,,抓海参：等待视觉微调实测到位，XY误差=0.004m/0.030m，z误差=+0.000m，yaw误差=0.3°
1791627911668538496,1791627911667409760,2026-10-10T18:25:11.668+08:00,4,,抓海参：等待视觉微调实测到位，XY误差=0.047m/0.030m，z误差=-0.010m，yaw误差=0.9°
1791627912171881632,1791627912170833792,2026-10-10T18:25:12.171+08:00,4,,抓海参：等待视觉微调实测到位，XY误差=0.085m/0.030m，z误差=-0.020m，yaw误差=2.7°
1791627912676923168,1791627912675384160,2026-10-10T18:25:12.676+08:00,4,,抓海参：等待视觉微调实测到位，XY误差=0.128m/0.030m，z误差=+0.000m，yaw误差=3.9°
1791627913179632672,1791627913178269184,2026-10-10T18:25:13.179+08:00,4,,抓海参：等待视觉微调实测到位，XY误差=0.160m/0.030m，z误差=+0.020m，yaw误差=3.9°
1791627913682106368,1791627913681012160,2026-10-10T18:25:13.682+08:00,4,,抓海参：等待视觉微调实测到位，XY误差=0.186m/0.030m，z误差=+0.010m，yaw误差=3.5°
1791627914186049184,1791627914185101120,2026-10-10T18:25:14.186+08:00,4,,抓海参：等待视觉微调实测到位，XY误差=0.198m/0.030m，z误差=+0.030m，yaw误差=2.8°
1791627914689749056,1791627914688708224,2026-10-10T18:25:14.689+08:00,4,,抓海参：等待视觉微调实测到位，XY误差=0.205m/0.030m，z误差=+0.030m，yaw误差=2.1°
1791627915192757504,1791627915191584704,2026-10-10T18:25:15.192+08:00,4,,抓海参：等待视觉微调实测到位，XY误差=0.208m/0.030m，z误差=+0.030m，yaw误差=1.8°
1791627915695054208,1791627915694012672,2026-10-10T18:25:15.695+08:00,4,,抓海参：等待视觉微调实测到位，XY误差=0.209m/0.030m，z误差=+0.030m，yaw误差=1.6°
1791627916199730368,1791627916198045824,2026-10-10T18:25:16.199+08:00,4,,抓海参：等待视觉微调实测到位，XY误差=0.207m/0.030m，z误差=+0.030m，yaw误差=1.5°
1791627916702883520,1791627916701640064,2026-10-10T18:25:16.702+08:00,4,,抓海参：等待视觉微调实测到位，XY误差=0.203m/0.030m，z误差=+0.020m，yaw误差=1.5°
1791627917205549408,1791627917204531488,2026-10-10T18:25:17.205+08:00,4,,抓海参：等待视觉微调实测到位，XY误差=0.197m/0.030m，z误差=+0.030m，yaw误差=1.6°
1791627917708200256,1791627917707372000,2026-10-10T18:25:17.708+08:00,4,,抓海参：等待视觉微调实测到位，XY误差=0.189m/0.030m，z误差=+0.030m，yaw误差=1.6°
1791627918211494912,1791627918210310112,2026-10-10T18:25:18.211+08:00,4,,抓海参：等待视觉微调实测到位，XY误差=0.177m/0.030m，z误差=+0.030m，yaw误差=1.8°
1791627918714752800,1791627918713595872,2026-10-10T18:25:18.714+08:00,4,,抓海参：等待视觉微调实测到位，XY误差=0.165m/0.030m，z误差=+0.040m，yaw误差=1.8°
1791627919217534656,1791627919216681696,2026-10-10T18:25:19.217+08:00,4,,抓海参：等待视觉微调实测到位，XY误差=0.151m/0.030m，z误差=+0.030m，yaw误差=1.9°
1791627919720518688,1791627919719340800,2026-10-10T18:25:19.720+08:00,4,,抓海参：等待视觉微调实测到位，XY误差=0.138m/0.030m，z误差=+0.030m，yaw误差=2.0°
1791627920223723456,1791627920221937792,2026-10-10T18:25:20.223+08:00,4,,抓海参：等待视觉微调实测到位，XY误差=0.122m/0.030m，z误差=+0.020m，yaw误差=1.9°
1791627920730606912,1791627920728293472,2026-10-10T18:25:20.730+08:00,4,,抓海参：等待视觉微调实测到位，XY误差=0.106m/0.030m，z误差=+0.030m，yaw误差=1.9°
1791627921232367616,1791627921231424320,2026-10-10T18:25:21.232+08:00,4,,抓海参：等待视觉微调实测到位，XY误差=0.085m/0.030m，z误差=+0.020m，yaw误差=1.8°
1791627921735441216,1791627921734154048,2026-10-10T18:25:21.735+08:00,4,,抓海参：等待视觉微调实测到位，XY误差=0.065m/0.030m，z误差=+0.030m，yaw误差=1.8°
1791627922238135392,1791627922237088128,2026-10-10T18:25:22.238+08:00,4,,抓海参：等待视觉微调实测到位，XY误差=0.042m/0.030m，z误差=+0.020m，yaw误差=1.7°
1791627922741212448,1791627922739798176,2026-10-10T18:25:22.741+08:00,4,,抓海参：等待视觉微调实测到位，XY误差=0.020m/0.030m，z误差=+0.020m，yaw误差=1.7°
1791627922792103584,1791627922791047584,2026-10-10T18:25:22.792+08:00,4,,抓海参：等待锁定目标；原因=等待动作稳定后收到的新帧，不切换其他目标
1791627923294124576,1791627923293003520,2026-10-10T18:25:23.294+08:00,4,,"抓海参：锁定目标像素=(249.0,383.0)，误差=(-0.1563,+0.2205)，机体步长=(+0.065,+0.046)m，世界步长=(+0.053,-0.060)m"
1791627923316429792,1791627923315470176,2026-10-10T18:25:23.316+08:00,4,,抓海参：等待视觉微调实测到位，XY误差=0.080m/0.030m，z误差=+0.020m，yaw误差=1.4°
1791627923819875232,1791627923818140384,2026-10-10T18:25:23.819+08:00,4,,抓海参：等待视觉微调实测到位，XY误差=0.090m/0.030m，z误差=+0.020m，yaw误差=0.4°
1791627924321775328,1791627924320840640,2026-10-10T18:25:24.321+08:00,4,,抓海参：等待视觉微调实测到位，XY误差=0.098m/0.030m，z误差=+0.010m，yaw误差=1.2°
1791627924824641504,1791627924823567520,2026-10-10T18:25:24.824+08:00,4,,抓海参：等待视觉微调实测到位，XY误差=0.100m/0.030m，z误差=-0.010m，yaw误差=0.9°
1791627925331107648,1791627925328068960,2026-10-10T18:25:25.331+08:00,4,,抓海参：等待视觉微调实测到位，XY误差=0.088m/0.030m，z误差=-0.010m，yaw误差=0.1°
1791627925832644544,1791627925831872480,2026-10-10T18:25:25.832+08:00,4,,抓海参：等待视觉微调实测到位，XY误差=0.062m/0.030m，z误差=-0.010m，yaw误差=0.5°
1791627926335869216,1791627926334800736,2026-10-10T18:25:26.335+08:00,4,,抓海参：等待视觉微调实测到位，XY误差=0.032m/0.030m，z误差=-0.010m，yaw误差=0.6°
1791627927190661568,1791627927188253312,2026-10-10T18:25:27.190+08:00,4,,"抓海参：锁定目标像素=(289.0,337.0)，误差=(-0.0872,+0.1411)，机体步长=(+0.056,+0.035)m，世界步长=(+0.040,-0.053)m"
1791627927211980096,1791627927210999456,2026-10-10T18:25:27.211+08:00,4,,抓海参：等待视觉微调实测到位，XY误差=0.065m/0.030m，z误差=+0.000m，yaw误差=0.4°
1791627927714956896,1791627927713714112,2026-10-10T18:25:27.714+08:00,4,,抓海参：等待视觉微调实测到位，XY误差=0.047m/0.030m，z误差=+0.010m，yaw误差=0.6°
1791627928217224160,1791627928216270560,2026-10-10T18:25:28.217+08:00,4,,抓海参：等待视觉微调实测到位，XY误差=0.032m/0.030m，z误差=+0.000m，yaw误差=1.3°
1791627929122147136,1791627929119870880,2026-10-10T18:25:29.122+08:00,4,,"抓海参：锁定目标像素=(325.0,308.0)，误差=(-0.0251,+0.0910)，机体步长=(+0.036,+0.010)m，世界步长=(+0.014,-0.035)m"
1791627929145153536,1791627929144140192,2026-10-10T18:25:29.145+08:00,4,,抓海参：等待视觉微调实测到位，XY误差=0.036m/0.019m，z误差=+0.000m，yaw误差=0.9°
1791627929647790432,1791627929646835936,2026-10-10T18:25:29.647+08:00,4,,抓海参：等待视觉微调实测到位，XY误差=0.016m/0.019m，z误差=+0.010m，yaw误差=1.0°
1791627930401203744,1791627930399691808,2026-10-10T18:25:30.401+08:00,4,,"抓海参：锁定目标像素=(310.0,269.0)，误差=(-0.0510,+0.0236)，机体步长=(+0.009,+0.020)m，世界步长=(+0.021,-0.007)m"
1791627930422940768,1791627930422058976,2026-10-10T18:25:30.422+08:00,4,,抓海参：等待视觉微调实测到位，XY误差=0.022m/0.011m，z误差=+0.010m，yaw误差=1.1°
1791627930927660096,1791627930926460992,2026-10-10T18:25:30.927+08:00,4,,抓海参：等待视觉微调实测到位，XY误差=0.021m/0.011m，z误差=+0.000m，yaw误差=1.1°
1791627931430002208,1791627931429075392,2026-10-10T18:25:31.430+08:00,4,,抓海参：等待视觉微调实测到位，XY误差=0.019m/0.011m，z误差=+0.010m，yaw误差=1.1°
1791627931932784576,1791627931931807680,2026-10-10T18:25:31.932+08:00,4,,抓海参：等待视觉微调实测到位，XY误差=0.032m/0.011m，z误差=+0.010m，yaw误差=2.0°
1791627932436624896,1791627932434874368,2026-10-10T18:25:32.436+08:00,4,,抓海参：等待视觉微调实测到位，XY误差=0.046m/0.011m，z误差=+0.010m，yaw误差=2.4°
1791627932939339616,1791627932938295488,2026-10-10T18:25:32.939+08:00,4,,抓海参：等待视觉微调实测到位，XY误差=0.053m/0.011m，z误差=+0.010m，yaw误差=2.5°
1791627933444895328,1791627933443198976,2026-10-10T18:25:33.444+08:00,4,,抓海参：等待视觉微调实测到位，XY误差=0.056m/0.011m，z误差=+0.020m，yaw误差=2.6°
1791627933947292928,1791627933946135072,2026-10-10T18:25:33.947+08:00,4,,抓海参：等待视觉微调实测到位，XY误差=0.055m/0.011m，z误差=+0.020m，yaw误差=2.6°
1791627934450038272,1791627934448955616,2026-10-10T18:25:34.450+08:00,4,,抓海参：等待视觉微调实测到位，XY误差=0.052m/0.011m，z误差=+0.020m，yaw误差=2.5°
1791627935695425216,1791627934952442880,2026-10-10T18:25:35.695+08:00,4,,抓海参：等待视觉微调实测到位，XY误差=0.045m/0.011m，z误差=+0.020m，yaw误差=2.3°
1791627935697121696,1791627935455782208,2026-10-10T18:25:35.697+08:00,4,,抓海参：等待视觉微调实测到位，XY误差=0.036m/0.011m，z误差=+0.020m，yaw误差=2.0°
1791627935961337120,1791627935959361376,2026-10-10T18:25:35.961+08:00,4,,抓海参：等待视觉微调实测到位，XY误差=0.028m/0.011m，z误差=+0.020m，yaw误差=1.8°
1791627936463336896,1791627936462164928,2026-10-10T18:25:36.463+08:00,4,,抓海参：等待视觉微调实测到位，XY误差=0.019m/0.011m，z误差=+0.020m，yaw误差=1.5°
1791627936966601312,1791627936965291104,2026-10-10T18:25:36.966+08:00,4,,抓海参：等待视觉微调实测到位，XY误差=0.012m/0.011m，z误差=+0.030m，yaw误差=1.3°
1791627937820017856,1791627937818400896,2026-10-10T18:25:37.820+08:00,4,,"抓海参：锁定目标像素=(326.0,263.0)，误差=(-0.0234,+0.0132)，机体步长=(+0.005,+0.009)m，世界步长=(+0.010,-0.004)m"
1791627938321447680,1791627938320374496,2026-10-10T18:25:38.321+08:00,4,,"抓海参：锁定目标像素=(328.0,264.0)，误差=(-0.0199,+0.0150)，机体步长=(+0.006,+0.008)m，世界步长=(+0.009,-0.005)m"
1791627938333692768,1791627938321147072,2026-10-10T18:25:38.333+08:00,4,,"抓海参：海参视觉居中通过，误差=(-0.0199,+0.0150)，容差=0.04"
1791627938824536352,1791627938823545536,2026-10-10T18:25:38.824+08:00,4,,"抓海参：before计数帧=[5, 5, 5]，保守结果=5"
1791627938825187616,1791627938824584736,2026-10-10T18:25:38.825+08:00,4,,"抓海参：夹爪偏置目标XY=(0.509,-2.122)m，保持z=0.190m、yaw=-85.3°；SET axes=xyzrz"
1791627938825968160,1791627938825465504,2026-10-10T18:25:38.825+08:00,4,,"发送动作目标：SET，目标=[0.51, -2.12, 0.19, -85.26]，超时=30s，任务上下文=""grab_sea_cucumber task:2步骤-海参夹爪偏置并保持深度航向"""
1791627938839021536,1791627938837497952,2026-10-10T18:25:38.839+08:00,4,,动作目标已接受，等待执行结果……
1791627943073110080,1791627943072025760,2026-10-10T18:25:43.073+08:00,4,,动作执行结果：成功
1791627943073917344,1791627943073133120,2026-10-10T18:25:43.073+08:00,4,,26rb_grab_ball：等待偏置移动稳定 5.0s，随后开始下降
1791627948075911584,1791627948074362080,2026-10-10T18:25:48.075+08:00,4,,"抓海参：记录下压前XY=(0.5171779990196228, -2.1646695137023926)"
1791627952160347872,1791627952159277088,2026-10-10T18:25:52.160+08:00,4,,抓海参：离地0.190m，锁定纯开环下压；推力=0.2，持续=1s；不使用DVL XY闭环
1791627953161863552,1791627953160756736,2026-10-10T18:25:53.161+08:00,4,,抓海参：直接速度上浮，当前z=1.100m，目标z=0.200m，速度上限=0.050m/s；不使用BMOVE位置拉升
1791627953163090592,1791627953161828480,2026-10-10T18:25:53.163+08:00,4,,抓海参：近底纯推力离底，z=1.100，推力=-0.3；速度不作保证
1791627954172502592,1791627954171536256,2026-10-10T18:25:54.172+08:00,4,,抓海参：近底纯推力离底，z=1.070，推力=-0.3；速度不作保证
1791627955181328832,1791627955180093792,2026-10-10T18:25:55.181+08:00,4,,抓海参：近底纯推力离底，z=1.060，推力=-0.3；速度不作保证
1791627956190876736,1791627956189991168,2026-10-10T18:25:56.190+08:00,4,,抓海参：近底纯推力离底，z=1.030，推力=-0.3；速度不作保证
1791627957199224224,1791627957198280832,2026-10-10T18:25:57.199+08:00,4,,抓海参：近底纯推力离底，z=1.000，推力=-0.3；速度不作保证
1791627958208803872,1791627958208086048,2026-10-10T18:25:58.208+08:00,4,,抓海参：近底纯推力离底，z=0.960，推力=-0.3；速度不作保证
1791627959219407840,1791627959217525184,2026-10-10T18:25:59.219+08:00,4,,抓海参：近底纯推力离底，z=0.910，推力=-0.3；速度不作保证
1791627960081972640,1791627960074920448,2026-10-10T18:26:00.081+08:00,4,,抓海参：离地超过开环高度+3cm，恢复慢速上浮速度环
1791627960228381760,1791627960227479552,2026-10-10T18:26:00.228+08:00,4,,抓海参：上浮z=0.850m，剩余=0.650m，vz=-0.0500m/s
1791627961237613088,1791627961236484000,2026-10-10T18:26:01.237+08:00,4,,抓海参：上浮z=0.790m，剩余=0.590m，vz=-0.0500m/s
1791627962248623712,1791627962247447104,2026-10-10T18:26:02.248+08:00,4,,抓海参：上浮z=0.730m，剩余=0.530m，vz=-0.0500m/s
1791627963260313056,1791627963259354624,2026-10-10T18:26:03.260+08:00,4,,抓海参：上浮z=0.660m，剩余=0.460m，vz=-0.0460m/s
1791627964268304896,1791627964267262848,2026-10-10T18:26:04.268+08:00,4,,抓海参：上浮z=0.600m，剩余=0.400m，vz=-0.0400m/s
1791627965278140640,1791627965277181376,2026-10-10T18:26:05.278+08:00,4,,抓海参：上浮z=0.540m，剩余=0.340m，vz=-0.0340m/s
1791627966287585792,1791627966286033696,2026-10-10T18:26:06.287+08:00,4,,抓海参：上浮z=0.470m，剩余=0.270m，vz=-0.0270m/s
1791627967296195616,1791627967294470336,2026-10-10T18:26:07.296+08:00,4,,抓海参：上浮z=0.410m，剩余=0.210m，vz=-0.0210m/s
1791627968304664992,1791627968303577088,2026-10-10T18:26:08.304+08:00,4,,抓海参：上浮z=0.350m，剩余=0.150m，vz=-0.0150m/s
1791627969314923776,1791627969314015072,2026-10-10T18:26:09.314+08:00,4,,抓海参：上浮z=0.280m，剩余=0.080m，vz=-0.0080m/s
1791627969921843296,1791627969920991296,2026-10-10T18:26:09.921+08:00,4,,抓海参：速度上浮到位，实测z=0.250m；不向下纠偏
1791627969922487232,1791627969921769632,2026-10-10T18:26:09.922+08:00,4,,"抓海参：离底后XY变化=(-0.093,+0.176)m；默认按真实位移回位，不盲改DVL"
1791627969926796864,1791627969925543008,2026-10-10T18:26:09.926+08:00,4,,"任务odom平移修正=(+0.093,-0.176)m；MCU原始DVL未改写"
1791627969944317952,1791627969943038656,2026-10-10T18:26:09.944+08:00,4,,"抓海参：下压前XY锚点（假定无真实水平漂移）：任务odom平移修正=(+0.093,-0.176)m；MCU原始DVL未改写"
1791627969945029888,1791627969943811744,2026-10-10T18:26:09.945+08:00,4,,"发送动作目标：SET，目标=[0.44, -1.87, 0.25, -84.50]，超时=283s，任务上下文=""grab_sea_cucumber task:2步骤-抓海参后水平回位"""
1791627969957167200,1791627969955504960,2026-10-10T18:26:09.957+08:00,4,,动作目标已接受，等待执行结果……
1791627974391409888,1791627974390404736,2026-10-10T18:26:14.391+08:00,4,,动作执行结果：成功
1791627974994489088,1791627974993367200,2026-10-10T18:26:14.994+08:00,4,,"抓海参：after计数帧=[5, 5, 5]，保守结果=5"
1791627974995216896,1791627974994191584,2026-10-10T18:26:14.995+08:00,4,,抓海参：数量未减少（5→5），重试 1/3
1791627974997349248,1791627974995807840,2026-10-10T18:26:14.997+08:00,4,,⚙️  舵机1：海参抓取准备（发布angle=0.0°；内部=0.0000 rad，已发指令）
1791627974999666080,1791627974997694720,2026-10-10T18:26:14.999+08:00,4,,抓海参：海参水平对准固定z=0.250m、yaw=-83.9°，SET axes=xyzrz；下视像素竖向误差只修正水平位置，不用于升沉；z正方向向下
1791627975021134816,1791627975020037024,2026-10-10T18:26:15.021+08:00,4,,抓海参：等待视觉微调实测到位，XY误差=0.004m/0.030m，z误差=+0.010m，yaw误差=0.0°
1791627975323054208,1791627975322093952,2026-10-10T18:26:15.323+08:00,4,,抓海参：等待锁定目标；原因=等待动作稳定后收到的新帧，不切换其他目标
1791627975824701632,1791627975823659680,2026-10-10T18:26:15.824+08:00,4,,"抓海参：锁定目标像素=(171.0,414.0)，误差=(-0.2908,+0.2741)，机体步长=(+0.055,+0.058)m，世界步长=(+0.064,-0.048)m"
1791627975858135072,1791627975856964704,2026-10-10T18:26:15.858+08:00,4,,抓海参：等待视觉微调实测到位，XY误差=0.081m/0.030m，z误差=+0.030m，yaw误差=0.2°
1791627976361499200,1791627976360553536,2026-10-10T18:26:16.361+08:00,4,,抓海参：等待视觉微调实测到位，XY误差=0.073m/0.030m，z误差=+0.020m，yaw误差=0.4°
1791627976865583264,1791627976864566848,2026-10-10T18:26:16.865+08:00,4,,抓海参：等待视觉微调实测到位，XY误差=0.044m/0.030m，z误差=+0.010m，yaw误差=0.4°
1791627977368370080,1791627977367242400,2026-10-10T18:26:17.368+08:00,4,,抓海参：等待视觉微调实测到位，XY误差=0.024m/0.030m，z误差=+0.000m，yaw误差=0.6°
1791627978020521728,1791627978019522016,2026-10-10T18:26:18.020+08:00,4,,"抓海参：锁定目标像素=(218.0,384.0)，误差=(-0.2097,+0.2222)，机体步长=(+0.058,+0.055)m，世界步长=(+0.061,-0.052)m"
1791627978044090720,1791627978043252224,2026-10-10T18:26:18.044+08:00,4,,抓海参：等待视觉微调实测到位，XY误差=0.080m/0.030m，z误差=+0.000m，yaw误差=0.5°
1791627978547551008,1791627978546390112,2026-10-10T18:26:18.547+08:00,4,,抓海参：等待视觉微调实测到位，XY误差=0.064m/0.030m，z误差=+0.020m，yaw误差=0.3°
1791627979050937760,1791627979049830144,2026-10-10T18:26:19.050+08:00,4,,抓海参：等待视觉微调实测到位，XY误差=0.014m/0.030m，z误差=+0.000m，yaw误差=0.3°
1791627979653636384,1791627979652539072,2026-10-10T18:26:19.653+08:00,4,,"抓海参：锁定目标像素=(280.0,347.0)，误差=(-0.1028,+0.1583)，机体步长=(+0.063,+0.041)m，世界步长=(+0.048,-0.058)m"
1791627979677486240,1791627979676759616,2026-10-10T18:26:19.677+08:00,4,,抓海参：等待视觉微调实测到位，XY误差=0.074m/0.030m，z误差=-0.020m，yaw误差=0.5°
1791627980180190976,1791627980179258944,2026-10-10T18:26:20.180+08:00,4,,抓海参：等待视觉微调实测到位，XY误差=0.057m/0.030m，z误差=+0.000m，yaw误差=0.1°
1791627980683385920,1791627980682586688,2026-10-10T18:26:20.683+08:00,4,,抓海参：等待视觉微调实测到位，XY误差=0.023m/0.030m，z误差=-0.010m，yaw误差=0.1°
1791627981386338336,1791627981385224448,2026-10-10T18:26:21.386+08:00,4,,"抓海参：锁定目标像素=(294.0,305.0)，误差=(-0.0786,+0.0858)，机体步长=(+0.034,+0.031)m，世界步长=(+0.035,-0.031)m"
1791627981410386976,1791627981409434720,2026-10-10T18:26:21.410+08:00,4,,抓海参：等待视觉微调实测到位，XY误差=0.047m/0.023m，z误差=-0.010m，yaw误差=0.2°
1791627981913391424,1791627981911986784,2026-10-10T18:26:21.913+08:00,4,,抓海参：等待视觉微调实测到位，XY误差=0.031m/0.023m，z误差=-0.010m，yaw误差=0.0°
1791627982816264256,1791627982815358080,2026-10-10T18:26:22.816+08:00,4,,"抓海参：锁定目标像素=(308.5,270.0)，误差=(-0.0536,+0.0253)，机体步长=(+0.010,+0.021)m，世界步长=(+0.022,-0.008)m"
1791627982839308960,1791627982838045824,2026-10-10T18:26:22.839+08:00,4,,抓海参：等待视觉微调实测到位，XY误差=0.024m/0.012m，z误差=-0.010m，yaw误差=0.3°
1791627983342352416,1791627983340923808,2026-10-10T18:26:23.342+08:00,4,,抓海参：等待视觉微调实测到位，XY误差=0.017m/0.012m，z误差=+0.000m，yaw误差=0.1°
1791627983845342016,1791627983844332256,2026-10-10T18:26:23.845+08:00,4,,抓海参：等待视觉微调实测到位，XY误差=0.017m/0.012m，z误差=-0.010m，yaw误差=0.2°
1791627984347916640,1791627984346793472,2026-10-10T18:26:24.347+08:00,4,,抓海参：等待视觉微调实测到位，XY误差=0.022m/0.012m，z误差=+0.000m，yaw误差=0.3°
1791627984850713152,1791627984849533664,2026-10-10T18:26:24.850+08:00,4,,抓海参：等待视觉微调实测到位，XY误差=0.021m/0.012m，z误差=+0.000m，yaw误差=0.2°
1791627985354226112,1791627985352903872,2026-10-10T18:26:25.354+08:00,4,,抓海参：等待视觉微调实测到位，XY误差=0.017m/0.012m，z误差=+0.000m，yaw误差=0.2°
1791627985857165952,1791627985856023648,2026-10-10T18:26:25.857+08:00,4,,抓海参：等待视觉微调实测到位，XY误差=0.011m/0.012m，z误差=+0.000m，yaw误差=0.2°
1791627986661545824,1791627986659783232,2026-10-10T18:26:26.661+08:00,4,,"抓海参：锁定目标像素=(304.0,256.0)，误差=(-0.0614,+0.0011)，机体步长=(+0.000,+0.025)m，世界步长=(+0.024,+0.002)m"
1791627986684307232,1791627986683318496,2026-10-10T18:26:26.684+08:00,4,,抓海参：等待视觉微调实测到位，XY误差=0.025m/0.012m，z误差=+0.020m，yaw误差=0.1°
1791627987188336160,1791627987187178848,2026-10-10T18:26:27.188+08:00,4,,抓海参：等待视觉微调实测到位，XY误差=0.021m/0.012m，z误差=+0.030m，yaw误差=0.5°
1791627987691040384,1791627987690080032,2026-10-10T18:26:27.691+08:00,4,,抓海参：等待视觉微调实测到位，XY误差=0.014m/0.012m，z误差=+0.010m，yaw误差=0.7°
1791627988194550336,1791627988193439872,2026-10-10T18:26:28.194+08:00,4,,抓海参：等待视觉微调实测到位，XY误差=0.014m/0.012m，z误差=+0.010m，yaw误差=0.7°
1791627989149484992,1791627989147837312,2026-10-10T18:26:29.149+08:00,4,,"抓海参：锁定目标像素=(313.0,261.0)，误差=(-0.0458,+0.0098)，机体步长=(+0.004,+0.018)m，世界步长=(+0.019,-0.002)m"
1791627989175939584,1791627989174853088,2026-10-10T18:26:29.175+08:00,4,,抓海参：等待视觉微调实测到位，XY误差=0.019m/0.009m，z误差=+0.010m，yaw误差=0.6°
1791627989679272448,1791627989678211936,2026-10-10T18:26:29.679+08:00,4,,抓海参：等待视觉微调实测到位，XY误差=0.014m/0.009m，z误差=+0.020m，yaw误差=0.6°
1791627990632970560,1791627990631728864,2026-10-10T18:26:30.632+08:00,4,,"抓海参：锁定目标像素=(352.0,254.0)，误差=(+0.0215,-0.0023)，机体步长=(-0.001,-0.009)m，世界步长=(-0.009,-0.000)m"
1791627991134886336,1791627991133611840,2026-10-10T18:26:31.134+08:00,4,,"抓海参：锁定目标像素=(337.0,255.0)，误差=(-0.0044,-0.0006)，机体步长=(-0.000,+0.002)m，世界步长=(+0.002,+0.000)m"
1791627991135670080,1791627991134354592,2026-10-10T18:26:31.135+08:00,4,,"抓海参：海参视觉居中通过，误差=(-0.0044,-0.0006)，容差=0.04"
1791627991637455808,1791627991636495808,2026-10-10T18:26:31.637+08:00,4,,"抓海参：before计数帧=[5, 5, 5]，保守结果=5"
1791627991638103232,1791627991637156160,2026-10-10T18:26:31.638+08:00,4,,"抓海参：夹爪偏置目标XY=(0.794,-2.351)m，保持z=0.250m、yaw=-83.9°；SET axes=xyzrz"
1791627991638447936,1791627991637714208,2026-10-10T18:26:31.638+08:00,4,,"发送动作目标：SET，目标=[0.79, -2.35, 0.25, -83.93]，超时=30s，任务上下文=""grab_sea_cucumber task:2步骤-海参夹爪偏置并保持深度航向"""
1791627991650050944,1791627991649431584,2026-10-10T18:26:31.650+08:00,4,,动作目标已接受，等待执行结果……
1791627994672715520,1791627994671349024,2026-10-10T18:26:34.672+08:00,4,,动作执行结果：成功
1791627994673357824,1791627994672083552,2026-10-10T18:26:34.673+08:00,4,,26rb_grab_ball：等待偏置移动稳定 5.0s，随后开始下降
1791627999674434944,1791627999673199264,2026-10-10T18:26:39.674+08:00,4,,"抓海参：记录下压前XY=(0.795483410358429, -2.3523480892181396)"
1791628003705751552,1791628003704660064,2026-10-10T18:26:43.705+08:00,4,,抓海参：离地0.190m，锁定纯开环下压；推力=0.2，持续=1s；不使用DVL XY闭环
1791628004707618944,1791628004706148160,2026-10-10T18:26:44.707+08:00,4,,抓海参：直接速度上浮，当前z=1.100m，目标z=0.250m，速度上限=0.050m/s；不使用BMOVE位置拉升
1791628004708646432,1791628004707186240,2026-10-10T18:26:44.708+08:00,4,,抓海参：近底纯推力离底，z=1.100，推力=-0.3；速度不作保证
1791628005717474912,1791628005716565568,2026-10-10T18:26:45.717+08:00,4,,抓海参：近底纯推力离底，z=1.070，推力=-0.3；速度不作保证
1791628006725949888,1791628006724741856,2026-10-10T18:26:46.725+08:00,4,,抓海参：近底纯推力离底，z=1.040，推力=-0.3；速度不作保证
1791628007734047968,1791628007732561216,2026-10-10T18:26:47.734+08:00,4,,抓海参：近底纯推力离底，z=1.020，推力=-0.3；速度不作保证
1791628008744396224,1791628008743477472,2026-10-10T18:26:48.744+08:00,4,,抓海参：近底纯推力离底，z=0.990，推力=-0.3；速度不作保证
1791628009752827936,1791628009751863648,2026-10-10T18:26:49.752+08:00,4,,抓海参：近底纯推力离底，z=0.950，推力=-0.3；速度不作保证
1791628010761470336,1791628010760604928,2026-10-10T18:26:50.761+08:00,4,,抓海参：近底纯推力离底，z=0.890，推力=-0.3；速度不作保证
1791628011367023360,1791628011365581152,2026-10-10T18:26:51.367+08:00,4,,抓海参：离地超过开环高度+3cm，恢复慢速上浮速度环
1791628011773044640,1791628011769959744,2026-10-10T18:26:51.773+08:00,4,,抓海参：上浮z=0.840m，剩余=0.590m，vz=-0.0500m/s
1791628012780751744,1791628012779769888,2026-10-10T18:26:52.780+08:00,4,,抓海参：上浮z=0.770m，剩余=0.520m，vz=-0.0500m/s
1791628013789636256,1791628013788419392,2026-10-10T18:26:53.789+08:00,4,,抓海参：上浮z=0.710m，剩余=0.460m，vz=-0.0460m/s
1791628014798058656,1791628014797093472,2026-10-10T18:26:54.798+08:00,4,,抓海参：上浮z=0.650m，剩余=0.400m，vz=-0.0400m/s
1791628015806984032,1791628015806020992,2026-10-10T18:26:55.806+08:00,4,,抓海参：上浮z=0.580m，剩余=0.330m，vz=-0.0330m/s
1791628016821086944,1791628016820153088,2026-10-10T18:26:56.821+08:00,4,,抓海参：上浮z=0.520m，剩余=0.270m，vz=-0.0270m/s
1791628017829848512,1791628017828638624,2026-10-10T18:26:57.829+08:00,4,,抓海参：上浮z=0.470m，剩余=0.220m，vz=-0.0220m/s
1791628018838894368,1791628018837097024,2026-10-10T18:26:58.838+08:00,4,,抓海参：上浮z=0.410m，剩余=0.160m，vz=-0.0160m/s
1791628019847891712,1791628019846930848,2026-10-10T18:26:59.847+08:00,4,,抓海参：上浮z=0.360m，剩余=0.110m，vz=-0.0110m/s
1791628020760301152,1791628020758092256,2026-10-10T18:27:00.760+08:00,4,,抓海参：速度上浮到位，实测z=0.300m；不向下纠偏
1791628020762101216,1791628020759580000,2026-10-10T18:27:00.762+08:00,4,,"抓海参：离底后XY变化=(+0.025,+0.225)m；默认按真实位移回位，不盲改DVL"
1791628020765246816,1791628020764254368,2026-10-10T18:27:00.765+08:00,4,,"任务odom平移修正=(-0.025,-0.225)m；MCU原始DVL未改写"
1791628020783887776,1791628020782346368,2026-10-10T18:27:00.783+08:00,4,,"抓海参：下压前XY锚点（假定无真实水平漂移）：任务odom平移修正=(-0.025,-0.225)m；MCU原始DVL未改写"
1791628020784691488,1791628020783194656,2026-10-10T18:27:00.784+08:00,4,,"发送动作目标：SET，目标=[0.73, -2.10, 0.31, -83.39]，超时=241s，任务上下文=""grab_sea_cucumber task:2步骤-抓海参后水平回位"""
1791628020795657312,1791628020794869472,2026-10-10T18:27:00.795+08:00,4,,动作目标已接受，等待执行结果……
1791628024624618272,1791628024623704256,2026-10-10T18:27:04.624+08:00,4,,动作执行结果：成功
1791628025127273472,1791628025125920384,2026-10-10T18:27:05.127+08:00,4,,"抓海参：after计数帧=[5, 5, 3]，保守结果=5"
1791628025127921952,1791628025126588064,2026-10-10T18:27:05.127+08:00,4,,抓海参：数量未减少（5→5），重试 2/3
1791628025128221376,1791628025127373632,2026-10-10T18:27:05.128+08:00,4,,⚙️  舵机1：海参抓取准备（发布angle=0.0°；内部=0.0000 rad，已发指令）
1791628025128503936,1791628025128030240,2026-10-10T18:27:05.128+08:00,4,,抓海参：海参水平对准固定z=0.310m、yaw=-82.9°，SET axes=xyzrz；下视像素竖向误差只修正水平位置，不用于升沉；z正方向向下
1791628025153557984,1791628025152363456,2026-10-10T18:27:05.153+08:00,4,,抓海参：等待视觉微调实测到位，XY误差=0.003m/0.030m，z误差=+0.000m，yaw误差=0.0°
1791628025457673152,1791628025455484000,2026-10-10T18:27:05.457+08:00,4,,抓海参：等待锁定目标；原因=等待动作稳定后收到的新帧，不切换其他目标
1791628025958888768,1791628025957590496,2026-10-10T18:27:05.958+08:00,4,,"抓海参：锁定目标像素=(357.0,282.0)，误差=(+0.0301,+0.0461)，机体步长=(+0.018,-0.012)m，世界步长=(-0.010,-0.020)m"
1791628025980719936,1791628025979891776,2026-10-10T18:27:05.980+08:00,4,,抓海参：等待视觉微调实测到位，XY误差=0.023m/0.011m，z误差=+0.010m，yaw误差=0.0°
1791628026483374272,1791628026482436096,2026-10-10T18:27:06.483+08:00,4,,抓海参：等待视觉微调实测到位，XY误差=0.027m/0.011m，z误差=+0.020m，yaw误差=0.3°
1791628026985746720,1791628026984943168,2026-10-10T18:27:06.985+08:00,4,,抓海参：等待视觉微调实测到位，XY误差=0.027m/0.011m，z误差=+0.020m，yaw误差=0.5°
1791628027488797728,1791628027487543232,2026-10-10T18:27:07.488+08:00,4,,抓海参：等待视觉微调实测到位，XY误差=0.024m/0.011m，z误差=+0.020m，yaw误差=0.4°
1791628027991490464,1791628027990312096,2026-10-10T18:27:07.991+08:00,4,,抓海参：等待视觉微调实测到位，XY误差=0.020m/0.011m，z误差=+0.020m，yaw误差=0.4°
1791628028494956896,1791628028493783200,2026-10-10T18:27:08.494+08:00,4,,抓海参：等待视觉微调实测到位，XY误差=0.015m/0.011m，z误差=+0.020m，yaw误差=0.4°
1791628028997996768,1791628028996357696,2026-10-10T18:27:08.997+08:00,4,,抓海参：等待视觉微调实测到位，XY误差=0.010m/0.011m，z误差=+0.020m，yaw误差=0.4°
1791628029750562048,1791628029749133984,2026-10-10T18:27:09.750+08:00,4,,"抓海参：锁定目标像素=(342.0,268.0)，误差=(+0.0042,+0.0219)，机体步长=(+0.009,-0.002)m，世界步长=(-0.001,-0.009)m"
1791628030252624544,1791628030251399520,2026-10-10T18:27:10.252+08:00,4,,"抓海参：锁定目标像素=(343.0,265.0)，误差=(+0.0059,+0.0167)，机体步长=(+0.007,-0.002)m，世界步长=(-0.001,-0.007)m"
1791628030253331072,1791628030252130880,2026-10-10T18:27:10.253+08:00,4,,"抓海参：海参视觉居中通过，误差=(+0.0059,+0.0167)，容差=0.04"
1791628030756871168,1791628030754489376,2026-10-10T18:27:10.756+08:00,4,,"抓海参：before计数帧=[4, 4, 4]，保守结果=4"
1791628030757795680,1791628030755738560,2026-10-10T18:27:10.757+08:00,4,,"抓海参：夹爪偏置目标XY=(0.789,-2.388)m，保持z=0.310m、yaw=-82.9°；SET axes=xyzrz"
1791628030758215360,1791628030756301632,2026-10-10T18:27:10.758+08:00,4,,"发送动作目标：SET，目标=[0.79, -2.39, 0.31, -82.86]，超时=30s，任务上下文=""grab_sea_cucumber task:2步骤-海参夹爪偏置并保持深度航向"""
1791628030768804032,1791628030767838752,2026-10-10T18:27:10.768+08:00,4,,动作目标已接受，等待执行结果……
1791628034194452864,1791628034189974240,2026-10-10T18:27:14.194+08:00,4,,动作执行结果：成功
1791628034198010880,1791628034190745344,2026-10-10T18:27:14.198+08:00,4,,26rb_grab_ball：等待偏置移动稳定 5.0s，随后开始下降
1791628039194266496,1791628039192444864,2026-10-10T18:27:19.194+08:00,4,,"抓海参：记录下压前XY=(0.7896931767463684, -2.394918918609619)"
1791628042822644224,1791628042821601632,2026-10-10T18:27:22.822+08:00,4,,抓海参：离地0.190m，锁定纯开环下压；推力=0.2，持续=1s；不使用DVL XY闭环
1791628043823939776,1791628043822941056,2026-10-10T18:27:23.823+08:00,4,,抓海参：直接速度上浮，当前z=1.090m，目标z=0.330m，速度上限=0.050m/s；不使用BMOVE位置拉升
1791628043824656320,1791628043823685216,2026-10-10T18:27:23.824+08:00,4,,抓海参：近底纯推力离底，z=1.090，推力=-0.3；速度不作保证
1791628044834451712,1791628044832860640,2026-10-10T18:27:24.834+08:00,4,,抓海参：近底纯推力离底，z=1.070，推力=-0.3；速度不作保证
1791628045844740416,1791628045843988096,2026-10-10T18:27:25.844+08:00,4,,抓海参：近底纯推力离底，z=1.040，推力=-0.3；速度不作保证
1791628046854873792,1791628046853977504,2026-10-10T18:27:26.854+08:00,4,,抓海参：近底纯推力离底，z=1.020，推力=-0.3；速度不作保证
1791628047863137632,1791628047862109856,2026-10-10T18:27:27.863+08:00,4,,抓海参：近底纯推力离底，z=0.990，推力=-0.3；速度不作保证
1791628048871431712,1791628048870386528,2026-10-10T18:27:28.871+08:00,4,,抓海参：近底纯推力离底，z=0.950，推力=-0.3；速度不作保证
1791628049878895072,1791628049878077696,2026-10-10T18:27:29.878+08:00,4,,抓海参：近底纯推力离底，z=0.900，推力=-0.3；速度不作保证
1791628050585395488,1791628050584016384,2026-10-10T18:27:30.585+08:00,4,,抓海参：离地超过开环高度+3cm，恢复慢速上浮速度环
1791628050888523968,1791628050887674368,2026-10-10T18:27:30.888+08:00,4,,抓海参：上浮z=0.840m，剩余=0.510m，vz=-0.0500m/s
1791628051897709952,1791628051896729664,2026-10-10T18:27:31.897+08:00,4,,抓海参：上浮z=0.780m，剩余=0.450m，vz=-0.0450m/s
1791628052905996832,1791628052905072832,2026-10-10T18:27:32.905+08:00,4,,抓海参：上浮z=0.730m，剩余=0.400m，vz=-0.0400m/s
1791628053922212896,1791628053920762720,2026-10-10T18:27:33.922+08:00,4,,抓海参：上浮z=0.660m，剩余=0.330m，vz=-0.0330m/s
1791628054932070368,1791628054930498560,2026-10-10T18:27:34.932+08:00,4,,抓海参：上浮z=0.610m，剩余=0.280m，vz=-0.0280m/s
1791628055940182080,1791628055939212000,2026-10-10T18:27:35.940+08:00,4,,抓海参：上浮z=0.560m，剩余=0.230m，vz=-0.0230m/s
1791628056949924160,1791628056948716928,2026-10-10T18:27:36.949+08:00,4,,抓海参：上浮z=0.520m，剩余=0.190m，vz=-0.0190m/s
1791628057958837568,1791628057957191072,2026-10-10T18:27:37.958+08:00,4,,抓海参：上浮z=0.470m，剩余=0.140m，vz=-0.0140m/s
1791628058966154368,1791628058965105952,2026-10-10T18:27:38.966+08:00,4,,抓海参：上浮z=0.420m，剩余=0.090m，vz=-0.0090m/s
1791628059982715904,1791628059981791648,2026-10-10T18:27:39.982+08:00,4,,抓海参：上浮z=0.390m，剩余=0.060m，vz=-0.0060m/s
1791628060034104480,1791628060033044608,2026-10-10T18:27:40.034+08:00,4,,抓海参：速度上浮到位，实测z=0.380m；不向下纠偏
1791628060034835392,1791628060033947648,2026-10-10T18:27:40.034+08:00,4,,"抓海参：离底后XY变化=(+0.058,+0.220)m；默认按真实位移回位，不盲改DVL"
1791628060040189344,1791628060038481760,2026-10-10T18:27:40.040+08:00,4,,"任务odom平移修正=(-0.058,-0.220)m；MCU原始DVL未改写"
1791628060056375200,1791628060055334720,2026-10-10T18:27:40.056+08:00,4,,"抓海参：下压前XY锚点（假定无真实水平漂移）：任务odom平移修正=(-0.058,-0.220)m；MCU原始DVL未改写"
1791628060057026240,1791628060056140064,2026-10-10T18:27:40.057+08:00,4,,"发送动作目标：SET，目标=[0.72, -2.13, 0.39, -82.51]，超时=201s，任务上下文=""grab_sea_cucumber task:2步骤-抓海参后水平回位"""
1791628060068674624,1791628060067888768,2026-10-10T18:27:40.068+08:00,4,,动作目标已接受，等待执行结果……
1791628063899278848,1791628063896859264,2026-10-10T18:27:43.899+08:00,4,,动作执行结果：成功
1791628064502853120,1791628064501234464,2026-10-10T18:27:44.502+08:00,4,,"抓海参：after计数帧=[3, 2, 4]，保守结果=4"
1791628064505993792,1791628064503750496,2026-10-10T18:27:44.505+08:00,4,,抓海参：数量未减少（4→4），重试 3/3
1791628064506631232,1791628064504797920,2026-10-10T18:27:44.506+08:00,4,,⚙️  舵机1：海参抓取准备（发布angle=0.0°；内部=0.0000 rad，已发指令）
1791628064508230592,1791628064505609024,2026-10-10T18:27:44.508+08:00,4,,抓海参：海参水平对准固定z=0.410m、yaw=-81.9°，SET axes=xyzrz；下视像素竖向误差只修正水平位置，不用于升沉；z正方向向下
1791628064528808128,1791628064527856256,2026-10-10T18:27:44.528+08:00,4,,抓海参：等待视觉微调实测到位，XY误差=0.007m/0.030m，z误差=-0.010m，yaw误差=0.0°
1791628065031581632,1791628065030506112,2026-10-10T18:27:45.031+08:00,4,,抓海参：等待视觉微调实测到位，XY误差=0.043m/0.030m，z误差=-0.010m，yaw误差=0.1°
1791628065534309312,1791628065533204448,2026-10-10T18:27:45.534+08:00,4,,抓海参：等待视觉微调实测到位，XY误差=0.061m/0.030m，z误差=+0.010m，yaw误差=0.2°
1791628066036670336,1791628066035633664,2026-10-10T18:27:46.036+08:00,4,,抓海参：等待视觉微调实测到位，XY误差=0.061m/0.030m，z误差=+0.020m，yaw误差=0.3°
1791628066539358208,1791628066538351456,2026-10-10T18:27:46.539+08:00,4,,抓海参：等待视觉微调实测到位，XY误差=0.048m/0.030m，z误差=+0.020m，yaw误差=0.4°
1791628067043463680,1791628067042463808,2026-10-10T18:27:47.043+08:00,4,,抓海参：等待视觉微调实测到位，XY误差=0.031m/0.030m，z误差=+0.010m，yaw误差=0.4°
1791628067395549472,1791628067394515072,2026-10-10T18:27:47.395+08:00,4,,抓海参：等待锁定目标；原因=等待动作稳定后收到的新帧，不切换其他目标
1791628067897388032,1791628067896260384,2026-10-10T18:27:47.897+08:00,4,,"抓海参：锁定目标像素=(629.0,435.0)，误差=(+0.4994,+0.3103)，机体步长=(+0.042,-0.068)m，世界步长=(-0.061,-0.052)m"
1791628067929920000,1791628067928742048,2026-10-10T18:27:47.929+08:00,4,,抓海参：等待视觉微调实测到位，XY误差=0.080m/0.030m，z误差=+0.020m，yaw误差=0.2°
1791628068432640096,1791628068431509824,2026-10-10T18:27:48.432+08:00,4,,抓海参：等待视觉微调实测到位，XY误差=0.071m/0.030m，z误差=+0.020m，yaw误差=1.1°
1791628068935406816,1791628068934313440,2026-10-10T18:27:48.935+08:00,4,,抓海参：等待视觉微调实测到位，XY误差=0.031m/0.030m，z误差=+0.000m，yaw误差=0.8°
1791628069789781120,1791628069788647520,2026-10-10T18:27:49.789+08:00,4,,"抓海参：锁定目标像素=(586.0,413.0)，误差=(+0.4252,+0.2723)，机体步长=(+0.043,-0.067)m，世界步长=(-0.061,-0.052)m"
1791628069812088384,1791628069810813696,2026-10-10T18:27:49.812+08:00,4,,抓海参：等待视觉微调实测到位，XY误差=0.079m/0.030m，z误差=+0.020m，yaw误差=0.0°
1791628070314513152,1791628070313443392,2026-10-10T18:27:50.314+08:00,4,,抓海参：等待视觉微调实测到位，XY误差=0.066m/0.030m，z误差=+0.000m，yaw误差=0.5°
1791628070817127680,1791628070816105568,2026-10-10T18:27:50.817+08:00,4,,抓海参：等待视觉微调实测到位，XY误差=0.019m/0.030m，z误差=+0.020m，yaw误差=1.0°
1791628071521026752,1791628071518715648,2026-10-10T18:27:51.521+08:00,4,,"抓海参：锁定目标像素=(542.0,371.0)，误差=(+0.3493,+0.1998)，机体步长=(+0.040,-0.069)m，世界步长=(-0.062,-0.050)m"
1791628071545390496,1791628071543585984,2026-10-10T18:27:51.545+08:00,4,,抓海参：等待视觉微调实测到位，XY误差=0.079m/0.030m，z误差=+0.030m，yaw误差=0.8°
1791628072047460032,1791628072046519776,2026-10-10T18:27:52.047+08:00,4,,抓海参：等待视觉微调实测到位，XY误差=0.064m/0.030m，z误差=+0.010m，yaw误差=1.2°
1791628072550451168,1791628072549317888,2026-10-10T18:27:52.550+08:00,4,,抓海参：等待视觉微调实测到位，XY误差=0.014m/0.030m，z误差=+0.000m，yaw误差=1.5°
1791628073202773952,1791628073201708672,2026-10-10T18:27:53.202+08:00,4,,"抓海参：锁定目标像素=(495.0,323.0)，误差=(+0.2682,+0.1169)，机体步长=(+0.032,-0.073)m，世界步长=(-0.067,-0.043)m"
1791628073245498240,1791628073244125568,2026-10-10T18:27:53.245+08:00,4,,抓海参：等待视觉微调实测到位，XY误差=0.079m/0.030m，z误差=+0.000m，yaw误差=1.0°
1791628073747792032,1791628073746793056,2026-10-10T18:27:53.747+08:00,4,,抓海参：等待视觉微调实测到位，XY误差=0.065m/0.030m，z误差=+0.000m，yaw误差=1.2°
1791628074251448640,1791628074250390880,2026-10-10T18:27:54.251+08:00,4,,抓海参：等待视觉微调实测到位，XY误差=0.016m/0.030m，z误差=-0.020m，yaw误差=1.6°
1791628074905695488,1791628074904623168,2026-10-10T18:27:54.905+08:00,4,,"抓海参：锁定目标像素=(442.5,290.0)，误差=(+0.1776,+0.0599)，机体步长=(+0.024,-0.071)m，世界步长=(-0.066,-0.035)m"
1791628074938276640,1791628074937008352,2026-10-10T18:27:54.938+08:00,4,,抓海参：等待视觉微调实测到位，XY误差=0.075m/0.030m，z误差=+0.000m，yaw误差=1.3°
1791628075440959776,1791628075439686240,2026-10-10T18:27:55.440+08:00,4,,抓海参：等待视觉微调实测到位，XY误差=0.064m/0.030m，z误差=-0.010m，yaw误差=2.3°
1791628075944440224,1791628075943339136,2026-10-10T18:27:55.944+08:00,4,,抓海参：等待视觉微调实测到位，XY误差=0.014m/0.030m，z误差=-0.010m，yaw误差=2.6°
1791628076597343072,1791628076595874304,2026-10-10T18:27:56.597+08:00,4,,"抓海参：锁定目标像素=(385.0,254.0)，误差=(+0.0784,-0.0023)，机体步长=(-0.001,-0.031)m，世界步长=(-0.031,-0.004)m"
1791628076619634496,1791628076618248064,2026-10-10T18:27:56.619+08:00,4,,抓海参：等待视觉微调实测到位，XY误差=0.031m/0.016m，z误差=+0.010m，yaw误差=1.6°
1791628077122934656,1791628077122088544,2026-10-10T18:27:57.122+08:00,4,,抓海参：等待视觉微调实测到位，XY误差=0.025m/0.016m，z误差=+0.000m，yaw误差=1.3°
1791628078127943552,1791628078126874784,2026-10-10T18:27:58.127+08:00,4,,"抓海参：锁定目标像素=(381.0,237.0)，误差=(+0.0715,-0.0317)，机体步长=(-0.013,-0.029)m，世界步长=(-0.030,+0.008)m"
1791628078150425088,1791628078149410304,2026-10-10T18:27:58.150+08:00,4,,抓海参：等待视觉微调实测到位，XY误差=0.032m/0.016m，z误差=+0.000m，yaw误差=0.8°
1791628078653109248,1791628078652103008,2026-10-10T18:27:58.653+08:00,4,,抓海参：等待视觉微调实测到位，XY误差=0.025m/0.016m，z误差=-0.010m，yaw误差=1.0°
1791628079657100512,1791628079656201280,2026-10-10T18:27:59.657+08:00,4,,"抓海参：锁定目标像素=(366.0,245.0)，误差=(+0.0456,-0.0179)，机体步长=(-0.007,-0.018)m，世界步长=(-0.019,+0.004)m"
1791628079681042176,1791628079680041728,2026-10-10T18:27:59.681+08:00,4,,抓海参：等待视觉微调实测到位，XY误差=0.019m/0.010m，z误差=+0.010m，yaw误差=0.5°
1791628080184185056,1791628080182916448,2026-10-10T18:28:00.184+08:00,4,,抓海参：等待视觉微调实测到位，XY误差=0.013m/0.010m，z误差=-0.010m，yaw误差=0.5°
1791628081088292576,1791628081087150592,2026-10-10T18:28:01.088+08:00,4,,"抓海参：锁定目标像素=(355.5,256.5)，误差=(+0.0275,+0.0020)，机体步长=(+0.001,-0.011)m，世界步长=(-0.011,-0.002)m"
1791628081589847232,1791628081588602848,2026-10-10T18:28:01.589+08:00,4,,"抓海参：锁定目标像素=(358.0,253.0)，误差=(+0.0318,-0.0040)，机体步长=(-0.002,-0.013)m，世界步长=(-0.013,-0.000)m"
1791628081590519776,1791628081589281792,2026-10-10T18:28:01.590+08:00,4,,"抓海参：海参视觉居中通过，误差=(+0.0318,-0.0040)，容差=0.04"
1791628082293638144,1791628082291943904,2026-10-10T18:28:02.293+08:00,4,,"抓海参：before计数帧=[6, 5, 5]，保守结果=5"
1791628082295772416,1791628082293304224,2026-10-10T18:28:02.295+08:00,4,,"抓海参：夹爪偏置目标XY=(0.391,-2.747)m，保持z=0.410m、yaw=-81.9°；SET axes=xyzrz"
1791628082301340288,1791628082294395744,2026-10-10T18:28:02.301+08:00,4,,"发送动作目标：SET，目标=[0.39, -2.75, 0.41, -81.95]，超时=30s，任务上下文=""grab_sea_cucumber task:2步骤-海参夹爪偏置并保持深度航向"""
1791628082308751872,1791628082307280448,2026-10-10T18:28:02.308+08:00,4,,动作目标已接受，等待执行结果……
1791628085432940224,1791628085431050720,2026-10-10T18:28:05.432+08:00,4,,动作执行结果：成功
1791628085435151904,1791628085433384192,2026-10-10T18:28:05.435+08:00,4,,26rb_grab_ball：等待偏置移动稳定 5.0s，随后开始下降
1791628090436029344,1791628090434939040,2026-10-10T18:28:10.436+08:00,4,,"抓海参：记录下压前XY=(0.39326211810112, -2.756786823272705)"
1791628093610991296,1791628093609789344,2026-10-10T18:28:13.610+08:00,4,,抓海参：离地0.180m，锁定纯开环下压；推力=0.2，持续=1s；不使用DVL XY闭环
1791628094612107840,1791628094611132704,2026-10-10T18:28:14.612+08:00,4,,抓海参：直接速度上浮，当前z=1.100m，目标z=0.420m，速度上限=0.050m/s；不使用BMOVE位置拉升
1791628094612709312,1791628094611967328,2026-10-10T18:28:14.612+08:00,4,,抓海参：近底纯推力离底，z=1.100，推力=-0.3；速度不作保证
1791628095622591008,1791628095620833792,2026-10-10T18:28:15.622+08:00,4,,抓海参：近底纯推力离底，z=1.080，推力=-0.3；速度不作保证
1791628096631129856,1791628096630146912,2026-10-10T18:28:16.631+08:00,4,,抓海参：近底纯推力离底，z=1.050，推力=-0.3；速度不作保证
1791628097641715968,1791628097639637984,2026-10-10T18:28:17.641+08:00,4,,抓海参：近底纯推力离底，z=1.020，推力=-0.3；速度不作保证
1791628098649658496,1791628098648365280,2026-10-10T18:28:18.649+08:00,4,,抓海参：近底纯推力离底，z=0.990，推力=-0.3；速度不作保证
1791628099658213792,1791628099657093408,2026-10-10T18:28:19.658+08:00,4,,抓海参：近底纯推力离底，z=0.950，推力=-0.3；速度不作保证
1791628100667056864,1791628100665744288,2026-10-10T18:28:20.667+08:00,4,,抓海参：近底纯推力离底，z=0.890，推力=-0.3；速度不作保证
1791628101071112672,1791628101069833120,2026-10-10T18:28:21.071+08:00,4,,抓海参：离地超过开环高度+3cm，恢复慢速上浮速度环
1791628101676361920,1791628101675535392,2026-10-10T18:28:21.676+08:00,4,,抓海参：上浮z=0.830m，剩余=0.410m，vz=-0.0410m/s
1791628102685503168,1791628102684564928,2026-10-10T18:28:22.685+08:00,4,,抓海参：上浮z=0.770m，剩余=0.350m，vz=-0.0350m/s
1791628103694847648,1791628103693819392,2026-10-10T18:28:23.694+08:00,4,,抓海参：上浮z=0.720m，剩余=0.300m，vz=-0.0300m/s
1791628104702930304,1791628104701969056,2026-10-10T18:28:24.702+08:00,4,,抓海参：上浮z=0.670m，剩余=0.250m，vz=-0.0250m/s
1791628105711699776,1791628105710782016,2026-10-10T18:28:25.711+08:00,4,,抓海参：上浮z=0.620m，剩余=0.200m，vz=-0.0200m/s
1791628106720079936,1791628106718942208,2026-10-10T18:28:26.720+08:00,4,,抓海参：上浮z=0.570m，剩余=0.150m，vz=-0.0150m/s
1791628107728378496,1791628107727501664,2026-10-10T18:28:27.728+08:00,4,,抓海参：上浮z=0.540m，剩余=0.120m，vz=-0.0120m/s
1791628108738104096,1791628108737208032,2026-10-10T18:28:28.738+08:00,4,,抓海参：上浮z=0.510m，剩余=0.090m，vz=-0.0090m/s
1791628109747382880,1791628109746191040,2026-10-10T18:28:29.747+08:00,4,,抓海参：上浮z=0.480m，剩余=0.060m，vz=-0.0060m/s
1791628110453291328,1791628110452170304,2026-10-10T18:28:30.453+08:00,4,,抓海参：速度上浮到位，实测z=0.460m；不向下纠偏
1791628110454041952,1791628110453013952,2026-10-10T18:28:30.454+08:00,4,,"抓海参：离底后XY变化=(-0.051,+0.156)m；默认按真实位移回位，不盲改DVL"
1791628110456150272,1791628110455451040,2026-10-10T18:28:30.456+08:00,4,,"任务odom平移修正=(+0.051,-0.156)m；MCU原始DVL未改写"
1791628110477696768,1791628110474336800,2026-10-10T18:28:30.477+08:00,4,,"抓海参：下压前XY锚点（假定无真实水平漂移）：任务odom平移修正=(+0.051,-0.156)m；MCU原始DVL未改写"
1791628110478334976,1791628110476391200,2026-10-10T18:28:30.478+08:00,4,,"发送动作目标：SET，目标=[0.31, -2.49, 0.47, -81.71]，超时=151s，任务上下文=""grab_sea_cucumber task:2步骤-抓海参后水平回位"""
1791628110488583072,1791628110487950336,2026-10-10T18:28:30.488+08:00,4,,动作目标已接受，等待执行结果……
1791628114418033856,1791628114416996992,2026-10-10T18:28:34.418+08:00,4,,动作执行结果：成功
1791628114820217376,1791628114819130464,2026-10-10T18:28:34.820+08:00,4,,"抓海参：after计数帧=[2, 2, 2]，保守结果=2"
1791628114820865920,1791628114819801952,2026-10-10T18:28:34.820+08:00,4,,抓海参：观察位数量 5→2，本次可能抓起 3 只
1791628114821209312,1791628114820447936,2026-10-10T18:28:34.821+08:00,4,,抓海参：直接速度上浮，当前z=0.480m，目标z=0.200m，速度上限=0.050m/s；不使用BMOVE位置拉升
1791628114821505856,1791628114821150336,2026-10-10T18:28:34.821+08:00,4,,抓海参：上浮z=0.480m，剩余=0.280m，vz=-0.0280m/s
1791628115830763744,1791628115829798144,2026-10-10T18:28:35.830+08:00,4,,抓海参：上浮z=0.490m，剩余=0.290m，vz=-0.0290m/s
1791628116839638400,1791628116838619136,2026-10-10T18:28:36.839+08:00,4,,抓海参：上浮z=0.480m，剩余=0.280m，vz=-0.0280m/s
1791628117850293024,1791628117849072096,2026-10-10T18:28:37.850+08:00,4,,抓海参：上浮z=0.480m，剩余=0.280m，vz=-0.0280m/s
1791628118862771424,1791628118862068608,2026-10-10T18:28:38.862+08:00,4,,抓海参：上浮z=0.460m，剩余=0.260m，vz=-0.0260m/s
1791628119872197664,1791628119871354368,2026-10-10T18:28:39.872+08:00,4,,抓海参：上浮z=0.450m，剩余=0.250m，vz=-0.0250m/s
1791628120880835424,1791628120879782752,2026-10-10T18:28:40.880+08:00,4,,抓海参：上浮z=0.430m，剩余=0.230m，vz=-0.0230m/s
1791628121890564192,1791628121889505024,2026-10-10T18:28:41.890+08:00,4,,抓海参：上浮z=0.410m，剩余=0.210m，vz=-0.0210m/s
1791628122899347424,1791628122898364864,2026-10-10T18:28:42.899+08:00,4,,抓海参：上浮z=0.410m，剩余=0.210m，vz=-0.0210m/s
1791628123912797568,1791628123912152096,2026-10-10T18:28:43.912+08:00,4,,抓海参：上浮z=0.400m，剩余=0.200m，vz=-0.0200m/s
1791628124921688992,1791628124920703680,2026-10-10T18:28:44.921+08:00,4,,抓海参：上浮z=0.380m，剩余=0.180m，vz=-0.0180m/s
1791628125935453600,1791628125933648544,2026-10-10T18:28:45.935+08:00,4,,抓海参：上浮z=0.360m，剩余=0.160m，vz=-0.0160m/s
1791628126952437472,1791628126951053664,2026-10-10T18:28:46.952+08:00,4,,抓海参：上浮z=0.350m，剩余=0.150m，vz=-0.0150m/s
1791628127962954688,1791628127961843328,2026-10-10T18:28:47.962+08:00,4,,抓海参：上浮z=0.330m，剩余=0.130m，vz=-0.0130m/s
1791628128971753728,1791628128969976512,2026-10-10T18:28:48.971+08:00,4,,抓海参：上浮z=0.320m，剩余=0.120m，vz=-0.0120m/s
1791628129982129376,1791628129981266816,2026-10-10T18:28:49.982+08:00,4,,抓海参：上浮z=0.300m，剩余=0.100m，vz=-0.0100m/s
1791628130990323424,1791628130989353792,2026-10-10T18:28:50.990+08:00,4,,抓海参：上浮z=0.300m，剩余=0.100m，vz=-0.0100m/s
1791628132000432512,1791628131998864000,2026-10-10T18:28:52.000+08:00,4,,抓海参：上浮z=0.280m，剩余=0.080m，vz=-0.0080m/s
1791628133009612000,1791628133008678208,2026-10-10T18:28:53.009+08:00,4,,抓海参：上浮z=0.270m，剩余=0.070m，vz=-0.0070m/s
1791628134018420160,1791628134017515200,2026-10-10T18:28:54.018+08:00,4,,抓海参：上浮z=0.260m，剩余=0.060m，vz=-0.0060m/s
1791628134827068768,1791628134825984160,2026-10-10T18:28:54.827+08:00,4,,抓海参：速度上浮到位，实测z=0.250m；不向下纠偏
1791628134827818720,1791628134826973472,2026-10-10T18:28:54.827+08:00,4,,"发送动作目标：WTRAVEL，目标=[0.30, 0.00, 0.25, 0.00]，超时=70s，任务上下文=""grab_sea_cucumber task:2步骤-海参运往收集区"""
1791628134840684128,1791628134837570176,2026-10-10T18:28:54.840+08:00,4,,"步进开始: 目标=(0.35, -2.45, 0.26, 91.1°), 总超时=70s"
1791628134843398848,1791628134839994912,2026-10-10T18:28:54.843+08:00,4,,动作目标已接受，等待执行结果……
1791628138967655648,1791628138966654592,2026-10-10T18:28:58.967+08:00,4,,"步进开始: 目标=(0.30, 0.00, 0.25, 91.1°), 总超时=66s"
1791628163306964576,1791628163305168800,2026-10-10T18:29:23.306+08:00,4,,动作执行结果：成功
1791628163308310464,1791628163306148096,2026-10-10T18:29:23.308+08:00,4,,抓海参：海参运往收集区运输到位，开始水平定位及归向：x=0.300，y=0.000，yaw=0.0°
1791628163308651680,1791628163306934464,2026-10-10T18:29:23.308+08:00,4,,"发送动作目标：SET，目标=[0.30, 0.00, 0.25, 0.00]，超时=42s，任务上下文=""grab_sea_cucumber task:2步骤-海参运往收集区到位归向"""
1791628163319284064,1791628163318611680,2026-10-10T18:29:23.319+08:00,4,,动作目标已接受，等待执行结果……
1791628166557481248,1791628166554126336,2026-10-10T18:29:26.557+08:00,4,,动作执行结果：成功
1791628166558058656,1791628166554841312,2026-10-10T18:29:26.558+08:00,4,,抓海参：海参运往收集区位置及航向已确认
1791628166558342368,1791628166555538880,2026-10-10T18:29:26.558+08:00,4,,⚙️  舵机1：海参收集区释放（发布angle=90.0°；内部=1.5708 rad，已发指令）
1791628168557858752,1791628168556729664,2026-10-10T18:29:28.557+08:00,4,,抓海参：已发释放指令；实际投放仍须靠视觉/现场验证
1791628168558637312,1791628168557475456,2026-10-10T18:29:28.558+08:00,4,,抓海参：投放结束，返回配置扫描点；返回成功前不启动扫描
1791628168559364352,1791628168558162016,2026-10-10T18:29:28.559+08:00,4,,抓海参：直接速度上浮，当前z=0.260m，目标z=0.200m，速度上限=0.050m/s；不使用BMOVE位置拉升
1791628168560292512,1791628168559445856,2026-10-10T18:29:28.560+08:00,4,,抓海参：上浮z=0.260m，剩余=0.060m，vz=-0.0060m/s
1791628168613054304,1791628168610818848,2026-10-10T18:29:28.613+08:00,4,,抓海参：速度上浮到位，实测z=0.250m；不向下纠偏
1791628168613842336,1791628168611762752,2026-10-10T18:29:28.613+08:00,4,,"发送动作目标：WTRAVEL，目标=[0.35, -1.75, 0.25, -90.00]，超时=88s，任务上下文=""grab_sea_cucumber task:2步骤-返回海参搜索区"""
1791628168623630112,1791628168623279264,2026-10-10T18:29:28.623+08:00,4,,"步进开始: 目标=(0.29, 0.00, 0.26, -88.0°), 总超时=88s"
1791628168624775424,1791628168623649760,2026-10-10T18:29:28.624+08:00,4,,动作目标已接受，等待执行结果……
1791628171750574656,1791628171750015264,2026-10-10T18:29:31.750+08:00,4,,"步进开始: 目标=(0.35, -1.75, 0.25, -88.0°), 总超时=85s"
1791628189146021888,1791628189144898496,2026-10-10T18:29:49.146+08:00,4,,动作执行结果：成功
1791628189147016320,1791628189145626944,2026-10-10T18:29:49.147+08:00,4,,抓海参：返回海参搜索区运输到位，开始水平定位及归向：x=0.350，y=-1.750，yaw=-90.0°
1791628189147666144,1791628189146198848,2026-10-10T18:29:49.147+08:00,4,,"发送动作目标：SET，目标=[0.35, -1.75, 0.23, -90.00]，超时=68s，任务上下文=""grab_sea_cucumber task:2步骤-返回海参搜索区到位归向"""
1791628189160968384,1791628189159571392,2026-10-10T18:29:49.160+08:00,4,,动作目标已接受，等待执行结果……
1791628189183767200,1791628189181547200,2026-10-10T18:29:49.183+08:00,4,,动作执行结果：成功
1791628189184432256,1791628189182241120,2026-10-10T18:29:49.184+08:00,4,,抓海参：返回海参搜索区位置及航向已确认
1791628189185562528,1791628189182739136,2026-10-10T18:29:49.185+08:00,4,,抓海参：已返回扫描点并恢复扫描航向，允许开始下一轮识别
1791628189185999520,1791628189184458784,2026-10-10T18:29:49.186+08:00,4,,⚙️  舵机1：海参抓取准备（发布angle=0.0°；内部=0.0000 rad，已发指令）
1791628189188015872,1791628189186397440,2026-10-10T18:29:49.188+08:00,4,,抓海参：海参水平对准固定z=0.230m、yaw=-88.1°，SET axes=xyzrz；下视像素竖向误差只修正水平位置，不用于升沉；z正方向向下
1791628189214674048,1791628189213562112,2026-10-10T18:29:49.214+08:00,4,,抓海参：等待视觉微调实测到位，XY误差=0.005m/0.030m，z误差=-0.010m，yaw误差=0.0°
1791628189717838464,1791628189716573376,2026-10-10T18:29:49.717+08:00,4,,抓海参：等待视觉微调实测到位，XY误差=0.060m/0.030m，z误差=-0.010m，yaw误差=0.2°
1791628190220289600,1791628190219365056,2026-10-10T18:29:50.220+08:00,4,,抓海参：等待视觉微调实测到位，XY误差=0.084m/0.030m，z误差=+0.000m，yaw误差=0.2°
1791628190722973664,1791628190721950592,2026-10-10T18:29:50.722+08:00,4,,抓海参：等待视觉微调实测到位，XY误差=0.098m/0.030m，z误差=+0.000m，yaw误差=0.1°
1791628191226344960,1791628191224644736,2026-10-10T18:29:51.226+08:00,4,,抓海参：等待视觉微调实测到位，XY误差=0.102m/0.030m，z误差=+0.010m，yaw误差=0.2°
1791628191728343136,1791628191727503616,2026-10-10T18:29:51.728+08:00,4,,抓海参：等待视觉微调实测到位，XY误差=0.098m/0.030m，z误差=+0.000m，yaw误差=0.3°
1791628192231053280,1791628192229974304,2026-10-10T18:29:52.231+08:00,4,,抓海参：等待视觉微调实测到位，XY误差=0.090m/0.030m，z误差=+0.010m，yaw误差=0.4°
1791628192733701312,1791628192732537472,2026-10-10T18:29:52.733+08:00,4,,抓海参：等待视觉微调实测到位，XY误差=0.077m/0.030m，z误差=+0.010m，yaw误差=0.4°
1791628193236474112,1791628193235394368,2026-10-10T18:29:53.236+08:00,4,,抓海参：等待视觉微调实测到位，XY误差=0.060m/0.030m，z误差=+0.020m，yaw误差=0.5°
1791628193739339392,1791628193738098848,2026-10-10T18:29:53.739+08:00,4,,抓海参：等待视觉微调实测到位，XY误差=0.039m/0.030m，z误差=+0.020m，yaw误差=0.4°
1791628194242602624,1791628194241936288,2026-10-10T18:29:54.242+08:00,4,,抓海参：等待锁定目标；原因=等待动作稳定后收到的新帧，不切换其他目标
1791628194744912576,1791628194743646592,2026-10-10T18:29:54.744+08:00,4,,"抓海参：锁定目标像素=(290.0,192.0)，误差=(-0.0855,-0.1094)，机体步长=(-0.044,+0.034)m，世界步长=(+0.032,+0.045)m"
1791628194768460928,1791628194767417152,2026-10-10T18:29:54.768+08:00,4,,抓海参：等待视觉微调实测到位，XY误差=0.056m/0.028m，z误差=+0.020m，yaw误差=0.3°
1791628195272672544,1791628195271559520,2026-10-10T18:29:55.272+08:00,4,,抓海参：等待视觉微调实测到位，XY误差=0.051m/0.028m，z误差=+0.020m，yaw误差=0.2°
1791628195776240352,1791628195775542752,2026-10-10T18:29:55.776+08:00,4,,抓海参：等待视觉微调实测到位，XY误差=0.042m/0.028m，z误差=+0.020m，yaw误差=0.3°
1791628196280027360,1791628196278645728,2026-10-10T18:29:56.280+08:00,4,,抓海参：等待视觉微调实测到位，XY误差=0.035m/0.028m，z误差=+0.010m，yaw误差=0.4°
1791628196782369408,1791628196781341184,2026-10-10T18:29:56.782+08:00,4,,抓海参：等待视觉微调实测到位，XY误差=0.022m/0.028m，z误差=+0.010m，yaw误差=0.2°
1791628197384603360,1791628197383568288,2026-10-10T18:29:57.384+08:00,4,,"抓海参：锁定目标像素=(299.5,203.0)，误差=(-0.0691,-0.0904)，机体步长=(-0.036,+0.028)m，世界步长=(+0.026,+0.037)m"
1791628197409539520,1791628197408895328,2026-10-10T18:29:57.409+08:00,4,,抓海参：等待视觉微调实测到位，XY误差=0.046m/0.023m，z误差=+0.020m，yaw误差=0.2°
1791628197912313440,1791628197911281504,2026-10-10T18:29:57.912+08:00,4,,抓海参：等待视觉微调实测到位，XY误差=0.035m/0.023m，z误差=+0.020m，yaw误差=0.0°
1791628198414881440,1791628198413916928,2026-10-10T18:29:58.414+08:00,4,,抓海参：等待视觉微调实测到位，XY误差=0.020m/0.023m，z误差=+0.010m，yaw误差=0.3°
1791628199017009984,1791628199016140384,2026-10-10T18:29:59.017+08:00,4,,"抓海参：锁定目标像素=(352.0,232.0)，误差=(+0.0215,-0.0403)，机体步长=(-0.016,-0.009)m，世界步长=(-0.009,+0.016)m"
1791628199039231776,1791628199038364384,2026-10-10T18:29:59.039+08:00,4,,抓海参：等待视觉微调实测到位，XY误差=0.018m/0.009m，z误差=+0.000m，yaw误差=0.5°
1791628199542345504,1791628199541021824,2026-10-10T18:29:59.542+08:00,4,,抓海参：等待视觉微调实测到位，XY误差=0.017m/0.009m，z误差=+0.010m，yaw误差=0.7°
1791628200045706816,1791628200044836128,2026-10-10T18:30:00.045+08:00,4,,抓海参：等待视觉微调实测到位，XY误差=0.008m/0.009m，z误差=+0.000m，yaw误差=0.6°
1791628200698153824,1791628200697120416,2026-10-10T18:30:00.698+08:00,4,,"抓海参：锁定目标像素=(323.0,234.0)，误差=(-0.0286,-0.0369)，机体步长=(-0.015,+0.011)m，世界步长=(+0.011,+0.015)m"
1791628201200057248,1791628201198914496,2026-10-10T18:30:01.200+08:00,4,,"抓海参：锁定目标像素=(321.5,239.5)，误差=(-0.0312,-0.0274)，机体步长=(-0.011,+0.012)m，世界步长=(+0.012,+0.011)m"
1791628201200799040,1791628201199767648,2026-10-10T18:30:01.200+08:00,4,,"抓海参：海参视觉居中通过，误差=(-0.0312,-0.0274)，容差=0.04"
1791628201703343328,1791628201701860288,2026-10-10T18:30:01.703+08:00,4,,"抓海参：before计数帧=[1, 1, 1]，保守结果=1"
1791628201704404000,1791628201703125184,2026-10-10T18:30:01.704+08:00,4,,"抓海参：夹爪偏置目标XY=(0.442,-1.838)m，保持z=0.230m、yaw=-88.1°；SET axes=xyzrz"
1791628201705897824,1791628201703961120,2026-10-10T18:30:01.705+08:00,4,,"发送动作目标：SET，目标=[0.44, -1.84, 0.23, -88.09]，超时=30s，任务上下文=""grab_sea_cucumber task:2步骤-海参夹爪偏置并保持深度航向"""
1791628201719029696,1791628201717145952,2026-10-10T18:30:01.719+08:00,4,,动作目标已接受，等待执行结果……
1791628204658654784,1791628204657187680,2026-10-10T18:30:04.658+08:00,4,,动作执行结果：成功
1791628204659318880,1791628204657889056,2026-10-10T18:30:04.659+08:00,4,,26rb_grab_ball：等待偏置移动稳定 5.0s，随后开始下降
1791628209660068288,1791628209659018080,2026-10-10T18:30:09.660+08:00,4,,"抓海参：记录下压前XY=(0.4421117305755615, -1.8469491004943848)"
