timestamp_ns,stamp_ns,time_local,x,y,z,roll,pitch,yaw
1791626895596659264,1791626895535023104,2026-10-10T18:08:15.596+08:00,0.0,0.0,0.0,0.0,0.0,0.0
1791626895797812160,1791626895535023104,2026-10-10T18:08:15.797+08:00,0.0,0.0,0.0,0.0,0.0,0.0
1791626896030731712,1791626895535023104,2026-10-10T18:08:16.030+08:00,0.0,0.0,0.0,0.0,0.0,0.0
1791626896232852480,1791626895535023104,2026-10-10T18:08:16.232+08:00,0.0,0.0,0.0,0.0,0.0,0.0
1791626896463261824,1791626895535023104,2026-10-10T18:08:16.463+08:00,0.0,0.0,0.0,0.0,0.0,0.0
1791626896663341536,1791626895535023104,2026-10-10T18:08:16.663+08:00,0.0,0.0,0.0,0.0,0.0,0.0
1791626896863461696,1791626895535023104,2026-10-10T18:08:16.863+08:00,0.0,0.0,0.0,0.0,0.0,0.0
1791626897096880608,1791626897070568896,2026-10-10T18:08:17.096+08:00,-0.7243905067443848,0.12152202427387238,0.9800000190734863,3.3095884323120117,0.1835697442293167,73.00950622558594
1791626897329301504,1791626897274407168,2026-10-10T18:08:17.329+08:00,-0.7231793403625488,0.12130415439605713,0.9800000190734863,3.2767996788024902,0.1885290890932083,72.95886993408203
1791626897529974496,1791626897501211648,2026-10-10T18:08:17.529+08:00,-0.7221217751502991,0.12066203355789185,0.9800000190734863,3.371760606765747,0.16296397149562836,72.95399475097656
1791626897730055296,1791626897708906464,2026-10-10T18:08:17.730+08:00,-0.7210870385169983,0.12062150239944458,0.9800000190734863,3.46976900100708,0.15956827998161316,72.88874053955078
1791626897930100128,1791626897905168864,2026-10-10T18:08:17.930+08:00,-0.7201425433158875,0.12067369371652603,0.9800000190734863,3.415858030319214,0.15786288678646088,72.79598236083984
1791626898130337664,1791626898104416896,2026-10-10T18:08:18.130+08:00,-0.7199328541755676,0.12032747268676758,0.9800000190734863,3.277998924255371,0.11581461131572723,72.72053527832031
1791626898331360672,1791626898276636032,2026-10-10T18:08:18.331+08:00,-0.7202653884887695,0.11968966573476791,0.9800000190734863,3.158674955368042,0.07838345319032669,72.69739532470703
1791626898562786944,1791626898540458816,2026-10-10T18:08:18.562+08:00,-0.000559857115149498,0.00014033283514436334,-0.009999990463256836,3.107710361480713,0.05668437480926514,-0.005648566409945488
1791626898795967264,1791626898783992256,2026-10-10T18:08:18.795+08:00,-0.0024536389391869307,0.0005916167283430696,0.0,3.0290074348449707,0.05595788732171059,-0.0008810944273136556
1791626899029881024,1791626899012765696,2026-10-10T18:08:19.029+08:00,-0.004317556507885456,0.0011515492806211114,0.0,3.0657808780670166,0.022765208035707474,-0.03872717171907425
1791626899263209760,1791626899251681824,2026-10-10T18:08:19.263+08:00,-0.005570259410887957,0.0014118452090770006,0.0,3.2916200160980225,-0.01459517702460289,-0.13828401267528534
1791626899463366528,1791626899430746112,2026-10-10T18:08:19.463+08:00,-0.006017141509801149,0.0015806666342541575,0.0,3.44647479057312,-0.012751881033182144,-0.20486469566822052
1791626899696913728,1791626899666576960,2026-10-10T18:08:19.696+08:00,-0.00649570906534791,0.0017910536844283342,0.0,3.436577558517456,-0.00017329122056253254,-0.21962472796440125
1791626899896987648,1791626899871157280,2026-10-10T18:08:19.896+08:00,-0.006747820880264044,0.0016879573231562972,0.0,3.294396162033081,0.03196244686841965,-0.7433704733848572
1791626900129893792,1791626900115132224,2026-10-10T18:08:20.129+08:00,-0.007314021233469248,-0.0025139718782156706,0.0,2.952362060546875,0.30751627683639526,-6.7460551261901855
1791626900330077312,1791626900281612928,2026-10-10T18:08:20.330+08:00,-0.009597095660865307,-0.009124635718762875,0.009999990463256836,2.8762404918670654,0.5058426260948181,-14.328289031982422
1791626900530632672,1791626900504791616,2026-10-10T18:08:20.530+08:00,-0.010655762627720833,-0.011094472371041775,-0.009999990463256836,2.8756377696990967,0.46809303760528564,-24.62604522705078
1791626900730812032,1791626900705085216,2026-10-10T18:08:20.730+08:00,-0.01275708433240652,-0.010388113558292389,0.0,2.2668421268463135,0.19587814807891846,-33.760589599609375
1791626900962745632,1791626900938699872,2026-10-10T18:08:20.962+08:00,-0.015245247632265091,-0.009122280403971672,-0.009999990463256836,1.3294681310653687,-0.3326747715473175,-42.7960090637207
1791626901163486624,1791626901142888928,2026-10-10T18:08:21.163+08:00,-0.015459475107491016,-0.007128084544092417,0.0,0.8604130744934082,-1.0172778367996216,-50.4925422668457
1791626901395874336,1791626901363788640,2026-10-10T18:08:21.395+08:00,-0.015896422788500786,-0.005903685465455055,0.0,0.9244527816772461,-1.811030387878418,-56.82916259765625
1791626901597369568,1791626901568115776,2026-10-10T18:08:21.597+08:00,-0.014970059506595135,-0.0046484158374369144,0.009999990463256836,0.8802151679992676,-2.493823766708374,-61.514644622802734
1791626901829935776,1791626901808323680,2026-10-10T18:08:21.829+08:00,-0.012430278584361076,-0.0021503204479813576,0.0,0.05312414839863777,-3.1091153621673584,-65.97892761230469
1791626902063867968,1791626902052050272,2026-10-10T18:08:22.063+08:00,-0.010930951684713364,0.0003811877395492047,-0.009999990463256836,-1.1915929317474365,-3.429555654525757,-69.35206604003906
1791626902296277728,1791626902288787744,2026-10-10T18:08:22.296+08:00,-0.010027443990111351,0.0017212354578077793,0.0,-1.6703952550888062,-3.478013038635254,-71.89535522460938
1791626902496534144,1791626902474594368,2026-10-10T18:08:22.496+08:00,-0.009267636574804783,0.0015712690073996782,0.009999990463256836,-1.5341196060180664,-3.5544848442077637,-73.35059356689453
1791626902729191232,1791626902720494080,2026-10-10T18:08:22.729+08:00,-0.00833954382687807,0.0033406123984605074,0.009999990463256836,-1.216996431350708,-3.9158618450164795,-74.97215270996094
1791626902929209440,1791626902921395072,2026-10-10T18:08:22.929+08:00,-0.008212332613766193,0.005833071656525135,0.009999990463256836,-1.1106595993041992,-4.1201372146606445,-75.93267822265625
1791626903129500352,1791626903125613952,2026-10-10T18:08:23.129+08:00,-0.007447208743542433,0.0018917917041108012,0.019999980926513672,-0.7379629611968994,-4.343982219696045,-77.18155670166016
1791626903331321344,1791626903291011424,2026-10-10T18:08:23.331+08:00,-0.006273348815739155,-0.004969512112438679,0.039999961853027344,-0.2137451022863388,-4.824434280395508,-78.30036163330078
1791626903562914848,1791626903549931264,2026-10-10T18:08:23.562+08:00,-0.002796668792143464,-0.016963154077529907,0.059999942779541016,0.704799473285675,-6.335823059082031,-80.14605712890625
1791626903763067072,1791626903745604480,2026-10-10T18:08:23.763+08:00,0.000553902005776763,-0.02944934368133545,0.06999993324279785,1.0409880876541138,-7.5439910888671875,-81.40982818603516
1791626903996259392,1791626903987375360,2026-10-10T18:08:23.996+08:00,0.004643870517611504,-0.04978601261973381,0.06999993324279785,0.8359025120735168,-8.187788009643555,-82.71759033203125
1791626904229290720,1791626904218639424,2026-10-10T18:08:24.229+08:00,0.008544955402612686,-0.07488792389631271,0.06999993324279785,0.46905946731567383,-7.634604454040527,-83.73129272460938
1791626904429598784,1791626904404625696,2026-10-10T18:08:24.429+08:00,0.012226833030581474,-0.09950870275497437,0.06999993324279785,0.32697683572769165,-6.421969413757324,-84.48793029785156
1791626904629840800,1791626904605830720,2026-10-10T18:08:24.629+08:00,0.014666203409433365,-0.1267813891172409,0.06999993324279785,0.4415086805820465,-4.903783798217773,-85.11373901367188
1791626904829879040,1791626904806797952,2026-10-10T18:08:24.829+08:00,0.017405085265636444,-0.15151217579841614,0.06999993324279785,0.6982806921005249,-3.4143924713134766,-85.63154602050781
1791626905030731680,1791626905008424288,2026-10-10T18:08:25.030+08:00,0.02012806385755539,-0.1762179583311081,0.059999942779541016,0.7060375213623047,-2.2158455848693848,-86.01903533935547
1791626905263961216,1791626905243759200,2026-10-10T18:08:25.263+08:00,0.0007602277910336852,-0.21374835073947906,0.04999995231628418,0.30108773708343506,-1.398406982421875,-86.43870544433594
1791626905496672832,1791626905463859968,2026-10-10T18:08:25.496+08:00,-0.009905525483191013,-0.24641327559947968,0.04999995231628418,0.2572973370552063,-1.3354036808013916,-86.84146118164062
1791626905697066528,1791626905665351136,2026-10-10T18:08:25.697+08:00,0.0039052569773048162,-0.27050668001174927,0.04999995231628418,0.457596093416214,-2.0301098823547363,-86.5031967163086
1791626905929995360,1791626905899401920,2026-10-10T18:08:25.929+08:00,0.01910395175218582,-0.29700571298599243,0.059999942779541016,0.4742404818534851,-3.3215596675872803,-85.62258911132812
1791626906162963872,1791626906134812736,2026-10-10T18:08:26.162+08:00,0.03263992816209793,-0.33561670780181885,0.059999942779541016,-0.12777048349380493,-5.139484882354736,-84.49040985107422
1791626906363230848,1791626906361157696,2026-10-10T18:08:26.363+08:00,0.034629467874765396,-0.38722410798072815,0.059999942779541016,-0.8913037180900574,-6.925980091094971,-83.47891235351562
1791626906596496480,1791626906560753376,2026-10-10T18:08:26.596+08:00,0.0417536236345768,-0.41778120398521423,0.059999942779541016,-1.3503559827804565,-7.91342830657959,-82.73616790771484
1791626906797204864,1791626906794848000,2026-10-10T18:08:26.797+08:00,0.05201273038983345,-0.4540330171585083,0.059999942779541016,-1.844894528388977,-8.284764289855957,-81.95108795166016
1791626906997383008,1791626906995617568,2026-10-10T18:08:26.997+08:00,0.056641586124897,-0.4873763918876648,0.06999993324279785,-1.8565926551818848,-8.16711711883545,-81.30442810058594
1791626907229758528,1791626907204542784,2026-10-10T18:08:27.229+08:00,0.06290774047374725,-0.5205958485603333,0.09000003337860107,-0.8321465849876404,-8.218684196472168,-80.53457641601562
1791626907463428896,1791626907461632960,2026-10-10T18:08:27.463+08:00,0.0946434959769249,-0.5672503113746643,0.11000001430511475,0.7516446709632874,-9.166996002197266,-79.71383666992188
1791626907696475136,1791626907694699520,2026-10-10T18:08:27.696+08:00,0.11832141876220703,-0.6072236895561218,0.12999999523162842,1.529829502105713,-10.299033164978027,-79.13200378417969
1791626907929374080,1791626907926793440,2026-10-10T18:08:27.929+08:00,0.1385778784751892,-0.645746648311615,0.1499999761581421,1.3992432355880737,-10.937996864318848,-78.74830627441406
1791626908129914176,1791626908093672960,2026-10-10T18:08:28.129+08:00,0.1517643928527832,-0.6728916764259338,0.15999996662139893,0.8147459030151367,-10.680747985839844,-78.58472442626953
1791626908329956832,1791626908293691744,2026-10-10T18:08:28.329+08:00,0.1649635136127472,-0.708262026309967,0.1499999761581421,-0.09109508246183395,-9.419331550598145,-78.48887634277344
1791626908564348160,1791626908548659808,2026-10-10T18:08:28.564+08:00,0.17898444831371307,-0.7510741353034973,0.1499999761581421,-0.6257544755935669,-6.713603496551514,-78.50198364257812
1791626908796649280,1791626908793357888,2026-10-10T18:08:28.796+08:00,0.19242802262306213,-0.7936462759971619,0.1499999761581421,-0.464586466550827,-3.8210952281951904,-78.46955108642578
1791626909029975904,1791626908992242912,2026-10-10T18:08:29.029+08:00,0.20114120841026306,-0.8281398415565491,0.13999998569488525,-0.1550181657075882,-1.5890202522277832,-78.43475341796875
1791626909263023872,1791626909226915904,2026-10-10T18:08:29.263+08:00,0.2069024294614792,-0.8676496148109436,0.12999999523162842,-0.12053804099559784,0.24168813228607178,-78.29149627685547
1791626909496017600,1791626909479164896,2026-10-10T18:08:29.496+08:00,0.2130940556526184,-0.9045884013175964,0.12000000476837158,-0.5230013132095337,0.7108267545700073,-78.05309295654297
1791626909696676896,1791626909679626144,2026-10-10T18:08:29.696+08:00,0.22006265819072723,-0.9364858269691467,0.12000000476837158,-0.9741892218589783,-0.08724380284547806,-77.83844757080078
1791626909929942240,1791626909913850144,2026-10-10T18:08:29.929+08:00,0.22371986508369446,-0.9805545806884766,0.12000000476837158,-1.3594987392425537,-2.224536657333374,-77.52088165283203
1791626910162975296,1791626910146633376,2026-10-10T18:08:30.162+08:00,0.22628630697727203,-1.0246726274490356,0.13999998569488525,-1.0830374956130981,-4.89401388168335,-77.54633331298828
1791626910364232576,1791626910335743552,2026-10-10T18:08:30.364+08:00,0.2320186197757721,-1.0520269870758057,0.15999996662139893,-0.33418160676956177,-6.929427623748779,-77.92793273925781
1791626910598288160,1791626910564417472,2026-10-10T18:08:30.598+08:00,0.25014618039131165,-1.0932751893997192,0.1799999475479126,0.7031741738319397,-9.566596031188965,-78.33348846435547
1791626910830026944,1791626910800887104,2026-10-10T18:08:30.830+08:00,0.26379773020744324,-1.134936809539795,0.21000003814697266,1.2151061296463013,-11.599759101867676,-78.793701171875
1791626911030174464,1791626911000255520,2026-10-10T18:08:31.030+08:00,0.2709585726261139,-1.1645921468734741,0.23000001907348633,1.0255604982376099,-12.254701614379883,-79.00910186767578
1791626911262709056,1791626911237666496,2026-10-10T18:08:31.262+08:00,0.27958443760871887,-1.2008684873580933,0.25,0.40902379155158997,-11.505144119262695,-79.16737365722656
1791626911463147520,1791626911427615648,2026-10-10T18:08:31.463+08:00,0.288878858089447,-1.2370866537094116,0.25,-0.07181636244058609,-9.560346603393555,-79.3017349243164
1791626911663884960,1791626911633875072,2026-10-10T18:08:31.663+08:00,0.29539939761161804,-1.2692608833312988,0.25,-0.030725091695785522,-6.7627458572387695,-79.40760040283203
1791626911896558688,1791626911870819968,2026-10-10T18:08:31.896+08:00,0.2996867001056671,-1.3004359006881714,0.25999999046325684,0.8305807709693909,-2.9607293605804443,-79.74121856689453
1791626912096733120,1791626912072742944,2026-10-10T18:08:32.096+08:00,0.3043578267097473,-1.329562783241272,0.25,1.7398513555526733,-0.130364790558815,-79.80448913574219
1791626912329664064,1791626912283655360,2026-10-10T18:08:32.329+08:00,0.31114915013313293,-1.3705369234085083,0.24000000953674316,2.349087953567505,1.957476258277893,-79.65463256835938
1791626912567332160,1791626912539994880,2026-10-10T18:08:32.567+08:00,0.3167358636856079,-1.413183331489563,0.2200000286102295,2.2438626289367676,2.8205947875976562,-79.35769653320312
1791626912796618144,1791626912769625120,2026-10-10T18:08:32.796+08:00,0.3146461844444275,-1.446580171585083,0.18999993801116943,1.2768744230270386,2.4640982151031494,-79.069580078125
1791626913029776736,1791626913005067136,2026-10-10T18:08:33.029+08:00,0.3162281811237335,-1.4861036539077759,0.1799999475479126,0.3665180802345276,0.5610536336898804,-78.90215301513672
1791626913262797920,1791626913244338592,2026-10-10T18:08:33.262+08:00,0.320061057806015,-1.525624394416809,0.18999993801116943,-0.16015613079071045,-2.5951662063598633,-78.93603515625
1791626913463227808,1791626913438690720,2026-10-10T18:08:33.463+08:00,0.3188665807247162,-1.5528521537780762,0.21000003814697266,-0.262916624546051,-5.224644660949707,-78.89695739746094
1791626913663275616,1791626913640554752,2026-10-10T18:08:33.663+08:00,0.317399799823761,-1.58604896068573,0.21000003814697266,-0.15939933061599731,-8.13097095489502,-78.78339385986328
1791626913897186944,1791626913883597152,2026-10-10T18:08:33.897+08:00,0.319414883852005,-1.6266461610794067,0.23000001907348633,-0.15043768286705017,-10.230607986450195,-78.79149627685547
1791626914129318400,1791626914124533312,2026-10-10T18:08:34.129+08:00,0.32320865988731384,-1.6565765142440796,0.24000000953674316,0.09456842392683029,-10.672672271728516,-78.93544006347656
1791626914329790976,1791626914288743392,2026-10-10T18:08:34.329+08:00,0.32718706130981445,-1.6688624620437622,0.24000000953674316,0.6062046885490417,-10.005085945129395,-78.9346694946289
1791626914531051712,1791626914507695776,2026-10-10T18:08:34.531+08:00,0.3321816027164459,-1.6863874197006226,0.24000000953674316,1.5426642894744873,-8.253642082214355,-79.17704010009766
1791626914762772416,1791626914745850016,2026-10-10T18:08:34.762+08:00,0.33245542645454407,-1.7056745290756226,0.24000000953674316,2.454608917236328,-5.7294535636901855,-80.61929321289062
1791626914963061536,1791626914942297984,2026-10-10T18:08:34.963+08:00,0.3348013460636139,-1.7183732986450195,0.23000001907348633,2.9119105339050293,-3.500150680541992,-82.00119018554688
1791626915163259456,1791626915154539104,2026-10-10T18:08:35.163+08:00,0.3386603593826294,-1.7262955904006958,0.23000001907348633,2.6885414123535156,-1.591364860534668,-83.24586486816406
1791626915363521056,1791626915335930720,2026-10-10T18:08:35.363+08:00,0.34052667021751404,-1.731848120689392,0.2200000286102295,1.689291000366211,-0.3649769723415375,-84.24604034423828
1791626915597244288,1791626915576693440,2026-10-10T18:08:35.597+08:00,0.3397081792354584,-1.7373433113098145,0.21000003814697266,0.07638715207576752,0.3787284791469574,-85.52654266357422
1791626915797244736,1791626915782003872,2026-10-10T18:08:35.797+08:00,0.34095919132232666,-1.7415502071380615,0.21000003814697266,-0.6528499126434326,0.07526756823062897,-86.23796844482422
1791626916031519552,1791626916022089312,2026-10-10T18:08:36.031+08:00,0.3418673872947693,-1.7417080402374268,0.19999992847442627,-1.0134003162384033,-0.8819969296455383,-86.31832122802734
1791626916262850560,1791626916260730208,2026-10-10T18:08:36.262+08:00,0.33897268772125244,-1.739311933517456,0.19999992847442627,-0.7686096429824829,-2.1677958965301514,-86.39816284179688
1791626916463100032,1791626916447490144,2026-10-10T18:08:36.463+08:00,0.3372558355331421,-1.738387107849121,0.21000003814697266,-0.0809330865740776,-3.2238519191741943,-86.25919342041016
1791626916696428864,1791626916685472416,2026-10-10T18:08:36.696+08:00,0.34247004985809326,-1.741873025894165,0.2200000286102295,1.2620056867599487,-4.507939338684082,-86.07904052734375
1791626916929593120,1791626916917538432,2026-10-10T18:08:36.929+08:00,0.35579171776771545,-1.7445776462554932,0.21000003814697266,2.0182793140411377,-5.261718273162842,-85.92877197265625
1791626917129961664,1791626917126260576,2026-10-10T18:08:37.129+08:00,0.36440640687942505,-1.743567705154419,0.21000003814697266,1.736362338066101,-5.6911492347717285,-85.8296127319336
1791626917365072544,1791626917342418144,2026-10-10T18:08:37.365+08:00,0.3694379925727844,-1.7431457042694092,0.19999992847442627,1.0004583597183228,-5.788190841674805,-85.830810546875
1791626917596238560,1791626917580836896,2026-10-10T18:08:37.596+08:00,0.3776371479034424,-1.7461094856262207,0.19999992847442627,0.3802931308746338,-5.586638450622559,-85.8276596069336
1791626917796685024,1791626917781374912,2026-10-10T18:08:37.796+08:00,0.38285478949546814,-1.746669054031372,0.19999992847442627,0.07065553963184357,-5.3390960693359375,-85.80189514160156
1791626917997217312,1791626917991179712,2026-10-10T18:08:37.997+08:00,0.38636523485183716,-1.7448221445083618,0.21000003814697266,0.05368436127901077,-5.075311660766602,-85.79570770263672
1791626918229385952,1791626918220678496,2026-10-10T18:08:38.229+08:00,0.38941147923469543,-1.7451943159103394,0.23000001907348633,0.23273517191410065,-4.783175945281982,-85.7557373046875
1791626918429791200,1791626918412527744,2026-10-10T18:08:38.429+08:00,0.3911416828632355,-1.7439206838607788,0.21000003814697266,0.022991513833403587,-4.56807804107666,-85.77845764160156
1791626918663190944,1791626918650091680,2026-10-10T18:08:38.663+08:00,0.3940103054046631,-1.7423510551452637,0.2200000286102295,-0.06744558364152908,-4.259887218475342,-85.49756622314453
1791626918897129472,1791626918885500704,2026-10-10T18:08:38.897+08:00,0.40316709876060486,-1.7489955425262451,0.2200000286102295,0.7733873724937439,-4.034324645996094,-85.35456848144531
1791626919097675904,1791626919088103744,2026-10-10T18:08:39.097+08:00,0.41280627250671387,-1.753785252571106,0.21000003814697266,1.6533632278442383,-3.878556966781616,-85.35255432128906
1791626919331512384,1791626919284804128,2026-10-10T18:08:39.331+08:00,0.41874489188194275,-1.7536368370056152,0.21000003814697266,2.2316384315490723,-3.740063428878784,-85.46824645996094
1791626919562880384,1791626919534507296,2026-10-10T18:08:39.562+08:00,0.4239298403263092,-1.7559128999710083,0.21000003814697266,2.122393846511841,-3.7117936611175537,-85.55105590820312
1791626919763456320,1791626919733607584,2026-10-10T18:08:39.763+08:00,0.4284166991710663,-1.758122444152832,0.18999993801116943,1.4219523668289185,-3.7819936275482178,-85.58454895019531
1791626919996153504,1791626919975468000,2026-10-10T18:08:39.996+08:00,0.4334436357021332,-1.7570292949676514,0.18999993801116943,0.2950708866119385,-3.963919162750244,-85.58482360839844
1791626920196740992,1791626920178792320,2026-10-10T18:08:40.196+08:00,0.43571653962135315,-1.7560479640960693,0.19999992847442627,-0.1121966615319252,-4.302046775817871,-85.58929443359375
1791626920429688480,1791626920428130048,2026-10-10T18:08:40.429+08:00,0.4380137622356415,-1.7551226615905762,0.2200000286102295,0.40917855501174927,-4.938385009765625,-85.61023712158203
1791626920629983328,1791626920600754240,2026-10-10T18:08:40.629+08:00,0.4394930601119995,-1.752634048461914,0.23000001907348633,1.0080137252807617,-5.381281852722168,-85.48468017578125
1791626920868030080,1791626920830912480,2026-10-10T18:08:40.868+08:00,0.4441865086555481,-1.7535377740859985,0.23000001907348633,1.6949020624160767,-5.7577314376831055,-85.47163391113281
1791626921097639552,1791626921068904128,2026-10-10T18:08:41.097+08:00,0.4479925036430359,-1.7581645250320435,0.2200000286102295,2.2659952640533447,-5.704868316650391,-85.74114227294922
1791626921330158720,1791626921265610112,2026-10-10T18:08:41.330+08:00,0.4499225318431854,-1.7586727142333984,0.2200000286102295,2.7211906909942627,-5.261201858520508,-85.86109161376953
1791626921563903936,1791626921562539520,2026-10-10T18:08:41.563+08:00,0.4545958638191223,-1.763121247291565,0.21000003814697266,3.0212628841400146,-4.400298118591309,-86.06500244140625
1791626921796321504,1791626921764320096,2026-10-10T18:08:41.796+08:00,0.4565087854862213,-1.7646384239196777,0.19999992847442627,2.5760061740875244,-3.8470664024353027,-86.22098541259766
1791626921996465088,1791626921965228000,2026-10-10T18:08:41.996+08:00,0.45814797282218933,-1.7643775939941406,0.18999993801116943,1.447654128074646,-3.406862258911133,-86.29293060302734
1791626922229872864,1791626922208003680,2026-10-10T18:08:42.229+08:00,0.4604775011539459,-1.7666064500808716,0.1799999475479126,-0.45843371748924255,-3.1935477256774902,-86.32048034667969
1791626922429886816,1791626922406673184,2026-10-10T18:08:42.429+08:00,0.4610788822174072,-1.7678900957107544,0.18999993801116943,-1.1726765632629395,-3.39741849899292,-86.4569320678711
1791626922630949184,1791626922605705408,2026-10-10T18:08:42.630+08:00,0.4603046476840973,-1.766471028327942,0.19999992847442627,-0.698665201663971,-3.934475898742676,-86.614013671875
1791626922863730720,1791626922849564032,2026-10-10T18:08:42.863+08:00,0.4622957110404968,-1.767585039138794,0.23000001907348633,0.7644813060760498,-4.950676918029785,-86.6315689086914
1791626923064224384,1791626923051624672,2026-10-10T18:08:43.064+08:00,0.46545568108558655,-1.7665059566497803,0.24000000953674316,1.3864907026290894,-5.74418306350708,-86.70409393310547
1791626923296302528,1791626923278756864,2026-10-10T18:08:43.296+08:00,0.4695081114768982,-1.7608312368392944,0.23000001907348633,1.379936695098877,-6.184406280517578,-86.8031234741211
1791626923496643264,1791626923470620224,2026-10-10T18:08:43.496+08:00,0.475333034992218,-1.7635996341705322,0.23000001907348633,1.5199706554412842,-6.213240146636963,-86.87071228027344
1791626923696684992,1791626923638268864,2026-10-10T18:08:43.696+08:00,0.47795307636260986,-1.7669910192489624,0.2200000286102295,1.7777875661849976,-6.021739959716797,-87.0947265625
1791626923929970464,1791626923638268864,2026-10-10T18:08:43.929+08:00,0.47795307636260986,-1.7669910192489624,0.2200000286102295,1.7777875661849976,-6.021739959716797,-87.0947265625
1791626924130005536,1791626923638268864,2026-10-10T18:08:44.130+08:00,0.47795307636260986,-1.7669910192489624,0.2200000286102295,1.7777875661849976,-6.021739959716797,-87.0947265625
1791626924363262240,1791626923638268864,2026-10-10T18:08:44.363+08:00,0.47795307636260986,-1.7669910192489624,0.2200000286102295,1.7777875661849976,-6.021739959716797,-87.0947265625
1791626924596656736,1791626923638268864,2026-10-10T18:08:44.596+08:00,0.47795307636260986,-1.7669910192489624,0.2200000286102295,1.7777875661849976,-6.021739959716797,-87.0947265625
1791626924829931328,1791626924820687904,2026-10-10T18:08:44.829+08:00,0.4813337028026581,-1.7707117795944214,0.19999992847442627,-0.025575699284672737,-3.2771661281585693,-87.34041595458984
1791626925030082976,1791626925025162464,2026-10-10T18:08:45.030+08:00,0.4791700541973114,-1.771164059638977,0.1799999475479126,-0.046821337193250656,-3.6012470722198486,-87.835693359375
1791626925230170752,1791626925228401120,2026-10-10T18:08:45.230+08:00,0.4762331247329712,-1.7691829204559326,0.18999993801116943,0.09913530200719833,-4.04941987991333,-88.54751586914062
1791626925463403360,1791626925445286752,2026-10-10T18:08:45.463+08:00,0.4719911217689514,-1.765532374382019,0.18999993801116943,0.21899200975894928,-4.540589332580566,-89.47612762451172
1791626925663565632,1791626925646584032,2026-10-10T18:08:45.663+08:00,0.4675755798816681,-1.7619991302490234,0.18999993801116943,0.1392383724451065,-4.8561553955078125,-90.363037109375
1791626925896157504,1791626925887057920,2026-10-10T18:08:45.896+08:00,0.46261391043663025,-1.7571616172790527,0.18999993801116943,-0.20109382271766663,-5.002018928527832,-91.44751739501953
1791626926096265184,1791626926087206720,2026-10-10T18:08:46.096+08:00,0.4586902856826782,-1.7532892227172852,0.1799999475479126,-0.46135789155960083,-4.939256191253662,-92.34148406982422
1791626926298077408,1791626926284520608,2026-10-10T18:08:46.298+08:00,0.45766422152519226,-1.7503321170806885,0.19999992847442627,-0.16439791023731232,-4.800093173980713,-92.5207290649414
1791626926498199840,1791626926472285120,2026-10-10T18:08:46.498+08:00,0.4664030969142914,-1.753679871559143,0.19999992847442627,0.5198924541473389,-4.754395961761475,-92.138671875
1791626926729603072,1791626926717609216,2026-10-10T18:08:46.729+08:00,0.48310187458992004,-1.7580558061599731,0.2200000286102295,1.5295038223266602,-4.963508129119873,-91.14923858642578
1791626926930449152,1791626926925238176,2026-10-10T18:08:46.930+08:00,0.4931182265281677,-1.7559329271316528,0.21000003814697266,1.8663116693496704,-5.271285057067871,-89.89842987060547
1791626927163174432,1791626927161313152,2026-10-10T18:08:47.163+08:00,0.49604907631874084,-1.756564974784851,0.21000003814697266,1.5894302129745483,-5.331095218658447,-88.57048797607422
1791626927396529536,1791626927373341536,2026-10-10T18:08:47.396+08:00,0.49778589606285095,-1.7575491666793823,0.19999992847442627,1.3169716596603394,-5.156015872955322,-87.75334167480469
1791626927629504544,1791626927615959520,2026-10-10T18:08:47.629+08:00,0.5007229447364807,-1.7565752267837524,0.19999992847442627,0.6939931511878967,-4.8328986167907715,-87.02526092529297
1791626927829651840,1791626927818830880,2026-10-10T18:08:47.829+08:00,0.5012656450271606,-1.7568005323410034,0.21000003814697266,0.4193517863750458,-4.588579177856445,-86.58283233642578
1791626928029900512,1791626928016562528,2026-10-10T18:08:48.029+08:00,0.5002526044845581,-1.7579153776168823,0.21000003814697266,0.7623454332351685,-4.462126731872559,-86.11498260498047
1791626928230893760,1791626928219576640,2026-10-10T18:08:48.230+08:00,0.5042499303817749,-1.7603033781051636,0.2200000286102295,1.8251439332962036,-4.453177452087402,-85.80220794677734
1791626928463207104,1791626928438888576,2026-10-10T18:08:48.463+08:00,0.5152909755706787,-1.7590192556381226,0.21000003814697266,2.5848212242126465,-4.51698112487793,-85.62809753417969
1791626928663365792,1791626928642173152,2026-10-10T18:08:48.663+08:00,0.5192288756370544,-1.7554113864898682,0.21000003814697266,2.2774627208709717,-4.6275634765625,-85.57473754882812
1791626928896150720,1791626928889801504,2026-10-10T18:08:48.896+08:00,0.5181257724761963,-1.7557283639907837,0.19999992847442627,1.3867939710617065,-4.766055107116699,-85.5112075805664
1791626929096918016,1791626929088417024,2026-10-10T18:08:49.096+08:00,0.5184255838394165,-1.7576963901519775,0.19999992847442627,1.107834815979004,-4.881040096282959,-85.4455337524414
1791626929330001504,1791626929320412768,2026-10-10T18:08:49.330+08:00,0.5199571847915649,-1.7567212581634521,0.19999992847442627,1.3326523303985596,-5.100504398345947,-85.422119140625
1791626929563086112,1791626929540195616,2026-10-10T18:08:49.563+08:00,0.5214504599571228,-1.7542811632156372,0.21000003814697266,1.5584230422973633,-5.275259017944336,-85.22118377685547
1791626929763398752,1791626929741734368,2026-10-10T18:08:49.763+08:00,0.5227459669113159,-1.7520593404769897,0.21000003814697266,1.996761441230774,-5.465127468109131,-85.22191619873047
1791626929996663360,1791626929980491616,2026-10-10T18:08:49.996+08:00,0.5316558480262756,-1.7543926239013672,0.21000003814697266,2.533489465713501,-5.847816467285156,-85.40653991699219
1791626930229480096,1791626930218433024,2026-10-10T18:08:50.229+08:00,0.538932204246521,-1.7578473091125488,0.19999992847442627,2.5560173988342285,-6.215790271759033,-85.65681457519531
1791626930429688640,1791626930408243872,2026-10-10T18:08:50.429+08:00,0.5358206629753113,-1.7546676397323608,0.19999992847442627,2.329557180404663,-6.335966110229492,-85.9105224609375
1791626930662741216,1791626930645206496,2026-10-10T18:08:50.662+08:00,0.5369277000427246,-1.7544431686401367,0.19999992847442627,2.2094712257385254,-6.217559814453125,-86.0429916381836
1791626930863507040,1791626930849774816,2026-10-10T18:08:50.863+08:00,0.5432226657867432,-1.7601686716079712,0.21000003814697266,1.742284893989563,-6.085228443145752,-86.16107940673828
1791626931096138016,1791626931085604256,2026-10-10T18:08:51.096+08:00,0.5447575449943542,-1.7603775262832642,0.18999993801116943,0.307616263628006,-5.739107608795166,-86.16177368164062
1791626931296441504,1791626931284486816,2026-10-10T18:08:51.296+08:00,0.540420413017273,-1.7577869892120361,0.18999993801116943,-1.0925583839416504,-5.206926345825195,-86.17871856689453
1791626931496469120,1791626931469219008,2026-10-10T18:08:51.496+08:00,0.539771318435669,-1.7592670917510986,0.21000003814697266,-1.8471934795379639,-4.7619476318359375,-86.2279281616211
1791626931696673120,1791626931672375072,2026-10-10T18:08:51.696+08:00,0.5421083569526672,-1.763987421989441,0.2200000286102295,-1.7714649438858032,-4.433768272399902,-86.25453186035156
1791626931896677728,1791626931876724416,2026-10-10T18:08:51.896+08:00,0.5437458753585815,-1.7625207901000977,0.23000001907348633,-1.365836501121521,-4.1275835037231445,-86.0997085571289
1791626932096717888,1791626932074934816,2026-10-10T18:08:52.096+08:00,0.5438351035118103,-1.7585296630859375,0.23000001907348633,-1.1470085382461548,-3.8346176147460938,-85.92228698730469
1791626932296765536,1791626932273288288,2026-10-10T18:08:52.296+08:00,0.5431873798370361,-1.758729100227356,0.23000001907348633,-0.6874966025352478,-3.471221685409546,-86.09332275390625
1791626932496884160,1791626932466017120,2026-10-10T18:08:52.496+08:00,0.5456581711769104,-1.762772798538208,0.23000001907348633,0.5109667181968689,-3.01399302482605,-87.02767944335938
1791626932730055904,1791626932704113088,2026-10-10T18:08:52.730+08:00,0.5555534362792969,-1.7697821855545044,0.23000001907348633,2.606015205383301,-2.5185840129852295,-88.36363220214844
1791626932930152640,1791626932906821408,2026-10-10T18:08:52.930+08:00,0.5729287266731262,-1.7840969562530518,0.2200000286102295,4.314749717712402,-2.4935741424560547,-88.77494049072266
1791626933163947552,1791626933147636736,2026-10-10T18:08:53.163+08:00,0.5997507572174072,-1.812762975692749,0.19999992847442627,5.560898303985596,-2.8643763065338135,-88.85603332519531
1791626933397115552,1791626933365753280,2026-10-10T18:08:53.397+08:00,0.6258513927459717,-1.8462523221969604,0.18999993801116943,5.258357524871826,-3.5336527824401855,-88.7416000366211
1791626933629670176,1791626933612586624,2026-10-10T18:08:53.629+08:00,0.6524341106414795,-1.8864959478378296,0.1799999475479126,2.880687713623047,-4.600428581237793,-88.49859619140625
1791626933830311808,1791626933807944640,2026-10-10T18:08:53.830+08:00,0.6604700088500977,-1.9240163564682007,0.16999995708465576,0.09495732933282852,-5.675624847412109,-88.1402587890625
1791626934062552576,1791626934051224160,2026-10-10T18:08:54.062+08:00,0.66387540102005,-1.9565147161483765,0.18999993801116943,-2.159982919692993,-7.1362528800964355,-87.70018768310547
1791626934263246528,1791626934253156288,2026-10-10T18:08:54.263+08:00,0.6687543392181396,-1.9779369831085205,0.18999993801116943,-2.4731194972991943,-8.190507888793945,-87.24195098876953
1791626934496466656,1791626934469935104,2026-10-10T18:08:54.496+08:00,0.6706380248069763,-1.995358943939209,0.2200000286102295,-1.8534488677978516,-8.983344078063965,-86.69184875488281
1791626934696701504,1791626934671012640,2026-10-10T18:08:54.696+08:00,0.6695098280906677,-2.00539493560791,0.2200000286102295,-0.646431565284729,-9.156109809875488,-86.31758117675781
1791626934929480352,1791626934919121600,2026-10-10T18:08:54.929+08:00,0.6688660979270935,-2.014678955078125,0.24000000953674316,1.8123528957366943,-8.41367244720459,-85.99443817138672
1791626935129833408,1791626935120483168,2026-10-10T18:08:55.129+08:00,0.6686185598373413,-2.024555206298828,0.25,4.093134880065918,-6.815319538116455,-85.71973419189453
1791626935363460352,1791626935340317536,2026-10-10T18:08:55.363+08:00,0.6680302023887634,-2.0310654640197754,0.25,5.510368824005127,-4.701825141906738,-85.50108337402344
1791626935596918272,1791626935574242912,2026-10-10T18:08:55.596+08:00,0.6665330529212952,-2.034778594970703,0.24000000953674316,5.958114147186279,-2.5241029262542725,-85.27718353271484
1791626935829493184,1791626935808941920,2026-10-10T18:08:55.829+08:00,0.6664583086967468,-2.038945198059082,0.23000001907348633,5.635121822357178,-0.48843124508857727,-85.19674682617188
1791626936029680672,1791626936013931232,2026-10-10T18:08:56.029+08:00,0.6662289500236511,-2.0428385734558105,0.2200000286102295,5.057349681854248,0.72962886095047,-85.3228988647461
1791626936263843040,1791626936254128448,2026-10-10T18:08:56.263+08:00,0.6659702062606812,-2.0482068061828613,0.19999992847442627,3.661959409713745,1.5199021100997925,-85.50775909423828
1791626936463894368,1791626936440336032,2026-10-10T18:08:56.463+08:00,0.6664244532585144,-2.0519895553588867,0.1799999475479126,1.4790141582489014,1.5967090129852295,-85.60133361816406
1791626936696443552,1791626936675984768,2026-10-10T18:08:56.696+08:00,0.6667804718017578,-2.05181622505188,0.16999995708465576,-0.9630468487739563,1.0748119354248047,-85.53681182861328
1791626936896964128,1791626936879911136,2026-10-10T18:08:56.896+08:00,0.6667736768722534,-2.0535452365875244,0.16999995708465576,-2.3106515407562256,-0.1702139973640442,-85.54286193847656
1791626937129898496,1791626937112191296,2026-10-10T18:08:57.129+08:00,0.6676367521286011,-2.0555524826049805,0.18999993801116943,-2.220517873764038,-1.9189326763153076,-85.5087890625
1791626937363262912,1791626937336258976,2026-10-10T18:08:57.363+08:00,0.6673023104667664,-2.055485963821411,0.19999992847442627,-1.1571104526519775,-3.8826184272766113,-85.4449691772461
1791626937596345696,1791626937571058208,2026-10-10T18:08:57.596+08:00,0.6680811047554016,-2.0535402297973633,0.23000001907348633,0.1934613585472107,-5.893701553344727,-85.24100494384766
1791626937796612256,1791626937776029760,2026-10-10T18:08:57.796+08:00,0.6690082550048828,-2.0524656772613525,0.23000001907348633,0.5157426595687866,-7.089162349700928,-85.06330871582031
1791626938029671584,1791626938021120512,2026-10-10T18:08:58.029+08:00,0.6650615930557251,-2.0511388778686523,0.23000001907348633,0.51655513048172,-7.523884296417236,-85.0560073852539
1791626938262861920,1791626938254608896,2026-10-10T18:08:58.262+08:00,0.664519190788269,-2.052501678466797,0.24000000953674316,0.8628386855125427,-6.887436389923096,-85.21656799316406
1791626938463280512,1791626938433938784,2026-10-10T18:08:58.463+08:00,0.6654438972473145,-2.0548393726348877,0.24000000953674316,1.3500686883926392,-5.841608047485352,-85.36945343017578
1791626938663710464,1791626938633810880,2026-10-10T18:08:58.663+08:00,0.6672691106796265,-2.057391881942749,0.23000001907348633,1.924665093421936,-4.332180023193359,-85.23108673095703
1791626938896936864,1791626938867906304,2026-10-10T18:08:58.896+08:00,0.6667026877403259,-2.0576729774475098,0.2200000286102295,2.3781747817993164,-2.403555154800415,-85.21171569824219
1791626939129973728,1791626939107176192,2026-10-10T18:08:59.129+08:00,0.6666720509529114,-2.0583341121673584,0.19999992847442627,2.3675973415374756,-0.794999897480011,-85.30484008789062
1791626939329976832,1791626939275472512,2026-10-10T18:08:59.329+08:00,0.6669712662696838,-2.059615135192871,0.19999992847442627,1.788620948791504,-0.07646246999502182,-85.3204345703125
1791626939562667552,1791626939545648672,2026-10-10T18:08:59.562+08:00,0.6684520840644836,-2.058053970336914,0.18999993801116943,0.11558510363101959,0.23121844232082367,-85.33549499511719
1791626939763783808,1791626939751450944,2026-10-10T18:08:59.763+08:00,0.6706297397613525,-2.0592429637908936,0.18999993801116943,-0.6889916062355042,-0.3784399926662445,-85.39810180664062
1791626939996334240,1791626939956270304,2026-10-10T18:08:59.996+08:00,0.6727799773216248,-2.060344934463501,0.19999992847442627,-0.7680711150169373,-1.5062205791473389,-85.48967742919922
1791626940196340448,1791626940169382304,2026-10-10T18:09:00.196+08:00,0.675779402256012,-2.0607283115386963,0.21000003814697266,-0.2872772812843323,-3.1219613552093506,-85.57430267333984
1791626940397639392,1791626940359319008,2026-10-10T18:09:00.397+08:00,0.6778148412704468,-2.058576822280884,0.23000001907348633,0.20267829298973083,-4.579638957977295,-85.56472778320312
1791626940630023808,1791626940603376128,2026-10-10T18:09:00.630+08:00,0.6774986386299133,-2.054377794265747,0.25999999046325684,0.9907124042510986,-6.52699613571167,-85.6741943359375
1791626940830307488,1791626940804958880,2026-10-10T18:09:00.830+08:00,0.6777355074882507,-2.052302598953247,0.2999999523162842,1.5920426845550537,-7.714760780334473,-85.7774429321289
1791626941062634944,1791626941044068672,2026-10-10T18:09:01.062+08:00,0.6791512966156006,-2.048903465270996,0.3299999237060547,1.864768385887146,-8.72500228881836,-85.78284454345703
1791626941263065600,1791626941240014880,2026-10-10T18:09:01.263+08:00,0.6782450079917908,-2.0435197353363037,0.3700000047683716,1.7780996561050415,-9.231162071228027,-85.68403625488281
1791626941496014752,1791626941478246112,2026-10-10T18:09:01.496+08:00,0.678057849407196,-2.037372350692749,0.4099999666213989,1.7210710048675537,-9.44568157196045,-85.61170959472656
1791626941696981984,1791626941675796448,2026-10-10T18:09:01.696+08:00,0.678538978099823,-2.032487630844116,0.44999992847442627,1.69919753074646,-9.364752769470215,-85.46100616455078
1791626941929369792,1791626941920469760,2026-10-10T18:09:01.929+08:00,0.6790189743041992,-2.0251576900482178,0.5,1.5860811471939087,-9.039952278137207,-85.30291748046875
1791626942131880832,1791626942125226944,2026-10-10T18:09:02.131+08:00,0.6779330372810364,-2.0194461345672607,0.5399999618530273,1.5250096321105957,-8.747379302978516,-85.00039672851562
1791626942363400928,1791626942361133504,2026-10-10T18:09:02.363+08:00,0.678591787815094,-2.011563539505005,0.5900000333786011,1.5237168073654175,-8.413165092468262,-84.67987060546875
1791626942563570048,1791626942561520928,2026-10-10T18:09:02.563+08:00,0.678707480430603,-2.004220962524414,0.6399999856948853,1.554531216621399,-8.179070472717285,-84.48790740966797
1791626942763871296,1791626942762087072,2026-10-10T18:09:02.763+08:00,0.6780785322189331,-1.9972798824310303,0.6799999475479126,1.5798656940460205,-7.984866142272949,-84.27191162109375
1791626942996161088,1791626942960608064,2026-10-10T18:09:02.996+08:00,0.6778318285942078,-1.9922494888305664,0.7400000095367432,1.5823067426681519,-7.838225841522217,-84.03241729736328
1791626943196574464,1791626943164532416,2026-10-10T18:09:03.196+08:00,0.6766366958618164,-1.9867680072784424,0.7799999713897705,1.524105429649353,-7.743955612182617,-83.93651580810547
1791626943429532608,1791626943396077856,2026-10-10T18:09:03.429+08:00,0.675400972366333,-1.9801464080810547,0.8500000238418579,1.3703383207321167,-7.720335483551025,-83.79275512695312
1791626943630025568,1791626943600080512,2026-10-10T18:09:03.630+08:00,0.6741309762001038,-1.9732918739318848,0.8899999856948853,1.2378101348876953,-7.811221122741699,-83.60389709472656
1791626943863728224,1791626943836240384,2026-10-10T18:09:03.863+08:00,0.672858715057373,-1.9663861989974976,0.9499999284744263,1.215237021446228,-8.001569747924805,-83.34718322753906
1791626944098471584,1791626944076118720,2026-10-10T18:09:04.098+08:00,0.6725760698318481,-1.9629133939743042,1.0099999904632568,1.146721363067627,-8.148637771606445,-83.02100372314453
1791626944331066368,1791626944285240224,2026-10-10T18:09:04.331+08:00,0.6746631264686584,-1.9602885246276855,1.059999942779541,0.9949547052383423,-6.5994367599487305,-82.75364685058594
1791626944563136288,1791626944535131392,2026-10-10T18:09:04.563+08:00,0.6769458651542664,-1.957433819770813,1.0999999046325684,0.7912842631340027,-0.30449387431144714,-82.61599731445312
1791626944763650368,1791626944740313920,2026-10-10T18:09:04.763+08:00,0.6790383458137512,-1.9548169374465942,1.1099998950958252,0.5323867797851562,2.470146894454956,-82.55078125
1791626944996135872,1791626944982852256,2026-10-10T18:09:04.996+08:00,0.6813210844993591,-1.9519622325897217,1.0999999046325684,0.6199168562889099,3.36428165435791,-82.41954803466797
1791626945229494400,1791626945219690912,2026-10-10T18:09:05.229+08:00,0.6815532445907593,-1.950089454650879,1.0999999046325684,0.6873998641967773,2.682077169418335,-82.22293853759766
1791626945429579456,1791626945406452256,2026-10-10T18:09:05.429+08:00,0.6781653165817261,-1.950268030166626,1.0899999141693115,0.6750956177711487,2.187143087387085,-82.10050964355469
1791626945629918592,1791626945620991616,2026-10-10T18:09:05.629+08:00,0.6740272045135498,-1.950500249862671,1.0899999141693115,0.6859873533248901,1.901498794555664,-82.00823211669922
1791626945830264096,1791626945819979008,2026-10-10T18:09:05.830+08:00,0.6702672243118286,-1.9507112503051758,1.0999999046325684,0.782550036907196,1.7650542259216309,-82.00885772705078
1791626946063674848,1791626946061596256,2026-10-10T18:09:06.063+08:00,0.6657553315162659,-1.9509644508361816,1.0799999237060547,0.895107626914978,1.5579615831375122,-82.08152770996094
1791626946263987168,1791626946228913248,2026-10-10T18:09:06.263+08:00,0.663975179195404,-1.9511492252349854,1.0799999237060547,0.8885416984558105,1.2741663455963135,-82.15628051757812
1791626946496251040,1791626946481268544,2026-10-10T18:09:06.496+08:00,0.6676910519599915,-1.9512649774551392,1.0799999237060547,0.7915765047073364,0.6387048959732056,-82.3412094116211
1791626946729548768,1791626946724263488,2026-10-10T18:09:06.729+08:00,0.6811486482620239,-1.9485633373260498,1.0699999332427979,0.6746692657470703,-0.03450511768460274,-82.58454132080078
1791626946962595296,1791626946959438560,2026-10-10T18:09:06.962+08:00,0.694608747959137,-1.9458792209625244,1.059999942779541,0.4749663472175598,-0.7950493693351746,-82.85909271240234
1791626947162754240,1791626947124864864,2026-10-10T18:09:07.162+08:00,0.7035821676254272,-1.9440897703170776,1.059999942779541,0.30909502506256104,-1.3130486011505127,-83.05420684814453
1791626947362827520,1791626947350144032,2026-10-10T18:09:07.362+08:00,0.7159205675125122,-1.9416292905807495,1.059999942779541,0.08174900710582733,-1.9842604398727417,-83.33151245117188
1791626947563585696,1791626947547977376,2026-10-10T18:09:07.563+08:00,0.7271373271942139,-1.9393925666809082,1.0499999523162842,-0.08739586174488068,-2.54099178314209,-83.566650390625
1791626947796715712,1791626947764076864,2026-10-10T18:09:07.796+08:00,0.7379292249679565,-1.9375399351119995,1.0499999523162842,-0.19884933531284332,-3.0833823680877686,-83.77904510498047
1791626947996737152,1791626947967320064,2026-10-10T18:09:07.996+08:00,0.7397376894950867,-1.9388999938964844,1.0399999618530273,-0.22624163329601288,-3.4721944332122803,-83.92731475830078
1791626948229941824,1791626948205680640,2026-10-10T18:09:08.229+08:00,0.741972804069519,-1.937498688697815,1.0299999713897705,-0.1788913607597351,-3.7458982467651367,-84.05354309082031
1791626948463206144,1791626948435754592,2026-10-10T18:09:08.463+08:00,0.7447852492332458,-1.9374133348464966,1.0199999809265137,-0.09630244225263596,-3.798426628112793,-84.12020874023438
1791626948696362912,1791626948679788288,2026-10-10T18:09:08.696+08:00,0.7465516924858093,-1.9393949508666992,1.0099999904632568,0.014714565128087997,-3.655477523803711,-84.13927459716797
1791626948929390752,1791626948925304320,2026-10-10T18:09:08.929+08:00,0.7481821775436401,-1.9412239789962769,1.0,0.09298430383205414,-3.3948094844818115,-84.10467529296875
1791626949129916032,1791626949092813696,2026-10-10T18:09:09.129+08:00,0.7492692470550537,-1.9424433708190918,0.9900000095367432,0.1127210259437561,-3.189965009689331,-84.0584487915039
1791626949330238496,1791626949274018016,2026-10-10T18:09:09.330+08:00,0.7504921555519104,-1.9438151121139526,0.9800000190734863,0.10162051767110825,-2.959784984588623,-83.98455047607422
1791626949562789888,1791626949530798688,2026-10-10T18:09:09.562+08:00,0.7522586584091187,-1.9457967281341553,0.9800000190734863,0.05373644456267357,-2.663529396057129,-83.84839630126953
1791626949762936000,1791626949736696448,2026-10-10T18:09:09.762+08:00,0.7536174654960632,-1.9473209381103516,0.9700000286102295,0.00321334064938128,-2.485565185546875,-83.72968292236328
1791626949996096384,1791626949982820736,2026-10-10T18:09:09.996+08:00,0.7553839087486267,-1.9493025541305542,0.9600000381469727,-0.058290302753448486,-2.3343346118927,-83.56584930419922
1791626950196304192,1791626950187915264,2026-10-10T18:09:10.196+08:00,0.7567426562309265,-1.9508267641067505,0.9399999380111694,-0.1224917620420456,-2.2780489921569824,-83.43510437011719
1791626950396780800,1791626950370910112,2026-10-10T18:09:10.396+08:00,0.7579655647277832,-1.9521986246109009,0.9299999475479126,-0.18937090039253235,-2.2740039825439453,-83.31470489501953
1791626950629876320,1791626950607124928,2026-10-10T18:09:10.629+08:00,0.7593350410461426,-1.958216905593872,0.9199999570846558,-0.2576088309288025,-2.33131742477417,-83.14269256591797
1791626950830326176,1791626950808467584,2026-10-10T18:09:10.830+08:00,0.7605829238891602,-1.960018515586853,0.8999999761581421,-0.2628706693649292,-2.4205551147460938,-82.988037109375
1791626951034827360,1791626951006001888,2026-10-10T18:09:11.034+08:00,0.7616944909095764,-1.9612624645233154,0.8899999856948853,-0.2512131333351135,-2.5344600677490234,-82.82073211669922
1791626951263049280,1791626951248660160,2026-10-10T18:09:11.263+08:00,0.7632142305374146,-1.9625214338302612,0.8799999952316284,-0.24376294016838074,-2.6877965927124023,-82.60027313232422
1791626951463516864,1791626951437713056,2026-10-10T18:09:11.463+08:00,0.7644436955451965,-1.9634132385253906,0.8600000143051147,-0.24579641222953796,-2.797095537185669,-82.41850280761719
1791626951663788416,1791626951643665632,2026-10-10T18:09:11.663+08:00,0.7661154866218567,-1.9640212059020996,0.8400000333786011,-0.2565765976905823,-2.9095120429992676,-82.186279296875
1791626951896151008,1791626951887628960,2026-10-10T18:09:11.896+08:00,0.7666182518005371,-1.9658318758010864,0.8199999332427979,-0.2441229373216629,-2.9632019996643066,-81.98262023925781
1791626952096189632,1791626952089548000,2026-10-10T18:09:12.096+08:00,0.7668695449829102,-1.9665018320083618,0.7999999523162842,0.026136063039302826,-2.9129724502563477,-81.89202880859375
1791626952296350880,1791626952284504608,2026-10-10T18:09:12.296+08:00,0.7672734260559082,-1.9667879343032837,0.7899999618530273,0.4803660809993744,-2.7959139347076416,-81.76995849609375
1791626952496511360,1791626952470121504,2026-10-10T18:09:12.496+08:00,0.7678488492965698,-1.9687247276306152,0.7699999809265137,0.8996745347976685,-2.6630637645721436,-81.62218475341797
1791626952731150336,1791626952712851456,2026-10-10T18:09:12.731+08:00,0.7695695757865906,-1.9723803997039795,0.7400000095367432,1.2948861122131348,-2.4567947387695312,-81.37319946289062
1791626952962933984,1791626952960163616,2026-10-10T18:09:12.962+08:00,0.7718015313148499,-1.9757486581802368,0.7100000381469727,1.3806240558624268,-2.204113721847534,-81.12049102783203
1791626953163211104,1791626953126978272,2026-10-10T18:09:13.163+08:00,0.772832453250885,-1.978362798690796,0.6899999380111694,1.2829757928848267,-2.07324481010437,-81.00704956054688
1791626953396213504,1791626953376341568,2026-10-10T18:09:13.396+08:00,0.773926854133606,-1.9823318719863892,0.6499999761581421,1.0435386896133423,-1.9206942319869995,-80.80244445800781
1791626953596248704,1791626953587049024,2026-10-10T18:09:13.596+08:00,0.7744495868682861,-1.9855761528015137,0.6200000047683716,0.853091835975647,-1.829256534576416,-80.74104309082031
1791626953796527296,1791626953786865952,2026-10-10T18:09:13.796+08:00,0.7754649519920349,-1.987904667854309,0.6000000238418579,0.7470719218254089,-1.7683632373809814,-80.70955657958984
1791626953996547776,1791626953957649504,2026-10-10T18:09:13.996+08:00,0.7765597701072693,-1.9897807836532593,0.5699999332427979,0.707392156124115,-1.7466238737106323,-80.61714935302734
1791626954196625984,1791626954164869440,2026-10-10T18:09:14.196+08:00,0.7781544923782349,-1.9923722743988037,0.5399999618530273,0.7142658829689026,-1.7546157836914062,-80.41452026367188
1791626954396980896,1791626954372960960,2026-10-10T18:09:14.396+08:00,0.7799018025398254,-1.9946105480194092,0.5099999904632568,0.6800310015678406,-1.7934508323669434,-80.22782897949219
1791626954597324928,1791626954580135264,2026-10-10T18:09:14.597+08:00,0.781053900718689,-1.9972364902496338,0.48000001907348633,0.53177809715271,-1.872718095779419,-80.05753326416016
1791626954829713504,1791626954816013856,2026-10-10T18:09:14.829+08:00,0.7825575470924377,-1.999542236328125,0.43999993801116943,0.3200543224811554,-2.0006814002990723,-79.80387115478516
1791626955030285184,1791626955026012160,2026-10-10T18:09:15.030+08:00,0.7835165858268738,-2.0020647048950195,0.4099999666213989,0.09496597200632095,-2.1783499717712402,-79.5702133178711
1791626955263607648,1791626955232482304,2026-10-10T18:09:15.263+08:00,0.784687876701355,-2.0043556690216064,0.3799999952316284,-0.06976304203271866,-2.3623740673065186,-79.3464584350586
1791626955496112384,1791626955489885504,2026-10-10T18:09:15.496+08:00,0.7866930961608887,-2.0064542293548584,0.3400000333786011,-0.2663883864879608,-2.597376585006714,-79.04817199707031
1791626955696210208,1791626955694249664,2026-10-10T18:09:15.696+08:00,0.7873860001564026,-2.00934100151062,0.309999942779541,-0.48934757709503174,-2.7741470336914062,-78.83406829833984
1791626955897247360,1791626955874067360,2026-10-10T18:09:15.897+08:00,0.7870710492134094,-2.0117502212524414,0.2799999713897705,-0.7216938734054565,-2.9289662837982178,-78.73440551757812
1791626956129608000,1791626956103994016,2026-10-10T18:09:16.129+08:00,0.7875985503196716,-2.0138626098632812,0.25999999046325684,-0.9160346388816833,-3.127488851547241,-78.6265640258789
1791626956330194912,1791626956283595808,2026-10-10T18:09:16.330+08:00,0.7888503074645996,-2.014902353286743,0.24000000953674316,-1.0544908046722412,-3.2836029529571533,-78.62886810302734
1791626956562976064,1791626956546277248,2026-10-10T18:09:16.562+08:00,0.6659989356994629,-2.060048818588257,0.19999992847442627,-1.326224684715271,-3.501157760620117,-78.54592895507812
1791626956763110464,1791626956750290720,2026-10-10T18:09:16.763+08:00,0.6656303405761719,-2.0614840984344482,0.18999993801116943,-1.532005786895752,-3.6274824142456055,-78.40862274169922
1791626956995940224,1791626956983443168,2026-10-10T18:09:16.995+08:00,0.6584787964820862,-2.0618937015533447,0.1499999761581421,-1.955739974975586,-3.8515262603759766,-78.59163665771484
1791626957195998080,1791626957193271712,2026-10-10T18:09:17.195+08:00,0.6429979801177979,-2.0530335903167725,0.13999998569488525,-2.2805325984954834,-3.962425470352173,-79.10819244384766
1791626957396209888,1791626957372880224,2026-10-10T18:09:17.396+08:00,0.6258569359779358,-2.0395596027374268,0.12999999523162842,-2.416036605834961,-4.059874534606934,-79.65554809570312
1791626957596729600,1791626957575698560,2026-10-10T18:09:17.596+08:00,0.6033123731613159,-2.019402503967285,0.1499999761581421,-2.355098247528076,-4.250559329986572,-80.27067565917969
1791626957829470464,1791626957819546080,2026-10-10T18:09:17.829+08:00,0.5728433728218079,-1.987781047821045,0.15999996662139893,-1.7679141759872437,-4.653013229370117,-81.01143646240234
1791626958029488800,1791626958019920448,2026-10-10T18:09:18.029+08:00,0.5564211010932922,-1.9553523063659668,0.1799999475479126,-0.6748115420341492,-4.912455081939697,-81.63182067871094
1791626958262903296,1791626958255786944,2026-10-10T18:09:18.262+08:00,0.5484379529953003,-1.9217818975448608,0.19999992847442627,0.6039297580718994,-5.0602641105651855,-82.20797729492188
1791626958463466624,1791626958434813376,2026-10-10T18:09:18.463+08:00,0.5436438918113708,-1.8936570882797241,0.21000003814697266,1.2551833391189575,-5.1975555419921875,-82.64103698730469
1791626958696254048,1791626958683069600,2026-10-10T18:09:18.696+08:00,0.5379490852355957,-1.8596247434616089,0.2200000286102295,1.3504910469055176,-5.513530254364014,-83.31393432617188
1791626958929378688,1791626958922557152,2026-10-10T18:09:18.929+08:00,0.5366307497024536,-1.8407857418060303,0.23000001907348633,0.3261640965938568,-5.74932861328125,-83.82218170166016
1791626959129953536,1791626959127919808,2026-10-10T18:09:19.129+08:00,0.5371463298797607,-1.8229392766952515,0.23000001907348633,-0.7500232458114624,-5.794749736785889,-84.16228485107422
1791626959363214560,1791626959342541248,2026-10-10T18:09:19.363+08:00,0.5388211607933044,-1.8046716451644897,0.23000001907348633,-1.7727317810058594,-5.71008825302124,-84.5811767578125
1791626959597244256,1791626959579628960,2026-10-10T18:09:19.597+08:00,0.5385943055152893,-1.795911192893982,0.24000000953674316,-2.1602580547332764,-5.698101043701172,-87.64739227294922
1791626959830375296,1791626959818870144,2026-10-10T18:09:19.830+08:00,0.5306298136711121,-1.7921723127365112,0.25999999046325684,-1.1154125928878784,-6.063157558441162,-96.53925323486328
1791626960062730016,1791626960052613792,2026-10-10T18:09:20.062+08:00,0.5220733284950256,-1.7881157398223877,0.24000000953674316,1.2950680255889893,-6.119378566741943,-109.25282287597656
1791626960262752544,1791626960253925408,2026-10-10T18:09:20.262+08:00,0.5177424550056458,-1.7866096496582031,0.25,3.007129669189453,-5.570799827575684,-120.70674896240234
1791626960496604288,1791626960472034336,2026-10-10T18:09:20.496+08:00,0.5155577063560486,-1.781461477279663,0.25,3.905466318130493,-4.5017781257629395,-133.4985809326172
1791626960729767296,1791626960702376352,2026-10-10T18:09:20.729+08:00,0.5200026035308838,-1.7771786451339722,0.24000000953674316,3.539785861968994,-3.038435459136963,-147.2341766357422
1791626960929923840,1791626960902556992,2026-10-10T18:09:20.929+08:00,0.4467993974685669,-1.8490649461746216,0.21000003814697266,2.3658175468444824,-2.059575319290161,-159.2474822998047
1791626961163428704,1791626961135465952,2026-10-10T18:09:21.163+08:00,0.3539735972881317,-1.8858495950698853,0.21000003814697266,0.42744672298431396,-0.665908932685852,-171.67453002929688
1791626961364096160,1791626961360744448,2026-10-10T18:09:21.364+08:00,0.345146119594574,-1.8696340322494507,0.2200000286102295,-1.568250060081482,0.014878051355481148,174.74732971191406
1791626961596459680,1791626961569207680,2026-10-10T18:09:21.596+08:00,0.34655117988586426,-1.8633214235305786,0.2200000286102295,-2.533864736557007,-0.8158438801765442,163.39039611816406
1791626961796789376,1791626961773596224,2026-10-10T18:09:21.796+08:00,0.35592442750930786,-1.854849934577942,0.2200000286102295,-2.968036651611328,-2.307973623275757,153.01071166992188
1791626961996806560,1791626961971176544,2026-10-10T18:09:21.996+08:00,0.37539225816726685,-1.8456798791885376,0.2200000286102295,-2.6771812438964844,-3.8623929023742676,143.83914184570312
1791626962207618368,1791626962178440960,2026-10-10T18:09:22.207+08:00,0.39902690052986145,-1.8417302370071411,0.21000003814697266,-2.332528591156006,-5.217417240142822,135.94720458984375
1791626962429519744,1791626962395583648,2026-10-10T18:09:22.429+08:00,0.42910709977149963,-1.844172477722168,0.24000000953674316,-2.0301363468170166,-6.383726596832275,128.66278076171875
1791626962629926784,1791626962599456128,2026-10-10T18:09:22.629+08:00,0.46101686358451843,-1.8512839078903198,0.24000000953674316,-1.9150322675704956,-7.162576675415039,122.51299285888672
1791626962863287040,1791626962835261280,2026-10-10T18:09:22.863+08:00,0.49279433488845825,-1.8644474744796753,0.24000000953674316,-1.9498862028121948,-7.465076446533203,117.01528930664062
1791626963096479328,1791626963073300288,2026-10-10T18:09:23.096+08:00,0.523723840713501,-1.86394464969635,0.25,-1.5199713706970215,-7.436435699462891,112.2777099609375
1791626963296640160,1791626963271161184,2026-10-10T18:09:23.296+08:00,0.5375145077705383,-1.8523844480514526,0.25999999046325684,-1.98970365524292,-7.498752117156982,112.64981842041016
1791626963497019072,1791626963463516416,2026-10-10T18:09:23.497+08:00,0.5404677391052246,-1.8456357717514038,0.25999999046325684,-9.656624794006348,-7.757281303405762,125.652587890625
1791626963697741984,1791626963695872096,2026-10-10T18:09:23.697+08:00,0.5426807999610901,-1.8427401781082153,0.25,-33.55497360229492,3.3964669704437256,170.14149475097656
1791626963899840192,1791626963864801440,2026-10-10T18:09:23.899+08:00,0.5472302436828613,-1.8373706340789795,0.25,-35.10260772705078,45.55478286743164,-109.37580871582031
1791626964130078752,1791626964100201536,2026-10-10T18:09:24.130+08:00,0.5552029609680176,-1.8289144039154053,0.23000001907348633,21.201936721801758,25.18043327331543,30.008026123046875
1791626964363297984,1791626964361671904,2026-10-10T18:09:24.363+08:00,0.560996413230896,-1.8239833116531372,0.18999993801116943,10.035860061645508,3.534254789352417,68.78308868408203
1791626964563377120,1791626964561686848,2026-10-10T18:09:24.563+08:00,0.5540940165519714,-1.822352647781372,0.1799999475479126,3.594987154006958,-0.476174920797348,81.32936096191406
1791626964763515200,1791626964733532448,2026-10-10T18:09:24.763+08:00,0.5455663204193115,-1.8217607736587524,0.18999993801116943,0.5606501698493958,-1.720592975616455,86.83519744873047
1791626964996845024,1791626964966871776,2026-10-10T18:09:24.996+08:00,0.5398975014686584,-1.82102370262146,0.19999992847442627,-1.9901888370513916,-2.7736103534698486,91.49536895751953
1791626965230191392,1791626965203670848,2026-10-10T18:09:25.230+08:00,0.5419915318489075,-1.8176578283309937,0.21000003814697266,-2.4008607864379883,-3.9763545989990234,94.03095245361328
1791626965463320992,1791626965431192128,2026-10-10T18:09:25.463+08:00,0.5391560196876526,-1.8147273063659668,0.24000000953674316,-1.2364439964294434,-5.428776741027832,95.59774780273438
1791626965696815904,1791626965664059968,2026-10-10T18:09:25.696+08:00,0.5196768641471863,-1.8007398843765259,0.25999999046325684,0.2489626407623291,-7.328815937042236,96.6311264038086
1791626965930076544,1791626965899690080,2026-10-10T18:09:25.930+08:00,0.4938707947731018,-1.77467942237854,0.25999999046325684,0.9953804612159729,-8.83125114440918,97.1316146850586
1791626966130308512,1791626966100644992,2026-10-10T18:09:26.130+08:00,0.46707043051719666,-1.7440736293792725,0.25999999046325684,1.04705810546875,-9.209135055541992,97.30104064941406
1791626966363304864,1791626966335556704,2026-10-10T18:09:26.363+08:00,0.43981295824050903,-1.7044777870178223,0.25999999046325684,0.5327257513999939,-8.647345542907715,97.54798126220703
1791626966596187392,1791626966572805888,2026-10-10T18:09:26.596+08:00,0.42634865641593933,-1.6638927459716797,0.25,-0.5290167927742004,-6.9542975425720215,97.77294158935547
1791626966796907648,1791626966773363392,2026-10-10T18:09:26.796+08:00,0.4234577715396881,-1.6317683458328247,0.25,-1.1668322086334229,-5.121946811676025,98.09441375732422
1791626967030151936,1791626967005541728,2026-10-10T18:09:27.030+08:00,0.4196382164955139,-1.593344807624817,0.24000000953674316,-1.4354875087738037,-3.1562771797180176,98.33476257324219
1791626967263588032,1791626967246562272,2026-10-10T18:09:27.263+08:00,0.4157015085220337,-1.5530774593353271,0.2200000286102295,-1.712918758392334,-1.9528411626815796,98.49571228027344
1791626967496893248,1791626967463940384,2026-10-10T18:09:27.496+08:00,0.4162127673625946,-1.514123558998108,0.2200000286102295,-1.72213876247406,-1.8359454870224,98.54707336425781
1791626967729584704,1791626967703305920,2026-10-10T18:09:27.729+08:00,0.41598719358444214,-1.4743298292160034,0.23000001907348633,-1.140218734741211,-2.683676242828369,98.73575592041016
1791626967929795904,1791626967916563936,2026-10-10T18:09:27.929+08:00,0.4146098494529724,-1.4420846700668335,0.24000000953674316,-0.47329145669937134,-3.764127016067505,98.66317749023438
1791626968130048736,1791626968113647520,2026-10-10T18:09:28.130+08:00,0.4135432839393616,-1.4090293645858765,0.24000000953674316,-0.23448994755744934,-4.772612571716309,98.59638977050781
1791626968362817504,1791626968345600672,2026-10-10T18:09:28.362+08:00,0.41371843218803406,-1.36747145652771,0.24000000953674316,-0.6384715437889099,-5.520482063293457,98.69397735595703
1791626968562984160,1791626968549674656,2026-10-10T18:09:28.562+08:00,0.4112698435783386,-1.3388155698776245,0.24000000953674316,-0.8728144764900208,-5.7157769203186035,98.95320129394531
1791626968763297280,1791626968751584000,2026-10-10T18:09:28.763+08:00,0.3976800739765167,-1.3081817626953125,0.24000000953674316,-0.6544240713119507,-5.811171531677246,99.19263458251953
1791626968996440096,1791626968983613280,2026-10-10T18:09:28.996+08:00,0.37747257947921753,-1.261143684387207,0.24000000953674316,-0.4603312611579895,-6.027647495269775,99.26819610595703
1791626969196446080,1791626969185603392,2026-10-10T18:09:29.196+08:00,0.37075597047805786,-1.223673701286316,0.23000001907348633,-0.463214635848999,-6.000730991363525,99.34027862548828
1791626969396670976,1791626969366995872,2026-10-10T18:09:29.396+08:00,0.3689386546611786,-1.1940281391143799,0.23000001907348633,-0.7687505483627319,-5.772741317749023,99.3658218383789
1791626969629809888,1791626969608089056,2026-10-10T18:09:29.629+08:00,0.36757802963256836,-1.1483408212661743,0.23000001907348633,-1.307303786277771,-5.346641540527344,99.44588470458984
1791626969829902560,1791626969808210944,2026-10-10T18:09:29.829+08:00,0.3662314713001251,-1.1116302013397217,0.23000001907348633,-1.69837486743927,-5.061176776885986,99.36469268798828
1791626970030064576,1791626970014268544,2026-10-10T18:09:30.030+08:00,0.3630625009536743,-1.0785937309265137,0.23000001907348633,-1.897872805595398,-4.87832498550415,99.28204345703125
1791626970262941696,1791626970259547584,2026-10-10T18:09:30.262+08:00,0.3650686740875244,-1.0297125577926636,0.23000001907348633,-1.9869195222854614,-4.913812637329102,99.30213928222656
1791626970464685600,1791626970444462976,2026-10-10T18:09:30.464+08:00,0.3638179898262024,-0.9963904619216919,0.24000000953674316,-1.8241426944732666,-5.091359615325928,99.35807800292969
1791626970696332032,1791626970683227712,2026-10-10T18:09:30.696+08:00,0.3615012466907501,-0.9564757943153381,0.24000000953674316,-1.6795660257339478,-5.322550296783447,99.5683364868164
1791626970929460928,1791626970915325024,2026-10-10T18:09:30.929+08:00,0.36253517866134644,-0.9156778454780579,0.24000000953674316,-1.9071824550628662,-5.48944616317749,99.78842163085938
1791626971129482208,1791626971122374656,2026-10-10T18:09:31.129+08:00,0.36367201805114746,-0.8747280240058899,0.25,-1.9719398021697998,-5.628257751464844,99.87653350830078
1791626971330388032,1791626971290623584,2026-10-10T18:09:31.330+08:00,0.36451423168182373,-0.844935953617096,0.24000000953674316,-1.468219518661499,-5.591840744018555,99.86964416503906
1791626971564359936,1791626971547326464,2026-10-10T18:09:31.564+08:00,0.3672880232334137,-0.7948961853981018,0.25,-0.2310110628604889,-5.126386642456055,99.82960510253906
1791626971796184032,1791626971779395968,2026-10-10T18:09:31.796+08:00,0.377896249294281,-0.7591162919998169,0.24000000953674316,0.7845231294631958,-4.306220531463623,99.42803192138672
1791626971996741984,1791626971975583040,2026-10-10T18:09:31.996+08:00,0.38237518072128296,-0.7464403510093689,0.23000001907348633,1.818182110786438,-3.6412808895111084,98.93325805664062
1791626972230047360,1791626972212140960,2026-10-10T18:09:32.230+08:00,0.3694941997528076,-0.7231626510620117,0.23000001907348633,3.2224810123443604,-3.2867252826690674,98.50948333740234
1791626972463502752,1791626972435251168,2026-10-10T18:09:32.463+08:00,0.3394664525985718,-0.6907553672790527,0.2200000286102295,3.4237570762634277,-3.534977436065674,98.23770904541016
1791626972664189888,1791626972635430240,2026-10-10T18:09:32.664+08:00,0.3173690140247345,-0.657627284526825,0.21000003814697266,1.655327558517456,-4.127659797668457,98.18038940429688
1791626972896014880,1791626972879027136,2026-10-10T18:09:32.896+08:00,0.3217843174934387,-0.6230827569961548,0.19999992847442627,-1.7745153903961182,-5.5269365310668945,98.18035125732422
1791626973129595136,1791626973113135552,2026-10-10T18:09:33.129+08:00,0.33241263031959534,-0.5858891606330872,0.19999992847442627,-3.574601411819458,-6.929236888885498,98.02937316894531
1791626973331298976,1791626973279832480,2026-10-10T18:09:33.331+08:00,0.3366769254207611,-0.5562850832939148,0.21000003814697266,-3.7397706508636475,-7.744870185852051,97.8883285522461
1791626973563037856,1791626973559334272,2026-10-10T18:09:33.563+08:00,0.32953035831451416,-0.5198400616645813,0.2200000286102295,-2.6084389686584473,-8.25073528289795,97.63574981689453
1791626973763442752,1791626973737238112,2026-10-10T18:09:33.763+08:00,0.33024707436561584,-0.5039891004562378,0.2200000286102295,-1.8283052444458008,-8.113316535949707,97.25951385498047
1791626973964577056,1791626973940126784,2026-10-10T18:09:33.964+08:00,0.33623582124710083,-0.4839109778404236,0.23000001907348633,-1.0055147409439087,-7.386228084564209,97.01051330566406
1791626974196509536,1791626974174288992,2026-10-10T18:09:34.196+08:00,0.33834922313690186,-0.45575985312461853,0.23000001907348633,-0.39259329438209534,-6.227078437805176,96.80915832519531
1791626974429963808,1791626974404027840,2026-10-10T18:09:34.429+08:00,0.34145787358283997,-0.4265957474708557,0.23000001907348633,-0.1805172860622406,-4.809959411621094,96.84854125976562
1791626974630147616,1791626974603029248,2026-10-10T18:09:34.630+08:00,0.33990731835365295,-0.4012419581413269,0.23000001907348633,-0.35038086771965027,-3.7458205223083496,96.9231185913086
1791626974863547232,1791626974840415072,2026-10-10T18:09:34.863+08:00,0.33663827180862427,-0.37388259172439575,0.23000001907348633,-0.9584060907363892,-2.802818775177002,97.05616760253906
1791626975096650688,1791626975075166432,2026-10-10T18:09:35.096+08:00,0.3065355718135834,-0.3319121301174164,0.23000001907348633,-1.8137177228927612,-2.3376314640045166,97.2613754272461
1791626975296682752,1791626975276025408,2026-10-10T18:09:35.296+08:00,0.298235148191452,-0.2965605854988098,0.23000001907348633,-3.0628552436828613,-2.2234575748443604,97.52665710449219
1791626975496796736,1791626975469518560,2026-10-10T18:09:35.496+08:00,0.31011900305747986,-0.28784313797950745,0.2200000286102295,-4.266170024871826,-2.3625998497009277,97.7825698852539
1791626975729788736,1791626975703309408,2026-10-10T18:09:35.729+08:00,0.3447382152080536,-0.2737048268318176,0.2200000286102295,-4.338826656341553,-2.991166830062866,97.86817169189453
1791626975929992192,1791626975910149536,2026-10-10T18:09:35.929+08:00,0.37195977568626404,-0.2418358325958252,0.24000000953674316,-2.793884038925171,-3.695797920227051,97.62940979003906
1791626976162780768,1791626976146287904,2026-10-10T18:09:36.162+08:00,0.3705294132232666,-0.20788908004760742,0.23000001907348633,0.22802168130874634,-4.529572486877441,97.54608154296875
1791626976363250528,1791626976333832064,2026-10-10T18:09:36.363+08:00,0.3575776517391205,-0.1967434585094452,0.24000000953674316,2.383604049682617,-5.223128318786621,97.62933349609375
1791626976596537856,1791626976569363712,2026-10-10T18:09:36.596+08:00,0.3265708088874817,-0.17062495648860931,0.24000000953674316,3.4651987552642822,-6.057795524597168,97.71912384033203
1791626976829852096,1791626976803007712,2026-10-10T18:09:36.829+08:00,0.3095201849937439,-0.13869351148605347,0.23000001907348633,1.9212987422943115,-6.39284610748291,98.22476196289062
1791626977063171520,1791626977039474720,2026-10-10T18:09:37.063+08:00,0.30768829584121704,-0.11581814289093018,0.2200000286102295,-0.6737052202224731,-6.148812770843506,98.41072845458984
1791626977263556736,1791626977240590688,2026-10-10T18:09:37.263+08:00,0.30555102229118347,-0.08643689751625061,0.21000003814697266,-2.465757369995117,-5.622807502746582,98.45990753173828
1791626977497047680,1791626977464611360,2026-10-10T18:09:37.497+08:00,0.3021220266819,-0.057176437228918076,0.21000003814697266,-3.367814302444458,-4.946508884429932,98.29173278808594
1791626977729662336,1791626977708122208,2026-10-10T18:09:37.729+08:00,0.3145979642868042,-0.020422043278813362,0.21000003814697266,-3.1107218265533447,-4.605149745941162,94.4637451171875
1791626977929939968,1791626977913119488,2026-10-10T18:09:37.929+08:00,0.3282391428947449,0.0038795629516243935,0.2200000286102295,-1.5082743167877197,-4.785096168518066,86.71530151367188
1791626978129944160,1791626978116842560,2026-10-10T18:09:38.129+08:00,0.332452654838562,0.02423788793385029,0.23000001907348633,0.9085046052932739,-5.065966606140137,76.71961975097656
1791626978364563712,1791626978362416256,2026-10-10T18:09:38.364+08:00,0.33443722128868103,0.05049591511487961,0.24000000953674316,3.196444034576416,-5.072943687438965,62.59608840942383
1791626978596383744,1791626978564777504,2026-10-10T18:09:38.596+08:00,0.31458625197410583,0.0502292737364769,0.23000001907348633,3.1507740020751953,-4.751499176025391,52.40250778198242
1791626978796851328,1791626978769442752,2026-10-10T18:09:38.796+08:00,0.31201061606407166,0.05348612368106842,0.2200000286102295,1.4186533689498901,-4.49850606918335,43.27717208862305
1791626979029823200,1791626979007347776,2026-10-10T18:09:39.029+08:00,0.2995649576187134,0.05358796566724777,0.21000003814697266,-1.36070716381073,-4.377381324768066,33.66908264160156
1791626979229833536,1791626979202045344,2026-10-10T18:09:39.229+08:00,0.2956273853778839,0.047234032303094864,0.21000003814697266,-3.50044322013855,-4.42984676361084,27.169891357421875
1791626979465374592,1791626979427286624,2026-10-10T18:09:39.465+08:00,0.3089664876461029,0.043283265084028244,0.21000003814697266,-4.9357757568359375,-4.7678751945495605,21.213651657104492
1791626979696987776,1791626979662082432,2026-10-10T18:09:39.696+08:00,0.3145611584186554,0.04770767688751221,0.2200000286102295,-5.4827704429626465,-5.170687198638916,16.009136199951172
1791626979929525184,1791626979900152672,2026-10-10T18:09:39.929+08:00,0.3281632661819458,0.04836957901716232,0.2200000286102295,-5.625156879425049,-5.4691853523254395,12.097617149353027
1791626980129833856,1791626980102880160,2026-10-10T18:09:40.129+08:00,0.32500967383384705,0.04042598605155945,0.21000003814697266,-5.621513843536377,-5.6416544914245605,9.582441329956055
1791626980364054080,1791626980362175008,2026-10-10T18:09:40.364+08:00,0.3207888603210449,0.02823808044195175,0.21000003814697266,-5.192888259887695,-5.727730751037598,6.9926042556762695
1791626980597243392,1791626980560382624,2026-10-10T18:09:40.597+08:00,0.3216553032398224,0.012046908028423786,0.2200000286102295,-4.518437385559082,-5.609289646148682,5.405336380004883
1791626980831464608,1791626980560382624,2026-10-10T18:09:40.831+08:00,0.3216553032398224,0.012046908028423786,0.2200000286102295,-4.518437385559082,-5.609289646148682,5.405336380004883
1791626981063447584,1791626980560382624,2026-10-10T18:09:41.063+08:00,0.3216553032398224,0.012046908028423786,0.2200000286102295,-4.518437385559082,-5.609289646148682,5.405336380004883
1791626981296603456,1791626980560382624,2026-10-10T18:09:41.296+08:00,0.3216553032398224,0.012046908028423786,0.2200000286102295,-4.518437385559082,-5.609289646148682,5.405336380004883
1791626981530063872,1791626980560382624,2026-10-10T18:09:41.530+08:00,0.3216553032398224,0.012046908028423786,0.2200000286102295,-4.518437385559082,-5.609289646148682,5.405336380004883
1791626981762936416,1791626981745869824,2026-10-10T18:09:41.762+08:00,0.32342493534088135,-0.0012112072436138988,0.23000001907348633,0.23210732638835907,-2.855191946029663,0.6686140298843384
1791626981996135360,1791626981983851584,2026-10-10T18:09:41.996+08:00,0.3227786719799042,0.003877822309732437,0.23000001907348633,-1.782429575920105,-2.624518632888794,0.7710736989974976
1791626982229755616,1791626982221298176,2026-10-10T18:09:42.229+08:00,0.3232155442237854,0.006334602367132902,0.2200000286102295,-3.7204227447509766,-2.514848232269287,1.312550663948059
1791626982463474272,1791626982447363104,2026-10-10T18:09:42.463+08:00,0.3279241621494293,0.004214702174067497,0.2200000286102295,-4.584475040435791,-2.559332847595215,1.7664986848831177
1791626982697329376,1791626982682256320,2026-10-10T18:09:42.697+08:00,0.3344801366329193,-2.9214312235126272e-05,0.23000001907348633,-4.121840476989746,-2.846633195877075,1.9842860698699951
1791626982929545408,1791626982921947200,2026-10-10T18:09:42.929+08:00,0.3437098562717438,-0.0055666733533144,0.24000000953674316,-3.0726163387298584,-3.337695360183716,2.14302659034729
1791626983162913856,1791626983152140224,2026-10-10T18:09:43.162+08:00,0.3571236729621887,-0.0160958394408226,0.24000000953674316,-2.6528940200805664,-3.833151340484619,3.051844596862793
1791626983363122912,1791626983340513120,2026-10-10T18:09:43.363+08:00,0.36791735887527466,-0.026544438675045967,0.24000000953674316,-2.54494047164917,-4.312602996826172,3.738722562789917
1791626983563151072,1791626983542139744,2026-10-10T18:09:43.563+08:00,0.37437814474105835,-0.034850820899009705,0.24000000953674316,-2.3339335918426514,-4.685096263885498,4.064167499542236
1791626983796344160,1791626983779643776,2026-10-10T18:09:43.796+08:00,0.3761431574821472,-0.04187316074967384,0.25,-1.736701250076294,-4.923371315002441,4.077752590179443
1791626984029615520,1791626984009129472,2026-10-10T18:09:44.029+08:00,0.3729216754436493,-0.04592191055417061,0.25999999046325684,-0.962582528591156,-4.902520656585693,3.88920521736145
1791626984229787104,1791626984212786624,2026-10-10T18:09:44.229+08:00,0.3674892783164978,-0.0472886748611927,0.25999999046325684,-0.4364466369152069,-4.629489421844482,3.679436683654785
1791626984463425184,1791626984434081216,2026-10-10T18:09:44.463+08:00,0.35991889238357544,-0.046752385795116425,0.26999998092651367,-0.37470754981040955,-4.099693775177002,3.4939491748809814
1791626984696187392,1791626984664745216,2026-10-10T18:09:44.696+08:00,0.3507418632507324,-0.046019092202186584,0.26999998092651367,-0.9464786052703857,-3.4514050483703613,3.3575501441955566
1791626984896774496,1791626984866997024,2026-10-10T18:09:44.896+08:00,0.34266817569732666,-0.04635488986968994,0.25999999046325684,-1.729300618171692,-3.0059309005737305,3.246293306350708
1791626985130154080,1791626985108876864,2026-10-10T18:09:45.130+08:00,0.33292657136917114,-0.04749228060245514,0.26999998092651367,-2.4912469387054443,-2.6631414890289307,3.0637359619140625
1791626985363900608,1791626985362203424,2026-10-10T18:09:45.363+08:00,0.3226991593837738,-0.04858415201306343,0.26999998092651367,-2.6497743129730225,-2.4994256496429443,2.81805419921875
1791626985596335616,1791626985574128704,2026-10-10T18:09:45.596+08:00,0.31498289108276367,-0.04900996387004852,0.2799999713897705,-2.3147830963134766,-2.514981985092163,2.6212148666381836
1791626985796613440,1791626985776991904,2026-10-10T18:09:45.796+08:00,0.3079676032066345,-0.04919164627790451,0.25999999046325684,-1.8015930652618408,-2.663525104522705,2.4654250144958496
1791626985999932128,1791626985982940416,2026-10-10T18:09:45.999+08:00,0.300540030002594,-0.0500970222055912,0.25999999046325684,-1.2969433069229126,-2.9325544834136963,2.2859549522399902
1791626986231624640,1791626986192107968,2026-10-10T18:09:46.231+08:00,0.29471081495285034,-0.050929903984069824,0.25999999046325684,-1.0513628721237183,-3.194737672805786,2.1140527725219727
1791626986466064864,1791626986453208192,2026-10-10T18:09:46.466+08:00,0.28794190287590027,-0.05158218368887901,0.26999998092651367,-1.1051307916641235,-3.5139148235321045,1.8984647989273071
1791626986695997696,1791626986693468224,2026-10-10T18:09:46.695+08:00,0.28212225437164307,-0.05218861624598503,0.25999999046325684,-1.4031325578689575,-3.7533819675445557,1.7354758977890015
1791626986930167136,1791626986928662112,2026-10-10T18:09:46.930+08:00,0.27731215953826904,-0.053050871938467026,0.25999999046325684,-1.7068507671356201,-3.8636133670806885,1.562692642211914
1791626987162535456,1791626987159864864,2026-10-10T18:09:47.162+08:00,0.27351701259613037,-0.05369801074266434,0.25999999046325684,-1.8883204460144043,-3.831692695617676,1.3887550830841064
1791626987362937760,1791626987349959872,2026-10-10T18:09:47.362+08:00,0.2709771394729614,-0.05337647721171379,0.25999999046325684,-1.9087791442871094,-3.7331056594848633,1.2747523784637451
1791626987563000512,1791626987542289856,2026-10-10T18:09:47.563+08:00,0.2683653235435486,-0.05296829342842102,0.25999999046325684,-1.8573616743087769,-3.5681610107421875,1.1356897354125977
1791626987764753184,1791626987745666368,2026-10-10T18:09:47.764+08:00,0.26828503608703613,-0.05406355857849121,0.25999999046325684,-2.073763847351074,-3.3982880115509033,1.229112982749939
1791626988000616832,1791626987976506816,2026-10-10T18:09:48.000+08:00,0.2755982577800751,-0.060188375413417816,0.25999999046325684,-2.8682162761688232,-3.33851957321167,2.2777860164642334
1791626988229696192,1791626988212147232,2026-10-10T18:09:48.229+08:00,0.2880866527557373,-0.07368980348110199,0.25,-3.7822933197021484,-3.6291980743408203,3.623852491378784
1791626988430023424,1791626988407578400,2026-10-10T18:09:48.430+08:00,0.2997349500656128,-0.08680301159620285,0.25999999046325684,-3.8449127674102783,-4.069079399108887,4.098495960235596
1791626988663878016,1791626988643140160,2026-10-10T18:09:48.663+08:00,0.3090946078300476,-0.09785842895507812,0.25999999046325684,-2.9141104221343994,-4.48249626159668,3.9351179599761963
1791626988896055648,1791626988879618688,2026-10-10T18:09:48.896+08:00,0.3115873336791992,-0.1038583442568779,0.25999999046325684,-1.3132719993591309,-4.563292980194092,3.5432426929473877
1791626989097527392,1791626989082724832,2026-10-10T18:09:49.097+08:00,0.3105081617832184,-0.1061423197388649,0.25999999046325684,-0.12293381243944168,-4.34427547454834,3.194479465484619
1791626989329287392,1791626989279094944,2026-10-10T18:09:49.329+08:00,0.3080597221851349,-0.1066914051771164,0.2799999713897705,0.5977814793586731,-3.8925840854644775,2.8832619190216064
1791626989531046464,1791626989498732704,2026-10-10T18:09:49.531+08:00,0.3043946921825409,-0.10619553923606873,0.26999998092651367,0.5923006534576416,-3.311657667160034,2.61213755607605
1791626989763646112,1791626989738054944,2026-10-10T18:09:49.763+08:00,0.29992997646331787,-0.10529279708862305,0.25,-0.1942695826292038,-2.8209667205810547,2.401979446411133
1791626989996195360,1791626989972162336,2026-10-10T18:09:49.996+08:00,0.294349730014801,-0.1047358289361,0.25999999046325684,-1.4948824644088745,-2.5032882690429688,2.2379934787750244
1791626990196455488,1791626990172072544,2026-10-10T18:09:50.196+08:00,0.2891932427883148,-0.10495766997337341,0.25,-2.458486557006836,-2.4787073135375977,2.083364725112915
1791626990429385568,1791626990422788864,2026-10-10T18:09:50.429+08:00,0.2823983132839203,-0.1051430031657219,0.24000000953674316,-2.970954656600952,-2.7063021659851074,1.8343429565429688
1791626990630277376,1791626990596815296,2026-10-10T18:09:50.630+08:00,0.27796801924705505,-0.10498812049627304,0.24000000953674316,-2.822761297225952,-2.904348611831665,1.68756902217865
1791626990863642944,1791626990831833536,2026-10-10T18:09:50.863+08:00,0.2721553146839142,-0.10501328110694885,0.24000000953674316,-2.178884744644165,-3.204284191131592,1.4554723501205444
1791626991096092800,1791626991064455904,2026-10-10T18:09:51.096+08:00,0.2664136588573456,-0.1046571210026741,0.25,-1.4438639879226685,-3.4751992225646973,1.2543983459472656
1791626991297052192,1791626991269898848,2026-10-10T18:09:51.297+08:00,0.2616192698478699,-0.10448979586362839,0.25,-1.0838299989700317,-3.6387627124786377,1.124030590057373
1791626991530460928,1791626991497756096,2026-10-10T18:09:51.530+08:00,0.257087379693985,-0.10475686937570572,0.25,-1.0907142162322998,-3.700878620147705,1.012882947921753
1791626991763805920,1791626991742770176,2026-10-10T18:09:51.763+08:00,0.25296515226364136,-0.10512472689151764,0.25,-1.617377519607544,-3.621001720428467,1.3016564846038818
1791626991996043936,1791626991983577024,2026-10-10T18:09:51.996+08:00,0.24384205043315887,-0.10572472214698792,0.21000003814697266,-2.8161754608154297,-3.104402780532837,6.3683180809021
1791626992196200960,1791626992189623808,2026-10-10T18:09:52.196+08:00,0.23073576390743256,-0.10540255159139633,0.23000001907348633,-3.603912115097046,-2.529695749282837,13.979082107543945
1791626992396465344,1791626992369262464,2026-10-10T18:09:52.396+08:00,0.2215311974287033,-0.10576223582029343,0.23000001907348633,-3.8739304542541504,-2.1029372215270996,21.68051528930664
1791626992630105280,1791626992602935072,2026-10-10T18:09:52.630+08:00,0.21343602240085602,-0.10925593972206116,0.24000000953674316,-3.6414363384246826,-1.8108937740325928,31.733755111694336
1791626992863364416,1791626992839887936,2026-10-10T18:09:52.863+08:00,0.20943668484687805,-0.11294487118721008,0.24000000953674316,-3.0277271270751953,-1.9798927307128906,40.93608474731445
1791626993096546560,1791626993079514176,2026-10-10T18:09:53.096+08:00,0.21502944827079773,-0.11390641331672668,0.25,-2.2899043560028076,-2.626055955886841,48.89972686767578
1791626993296756864,1791626993282749216,2026-10-10T18:09:53.296+08:00,0.22010798752307892,-0.11438509076833725,0.25,-1.7886419296264648,-3.3114800453186035,54.394561767578125
1791626993497058720,1791626993464443232,2026-10-10T18:09:53.497+08:00,0.22834977507591248,-0.10871455073356628,0.24000000953674316,-1.543689489364624,-3.870777130126953,58.43580627441406
1791626993729663456,1791626993702789856,2026-10-10T18:09:53.729+08:00,0.24001961946487427,-0.09966029226779938,0.25,-1.428898572921753,-4.387893199920654,62.440975189208984
1791626993929814848,1791626993902861088,2026-10-10T18:09:53.929+08:00,0.24986304342746735,-0.09173377603292465,0.25999999046325684,-1.4214893579483032,-4.580149173736572,64.79042053222656
1791626994163270944,1791626994138724448,2026-10-10T18:09:54.163+08:00,0.26093029975891113,-0.08413855731487274,0.25,-1.3697073459625244,-4.600386619567871,66.60623168945312
1791626994363603680,1791626994361837312,2026-10-10T18:09:54.363+08:00,0.2725473642349243,-0.07651747763156891,0.25,-0.9678341746330261,-4.526275634765625,66.16486358642578
1791626994596244288,1791626994569922240,2026-10-10T18:09:54.596+08:00,0.29003188014030457,-0.06243494898080826,0.25999999046325684,0.19398921728134155,-4.6588263511657715,61.45729064941406
1791626994800309536,1791626994772924288,2026-10-10T18:09:54.800+08:00,0.3050409257411957,-0.0501573421061039,0.25999999046325684,2.14322829246521,-4.819153308868408,54.32131576538086
1791626995029955200,1791626995005408928,2026-10-10T18:09:55.029+08:00,0.3137964606285095,-0.03764596953988075,0.28999996185302734,4.3447957038879395,-4.533944129943848,44.96873474121094
1791626995263272160,1791626995243821984,2026-10-10T18:09:55.263+08:00,0.3169606626033783,-0.02260098233819008,0.26999998092651367,4.94905948638916,-3.954523801803589,36.00523376464844
1791626995463527264,1791626995431408064,2026-10-10T18:09:55.463+08:00,0.3185688853263855,-0.011927659623324871,0.26999998092651367,4.0979180335998535,-3.5450642108917236,29.93977165222168
1791626995696450816,1791626995668894656,2026-10-10T18:09:55.696+08:00,0.3187277019023895,-0.0002368029672652483,0.24000000953674316,1.8395153284072876,-3.187884569168091,22.930898666381836
1791626995896653920,1791626995873943808,2026-10-10T18:09:55.896+08:00,0.317492812871933,0.005540885496884584,0.23000001907348633,-0.43097561597824097,-3.0809638500213623,18.076908111572266
1791626996129535008,1791626996101432544,2026-10-10T18:09:56.129+08:00,0.3174363076686859,0.00885563250631094,0.23000001907348633,-2.8008406162261963,-3.096264123916626,13.395551681518555
1791626996329726976,1791626996269843008,2026-10-10T18:09:56.329+08:00,0.3160701096057892,0.00975265633314848,0.23000001907348633,-3.7474708557128906,-3.114377975463867,10.875170707702637
1791626996530309760,1791626996528599744,2026-10-10T18:09:56.530+08:00,0.3118777275085449,0.007161382585763931,0.2200000286102295,-3.905230760574341,-3.130488872528076,7.573054313659668
1791626996763566240,1791626996733802656,2026-10-10T18:09:56.763+08:00,0.3079584538936615,0.0057648420333862305,0.23000001907348633,-3.0071027278900146,-3.1341586112976074,5.635582447052002
1791626996964373888,1791626996930070880,2026-10-10T18:09:56.964+08:00,0.30354738235473633,0.005137263797223568,0.24000000953674316,-1.7821564674377441,-3.1372406482696533,4.11778450012207
1791626997197921600,1791626997195409984,2026-10-10T18:09:57.197+08:00,0.29910707473754883,0.00414701085537672,0.25,-0.5814588665962219,-3.1282453536987305,2.6656861305236816
1791626997429870592,1791626997424943328,2026-10-10T18:09:57.429+08:00,0.2956615388393402,0.003750251140445471,0.25,-0.3261546194553375,-3.1046059131622314,1.7541906833648682
1791626997663001856,1791626997624631296,2026-10-10T18:09:57.663+08:00,0.29323071241378784,0.0034955560695379972,0.25,-0.7509071230888367,-3.144092559814453,1.221818447113037
1791626997896032288,1791626997894392480,2026-10-10T18:09:57.896+08:00,0.2907543182373047,0.0026577222160995007,0.25,-1.6602330207824707,-3.262850522994995,0.7773984670639038
1791626998096316064,1791626998061807712,2026-10-10T18:09:58.096+08:00,0.2903558015823364,0.0019810087978839874,0.24000000953674316,-2.1440091133117676,-3.356045722961426,0.552862823009491
1791626998296667424,1791626998263526688,2026-10-10T18:09:58.296+08:00,0.28995367884635925,0.0011071935296058655,0.24000000953674316,-2.3602023124694824,-3.4234538078308105,0.3600602447986603
1791626998530055904,1791626998512965408,2026-10-10T18:09:58.530+08:00,0.2901996970176697,0.001230433932505548,0.25,-2.077131748199463,-3.450228214263916,0.09195483475923538
1791626998763113696,1791626998752113120,2026-10-10T18:09:58.763+08:00,0.2899588942527771,0.0023392331786453724,0.25,-1.5452837944030762,-3.4009721279144287,-0.011023925617337227
1791626998996058464,1791626998988748064,2026-10-10T18:09:58.996+08:00,0.28966015577316284,0.002995106391608715,0.25,-1.1364452838897705,-3.3148114681243896,-0.08640872687101364
1791626999229219104,1791626999221516192,2026-10-10T18:09:59.229+08:00,0.29234394431114197,0.000677679548971355,0.25999999046325684,-1.0637714862823486,-3.321153163909912,-1.5549403429031372
1791626999429897888,1791626999407247232,2026-10-10T18:09:59.429+08:00,0.29447102546691895,-0.008185483515262604,0.25999999046325684,-0.8093163967132568,-3.4373526573181152,-7.067108154296875
1791626999630189152,1791626999613658144,2026-10-10T18:09:59.630+08:00,0.29491126537323,-0.01750289835035801,0.25,0.0321539007127285,-3.673487901687622,-16.451480865478516
1791626999863066272,1791626999852604576,2026-10-10T18:09:59.863+08:00,0.29358476400375366,-0.02197103574872017,0.26999998092651367,1.3553768396377563,-3.956853151321411,-29.092853546142578
1791627000097601600,1791627000091827520,2026-10-10T18:10:00.097+08:00,0.291815847158432,-0.021458961069583893,0.26999998092651367,1.757489800453186,-4.016138553619385,-41.0997200012207
1791627000331019872,1791627000290228960,2026-10-10T18:10:00.331+08:00,0.29080837965011597,-0.01800239458680153,0.25,1.0520377159118652,-3.955949068069458,-49.88475036621094
1791627000562465632,1791627000545904512,2026-10-10T18:10:00.562+08:00,0.2899155020713806,-0.013020385056734085,0.25,-0.7355109453201294,-3.9009501934051514,-59.50970458984375
1791627000763059200,1791627000745134368,2026-10-10T18:10:00.763+08:00,0.29117754101753235,-0.007105494383722544,0.24000000953674316,-2.167518377304077,-3.9283061027526855,-65.55817413330078
1791627000995985312,1791627000982784896,2026-10-10T18:10:00.995+08:00,0.29228201508522034,-0.0009640839998610318,0.24000000953674316,-3.4244089126586914,-4.042342185974121,-71.39471435546875
1791627001229274784,1791627001218965120,2026-10-10T18:10:01.229+08:00,0.2930412292480469,0.0046688709408044815,0.23000001907348633,-3.84334135055542,-4.167746067047119,-75.90343475341797
1791627001430114272,1791627001407595232,2026-10-10T18:10:01.430+08:00,0.2912091314792633,0.0076942746527493,0.23000001907348633,-3.5723557472229004,-4.216424942016602,-78.63591003417969
1791627001630180416,1791627001611832384,2026-10-10T18:10:01.630+08:00,0.29028937220573425,0.011205577291548252,0.25,-2.765882730484009,-4.1873345375061035,-81.10479736328125
1791627001864468768,1791627001846827200,2026-10-10T18:10:01.864+08:00,0.2896987795829773,0.01513474341481924,0.24000000953674316,-1.7282570600509644,-4.117670059204102,-83.6384506225586
1791627002096419008,1791627002084306848,2026-10-10T18:10:02.096+08:00,0.28890034556388855,0.017472896724939346,0.24000000953674316,-1.3274805545806885,-4.064321994781494,-85.18751525878906
1791627002296728352,1791627002281915424,2026-10-10T18:10:02.296+08:00,0.28667211532592773,0.018104538321495056,0.24000000953674316,-1.9167183637619019,-4.04874324798584,-85.92214965820312
1791627002530449824,1791627002506724800,2026-10-10T18:10:02.530+08:00,0.28250303864479065,0.017986541613936424,0.24000000953674316,-3.1687564849853516,-4.147281646728516,-86.62027740478516
1791627002762643328,1791627002746493728,2026-10-10T18:10:02.762+08:00,0.26676422357559204,0.01220719050616026,0.23000001907348633,-4.195924758911133,-4.435141563415527,-87.2900619506836
1791627002963024960,1791627002945364704,2026-10-10T18:10:02.963+08:00,0.2607661783695221,0.006741624791175127,0.24000000953674316,-3.669426918029785,-4.759769916534424,-87.79884338378906
1791627003163323328,1791627003146483872,2026-10-10T18:10:03.163+08:00,0.2621936500072479,-0.0011549463961273432,0.24000000953674316,-2.4502298831939697,-5.073542594909668,-88.25901794433594
1791627003396471488,1791627003369636320,2026-10-10T18:10:03.396+08:00,0.26202917098999023,-0.012377685867249966,0.24000000953674316,-1.244385004043579,-5.307196617126465,-88.69518280029297
1791627003630754976,1791627003613049760,2026-10-10T18:10:03.630+08:00,0.2600839138031006,-0.025857431814074516,0.24000000953674316,-0.45119142532348633,-5.440951824188232,-89.01504516601562
1791627003839806144,1791627003811454368,2026-10-10T18:10:03.839+08:00,0.2584608793258667,-0.03709005191922188,0.25,-0.3125678300857544,-5.451050281524658,-89.19043731689453
1791627004062646304,1791627004045546976,2026-10-10T18:10:04.062+08:00,0.25651320815086365,-0.05056918412446976,0.24000000953674316,-0.6465718746185303,-5.309600830078125,-89.3747329711914
1791627004262725856,1791627004247583936,2026-10-10T18:10:04.262+08:00,0.260211706161499,-0.06558578461408615,0.24000000953674316,-1.147700309753418,-5.1063551902771,-89.48404693603516
1791627004463768640,1791627004429132384,2026-10-10T18:10:04.463+08:00,0.26367926597595215,-0.0798245221376419,0.24000000953674316,-1.860125184059143,-4.941904544830322,-89.54196166992188
1791627004695946528,1791627004694143712,2026-10-10T18:10:04.695+08:00,0.2638307213783264,-0.10229756683111191,0.24000000953674316,-2.899508237838745,-4.756513595581055,-89.59539031982422
1791627004897239264,1791627004895298784,2026-10-10T18:10:04.897+08:00,0.26175805926322937,-0.12037067115306854,0.24000000953674316,-3.2440333366394043,-4.605909824371338,-89.70482635498047
1791627005130605856,1791627005098588640,2026-10-10T18:10:05.130+08:00,0.26118284463882446,-0.13895642757415771,0.24000000953674316,-2.895923137664795,-4.409435749053955,-89.81279754638672
1791627005366460928,1791627005336016416,2026-10-10T18:10:05.366+08:00,0.2618061900138855,-0.15828832983970642,0.25,-2.100663661956787,-4.28463888168335,-89.91761016845703
1791627005596634336,1791627005573684576,2026-10-10T18:10:05.596+08:00,0.26312926411628723,-0.17996011674404144,0.24000000953674316,-1.3614435195922852,-4.1828460693359375,-89.9567642211914
1791627005796861632,1791627005771699968,2026-10-10T18:10:05.796+08:00,0.26262855529785156,-0.1992737054824829,0.25,-1.0922569036483765,-4.059223175048828,-89.95035552978516
1791627005997363744,1791627005974802368,2026-10-10T18:10:05.997+08:00,0.2633165419101715,-0.21858587861061096,0.25,-1.1264054775238037,-3.92940092086792,-89.93423461914062
1791627006229787872,1791627006212592768,2026-10-10T18:10:06.229+08:00,0.26429134607315063,-0.24136754870414734,0.24000000953674316,-1.5765299797058105,-3.805110454559326,-89.9239730834961
1791627006429965824,1791627006406766784,2026-10-10T18:10:06.429+08:00,0.2636443078517914,-0.2614046335220337,0.24000000953674316,-2.1022915840148926,-3.7328033447265625,-89.94889068603516
1791627006630201280,1791627006606405376,2026-10-10T18:10:06.630+08:00,0.2612404525279999,-0.2800084948539734,0.24000000953674316,-2.4622719287872314,-3.6959822177886963,-90.06358337402344
1791627006863054080,1791627006834297408,2026-10-10T18:10:06.863+08:00,0.25920653343200684,-0.2995734214782715,0.24000000953674316,-2.448143720626831,-3.6678273677825928,-90.24707794189453
1791627007096606848,1791627007068751200,2026-10-10T18:10:07.096+08:00,0.2595404088497162,-0.32171007990837097,0.24000000953674316,-1.9383227825164795,-3.6772632598876953,-90.3468246459961
1791627007296991712,1791627007269071424,2026-10-10T18:10:07.296+08:00,0.26140809059143066,-0.3418727517127991,0.24000000953674316,-1.5422207117080688,-3.717992067337036,-90.30677032470703
1791627007530077056,1791627007498518976,2026-10-10T18:10:07.530+08:00,0.26344019174575806,-0.36617782711982727,0.24000000953674316,-1.44525146484375,-3.7673730850219727,-90.22217559814453
1791627007762605056,1791627007730563168,2026-10-10T18:10:07.762+08:00,0.2626116871833801,-0.3882356286048889,0.24000000953674316,-1.7309726476669312,-3.875972270965576,-90.1315689086914
1791627007963538272,1791627007932141888,2026-10-10T18:10:07.963+08:00,0.26192110776901245,-0.4087231457233429,0.24000000953674316,-1.939408302307129,-4.034343719482422,-90.0233383178711
1791627008163752160,1791627008140066240,2026-10-10T18:10:08.163+08:00,0.26307839155197144,-0.4308776259422302,0.24000000953674316,-1.9901574850082397,-4.196413516998291,-89.94792938232422
1791627008396154240,1791627008363119744,2026-10-10T18:10:08.396+08:00,0.2649073600769043,-0.4545747637748718,0.24000000953674316,-1.8098171949386597,-4.3068461418151855,-89.51058197021484
1791627008596568064,1791627008564528704,2026-10-10T18:10:08.596+08:00,0.26835939288139343,-0.47858160734176636,0.24000000953674316,-1.0092765092849731,-4.417287349700928,-89.0074462890625
1791627008796651648,1791627008764707424,2026-10-10T18:10:08.796+08:00,0.2810729444026947,-0.5016102194786072,0.25,0.14539538323879242,-4.638187408447266,-88.61319732666016
1791627008996774144,1791627008965694848,2026-10-10T18:10:08.996+08:00,0.2986186444759369,-0.5235374569892883,0.25,0.6998234987258911,-5.080634593963623,-88.28777313232422
1791627009230622656,1791627009203289888,2026-10-10T18:10:09.230+08:00,0.30764856934547424,-0.5492017269134521,0.24000000953674316,-0.3601014018058777,-5.731390953063965,-87.98210144042969
1791627009462952576,1791627009430097856,2026-10-10T18:10:09.462+08:00,0.30766549706459045,-0.574655294418335,0.23000001907348633,-1.9254779815673828,-6.00434684753418,-87.83037567138672
1791627009663366176,1791627009635657824,2026-10-10T18:10:09.663+08:00,0.30735668540000916,-0.5986787676811218,0.23000001907348633,-2.8057782649993896,-5.934850692749023,-87.89936828613281
1791627009896315648,1791627009872499072,2026-10-10T18:10:09.896+08:00,0.3084293007850647,-0.6247004866600037,0.24000000953674316,-2.962608575820923,-5.572226047515869,-88.0966567993164
1791627010096820672,1791627010074933024,2026-10-10T18:10:10.096+08:00,0.30904969573020935,-0.6458948254585266,0.23000001907348633,-2.5564522743225098,-5.146971702575684,-88.32398223876953
1791627010329660576,1791627010275713536,2026-10-10T18:10:10.329+08:00,0.3097769320011139,-0.6661730408668518,0.23000001907348633,-2.040731191635132,-4.7137041091918945,-88.45391082763672
1791627010530221824,1791627010498449728,2026-10-10T18:10:10.530+08:00,0.30963486433029175,-0.6918165683746338,0.23000001907348633,-1.6576099395751953,-4.280540943145752,-88.55209350585938
1791627010763398432,1791627010739390016,2026-10-10T18:10:10.763+08:00,0.30892565846443176,-0.7186776995658875,0.23000001907348633,-1.598806381225586,-4.007164001464844,-88.60893249511719
1791627010997021632,1791627010969380608,2026-10-10T18:10:10.997+08:00,0.309268593788147,-0.7424954771995544,0.23000001907348633,-1.681372880935669,-3.9409372806549072,-88.61237335205078
1791627011230172448,1791627011203938848,2026-10-10T18:10:11.230+08:00,0.3101210594177246,-0.7688847184181213,0.23000001907348633,-1.8918471336364746,-4.045947551727295,-88.59673309326172
1791627011463237728,1791627011433273408,2026-10-10T18:10:11.463+08:00,0.30863431096076965,-0.7932387590408325,0.24000000953674316,-2.074554204940796,-4.223374366760254,-88.47203063964844
1791627011663676320,1791627011661587104,2026-10-10T18:10:11.663+08:00,0.30708640813827515,-0.8211475014686584,0.24000000953674316,-1.98985755443573,-4.507377624511719,-88.35430145263672
1791627011897678176,1791627011895069376,2026-10-10T18:10:11.897+08:00,0.3077291250228882,-0.8461827039718628,0.23000001907348633,-1.7168267965316772,-4.799969673156738,-88.31043243408203
1791627012130816768,1791627012095519808,2026-10-10T18:10:12.130+08:00,0.309171199798584,-0.8684982657432556,0.24000000953674316,-1.614272117614746,-5.0277910232543945,-88.33028411865234
1791627012362687456,1791627012345436992,2026-10-10T18:10:12.362+08:00,0.3089866042137146,-0.8980273604393005,0.24000000953674316,-1.7716073989868164,-5.198991298675537,-88.29328155517578
1791627012562908640,1791627012548488384,2026-10-10T18:10:12.562+08:00,0.3079394996166229,-0.9209085702896118,0.23000001907348633,-1.935007095336914,-5.2482781410217285,-88.31329345703125
1791627012763028448,1791627012749630592,2026-10-10T18:10:12.763+08:00,0.3071507215499878,-0.9429165720939636,0.24000000953674316,-1.9862924814224243,-5.22300386428833,-88.34244537353516
1791627012996541216,1791627012989362720,2026-10-10T18:10:12.996+08:00,0.30768129229545593,-0.9709076285362244,0.24000000953674316,-1.9078948497772217,-5.071950912475586,-88.41070556640625
1791627013229583104,1791627013221791712,2026-10-10T18:10:13.229+08:00,0.3096590042114258,-0.9997976422309875,0.25,-1.9024475812911987,-4.8223161697387695,-88.46316528320312
1791627013431508000,1791627013404672000,2026-10-10T18:10:13.431+08:00,0.3086821436882019,-1.021539330482483,0.24000000953674316,-2.0026562213897705,-4.63859748840332,-88.47647094726562
1791627013662693760,1791627013643191296,2026-10-10T18:10:13.662+08:00,0.30702313780784607,-1.0509099960327148,0.25,-1.906841516494751,-4.450806140899658,-88.39811706542969
1791627013862813536,1791627013842634080,2026-10-10T18:10:13.862+08:00,0.3103257715702057,-1.0767382383346558,0.25,-1.1484198570251465,-4.406309604644775,-88.29753875732422
1791627014096454016,1791627014078462784,2026-10-10T18:10:14.096+08:00,0.31485265493392944,-1.1078917980194092,0.25,-0.027692638337612152,-4.572961330413818,-88.19120025634766
1791627014296779584,1791627014283656704,2026-10-10T18:10:14.296+08:00,0.3259277045726776,-1.134484052658081,0.25,0.6272264122962952,-4.9253411293029785,-88.03400421142578
1791627014529905472,1791627014498316704,2026-10-10T18:10:14.529+08:00,0.3456641137599945,-1.1614090204238892,0.25,0.4786827564239502,-5.468514442443848,-87.68202209472656
1791627014730773120,1791627014699522816,2026-10-10T18:10:14.730+08:00,0.35210874676704407,-1.184296727180481,0.24000000953674316,-1.044169545173645,-5.882871150970459,-87.33122253417969
1791627014963634304,1791627014932116416,2026-10-10T18:10:14.963+08:00,0.3471890389919281,-1.2128998041152954,0.24000000953674316,-2.9570119380950928,-6.0961151123046875,-87.21273803710938
1791627015196615040,1791627015169560032,2026-10-10T18:10:15.196+08:00,0.34565359354019165,-1.2428644895553589,0.24000000953674316,-3.7399094104766846,-6.125572681427002,-87.28086853027344
1791627015429893472,1791627015393443680,2026-10-10T18:10:15.429+08:00,0.3449416160583496,-1.2693150043487549,0.24000000953674316,-3.4265778064727783,-5.959964275360107,-87.45408630371094
1791627015663228896,1791627015633499232,2026-10-10T18:10:15.663+08:00,0.34289830923080444,-1.2995325326919556,0.25,-2.4548041820526123,-5.5935378074646,-87.6896743774414
1791627015896703040,1791627015868102304,2026-10-10T18:10:15.896+08:00,0.3426819443702698,-1.330188512802124,0.25,-1.3519340753555298,-5.121577739715576,-87.85419464111328
1791627016129902336,1791627016104299616,2026-10-10T18:10:16.129+08:00,0.34441304206848145,-1.3604775667190552,0.25999999046325684,-0.8410496711730957,-4.691371917724609,-87.92851257324219
1791627016330318304,1791627016328577824,2026-10-10T18:10:16.330+08:00,0.34342160820961,-1.3868765830993652,0.25,-1.11061692237854,-4.403628826141357,-87.91775512695312
1791627016563308352,1791627016536382464,2026-10-10T18:10:16.563+08:00,0.3413332998752594,-1.4117389917373657,0.25,-1.5985262393951416,-4.259722709655762,-87.91840362548828
1791627016796753760,1791627016767298592,2026-10-10T18:10:16.796+08:00,0.3406761884689331,-1.4415713548660278,0.25,-2.142036199569702,-4.238998889923096,-87.9540786743164
1791627017029468608,1791627017004651552,2026-10-10T18:10:17.029+08:00,0.340894877910614,-1.4713900089263916,0.24000000953674316,-2.470586061477661,-4.348137378692627,-87.99605560302734
1791627017262906208,1791627017238152672,2026-10-10T18:10:17.262+08:00,0.3414411246776581,-1.5005601644515991,0.25,-2.3700122833251953,-4.537941932678223,-88.03208923339844
1791627017496285120,1791627017468572576,2026-10-10T18:10:17.496+08:00,0.34181588888168335,-1.5282859802246094,0.25,-2.0580625534057617,-4.7313361167907715,-88.0746841430664
1791627017698156192,1791627017673107648,2026-10-10T18:10:17.698+08:00,0.34281814098358154,-1.553699016571045,0.25,-1.747795820236206,-4.847297668457031,-88.1183090209961
1791627017929870176,1791627017902949440,2026-10-10T18:10:17.929+08:00,0.3418605625629425,-1.582778811454773,0.25999999046325684,-1.5292010307312012,-4.895677089691162,-88.1393814086914
1791627018130142112,1791627018101411008,2026-10-10T18:10:18.130+08:00,0.3403194546699524,-1.6082473993301392,0.25,-1.3711649179458618,-4.888517379760742,-88.13307189941406
1791627018363295360,1791627018336208384,2026-10-10T18:10:18.363+08:00,0.34086844325065613,-1.6351239681243896,0.25999999046325684,-1.236072301864624,-4.845297336578369,-88.13558197021484
1791627018566893824,1791627018542489664,2026-10-10T18:10:18.566+08:00,0.34151554107666016,-1.6616315841674805,0.25999999046325684,-1.2098913192749023,-4.777290344238281,-88.01521301269531
1791627018796002304,1791627018781210720,2026-10-10T18:10:18.796+08:00,0.3444367051124573,-1.690887689590454,0.25,-1.1951903104782104,-4.638411521911621,-88.0158920288086
1791627018996137760,1791627018978596544,2026-10-10T18:10:18.996+08:00,0.34740960597991943,-1.7142573595046997,0.25999999046325684,-1.507055401802063,-4.499189853668213,-88.07704162597656
1791627019229444896,1791627019212041152,2026-10-10T18:10:19.229+08:00,0.3459559679031372,-1.7330803871154785,0.25999999046325684,-2.1445529460906982,-4.405295372009277,-88.13008117675781
1791627019430252000,1791627019399251424,2026-10-10T18:10:19.430+08:00,0.34417787194252014,-1.7447429895401,0.25999999046325684,-2.3707115650177,-4.272336006164551,-88.22733306884766
1791627019663478592,1791627019633900672,2026-10-10T18:10:19.663+08:00,0.34480398893356323,-1.7545075416564941,0.25999999046325684,-2.1198089122772217,-4.13385534286499,-88.26859283447266
1791627019863940864,1791627019841441280,2026-10-10T18:10:19.863+08:00,0.34525930881500244,-1.7616195678710938,0.25,-1.7475166320800781,-4.079690456390381,-88.24024963378906
1791627020096338848,1791627020073712672,2026-10-10T18:10:20.096+08:00,0.3436765670776367,-1.7666094303131104,0.25999999046325684,-1.402666449546814,-4.10997200012207,-88.22454071044922
1791627020329246368,1791627020284121536,2026-10-10T18:10:20.329+08:00,0.3440262973308563,-1.7698323726654053,0.25999999046325684,-1.04439115524292,-4.194581508636475,-88.18604278564453
1791627020529632960,1791627020498677824,2026-10-10T18:10:20.529+08:00,0.3453569710254669,-1.7715601921081543,0.26999998092651367,-0.9802271127700806,-4.293900966644287,-88.1294174194336
1791627020730016192,1791627020705549280,2026-10-10T18:10:20.730+08:00,0.34450721740722656,-1.772497534751892,0.25999999046325684,-1.247187852859497,-4.362005233764648,-88.05583953857422
1791627020963276256,1791627020942269504,2026-10-10T18:10:20.963+08:00,0.3435368835926056,-1.7725257873535156,0.26999998092651367,-1.5518513917922974,-4.383787631988525,-88.04618835449219
1791627021196164256,1791627021181701824,2026-10-10T18:10:21.196+08:00,0.3437219262123108,-1.7710292339324951,0.2799999713897705,-1.7277389764785767,-4.327942371368408,-88.02423095703125
1791627021396615936,1791627021369091840,2026-10-10T18:10:21.396+08:00,0.3435991704463959,-1.7697044610977173,0.26999998092651367,-1.7845814228057861,-4.22245454788208,-88.05128479003906
1791627021596809760,1791627021569097280,2026-10-10T18:10:21.596+08:00,0.34272849559783936,-1.7669038772583008,0.25999999046325684,-1.7558012008666992,-4.068527698516846,-88.06114196777344
1791627021829901344,1791627021813539232,2026-10-10T18:10:21.829+08:00,0.343589723110199,-1.7615034580230713,0.2799999713897705,-1.660459041595459,-3.906120777130127,-88.03582000732422
1791627022062600352,1791627022057600800,2026-10-10T18:10:22.062+08:00,0.3438997268676758,-1.7540119886398315,0.26999998092651367,-1.7602537870407104,-3.7697525024414062,-87.95709228515625
1791627022263943168,1791627022262068800,2026-10-10T18:10:22.263+08:00,0.34296637773513794,-1.7478045225143433,0.25999999046325684,-1.9127026796340942,-3.6829681396484375,-87.92426300048828
1791627022496235808,1791627022473870912,2026-10-10T18:10:22.496+08:00,0.34275022149086,-1.7412915229797363,0.2799999713897705,-1.942110300064087,-3.634490489959717,-87.94700622558594
1791627022696660384,1791627022678790816,2026-10-10T18:10:22.696+08:00,0.34315136075019836,-1.7336006164550781,0.25999999046325684,-1.9135632514953613,-3.607881784439087,-87.92833709716797
1791627022929632192,1791627022912142624,2026-10-10T18:10:22.929+08:00,0.3426424264907837,-1.7247716188430786,0.25999999046325684,-2.0145301818847656,-3.6159822940826416,-87.90235137939453
1791627023130547392,1791627023111785280,2026-10-10T18:10:23.130+08:00,0.34233924746513367,-1.7159490585327148,0.2799999713897705,-1.9351089000701904,-3.6620640754699707,-87.88585662841797
1791627023363055264,1791627023337537824,2026-10-10T18:10:23.363+08:00,0.34290826320648193,-1.70540189743042,0.26999998092651367,-1.6332498788833618,-3.7500884532928467,-87.90815734863281
1791627023563258368,1791627023541314144,2026-10-10T18:10:23.563+08:00,0.34320804476737976,-1.695975661277771,0.2799999713897705,-1.6056092977523804,-3.8476662635803223,-87.88716125488281
1791627023796241760,1791627023776239680,2026-10-10T18:10:23.796+08:00,0.341635525226593,-1.6871325969696045,0.26999998092651367,-1.729122281074524,-3.914494514465332,-87.93519592285156
1791627024030012352,1791627024012143360,2026-10-10T18:10:24.030+08:00,0.3413976728916168,-1.6784546375274658,0.25999999046325684,-1.7894833087921143,-3.9608216285705566,-87.97554779052734
1791627024263406336,1791627024258336480,2026-10-10T18:10:24.263+08:00,0.34229764342308044,-1.6699411869049072,0.25999999046325684,-2.0301451683044434,-4.021725654602051,-87.97982025146484
1791627024496443744,1791627024472246688,2026-10-10T18:10:24.496+08:00,0.3411499857902527,-1.6638270616531372,0.25999999046325684,-2.1808435916900635,-4.064846992492676,-87.95913696289062
1791627024696449248,1791627024671777568,2026-10-10T18:10:24.696+08:00,0.34015920758247375,-1.6588306427001953,0.26999998092651367,-2.031618595123291,-4.078220367431641,-87.97525024414062
1791627024929908096,1791627024913301248,2026-10-10T18:10:24.929+08:00,0.33982670307159424,-1.6532061100006104,0.2799999713897705,-1.945547103881836,-4.033210754394531,-87.81018829345703
1791627025163370048,1791627025152091136,2026-10-10T18:10:25.163+08:00,0.33097174763679504,-1.6503286361694336,0.25999999046325684,-2.383082389831543,-3.980238914489746,-87.60084533691406
1791627025363751296,1791627025339591168,2026-10-10T18:10:25.363+08:00,0.3222656548023224,-1.6537612676620483,0.25999999046325684,-2.4615142345428467,-4.014599323272705,-87.53937530517578
1791627025596621504,1791627025577783328,2026-10-10T18:10:25.596+08:00,0.31807181239128113,-1.6612999439239502,0.25999999046325684,-1.9656065702438354,-4.261179447174072,-87.542724609375
1791627025830049280,1791627025817209184,2026-10-10T18:10:25.830+08:00,0.31849735975265503,-1.6706950664520264,0.26999998092651367,-1.3669426441192627,-4.5884904861450195,-87.58138275146484
1791627026063032192,1791627026053234912,2026-10-10T18:10:26.063+08:00,0.31895461678504944,-1.682796835899353,0.25999999046325684,-1.0034544467926025,-4.899900436401367,-87.67462921142578
1791627026263411680,1791627026253232192,2026-10-10T18:10:26.263+08:00,0.3169270157814026,-1.6946003437042236,0.25999999046325684,-1.0187112092971802,-5.051609992980957,-87.75655364990234
1791627026463837824,1791627026433214560,2026-10-10T18:10:26.463+08:00,0.31598639488220215,-1.7057586908340454,0.25,-1.1607993841171265,-5.069910049438477,-87.76222229003906
1791627026696403648,1791627026672107808,2026-10-10T18:10:26.696+08:00,0.31593960523605347,-1.7208251953125,0.25999999046325684,-1.462384819984436,-4.921497344970703,-87.81297302246094
1791627026896659264,1791627026874665312,2026-10-10T18:10:26.896+08:00,0.31742632389068604,-1.7329736948013306,0.25999999046325684,-1.7449830770492554,-4.696372032165527,-87.88106536865234
1791627027130023808,1791627027104292672,2026-10-10T18:10:27.130+08:00,0.3193284571170807,-1.7451270818710327,0.25999999046325684,-2.0720019340515137,-4.401058197021484,-87.9975814819336
1791627027363401792,1791627027331834624,2026-10-10T18:10:27.363+08:00,0.31967076659202576,-1.754630446434021,0.25999999046325684,-2.274092197418213,-4.156208038330078,-88.06165313720703
1791627027596008544,1791627027565068000,2026-10-10T18:10:27.596+08:00,0.3190633952617645,-1.7632508277893066,0.25999999046325684,-2.2777230739593506,-3.9376919269561768,-88.06256103515625
1791627027796287200,1791627027765168640,2026-10-10T18:10:27.796+08:00,0.3186424970626831,-1.7699493169784546,0.25999999046325684,-2.253298044204712,-3.8487462997436523,-87.98055267333984
1791627027996534240,1791627027965998368,2026-10-10T18:10:27.996+08:00,0.31268879771232605,-1.7802869081497192,0.25,-2.609506130218506,-3.8459863662719727,-87.8036117553711
1791627028229889536,1791627028208772960,2026-10-10T18:10:28.229+08:00,0.3010481894016266,-1.7962117195129395,0.25999999046325684,-2.7588934898376465,-4.024417400360107,-87.76742553710938
1791627028429903712,1791627028408151872,2026-10-10T18:10:28.429+08:00,0.29587170481681824,-1.8123488426208496,0.25,-2.246938467025757,-4.307371616363525,-87.7995376586914
1791627028630301216,1791627028604583040,2026-10-10T18:10:28.630+08:00,0.2956695258617401,-1.8262898921966553,0.25999999046325684,-1.5403285026550293,-4.6562113761901855,-87.90508270263672
1791627028864606272,1791627028843298688,2026-10-10T18:10:28.864+08:00,0.2954760193824768,-1.8406797647476196,0.25999999046325684,-1.026285171508789,-4.990493297576904,-88.04399871826172
1791627029098611904,1791627029082686400,2026-10-10T18:10:29.098+08:00,0.29492315649986267,-1.8531360626220703,0.25,-0.9431325793266296,-5.205617427825928,-88.19694519042969
1791627029330122880,1791627029283281856,2026-10-10T18:10:29.330+08:00,0.2958385944366455,-1.8609720468521118,0.25999999046325684,-1.213098168373108,-5.248732089996338,-88.26451110839844
1791627029562908544,1791627029532912320,2026-10-10T18:10:29.562+08:00,0.2937983274459839,-1.8695704936981201,0.25,-2.0819058418273926,-5.082106113433838,-88.2117691040039
1791627029796147936,1791627029772664800,2026-10-10T18:10:29.796+08:00,0.2881651520729065,-1.880730152130127,0.25,-2.7601876258850098,-4.7076191902160645,-88.09332275390625
1791627030030196352,1791627030007643872,2026-10-10T18:10:30.030+08:00,0.2855510711669922,-1.8915660381317139,0.25999999046325684,-2.519390344619751,-4.249713897705078,-88.01680755615234
1791627030269891904,1791627030251515488,2026-10-10T18:10:30.269+08:00,0.2860984206199646,-1.9004842042922974,0.25999999046325684,-1.7013486623764038,-3.9314544200897217,-87.98820495605469
1791627030496560704,1791627030466213824,2026-10-10T18:10:30.496+08:00,0.2867462933063507,-1.9062145948410034,0.25999999046325684,-1.1190540790557861,-3.809159278869629,-87.97149658203125
1791627030729510944,1791627030707346016,2026-10-10T18:10:30.729+08:00,0.28707969188690186,-1.9112849235534668,0.26999998092651367,-0.9657440185546875,-3.754087448120117,-87.95138549804688
1791627030930128256,1791627030913334272,2026-10-10T18:10:30.930+08:00,0.2866551876068115,-1.914937973022461,0.26999998092651367,-1.2621124982833862,-3.7393884658813477,-87.95821380615234
1791627031162917408,1791627031153981920,2026-10-10T18:10:31.162+08:00,0.2859764099121094,-1.918744444847107,0.25999999046325684,-1.8592900037765503,-3.778230667114258,-87.98133087158203
1791627031363002880,1791627031341598048,2026-10-10T18:10:31.363+08:00,0.2854755222797394,-1.9217727184295654,0.25999999046325684,-2.057432174682617,-3.8513708114624023,-87.99401092529297
1791627031596223520,1791627031582806432,2026-10-10T18:10:31.596+08:00,0.2867671549320221,-1.921020746231079,0.25999999046325684,-1.9493701457977295,-3.965899705886841,-87.999267578125
1791627031796524576,1791627031788171520,2026-10-10T18:10:31.796+08:00,0.2894924581050873,-1.9175479412078857,0.25999999046325684,-1.3998724222183228,-4.016234874725342,-88.04303741455078
1791627032029372032,1791627032017025120,2026-10-10T18:10:32.029+08:00,0.3038935363292694,-1.9144008159637451,0.26999998092651367,-0.132966548204422,-4.10835599899292,-87.98719787597656
1791627032229813024,1791627032221084672,2026-10-10T18:10:32.229+08:00,0.32870757579803467,-1.9193336963653564,0.25999999046325684,1.2928245067596436,-4.5191569328308105,-87.8873519897461
1791627032430014176,1791627032401530592,2026-10-10T18:10:32.430+08:00,0.35287633538246155,-1.9271466732025146,0.26999998092651367,1.9269355535507202,-5.020993232727051,-87.82251739501953
1791627032663026688,1791627032639512256,2026-10-10T18:10:32.663+08:00,0.3776159882545471,-1.9412983655929565,0.25999999046325684,1.121690273284912,-5.577221870422363,-87.7229995727539
1791627032863466432,1791627032835882912,2026-10-10T18:10:32.863+08:00,0.3880011737346649,-1.9539005756378174,0.25,-0.6751196384429932,-5.747674942016602,-87.5909652709961
1791627033096327648,1791627033072238400,2026-10-10T18:10:33.096+08:00,0.39428940415382385,-1.9726548194885254,0.24000000953674316,-3.298790216445923,-5.68185567855835,-87.49608612060547
1791627033296547360,1791627033273370560,2026-10-10T18:10:33.296+08:00,0.39670461416244507,-1.9898371696472168,0.23000001907348633,-4.6358323097229,-5.53452730178833,-87.49539184570312
1791627033529304416,1791627033522317312,2026-10-10T18:10:33.529+08:00,0.3992428183555603,-2.0131936073303223,0.24000000953674316,-4.8138556480407715,-5.429251194000244,-87.57575988769531
1791627033730948768,1791627033722288480,2026-10-10T18:10:33.730+08:00,0.39969637989997864,-2.0317158699035645,0.24000000953674316,-4.006110191345215,-5.390033721923828,-87.66027069091797
1791627033962509440,1791627033957818848,2026-10-10T18:10:33.962+08:00,0.39926740527153015,-2.055453300476074,0.25,-2.485873222351074,-5.302505970001221,-87.78517150878906
1791627034163452864,1791627034158378560,2026-10-10T18:10:34.163+08:00,0.3988891541957855,-2.0766749382019043,0.25,-1.3243675231933594,-5.178499221801758,-87.92974853515625
1791627034396540192,1791627034373971296,2026-10-10T18:10:34.396+08:00,0.3989047706127167,-2.098156690597534,0.25,-0.6860526204109192,-5.031332969665527,-88.0440444946289
1791627034629384480,1791627034612804384,2026-10-10T18:10:34.629+08:00,0.3988006114959717,-2.123659372329712,0.25,-0.8264817595481873,-4.8577070236206055,-88.12230682373047
1791627034829821280,1791627034821420064,2026-10-10T18:10:34.829+08:00,0.39835965633392334,-2.1475210189819336,0.25,-1.5261924266815186,-4.732459545135498,-88.16028594970703
1791627035062902720,1791627035057651072,2026-10-10T18:10:35.062+08:00,0.3978055417537689,-2.1737515926361084,0.24000000953674316,-2.277766227722168,-4.657139778137207,-88.19911193847656
1791627035263198656,1791627035261551840,2026-10-10T18:10:35.263+08:00,0.39622384309768677,-2.1946163177490234,0.25,-2.6653430461883545,-4.631898403167725,-88.17207336425781
1791627035496318144,1791627035479973312,2026-10-10T18:10:35.496+08:00,0.39576613903045654,-2.216691493988037,0.25,-2.639843702316284,-4.622093677520752,-88.18267059326172
1791627035697417152,1791627035684122080,2026-10-10T18:10:35.697+08:00,0.39573776721954346,-2.2359366416931152,0.25999999046325684,-2.2422115802764893,-4.6143927574157715,-88.30997467041016
1791627035899009952,1791627035883596288,2026-10-10T18:10:35.899+08:00,0.3964889347553253,-2.2537379264831543,0.25999999046325684,-1.711794137954712,-4.607508659362793,-88.33480072021484
1791627036129441856,1791627036121581088,2026-10-10T18:10:36.129+08:00,0.39807766675949097,-2.2702181339263916,0.25,-1.246371865272522,-4.638530254364014,-88.29041290283203
1791627036363358912,1791627036336028640,2026-10-10T18:10:36.363+08:00,0.39820152521133423,-2.2792539596557617,0.26999998092651367,-1.201339840888977,-4.662944793701172,-88.2376937866211
1791627036596706688,1791627036566701952,2026-10-10T18:10:36.596+08:00,0.3984636664390564,-2.286931276321411,0.25999999046325684,-1.4035418033599854,-4.592635154724121,-88.19532012939453
1791627036829755968,1791627036806565120,2026-10-10T18:10:36.829+08:00,0.3987313210964203,-2.2924423217773438,0.25999999046325684,-1.7348884344100952,-4.447722911834717,-88.16059875488281
1791627037065867072,1791627037041991296,2026-10-10T18:10:37.065+08:00,0.3988385796546936,-2.2953622341156006,0.25999999046325684,-1.9759122133255005,-4.309170722961426,-88.13728332519531
1791627037296878976,1791627037272190304,2026-10-10T18:10:37.296+08:00,0.3990213871002197,-2.2955143451690674,0.25999999046325684,-1.9936838150024414,-4.219759464263916,-88.12725830078125
1791627037530834560,1791627037529453248,2026-10-10T18:10:37.530+08:00,0.3986396789550781,-2.2929954528808594,0.25999999046325684,-1.7877912521362305,-4.166759014129639,-88.1234359741211
1791627037762888640,1791627037731881568,2026-10-10T18:10:37.762+08:00,0.398547887802124,-2.289715051651001,0.25999999046325684,-1.6422065496444702,-4.135583400726318,-88.11700439453125
1791627037963492768,1791627037938203584,2026-10-10T18:10:37.963+08:00,0.39885425567626953,-2.2851738929748535,0.2799999713897705,-1.5574493408203125,-4.103032112121582,-88.10066986083984
1791627038196551392,1791627038170690912,2026-10-10T18:10:38.196+08:00,0.39886683225631714,-2.2794570922851562,0.25999999046325684,-1.5715206861495972,-4.092288494110107,-88.0863265991211
1791627038397154368,1791627038363888480,2026-10-10T18:10:38.397+08:00,0.3987882733345032,-2.272890090942383,0.2799999713897705,-1.7189003229141235,-4.105379104614258,-88.07829284667969
1791627038629549824,1791627038603933632,2026-10-10T18:10:38.629+08:00,0.398342490196228,-2.2639455795288086,0.26999998092651367,-1.9092007875442505,-4.135433673858643,-88.07345581054688
1791627038831503360,1791627038808088416,2026-10-10T18:10:38.831+08:00,0.3979542553424835,-2.2562053203582764,0.26999998092651367,-1.9855519533157349,-4.16070032119751,-88.09366607666016
1791627039062829536,1791627039044074272,2026-10-10T18:10:39.062+08:00,0.39735302329063416,-2.248030185699463,0.26999998092651367,-1.797358512878418,-4.163957118988037,-88.17572021484375
1791627039263006784,1791627039248269600,2026-10-10T18:10:39.263+08:00,0.39745625853538513,-2.241590738296509,0.2799999713897705,-1.5016369819641113,-4.135078430175781,-88.19709777832031
1791627039463807904,1791627039433057408,2026-10-10T18:10:39.463+08:00,0.3980129659175873,-2.236382484436035,0.28999996185302734,-1.3257063627243042,-4.107532501220703,-88.2141342163086
1791627039696044480,1791627039669135360,2026-10-10T18:10:39.696+08:00,0.39743486046791077,-2.229922294616699,0.25999999046325684,-1.3495222330093384,-4.076041221618652,-88.24447631835938
1791627039896705984,1791627039868901344,2026-10-10T18:10:39.896+08:00,0.3966495990753174,-2.225774049758911,0.2799999713897705,-1.4832550287246704,-4.02314567565918,-88.2606430053711
1791627040096709696,1791627040069252032,2026-10-10T18:10:40.096+08:00,0.39637815952301025,-2.2223527431488037,0.28999996185302734,-1.5740573406219482,-3.977642297744751,-88.21099090576172
1791627040330096032,1791627040270198112,2026-10-10T18:10:40.330+08:00,0.3959179222583771,-2.2195303440093994,0.28999996185302734,-1.3151551485061646,-4.142192363739014,-88.14958953857422
1791627040563031424,1791627040537876000,2026-10-10T18:10:40.563+08:00,0.39677590131759644,-2.2159996032714844,0.309999942779541,-0.41740715503692627,-4.740204811096191,-88.1889877319336
1791627040796083872,1791627040776277632,2026-10-10T18:10:40.796+08:00,0.3980259299278259,-2.212914228439331,0.3400000333786011,0.30803751945495605,-5.493592739105225,-88.2158432006836
1791627040996872416,1791627040981813248,2026-10-10T18:10:40.996+08:00,0.3995002210140228,-2.210570812225342,0.3799999952316284,0.7516732811927795,-6.352980613708496,-88.21090698242188
1791627041230399808,1791627041213230016,2026-10-10T18:10:41.230+08:00,0.4004647135734558,-2.2083897590637207,0.41999995708465576,0.834272027015686,-7.157939434051514,-88.1348876953125
1791627041462759168,1791627041448488768,2026-10-10T18:10:41.462+08:00,0.4022577404975891,-2.205518960952759,0.44999992847442627,0.5971472859382629,-7.8776021003723145,-87.9159164428711
1791627041663032096,1791627041654290496,2026-10-10T18:10:41.663+08:00,0.40436774492263794,-2.2025370597839355,0.49000000953674316,0.3499762713909149,-8.325440406799316,-87.77265930175781
1791627041896653120,1791627041889162944,2026-10-10T18:10:41.896+08:00,0.40678292512893677,-2.1978776454925537,0.5399999618530273,0.13607047498226166,-8.697090148925781,-87.60951232910156
1791627042130649216,1791627042128818304,2026-10-10T18:10:42.130+08:00,0.4089227616786957,-2.191871166229248,0.5799999237060547,0.10926038026809692,-8.913331031799316,-87.477294921875
1791627042330976608,1791627042289137152,2026-10-10T18:10:42.330+08:00,0.41062718629837036,-2.1870718002319336,0.6200000047683716,0.17211081087589264,-8.979881286621094,-87.46167755126953
1791627042562996576,1791627042544212480,2026-10-10T18:10:42.562+08:00,0.4133562445640564,-2.1784822940826416,0.6699999570846558,0.20870749652385712,-9.028108596801758,-87.23253631591797
1791627042796747136,1791627042792149280,2026-10-10T18:10:42.796+08:00,0.4154910743236542,-2.170391321182251,0.7300000190734863,0.25113940238952637,-9.057619094848633,-86.9978256225586
1791627042996894560,1791627042990955168,2026-10-10T18:10:42.996+08:00,0.41729187965393066,-2.163097381591797,0.7799999713897705,0.23668016493320465,-9.070829391479492,-86.63160705566406
1791627043229386528,1791627043223731616,2026-10-10T18:10:43.229+08:00,0.4188183546066284,-2.154120683670044,0.8400000333786011,0.33517172932624817,-9.086832046508789,-86.39766693115234
1791627043429451904,1791627043413414720,2026-10-10T18:10:43.429+08:00,0.41962432861328125,-2.147646903991699,0.8799999952316284,0.45137396454811096,-9.096428871154785,-86.26102447509766
1791627043663247808,1791627043649036768,2026-10-10T18:10:43.663+08:00,0.4203379154205322,-2.1385085582733154,0.9399999380111694,0.6101841330528259,-9.113265991210938,-86.04823303222656
1791627043863279136,1791627043854914880,2026-10-10T18:10:43.863+08:00,0.4216727614402771,-2.131965398788452,0.9900000095367432,0.6709457039833069,-9.066977500915527,-86.07630157470703
1791627044096622688,1791627044056212480,2026-10-10T18:10:44.096+08:00,0.4217706322669983,-2.126789093017578,1.0299999713897705,0.47831618785858154,-8.803316116333008,-86.08203887939453
1791627044296949728,1791627044268941088,2026-10-10T18:10:44.296+08:00,0.4219220280647278,-2.121137857437134,1.0699999332427979,0.34933677315711975,-5.94510555267334,-86.07917022705078
1791627044530444000,1791627044503318496,2026-10-10T18:10:44.530+08:00,0.422087162733078,-2.1149725914001465,1.0999999046325684,0.31679052114486694,-0.2676957845687866,-86.01658630371094
1791627044763637408,1791627044741352384,2026-10-10T18:10:44.763+08:00,0.36982598900794983,-2.0674493312835693,1.1099998950958252,0.5106542706489563,1.8935683965682983,-85.71929931640625
1791627044996174400,1791627044990907168,2026-10-10T18:10:44.996+08:00,0.36543768644332886,-2.058884859085083,1.1099998950958252,0.8285351395606995,3.3750083446502686,-85.41698455810547
1791627045229747712,1791627045226013728,2026-10-10T18:10:45.229+08:00,0.36663469672203064,-2.054555892944336,1.0999999046325684,1.0408039093017578,3.966505527496338,-85.22109985351562
1791627045463413664,1791627045440653760,2026-10-10T18:10:45.463+08:00,0.3667069971561432,-2.0497066974639893,1.0999999046325684,1.2590934038162231,4.404205799102783,-84.96178436279297
1791627045696576096,1791627045674442272,2026-10-10T18:10:45.696+08:00,0.3662433326244354,-2.0455286502838135,1.0999999046325684,1.3922768831253052,4.754245758056641,-84.71443939208984
1791627045897064832,1791627045875761792,2026-10-10T18:10:45.897+08:00,0.3653961420059204,-2.042571544647217,1.0999999046325684,1.4823027849197388,4.966981410980225,-84.5320053100586
1791627046101551968,1791627046079092960,2026-10-10T18:10:46.101+08:00,0.3652871251106262,-2.0415561199188232,1.0999999046325684,1.6184357404708862,5.047214984893799,-84.3991470336914
1791627046302888864,1791627046276025984,2026-10-10T18:10:46.302+08:00,0.36593717336654663,-2.0418953895568848,1.0999999046325684,1.773048758506775,5.004513263702393,-84.34109497070312
1791627046530122912,1791627046496990720,2026-10-10T18:10:46.530+08:00,0.3666459918022156,-2.0422675609588623,1.0999999046325684,1.896320104598999,4.899372577667236,-84.30838012695312
1791627046763026432,1791627046738094496,2026-10-10T18:10:46.763+08:00,0.36735424399375916,-2.0427632331848145,1.0999999046325684,1.9393151998519897,4.738047122955322,-84.27654266357422
1791627046996601408,1791627046979770208,2026-10-10T18:10:46.996+08:00,0.3689480721950531,-2.0440831184387207,1.0999999046325684,1.9157403707504272,4.554057598114014,-84.25232696533203
1791627047230319936,1791627047211464128,2026-10-10T18:10:47.230+08:00,0.36919933557510376,-2.0445330142974854,1.0999999046325684,1.8950527906417847,4.328336715698242,-84.26275634765625
1791627047463430784,1791627047438699968,2026-10-10T18:10:47.463+08:00,0.36920636892318726,-2.0454609394073486,1.0999999046325684,1.8822108507156372,4.032312393188477,-84.28121185302734
1791627047696603328,1791627047683773632,2026-10-10T18:10:47.696+08:00,0.36893177032470703,-2.046590805053711,1.0999999046325684,1.853581428527832,3.7202699184417725,-84.30467987060547
1791627047931274016,1791627047920852128,2026-10-10T18:10:47.931+08:00,0.36871257424354553,-2.0475642681121826,1.1099998950958252,1.7827403545379639,3.4142537117004395,-84.33429718017578
1791627048163419616,1791627048152925280,2026-10-10T18:10:48.163+08:00,0.36866331100463867,-2.048403739929199,1.1099998950958252,1.7161283493041992,3.153829574584961,-84.37641143798828
1791627048396685312,1791627048367733152,2026-10-10T18:10:48.396+08:00,0.3683558404445648,-2.049168825149536,1.1099998950958252,1.65883469581604,2.910877227783203,-84.412353515625
1791627048629594368,1791627048612857216,2026-10-10T18:10:48.629+08:00,0.3681640028953552,-2.050215721130371,1.1099998950958252,1.6109228134155273,2.676819086074829,-84.44927978515625
1791627048829710240,1791627048821041536,2026-10-10T18:10:48.829+08:00,0.3675781190395355,-2.0511410236358643,1.0999999046325684,1.5742570161819458,2.607475996017456,-84.48248291015625
1791627049062660064,1791627049058186688,2026-10-10T18:10:49.062+08:00,0.3669753968715668,-2.050874948501587,1.1099998950958252,1.4918808937072754,2.6102442741394043,-84.50739288330078
1791627049262947232,1791627049232384064,2026-10-10T18:10:49.262+08:00,0.3666366636753082,-2.05056095123291,1.1099998950958252,1.5253987312316895,2.6273257732391357,-84.5407485961914
1791627049463356544,1791627049432541952,2026-10-10T18:10:49.463+08:00,0.36601096391677856,-2.0506937503814697,1.1099998950958252,1.5758516788482666,2.645702362060547,-84.57974243164062
1791627049663478816,1791627049634137280,2026-10-10T18:10:49.663+08:00,0.3655952513217926,-2.0505242347717285,1.0999999046325684,1.5955379009246826,2.672149658203125,-84.60839080810547
1791627049896577184,1791627049871741728,2026-10-10T18:10:49.896+08:00,0.3653351366519928,-2.049821138381958,1.1099998950958252,1.6035586595535278,2.710667610168457,-84.64073944091797
1791627050096796320,1791627050075609856,2026-10-10T18:10:50.096+08:00,0.36487528681755066,-2.0494394302368164,1.1099998950958252,1.6151528358459473,2.7535150051116943,-84.69402313232422
1791627050329912832,1791627050281759232,2026-10-10T18:10:50.329+08:00,0.36429551243782043,-2.048977851867676,1.1099998950958252,1.6258032321929932,2.7986462116241455,-84.74454498291016
1791627050530208992,1791627050497493632,2026-10-10T18:10:50.530+08:00,0.3636890649795532,-2.0487656593322754,1.1099998950958252,1.6436669826507568,2.856236219406128,-84.8099365234375
1791627050763437632,1791627050740673248,2026-10-10T18:10:50.763+08:00,0.36320197582244873,-2.0483877658843994,1.0999999046325684,1.6522619724273682,2.941243886947632,-84.87570190429688
1791627050995958976,1791627050982470432,2026-10-10T18:10:50.995+08:00,0.3625638782978058,-2.0479018688201904,1.0999999046325684,1.6429364681243896,3.0387463569641113,-84.93148040771484
1791627051196621440,1791627051161722912,2026-10-10T18:10:51.196+08:00,0.36226391792297363,-2.047244071960449,1.0999999046325684,1.6403354406356812,3.1124255657196045,-84.97222137451172
1791627051397523424,1791627051364484544,2026-10-10T18:10:51.397+08:00,0.36219772696495056,-2.0462000370025635,1.0999999046325684,1.6472067832946777,3.1878840923309326,-85.00820922851562
1791627051629989024,1791627051598468768,2026-10-10T18:10:51.629+08:00,0.361737996339798,-2.0454728603363037,1.0999999046325684,1.6551001071929932,3.280158519744873,-85.05023956298828
1791627051830293152,1791627051799465152,2026-10-10T18:10:51.830+08:00,0.36130666732788086,-2.04485821723938,1.0999999046325684,1.6627795696258545,3.365016460418701,-85.07494354248047
1791627052062513536,1791627052041529280,2026-10-10T18:10:52.062+08:00,0.36106640100479126,-2.0440189838409424,1.0999999046325684,1.6818448305130005,3.4579269886016846,-85.08609771728516
1791627052262682816,1791627052237830816,2026-10-10T18:10:52.262+08:00,0.3611064851284027,-2.0432140827178955,1.0999999046325684,1.7246274948120117,3.529526710510254,-85.09288787841797
1791627052463275136,1791627052436555776,2026-10-10T18:10:52.463+08:00,0.36093008518218994,-2.04278564453125,1.0999999046325684,1.750311017036438,3.592702865600586,-85.09080505371094
1791627052696175808,1791627052674433024,2026-10-10T18:10:52.696+08:00,0.3607719838619232,-2.042424201965332,1.0999999046325684,1.7532705068588257,3.688143730163574,-85.064697265625
1791627052896795072,1791627052877283296,2026-10-10T18:10:52.896+08:00,0.3609052896499634,-2.041757345199585,1.1099998950958252,1.7376770973205566,3.7593159675598145,-85.03297424316406
1791627053130230656,1791627053089711168,2026-10-10T18:10:53.130+08:00,0.3609585762023926,-2.04124116897583,1.0999999046325684,1.7351611852645874,3.814746141433716,-85.0184555053711
1791627053363894304,1791627053349691872,2026-10-10T18:10:53.363+08:00,0.3607642948627472,-2.040478229522705,1.0999999046325684,1.7372595071792603,3.870098829269409,-85.00525665283203
1791627053596894464,1791627053582669152,2026-10-10T18:10:53.596+08:00,0.3608059883117676,-2.0397369861602783,1.0999999046325684,1.7606836557388306,3.9154226779937744,-84.99315643310547
1791627053829711776,1791627053817964576,2026-10-10T18:10:53.829+08:00,0.36109989881515503,-2.0391571521759033,1.0999999046325684,1.786288857460022,3.9427292346954346,-84.96797180175781
1791627054062916288,1791627054026636224,2026-10-10T18:10:54.062+08:00,0.36117756366729736,-2.03896164894104,1.0999999046325684,1.7933056354522705,3.9609363079071045,-84.93880462646484
1791627054263387360,1791627054230410368,2026-10-10T18:10:54.263+08:00,0.3613620400428772,-2.0387327671051025,1.0999999046325684,1.7978639602661133,3.9609649181365967,-84.91761779785156
1791627054496193792,1791627054475420704,2026-10-10T18:10:54.496+08:00,0.36181560158729553,-2.038444995880127,1.0999999046325684,1.7901551723480225,3.9280059337615967,-84.89997100830078
1791627054696784096,1791627054687835488,2026-10-10T18:10:54.696+08:00,0.3621072769165039,-2.0384268760681152,1.0999999046325684,1.772993564605713,3.8971660137176514,-84.89250183105469
1791627054896823648,1791627054860882624,2026-10-10T18:10:54.896+08:00,0.36229434609413147,-2.0385568141937256,1.0999999046325684,1.7692760229110718,3.8677432537078857,-84.8845443725586
1791627055130508352,1791627055128778656,2026-10-10T18:10:55.130+08:00,0.3626319169998169,-2.0386338233947754,1.0999999046325684,1.7804762125015259,3.8238933086395264,-84.859375
1791627055362795712,1791627055360107584,2026-10-10T18:10:55.362+08:00,0.36302846670150757,-2.038599729537964,1.0999999046325684,1.7751926183700562,3.793832302093506,-84.82780456542969
1791627055563125344,1791627055531477152,2026-10-10T18:10:55.563+08:00,0.36317992210388184,-2.0385231971740723,1.0999999046325684,1.7714227437973022,3.7778186798095703,-84.80381774902344
1791627055763769760,1791627055731222272,2026-10-10T18:10:55.763+08:00,0.3633812665939331,-2.0385913848876953,1.0999999046325684,1.7567347288131714,3.756174087524414,-84.78153991699219
1791627055996711712,1791627055963601600,2026-10-10T18:10:55.996+08:00,0.3634475767612457,-2.038912534713745,1.0999999046325684,1.7462642192840576,3.728389024734497,-84.76935577392578
1791627056196804608,1791627056172640864,2026-10-10T18:10:56.196+08:00,0.36340638995170593,-2.039210081100464,1.0999999046325684,1.7537381649017334,3.6878364086151123,-84.76622772216797
1791627056431152288,1791627056402665920,2026-10-10T18:10:56.431+08:00,0.36341309547424316,-2.039395809173584,1.0999999046325684,1.7553049325942993,3.6417386531829834,-84.76840209960938
1791627056665144448,1791627056632116768,2026-10-10T18:10:56.665+08:00,0.3632506728172302,-2.0393426418304443,1.0999999046325684,1.7467620372772217,3.610081911087036,-84.77995300292969
1791627056896923104,1791627056869633408,2026-10-10T18:10:56.896+08:00,0.3631748557090759,-2.0393636226654053,1.0999999046325684,1.746890664100647,3.5794875621795654,-84.78276062011719
1791627057130183072,1791627057106614368,2026-10-10T18:10:57.130+08:00,0.36315155029296875,-2.0391743183135986,1.0999999046325684,1.7461106777191162,3.5517451763153076,-84.78364562988281
1791627057363217440,1791627057336370720,2026-10-10T18:10:57.363+08:00,0.36308595538139343,-2.038978338241577,1.0999999046325684,1.7294915914535522,3.530501127243042,-84.7838363647461
1791627057596050592,1791627057569848768,2026-10-10T18:10:57.596+08:00,0.36288982629776,-2.0387723445892334,1.0999999046325684,1.6998965740203857,3.509495735168457,-84.78025817871094
1791627057796150400,1791627057776783456,2026-10-10T18:10:57.796+08:00,0.36282041668891907,-2.0385947227478027,1.0999999046325684,1.7000242471694946,3.4837350845336914,-84.77848815917969
1791627057996240672,1791627057977350656,2026-10-10T18:10:57.996+08:00,0.36279845237731934,-2.038390874862671,1.0999999046325684,1.7122215032577515,3.455317974090576,-84.76493072509766
1791627058197294624,1791627058183592544,2026-10-10T18:10:58.197+08:00,0.3629726767539978,-2.0382072925567627,1.0999999046325684,1.7057361602783203,3.43544864654541,-84.73947143554688
1791627058430010112,1791627058408113920,2026-10-10T18:10:58.430+08:00,0.3632672429084778,-2.0381784439086914,1.0999999046325684,1.714747428894043,3.4181160926818848,-84.70867156982422
1791627058664043744,1791627058625510848,2026-10-10T18:10:58.664+08:00,0.363460510969162,-2.0379533767700195,1.0999999046325684,1.7139252424240112,3.394073486328125,-84.67992401123047
1791627058896178976,1791627058874495424,2026-10-10T18:10:58.896+08:00,0.36353471875190735,-2.037792205810547,1.1099998950958252,1.7092698812484741,3.3891732692718506,-84.65556335449219
1791627059129993664,1791627059104979264,2026-10-10T18:10:59.129+08:00,0.36328113079071045,-2.0375735759735107,1.0999999046325684,1.7042725086212158,3.387150764465332,-84.65996551513672
1791627059363337824,1791627059340209216,2026-10-10T18:10:59.363+08:00,0.36302462220191956,-2.037339210510254,1.0999999046325684,1.6988201141357422,3.4049272537231445,-84.67437744140625
1791627059563392544,1791627059537665536,2026-10-10T18:10:59.563+08:00,0.3628152906894684,-2.0371296405792236,1.0999999046325684,1.685955286026001,3.432255744934082,-84.68749237060547
1791627059797021568,1791627059777677568,2026-10-10T18:10:59.797+08:00,0.3627643883228302,-2.0368740558624268,1.0999999046325684,1.6845543384552002,3.46437668800354,-84.68533325195312
1791627060029554208,1791627060020541952,2026-10-10T18:11:00.029+08:00,0.3628736734390259,-2.0366528034210205,1.0999999046325684,1.6856657266616821,3.489342451095581,-84.66231536865234
1791627060230999968,1791627060220972896,2026-10-10T18:11:00.231+08:00,0.3631444275379181,-2.03645658493042,1.0999999046325684,1.6822564601898193,3.497793436050415,-84.636474609375
1791627060463398272,1791627060437744448,2026-10-10T18:11:00.463+08:00,0.36336323618888855,-2.0363731384277344,1.0999999046325684,1.6689283847808838,3.501987934112549,-84.59979248046875
1791627060696078656,1791627060675486368,2026-10-10T18:11:00.696+08:00,0.3634669780731201,-2.0360655784606934,1.0999999046325684,1.6520349979400635,3.503506660461426,-84.55974578857422
1791627060896299648,1791627060882869888,2026-10-10T18:11:00.896+08:00,0.36362597346305847,-2.0357515811920166,1.0999999046325684,1.6575565338134766,3.4951159954071045,-84.51806640625
1791627061096358656,1791627061085447712,2026-10-10T18:11:01.096+08:00,0.36360812187194824,-2.035557508468628,1.0999999046325684,1.6663137674331665,3.4731621742248535,-84.49319458007812
1791627061330022912,1791627061293470144,2026-10-10T18:11:01.330+08:00,0.36366385221481323,-2.0354721546173096,1.0999999046325684,1.6742150783538818,3.4332635402679443,-84.4770736694336
1791627061562766688,1791627061554388384,2026-10-10T18:11:01.562+08:00,0.3636375665664673,-2.0353238582611084,1.0999999046325684,1.6852409839630127,3.368473529815674,-84.46210479736328
1791627061796593344,1791627061757566112,2026-10-10T18:11:01.796+08:00,0.36331596970558167,-2.0355000495910645,1.0999999046325684,1.6779426336288452,3.3206779956817627,-84.44661712646484
1791627062031030400,1791627061999930176,2026-10-10T18:11:02.031+08:00,0.36279821395874023,-2.0358633995056152,1.0999999046325684,1.6701736450195312,3.2762389183044434,-84.44193267822266
1791627062263245824,1791627062237636096,2026-10-10T18:11:02.263+08:00,0.3622692823410034,-2.0361831188201904,1.0999999046325684,1.6654419898986816,3.2325973510742188,-84.44976043701172
1791627062463769184,1791627062439601344,2026-10-10T18:11:02.463+08:00,0.36161473393440247,-2.036639451980591,1.0999999046325684,1.6577801704406738,3.1957247257232666,-84.45582580566406
1791627062696586944,1791627062675254784,2026-10-10T18:11:02.696+08:00,0.3613343834877014,-2.0370588302612305,1.0999999046325684,1.63844895362854,3.146700382232666,-84.45928955078125
1791627062929742560,1791627062917943744,2026-10-10T18:11:02.929+08:00,0.3612288236618042,-2.037221670150757,1.0999999046325684,1.6366328001022339,3.10050892829895,-84.4594497680664
1791627063162682880,1791627063157518112,2026-10-10T18:11:03.162+08:00,0.36113572120666504,-2.0371596813201904,1.0999999046325684,1.6262329816818237,3.0646724700927734,-84.45523071289062
1791627173478151136,1791627173472979136,2026-10-10T18:12:53.478+08:00,-0.3956657946109772,-0.21409568190574646,0.07999992370605469,4.37015438079834,-2.539655923843384,0.4681616425514221
1791627173678284800,1791627173640029344,2026-10-10T18:12:53.678+08:00,-0.395126074552536,-0.21215686202049255,0.06999993324279785,4.31992244720459,-2.4616317749023438,0.7632395029067993
1791627173878476704,1791627173841494240,2026-10-10T18:12:53.878+08:00,-0.3942132294178009,-0.210005521774292,0.07999992370605469,4.410967826843262,-2.3589630126953125,1.1977897882461548
1791627174079623776,1791627174050892160,2026-10-10T18:12:54.079+08:00,-0.39290645718574524,-0.20804999768733978,0.07999992370605469,4.6967453956604,-2.412322521209717,1.629642128944397
1791627174311975904,1791627174287355168,2026-10-10T18:12:54.311+08:00,-0.39116498827934265,-0.20600825548171997,0.07999992370605469,5.227026462554932,-2.7342355251312256,2.00264573097229
1791627174544565216,1791627174543009824,2026-10-10T18:12:54.544+08:00,-0.389325886964798,-0.20399823784828186,0.09000003337860107,5.524196147918701,-3.3008930683135986,2.2350292205810547
1791627174745086560,1791627174707456448,2026-10-10T18:12:54.745+08:00,-0.38836103677749634,-0.20302696526050568,0.07999992370605469,5.435547828674316,-3.627131462097168,2.316725015640259
1791627174978493792,1791627174940636448,2026-10-10T18:12:54.978+08:00,-0.3863649368286133,-0.2020043432712555,0.07999992370605469,4.979526996612549,-3.7791876792907715,2.391153573989868
1791627175211374656,1791627175178101824,2026-10-10T18:12:55.211+08:00,-0.38422879576683044,-0.20109353959560394,0.07999992370605469,4.4144368171691895,-3.5944879055023193,2.3984482288360596
1791627175412101344,1791627175400407520,2026-10-10T18:12:55.412+08:00,-0.3823964595794678,-0.20036748051643372,0.07999992370605469,4.043422222137451,-3.3315985202789307,2.3200104236602783
1791627175806080448,1791627175467680736,2026-10-10T18:12:55.806+08:00,-0.38186168670654297,-0.20016328990459442,0.09000003337860107,3.96024751663208,-3.2415106296539307,2.286344289779663
1791627176012205792,1791627175972207360,2026-10-10T18:12:56.012+08:00,-0.37626633048057556,-0.1987263560295105,0.07999992370605469,3.177968740463257,-2.4364328384399414,1.7644906044006348
1791627176212541504,1791627176183269024,2026-10-10T18:12:56.212+08:00,0.0008761835051700473,0.00029199139680713415,-0.009999990463256836,2.60172700881958,-2.2501375675201416,-0.09957049787044525
1791627176445720256,1791627176440528160,2026-10-10T18:12:56.445+08:00,0.003395997453480959,0.001583809731528163,0.0,1.7810676097869873,-2.1082303524017334,-0.3752642571926117
1791627176678130688,1791627176642290368,2026-10-10T18:12:56.678+08:00,0.004864419810473919,0.0022709870245307684,0.0,1.3287444114685059,-2.1334102153778076,-0.5138078331947327
1791627176912897024,1791627176910925568,2026-10-10T18:12:56.912+08:00,0.006024676840752363,0.0034250267781317234,0.0,1.080511450767517,-2.262032985687256,-0.5025858283042908
1791627177145619456,1791627177114451584,2026-10-10T18:12:57.145+08:00,0.006540453527122736,0.004992196336388588,0.0,1.1139180660247803,-2.314990997314453,-0.29189497232437134
1791627177378581920,1791627177359148064,2026-10-10T18:12:57.378+08:00,0.005782349966466427,0.0076713161543011665,0.0,1.4190962314605713,-2.451716423034668,0.18074046075344086
1791627177612148288,1791627177598039424,2026-10-10T18:12:57.612+08:00,0.004180785734206438,0.009568740613758564,0.010000109672546387,1.8647080659866333,-2.6267614364624023,-0.08384740352630615
1791627177844737184,1791627177830167168,2026-10-10T18:12:57.844+08:00,0.0030126289930194616,0.007217841222882271,0.0,2.078165292739868,-2.5959296226501465,-5.539126396179199
1791627178045250432,1791627178043049312,2026-10-10T18:12:58.045+08:00,0.0002970723435282707,-0.0018363986164331436,0.020000100135803223,2.0618419647216797,-2.5959057807922363,-15.067643165588379
1791627178245329056,1791627178212573056,2026-10-10T18:12:58.245+08:00,-0.001548062078654766,-0.0068589551374316216,0.0,2.2852673530578613,-2.747382402420044,-22.800777435302734
1791627178445609664,1791627178428614368,2026-10-10T18:12:58.445+08:00,-0.002654728479683399,-0.007759927771985531,0.0,2.5009047985076904,-3.0695173740386963,-33.0901985168457
1791627178678706016,1791627178668235360,2026-10-10T18:12:58.678+08:00,-0.0025600064545869827,-0.003830436384305358,-0.009999990463256836,2.0149147510528564,-3.519745349884033,-43.09178924560547
1791627178912049280,1791627178907272000,2026-10-10T18:12:58.912+08:00,-0.002170783933252096,0.0022500124759972095,-0.019999980926513672,1.107113003730774,-4.001408576965332,-51.43483352661133
1791627179144704128,1791627179107929184,2026-10-10T18:12:59.144+08:00,-0.0006027384661138058,0.006678016856312752,-0.019999980926513672,0.21986611187458038,-4.339879989624023,-57.15031051635742
1791627179344799136,1791627179338161056,2026-10-10T18:12:59.344+08:00,0.0009182600188069046,0.010702650994062424,-0.019999980926513672,-0.7934847474098206,-4.6394453048706055,-62.686309814453125
1791627179547237216,1791627179506891712,2026-10-10T18:12:59.547+08:00,0.0015709508443251252,0.012804826721549034,-0.029999971389770508,-1.2216280698776245,-4.8537163734436035,-65.60636138916016
1791627179778260448,1791627179775249760,2026-10-10T18:12:59.778+08:00,0.002374555915594101,0.015598967671394348,-0.029999971389770508,-1.3768043518066406,-5.176053524017334,-69.63043212890625
1791627179978998208,1791627179977160800,2026-10-10T18:12:59.978+08:00,0.0027798598166555166,0.016972780227661133,-0.019999980926513672,-1.1641079187393188,-5.2778191566467285,-71.79749298095703
1791627180211484320,1791627180182690592,2026-10-10T18:13:00.211+08:00,0.0028951677959412336,0.01774246245622635,-0.009999990463256836,-0.8272491097450256,-5.256237030029297,-73.5383529663086
1791627180411919264,1791627180399503520,2026-10-10T18:13:00.411+08:00,0.003007978666573763,0.018285106867551804,-0.009999990463256836,-0.6265093088150024,-5.027228832244873,-74.96965789794922
1791627180645222400,1791627180640025632,2026-10-10T18:13:00.645+08:00,0.004072318319231272,0.018831904977560043,0.0,-0.4710666835308075,-4.562704086303711,-76.08596801757812
1791627180878277984,1791627180870492672,2026-10-10T18:13:00.878+08:00,0.014421544037759304,0.018206140026450157,0.020000100135803223,0.22083498537540436,-4.339960098266602,-77.00224304199219
1791627181113264032,1791627181074707104,2026-10-10T18:13:01.113+08:00,0.03852901980280876,0.011201323941349983,0.020000100135803223,0.6555970311164856,-4.63320779800415,-77.85135650634766
1791627181345221408,1791627181331242784,2026-10-10T18:13:01.345+08:00,0.05253613740205765,0.004660468082875013,0.020000100135803223,0.35805535316467285,-5.443710803985596,-78.56873321533203
1791627181554383808,1791627181537972416,2026-10-10T18:13:01.554+08:00,0.06021646037697792,-0.005087516736239195,0.020000100135803223,-0.21531853079795837,-6.232974529266357,-78.94017791748047
1791627181777923072,1791627181766820864,2026-10-10T18:13:01.777+08:00,0.06401190906763077,-0.019204748794436455,0.03000009059906006,-0.6225795745849609,-6.809181213378906,-79.1144790649414
1791627181978335232,1791627181941193504,2026-10-10T18:13:01.978+08:00,0.06670177727937698,-0.031985092908144,0.03000009059906006,-0.6779003739356995,-7.128730773925781,-79.17131805419922
1791627182179194976,1791627182177250528,2026-10-10T18:13:02.179+08:00,0.06857579201459885,-0.049755312502384186,0.05000007152557373,-0.5106182098388672,-7.298702716827393,-79.19499206542969
1791627182411458240,1791627182402491584,2026-10-10T18:13:02.411+08:00,0.06842382252216339,-0.06752721965312958,0.05000007152557373,-0.27996933460235596,-7.1169610023498535,-79.22225189208984
1791627182644642176,1791627182641412192,2026-10-10T18:13:02.644+08:00,0.06801842898130417,-0.08731652796268463,0.05000007152557373,-0.10840747505426407,-6.553464412689209,-79.2916030883789
1791627182844920000,1791627182842976448,2026-10-10T18:13:02.844+08:00,0.06869770586490631,-0.10429681092500687,0.060000061988830566,-0.08329092711210251,-5.89633846282959,-79.35758209228516
1791627183045985472,1791627183043265664,2026-10-10T18:13:03.045+08:00,0.06929964572191238,-0.1220540925860405,0.060000061988830566,-0.23886483907699585,-5.190803050994873,-79.43230438232422
1791627183278834272,1791627183249039552,2026-10-10T18:13:03.278+08:00,0.06949827820062637,-0.1396878957748413,0.060000061988830566,-0.48137786984443665,-4.556459903717041,-79.52313995361328
1791627183479238912,1791627183468991104,2026-10-10T18:13:03.479+08:00,0.0704948827624321,-0.15896806120872498,0.060000061988830566,-0.7051102519035339,-4.0461931228637695,-79.6132583618164
1791627183711476704,1791627183699556800,2026-10-10T18:13:03.711+08:00,0.0714976117014885,-0.1816524714231491,0.0700000524520874,-0.8764786720275879,-3.7625839710235596,-79.73138427734375
1791627183913097664,1791627183910995744,2026-10-10T18:13:03.913+08:00,0.070023313164711,-0.2017958164215088,0.060000061988830566,-0.9038764834403992,-3.759279727935791,-79.77365112304688
1791627184144740448,1791627184112573376,2026-10-10T18:13:04.144+08:00,0.06885730475187302,-0.2216338962316513,0.0700000524520874,-0.7346422672271729,-3.951040267944336,-79.85779571533203
1791627184377954080,1791627184365108288,2026-10-10T18:13:04.377+08:00,0.06922096014022827,-0.2454509735107422,0.0700000524520874,-0.4251357316970825,-4.293998718261719,-79.81102752685547
1791627184578240352,1791627184575365952,2026-10-10T18:13:04.578+08:00,0.07074306905269623,-0.26555004715919495,0.0700000524520874,-0.34726467728614807,-4.582396984100342,-79.78639221191406
1791627184778950208,1791627184777127392,2026-10-10T18:13:04.778+08:00,0.07174414396286011,-0.28452640771865845,0.0700000524520874,-0.5222734212875366,-4.82879638671875,-79.72862243652344
1791627185011676608,1791627184978456480,2026-10-10T18:13:05.011+08:00,0.0718517005443573,-0.30496206879615784,0.060000061988830566,-0.8078200221061707,-5.032914638519287,-79.68962097167969
1791627185213084032,1791627185180751712,2026-10-10T18:13:05.213+08:00,0.07010874152183533,-0.3261753022670746,0.060000061988830566,-0.9944945573806763,-5.1706132888793945,-79.68524932861328
1791627185446196544,1791627185441938464,2026-10-10T18:13:05.446+08:00,0.07081025093793869,-0.3547223210334778,0.060000061988830566,-0.8359758257865906,-5.281040668487549,-79.72120666503906
1791627185678114272,1791627185642949792,2026-10-10T18:13:05.678+08:00,0.0715094655752182,-0.3755609095096588,0.0700000524520874,-0.643745481967926,-5.311030387878418,-79.75757598876953
1791627185911897952,1791627185879570560,2026-10-10T18:13:05.911+08:00,0.07076296210289001,-0.40050703287124634,0.060000061988830566,-0.4833829998970032,-5.2849507331848145,-79.7649154663086
1791627186112110016,1791627186081902016,2026-10-10T18:13:06.112+08:00,0.07133686542510986,-0.4219478964805603,0.060000061988830566,-0.3337225615978241,-5.213808059692383,-79.82562255859375
1791627186344712544,1791627186337804096,2026-10-10T18:13:06.344+08:00,0.0727686733007431,-0.4497602880001068,0.060000061988830566,-0.18787214159965515,-5.072024822235107,-79.90100860595703
1791627186579302624,1791627186566771456,2026-10-10T18:13:06.579+08:00,0.08029576390981674,-0.4680810272693634,0.0700000524520874,0.5989125967025757,-5.067017078399658,-79.84368133544922
1791627186811530272,1791627186805037728,2026-10-10T18:13:06.811+08:00,0.10400644689798355,-0.4884549677371979,0.08000004291534424,2.0988974571228027,-5.609637260437012,-79.70054626464844
1791627187044964480,1791627187038863040,2026-10-10T18:13:07.044+08:00,0.13321442902088165,-0.5089753866195679,0.08000004291534424,3.411902904510498,-6.607167720794678,-79.47682189941406
1791627187278125760,1791627187271758976,2026-10-10T18:13:07.278+08:00,0.15892021358013153,-0.5291152000427246,0.08000004291534424,3.368093252182007,-7.3953537940979,-79.26596069335938
1791627187478921728,1791627187458879648,2026-10-10T18:13:07.478+08:00,0.17265260219573975,-0.5473387837409973,0.09000003337860107,1.976588249206543,-7.851018905639648,-79.15628051757812
1791627187711774080,1791627187690741184,2026-10-10T18:13:07.711+08:00,0.18269453942775726,-0.5691515207290649,0.08000004291534424,-0.13122150301933289,-8.055865287780762,-79.1741714477539
1791627187911986560,1791627187890519808,2026-10-10T18:13:07.911+08:00,0.18671929836273193,-0.5910685062408447,0.0700000524520874,-1.683498740196228,-8.059943199157715,-79.1664047241211
1791627188145924032,1791627188124912000,2026-10-10T18:13:08.145+08:00,0.18808774650096893,-0.6193384528160095,0.08000004291534424,-2.2240843772888184,-8.011393547058105,-79.2486343383789
1791627188379043168,1791627188370900256,2026-10-10T18:13:08.379+08:00,0.1890769749879837,-0.646822988986969,0.10000002384185791,-1.5120587348937988,-7.925921440124512,-79.4258804321289
1791627188612283712,1791627188610008896,2026-10-10T18:13:08.612+08:00,0.18868793547153473,-0.6754035353660583,0.11000001430511475,-0.4057815372943878,-7.782495975494385,-79.62239074707031
1791627188844672448,1791627188840883424,2026-10-10T18:13:08.844+08:00,0.1886335164308548,-0.7040413618087769,0.11000001430511475,0.27809208631515503,-7.540114879608154,-79.79762268066406
1791627189044791392,1791627189041691008,2026-10-10T18:13:09.044+08:00,0.18880900740623474,-0.7266054153442383,0.11000001430511475,0.26631295680999756,-7.215382099151611,-79.90599060058594
1791627189277991072,1791627189274843584,2026-10-10T18:13:09.277+08:00,0.18795138597488403,-0.7549200654029846,0.11000001430511475,-0.23716020584106445,-6.74454402923584,-79.97957611083984
1791627189478514208,1791627189467825440,2026-10-10T18:13:09.478+08:00,0.18699423968791962,-0.7768360376358032,0.11000001430511475,-0.6544235944747925,-6.402266025543213,-80.03964233398438
1791627189711318112,1791627189699329824,2026-10-10T18:13:09.711+08:00,0.1871165782213211,-0.8065871596336365,0.11000001430511475,-1.0263957977294922,-6.014495372772217,-80.11829376220703
1791627189912400672,1791627189872015776,2026-10-10T18:13:09.912+08:00,0.18730875849723816,-0.8262607455253601,0.12000000476837158,-1.1291202306747437,-5.829113483428955,-80.16552734375
1791627190146882752,1791627190143163136,2026-10-10T18:13:10.146+08:00,0.18652205169200897,-0.8595789074897766,0.11000001430511475,-1.0795484781265259,-5.66172456741333,-80.19683074951172
1791627190378402816,1791627190370058560,2026-10-10T18:13:10.378+08:00,0.1838008463382721,-0.8855290412902832,0.12000000476837158,-0.8577428460121155,-5.6254496574401855,-80.22708892822266
1791627190578595552,1791627190569990816,2026-10-10T18:13:10.578+08:00,0.18109750747680664,-0.9083055257797241,0.12000000476837158,-0.45547187328338623,-5.641190052032471,-80.31173706054688
1791627190811879680,1791627190769596704,2026-10-10T18:13:10.811+08:00,0.17934086918830872,-0.9314520359039307,0.12000000476837158,-0.06631999462842941,-5.719818592071533,-80.35057830810547
1791627191044792032,1791627191042832960,2026-10-10T18:13:11.044+08:00,0.18654432892799377,-0.9628690481185913,0.13000011444091797,-0.007906010374426842,-5.833195686340332,-80.39193725585938
1791627191245288576,1791627191214849696,2026-10-10T18:13:11.245+08:00,0.18928921222686768,-0.9838636517524719,0.12000000476837158,-0.6281166672706604,-5.848660469055176,-80.34162902832031
1791627191478147296,1791627191470990944,2026-10-10T18:13:11.478+08:00,0.1870267689228058,-1.014216661453247,0.12000000476837158,-1.7101832628250122,-5.847506046295166,-80.28050231933594
1791627191680760000,1791627191648548960,2026-10-10T18:13:11.680+08:00,0.18466158211231232,-1.0367759466171265,0.12000000476837158,-2.0380916595458984,-5.833552360534668,-80.58592224121094
1791627191912039968,1791627191888550080,2026-10-10T18:13:11.912+08:00,0.18778102099895477,-1.0590686798095703,0.13000011444091797,-1.279596209526062,-5.876002311706543,-81.39215850830078
1791627192112121984,1791627192084974656,2026-10-10T18:13:12.112+08:00,0.19276437163352966,-1.075413465499878,0.1400001049041748,-0.03988698497414589,-6.060826778411865,-82.10843658447266
1791627192344741504,1791627192338661568,2026-10-10T18:13:12.344+08:00,0.21031498908996582,-1.087971806526184,0.1400001049041748,1.5129477977752686,-6.420055866241455,-82.8780746459961
1791627192544820928,1791627192539595104,2026-10-10T18:13:12.544+08:00,0.22518415749073029,-1.09657621383667,0.15000009536743164,2.2508816719055176,-6.510738372802734,-83.32234954833984
1791627192745234240,1791627192707468160,2026-10-10T18:13:12.745+08:00,0.2370598167181015,-1.1035289764404297,0.15000009536743164,2.3847274780273438,-6.423291206359863,-83.59525299072266
1791627192945377024,1791627192943376320,2026-10-10T18:13:12.945+08:00,0.2549154460430145,-1.1140787601470947,0.15000009536743164,1.8752931356430054,-6.035279273986816,-83.86681365966797
1791627193178710176,1791627193149596736,2026-10-10T18:13:13.178+08:00,0.2728012502193451,-1.1173325777053833,0.15000009536743164,0.983657717704773,-5.597429275512695,-83.82100677490234
1791627193411596320,1791627193398952544,2026-10-10T18:13:13.411+08:00,0.300467848777771,-1.1119790077209473,0.16000008583068848,-0.7420034408569336,-5.041322231292725,-83.00437927246094
1791627193611993376,1791627193600227072,2026-10-10T18:13:13.611+08:00,0.31895241141319275,-1.1140638589859009,0.15000009536743164,-2.433610439300537,-4.749290943145752,-81.781494140625
1791627193846169344,1791627193835838592,2026-10-10T18:13:13.846+08:00,0.33141982555389404,-1.1197110414505005,0.16000008583068848,-4.219459056854248,-4.726449012756348,-80.25984191894531
1791627194078782752,1791627194076771232,2026-10-10T18:13:14.078+08:00,0.33599674701690674,-1.1254881620407104,0.1700000762939453,-4.957502841949463,-5.119737148284912,-78.9695053100586
1791627194311979200,1791627194280644512,2026-10-10T18:13:14.311+08:00,0.33620521426200867,-1.131812334060669,0.1700000762939453,-4.725783348083496,-5.651123046875,-78.24020385742188
1791627194544726400,1791627194538926816,2026-10-10T18:13:14.544+08:00,0.3215228319168091,-1.156172275543213,0.20000004768371582,-3.4484212398529053,-6.403674602508545,-77.81465148925781
1791627194744969664,1791627194711000160,2026-10-10T18:13:14.744+08:00,0.3137059211730957,-1.171608328819275,0.20000004768371582,-2.0539822578430176,-6.781919002532959,-77.78084564208984
1791627194945465184,1791627194914482624,2026-10-10T18:13:14.945+08:00,0.3034777045249939,-1.1923162937164307,0.21000003814697266,-0.010948882438242435,-7.107442855834961,-77.98712921142578
1791627195145485056,1791627195115249760,2026-10-10T18:13:15.145+08:00,0.2941725552082062,-1.211142659187317,0.2200000286102295,1.509565830230713,-7.21081018447876,-78.16252899169922
1791627195379142432,1791627195369637024,2026-10-10T18:13:15.379+08:00,0.30820342898368835,-1.2278953790664673,0.21000003814697266,2.3817832469940186,-7.131287574768066,-78.19766235351562
1791627195612270368,1791627195581519712,2026-10-10T18:13:15.612+08:00,0.3248569071292877,-1.2405253648757935,0.2200000286102295,1.2271145582199097,-6.960775852203369,-77.8795166015625
1791627195845355904,1791627195822292128,2026-10-10T18:13:15.845+08:00,0.3255556523799896,-1.248852252960205,0.20000004768371582,-1.5544846057891846,-6.6631178855896,-77.50247192382812
1791627196078200800,1791627196060492032,2026-10-10T18:13:16.078+08:00,0.30868372321128845,-1.281011939048767,0.21000003814697266,-3.384023904800415,-6.460808753967285,-77.4430160522461
1791627196278233024,1791627196268893952,2026-10-10T18:13:16.278+08:00,0.30265507102012634,-1.3148066997528076,0.20000004768371582,-3.269477367401123,-6.395638942718506,-77.44100189208984
1791627196478377728,1791627196467644992,2026-10-10T18:13:16.478+08:00,0.31032586097717285,-1.3480947017669678,0.21000003814697266,-2.1870148181915283,-6.328475475311279,-77.68851470947266
1791627196711439552,1791627196708833632,2026-10-10T18:13:16.711+08:00,0.32418838143348694,-1.3740520477294922,0.2200000286102295,-1.2118899822235107,-6.114664554595947,-77.9731216430664
1791627196911644896,1791627196908775360,2026-10-10T18:13:16.911+08:00,0.3234459161758423,-1.3903309106826782,0.2200000286102295,-1.1516793966293335,-5.82273530960083,-78.09590148925781
1791627197112499488,1791627197109842144,2026-10-10T18:13:17.112+08:00,0.3157486617565155,-1.4136362075805664,0.2200000286102295,-1.0676597356796265,-5.532593727111816,-78.17943572998047
1791627197344880224,1791627197338715488,2026-10-10T18:13:17.344+08:00,0.30723682045936584,-1.4351134300231934,0.23000001907348633,-0.30915072560310364,-5.280582427978516,-78.35738372802734
1791627197545455808,1791627197506484992,2026-10-10T18:13:17.545+08:00,0.3052998185157776,-1.4518424272537231,0.23000001907348633,0.31366512179374695,-5.138325214385986,-78.47789764404297
1791627197778228768,1791627197774162432,2026-10-10T18:13:17.778+08:00,0.3115358352661133,-1.4941550493240356,0.2200000286102295,0.9096612334251404,-4.8759260177612305,-78.71183013916016
1791627198011835328,1791627197974663584,2026-10-10T18:13:18.011+08:00,0.3217774033546448,-1.510391354560852,0.2200000286102295,0.518867552280426,-4.707189559936523,-78.9684829711914
1791627198244586816,1791627198240977536,2026-10-10T18:13:18.244+08:00,0.32766398787498474,-1.5303388833999634,0.2200000286102295,-1.2432031631469727,-4.5114827156066895,-78.97551727294922
1791627198445053664,1791627198432502496,2026-10-10T18:13:18.445+08:00,0.31793689727783203,-1.550572156906128,0.21000003814697266,-2.413855791091919,-4.476159572601318,-78.8545913696289
1791627198678003776,1791627198669611392,2026-10-10T18:13:18.678+08:00,0.3080746829509735,-1.581933856010437,0.2200000286102295,-2.459021806716919,-4.7572126388549805,-78.83717346191406
1791627198878705152,1791627198843963104,2026-10-10T18:13:18.878+08:00,0.305970698595047,-1.6071269512176514,0.2200000286102295,-1.5549813508987427,-5.144721508026123,-78.83480072021484
1791627199079801696,1791627199047488896,2026-10-10T18:13:19.079+08:00,0.30922529101371765,-1.631156325340271,0.2200000286102295,0.1653020977973938,-5.553229331970215,-78.8253402709961
1791627199312097312,1791627199289195680,2026-10-10T18:13:19.312+08:00,0.3318692147731781,-1.6505752801895142,0.2200000286102295,2.1518800258636475,-6.017726421356201,-78.66939544677734
1791627199544916704,1791627199541013792,2026-10-10T18:13:19.544+08:00,0.35640016198158264,-1.6675857305526733,0.21000003814697266,1.974963903427124,-6.235710620880127,-78.26339721679688
1791627199778524960,1791627199748658976,2026-10-10T18:13:19.778+08:00,0.36331236362457275,-1.6915225982666016,0.20000004768371582,0.14572972059249878,-6.076089382171631,-78.67108917236328
1791627199978625120,1791627199949375904,2026-10-10T18:13:19.978+08:00,0.36991751194000244,-1.7155338525772095,0.20000004768371582,-2.188803195953369,-5.828673839569092,-79.6676254272461
1791627200211666400,1791627200185332416,2026-10-10T18:13:20.211+08:00,0.36765056848526,-1.7456308603286743,0.19000005722045898,-4.673274040222168,-5.783247947692871,-81.20801544189453
1791627200445097664,1791627200433753568,2026-10-10T18:13:20.445+08:00,0.3398662507534027,-1.7693618535995483,0.20000004768371582,-5.133955001831055,-5.951048851013184,-83.00447082519531
1791627200645414496,1791627200637763104,2026-10-10T18:13:20.645+08:00,0.3257601261138916,-1.7847025394439697,0.21000003814697266,-3.1729438304901123,-6.015444278717041,-84.61162567138672
1791627200878786720,1791627200855839616,2026-10-10T18:13:20.878+08:00,0.33615750074386597,-1.802092432975769,0.2200000286102295,-0.38049283623695374,-6.056671619415283,-85.84435272216797
1791627201111950144,1791627201090318144,2026-10-10T18:13:21.111+08:00,0.3528933525085449,-1.8246839046478271,0.2200000286102295,1.1490890979766846,-6.045045852661133,-86.94410705566406
1791627201344624256,1791627201338965312,2026-10-10T18:13:21.344+08:00,0.3540167510509491,-1.8503626585006714,0.20000004768371582,-0.25187164545059204,-5.570465564727783,-87.35748291015625
1791627201544962112,1791627201509406656,2026-10-10T18:13:21.544+08:00,0.34700775146484375,-1.8566062450408936,0.18000006675720215,-1.9364416599273682,-5.113839626312256,-87.4322738647461
1791627201745296992,1791627201713075008,2026-10-10T18:13:21.745+08:00,0.3397195041179657,-1.8552327156066895,0.19000005722045898,-3.5222856998443604,-4.567074298858643,-87.3555679321289
1791627201978607552,1791627201952492128,2026-10-10T18:13:21.978+08:00,0.3352329432964325,-1.8543004989624023,0.19000005722045898,-3.991852045059204,-3.965235948562622,-87.13562774658203
1791627202215823328,1791627202192625856,2026-10-10T18:13:22.215+08:00,0.34317347407341003,-1.8608782291412354,0.21000003814697266,-3.2574479579925537,-3.4527928829193115,-86.78643035888672
1791627202444917824,1791627202438532704,2026-10-10T18:13:22.444+08:00,0.34772777557373047,-1.865342617034912,0.20000004768371582,-2.9881739616394043,-3.070462942123413,-86.08296966552734
1791627202646347904,1791627202641290496,2026-10-10T18:13:22.646+08:00,0.3365972936153412,-1.8622890710830688,0.21000003814697266,-3.1019723415374756,-2.8309905529022217,-85.68190002441406
1791627202878681632,1791627202839702144,2026-10-10T18:13:22.878+08:00,0.3284966051578522,-1.858190655708313,0.21000003814697266,-2.4381356239318848,-2.6571555137634277,-85.48385620117188
1791627203078712128,1791627203041710368,2026-10-10T18:13:23.078+08:00,0.3324372470378876,-1.851514220237732,0.2200000286102295,-1.4074461460113525,-2.5121283531188965,-85.21002197265625
1791627203311898272,1791627203282164448,2026-10-10T18:13:23.311+08:00,0.33629828691482544,-1.8432211875915527,0.21000003814697266,-1.0509194135665894,-2.535705327987671,-85.0076675415039
1791627203545823744,1791627203533706528,2026-10-10T18:13:23.545+08:00,0.33547425270080566,-1.8341730833053589,0.21000003814697266,-1.7075849771499634,-2.77823543548584,-84.9302978515625
1791627203777905088,1791627203772095264,2026-10-10T18:13:23.777+08:00,0.33373260498046875,-1.8250561952590942,0.19000005722045898,-2.4820733070373535,-3.0644850730895996,-84.96563720703125
1791627203979677056,1791627203974668640,2026-10-10T18:13:23.979+08:00,0.33430492877960205,-1.8162305355072021,0.20000004768371582,-2.9573168754577637,-3.3705854415893555,-84.9627685546875
1791627204212199904,1791627204181287936,2026-10-10T18:13:24.212+08:00,0.33424317836761475,-1.8084524869918823,0.20000004768371582,-3.1846466064453125,-3.6770362854003906,-84.94763946533203
1791627204412299552,1791627204405499712,2026-10-10T18:13:24.412+08:00,0.3330110013484955,-1.8011282682418823,0.20000004768371582,-3.092771053314209,-3.9987499713897705,-84.90617370605469
1791627204645471712,1791627204604792032,2026-10-10T18:13:24.645+08:00,0.333048015832901,-1.7951536178588867,0.19000005722045898,-2.8304941654205322,-4.212735176086426,-84.82474517822266
1791627204878273184,1791627204876557536,2026-10-10T18:13:24.878+08:00,0.3325989246368408,-1.7888917922973633,0.21000003814697266,-2.4468185901641846,-4.38511323928833,-84.74459075927734
1791627205078454496,1791627205044872000,2026-10-10T18:13:25.078+08:00,0.33260446786880493,-1.7846728563308716,0.20000004768371582,-2.1391077041625977,-4.405028343200684,-84.73493957519531
1791627205278830016,1791627205247093184,2026-10-10T18:13:25.278+08:00,0.336775541305542,-1.7821378707885742,0.21000003814697266,-1.7217200994491577,-4.391493797302246,-84.77452850341797
1791627205511228448,1791627205503101632,2026-10-10T18:13:25.511+08:00,0.3452723026275635,-1.7842656373977661,0.21000003814697266,-1.6317404508590698,-4.394659519195557,-84.90247344970703
1791627205711497728,1791627205703801696,2026-10-10T18:13:25.711+08:00,0.34830325841903687,-1.7876430749893188,0.19000005722045898,-2.192322015762329,-4.461317539215088,-84.9599838256836
1791627205912281632,1791627205903383104,2026-10-10T18:13:25.912+08:00,0.34737107157707214,-1.7943979501724243,0.18000006675720215,-2.9649031162261963,-4.574540138244629,-84.922607421875
1791627206145041984,1791627206107816032,2026-10-10T18:13:26.145+08:00,0.34580373764038086,-1.8032262325286865,0.19000005722045898,-3.4715769290924072,-4.735212802886963,-84.95491027832031
1791627206345856064,1791627206339684032,2026-10-10T18:13:26.345+08:00,0.3456554412841797,-1.8148638010025024,0.19000005722045898,-3.435896635055542,-4.93101692199707,-85.01213073730469
1791627206578396096,1791627206558436000,2026-10-10T18:13:26.578+08:00,0.3473547697067261,-1.8265422582626343,0.20000004768371582,-3.0075607299804688,-5.04795503616333,-85.09102630615234
1791627206778978400,1791627206760576032,2026-10-10T18:13:26.778+08:00,0.34843146800994873,-1.8377639055252075,0.20000004768371582,-2.6095943450927734,-5.05725622177124,-85.15550994873047
1791627207011731232,1791627206991103360,2026-10-10T18:13:27.011+08:00,0.3487590551376343,-1.8494174480438232,0.21000003814697266,-2.276456117630005,-4.955916881561279,-85.18074798583984
1791627207245105088,1791627207229457664,2026-10-10T18:13:27.245+08:00,0.3499453663825989,-1.8616232872009277,0.21000003814697266,-2.043081283569336,-4.725281238555908,-85.18791961669922
1791627207445184288,1791627207418217504,2026-10-10T18:13:27.445+08:00,0.3507966995239258,-1.8705896139144897,0.2200000286102295,-2.0796918869018555,-4.453635215759277,-85.16682434082031
1791627207679207936,1791627207650813920,2026-10-10T18:13:27.679+08:00,0.35131558775901794,-1.879145622253418,0.21000003814697266,-2.330408811569214,-4.140402793884277,-85.16870880126953
1791627207912142144,1791627207885965376,2026-10-10T18:13:27.912+08:00,0.35189664363861084,-1.8867778778076172,0.21000003814697266,-2.7239363193511963,-3.859278917312622,-85.0899887084961
1791627208113306880,1791627208085607008,2026-10-10T18:13:28.113+08:00,0.35293805599212646,-1.8927710056304932,0.2200000286102295,-2.928365707397461,-3.722332239151001,-85.06270599365234
1791627208344944288,1791627208342933984,2026-10-10T18:13:28.344+08:00,0.3551768958568573,-1.9013936519622803,0.21000003814697266,-2.913717269897461,-3.7017452716827393,-85.08717346191406
1791627208578242912,1791627208569336928,2026-10-10T18:13:28.578+08:00,0.3563389778137207,-1.9088170528411865,0.21000003814697266,-2.7492516040802,-3.7892212867736816,-85.10997772216797
1791627208779380512,1791627208777706240,2026-10-10T18:13:28.779+08:00,0.35691115260124207,-1.9157967567443848,0.2200000286102295,-2.5186970233917236,-3.928129196166992,-85.14312744140625
1791627209011983232,1791627208981630080,2026-10-10T18:13:29.011+08:00,0.35781732201576233,-1.9219192266464233,0.21000003814697266,-2.306226968765259,-4.058300971984863,-85.18576049804688
1791627209245627744,1791627209217324032,2026-10-10T18:13:29.245+08:00,0.35866305232048035,-1.9278229475021362,0.2200000286102295,-2.2519190311431885,-4.181027412414551,-85.20996856689453
1791627209445717024,1791627209433392736,2026-10-10T18:13:29.445+08:00,0.35831499099731445,-1.9311707019805908,0.21000003814697266,-2.3603157997131348,-4.249355792999268,-85.22930145263672
1791627209679933792,1791627209639609088,2026-10-10T18:13:29.679+08:00,0.3578937351703644,-1.9335981607437134,0.2200000286102295,-2.454505205154419,-4.277993202209473,-85.28569793701172
1791627209911377728,1791627209909212256,2026-10-10T18:13:29.911+08:00,0.3595491647720337,-1.9352765083312988,0.2200000286102295,-2.4853787422180176,-4.2044548988342285,-85.21086120605469
1791627210114967680,1791627210080332928,2026-10-10T18:13:30.114+08:00,0.36073970794677734,-1.9362925291061401,0.2200000286102295,-2.584152936935425,-4.1031904220581055,-85.15457916259766
1791627210344527648,1791627210334919104,2026-10-10T18:13:30.344+08:00,0.35993558168411255,-1.9362163543701172,0.21000003814697266,-2.7297463417053223,-3.942789077758789,-85.07593536376953
1791627210545163872,1791627210507404224,2026-10-10T18:13:30.545+08:00,0.3600163757801056,-1.9369593858718872,0.2200000286102295,-2.494619607925415,-3.87017822265625,-84.97151184082031
1791627210778188000,1791627210776438912,2026-10-10T18:13:30.778+08:00,0.37179991602897644,-1.9454174041748047,0.2200000286102295,-1.6530373096466064,-3.934635877609253,-84.95230865478516
1791627210978625088,1791627210951378624,2026-10-10T18:13:30.978+08:00,0.37873390316963196,-1.9527181386947632,0.2200000286102295,-1.4974371194839478,-4.087129592895508,-84.97614288330078
1791627211178688480,1791627211152711456,2026-10-10T18:13:31.178+08:00,0.38177597522735596,-1.9643090963363647,0.21000003814697266,-1.8281936645507812,-4.33645486831665,-84.9439926147461
1791627211411444256,1791627211409495616,2026-10-10T18:13:31.411+08:00,0.3822007179260254,-1.9831305742263794,0.21000003814697266,-2.514188528060913,-4.626645088195801,-84.92998504638672
1791627211645636896,1791627211644225696,2026-10-10T18:13:31.645+08:00,0.38297539949417114,-2.0007271766662598,0.21000003814697266,-2.932142972946167,-4.798536777496338,-84.94248962402344
1791627211845753792,1791627211815469248,2026-10-10T18:13:31.845+08:00,0.383163183927536,-2.0145413875579834,0.20000004768371582,-3.033586263656616,-4.882359981536865,-84.97460174560547
1791627212078433568,1791627212047325952,2026-10-10T18:13:32.078+08:00,0.38329893350601196,-2.0322091579437256,0.19000005722045898,-2.831622362136841,-4.886942386627197,-84.99494171142578
1791627212311709408,1791627212284434400,2026-10-10T18:13:32.311+08:00,0.38422757387161255,-2.05224871635437,0.20000004768371582,-2.404418468475342,-4.759854793548584,-85.01454162597656
1791627212511782624,1791627212507205920,2026-10-10T18:13:32.511+08:00,0.3842589855194092,-2.070479154586792,0.21000003814697266,-2.1280949115753174,-4.58929967880249,-85.07740783691406
1791627212744644992,1791627212742940800,2026-10-10T18:13:32.744+08:00,0.38370081782341003,-2.0913169384002686,0.20000004768371582,-1.9453761577606201,-4.371279716491699,-85.107666015625
1791627212946344032,1791627212941735136,2026-10-10T18:13:32.946+08:00,0.3840770423412323,-2.1096885204315186,0.21000003814697266,-1.9035049676895142,-4.1868577003479,-85.12653350830078
1791627213178383488,1791627213175058080,2026-10-10T18:13:33.178+08:00,0.3852136433124542,-2.1314990520477295,0.21000003814697266,-2.13413405418396,-4.014108657836914,-85.17207336425781
1791627213379029248,1791627213363628224,2026-10-10T18:13:33.379+08:00,0.3846936523914337,-2.14815354347229,0.20000004768371582,-2.3994531631469727,-3.9499616622924805,-85.22512817382812
1791627213611562240,1791627213608673696,2026-10-10T18:13:33.611+08:00,0.38308602571487427,-2.170388698577881,0.20000004768371582,-2.6148993968963623,-3.946834087371826,-85.2931900024414
1791627213811843488,1791627213776251008,2026-10-10T18:13:33.811+08:00,0.3830275535583496,-2.1878583431243896,0.21000003814697266,-2.5566091537475586,-3.997699022293091,-85.33181762695312
1791627214045277056,1791627214019720384,2026-10-10T18:13:34.045+08:00,0.3858538269996643,-2.210932493209839,0.20000004768371582,-2.3878021240234375,-4.1064019203186035,-85.36683654785156
1791627214278676608,1791627214252230176,2026-10-10T18:13:34.278+08:00,0.3864244222640991,-2.2318224906921387,0.21000003814697266,-2.3112547397613525,-4.214763164520264,-85.44403076171875
1791627214479678784,1791627214443544896,2026-10-10T18:13:34.479+08:00,0.3873467743396759,-2.248591661453247,0.20000004768371582,-2.264285087585449,-4.290116310119629,-85.42057037353516
1791627214712471840,1791627214685385984,2026-10-10T18:13:34.712+08:00,0.3896918296813965,-2.2656443119049072,0.21000003814697266,-2.3647592067718506,-4.333818435668945,-85.29047393798828
1791627214945331488,1791627214918675648,2026-10-10T18:13:34.945+08:00,0.3894403278827667,-2.2801895141601562,0.2200000286102295,-2.73997163772583,-4.320415496826172,-85.20348358154297
1791627215178280224,1791627215157971136,2026-10-10T18:13:35.178+08:00,0.38820210099220276,-2.2912545204162598,0.21000003814697266,-2.6991448402404785,-4.2588887214660645,-85.22866821289062
1791627215412256384,1791627215410383648,2026-10-10T18:13:35.412+08:00,0.38997355103492737,-2.297344446182251,0.21000003814697266,-2.382969617843628,-4.175375461578369,-85.19080352783203
1791627215645100416,1791627215614112544,2026-10-10T18:13:35.645+08:00,0.39176857471466064,-2.3000364303588867,0.21000003814697266,-2.142099142074585,-4.1197357177734375,-85.08606719970703
1791627215878596192,1791627215846855328,2026-10-10T18:13:35.878+08:00,0.391131192445755,-2.3010449409484863,0.21000003814697266,-2.0864956378936768,-4.068088054656982,-85.03065490722656
1791627216078683936,1791627216050431424,2026-10-10T18:13:36.078+08:00,0.3905296325683594,-2.301022529602051,0.21000003814697266,-2.0922131538391113,-4.006373882293701,-85.01658630371094
1791627216312624128,1791627216288114688,2026-10-10T18:13:36.312+08:00,0.39115867018699646,-2.299222469329834,0.2200000286102295,-2.195482015609741,-3.9254257678985596,-85.00334167480469
1791627216544866912,1791627216538219200,2026-10-10T18:13:36.544+08:00,0.390778124332428,-2.2962067127227783,0.20000004768371582,-2.4929161071777344,-3.855470657348633,-85.02015686035156
1791627216745428352,1791627216740620352,2026-10-10T18:13:36.745+08:00,0.3904903531074524,-2.292379140853882,0.21000003814697266,-2.708376884460449,-3.831490993499756,-85.031982421875
1791627216978631232,1791627216951440512,2026-10-10T18:13:36.978+08:00,0.3907727599143982,-2.287152051925659,0.2200000286102295,-2.740891695022583,-3.827557325363159,-85.04805755615234
1791627217212080096,1791627217181696896,2026-10-10T18:13:37.212+08:00,0.3900296986103058,-2.280280113220215,0.21000003814697266,-2.590388298034668,-3.822922706604004,-85.10485076904297
1791627217445331552,1791627217440340832,2026-10-10T18:13:37.445+08:00,0.3895617425441742,-2.2725226879119873,0.21000003814697266,-2.2079029083251953,-3.807741165161133,-85.15969848632812
1791627217677995200,1791627217672152672,2026-10-10T18:13:37.677+08:00,0.3899191617965698,-2.266678810119629,0.21000003814697266,-1.9721498489379883,-3.8065292835235596,-85.23310089111328
1791627217878561440,1791627217874165920,2026-10-10T18:13:37.878+08:00,0.3896569311618805,-2.2610723972320557,0.2200000286102295,-2.0638630390167236,-3.7953200340270996,-85.24775695800781
1791627218111798784,1791627218105292544,2026-10-10T18:13:38.111+08:00,0.38871586322784424,-2.256060838699341,0.2200000286102295,-2.371583938598633,-3.773786783218384,-85.20767974853516
1791627218312354496,1791627218276195712,2026-10-10T18:13:38.312+08:00,0.3881934881210327,-2.252342939376831,0.21000003814697266,-2.5628271102905273,-3.763659954071045,-85.19603729248047
1791627218513144576,1791627218500409984,2026-10-10T18:13:38.513+08:00,0.3885204493999481,-2.248187780380249,0.21000003814697266,-2.643498420715332,-3.776968240737915,-85.2225570678711
1791627218744605984,1791627218742655296,2026-10-10T18:13:38.744+08:00,0.3887731730937958,-2.244898557662964,0.2200000286102295,-2.933445692062378,-3.863929033279419,-85.2226333618164
1791627218944804800,1791627218939144576,2026-10-10T18:13:38.944+08:00,0.3886488080024719,-2.2429301738739014,0.24000000953674316,-2.8588600158691406,-4.136032581329346,-85.20891571044922
1791627219144930176,1791627219106246912,2026-10-10T18:13:39.144+08:00,0.3893336057662964,-2.241088628768921,0.25,-2.3640122413635254,-4.457695960998535,-85.12450408935547
1791627219345071968,1791627219333896224,2026-10-10T18:13:39.345+08:00,0.3907303214073181,-2.2390148639678955,0.28000009059906006,-1.323805332183838,-5.1502861976623535,-85.07292938232422
1791627219545340224,1791627219507445664,2026-10-10T18:13:39.545+08:00,0.3913603127002716,-2.2370223999023438,0.31000006198883057,-0.6541984677314758,-5.711647033691406,-84.96693420410156
1791627219778889856,1791627219745066592,2026-10-10T18:13:39.778+08:00,0.39269575476646423,-2.2349767684936523,0.3400000333786011,0.07772980630397797,-6.6018290519714355,-84.94725799560547
1791627220012321440,1791627219979432512,2026-10-10T18:13:40.012+08:00,0.39418914914131165,-2.2324066162109375,0.38000011444091797,0.31585732102394104,-7.398031234741211,-84.84712219238281
1791627220244914880,1791627220229783200,2026-10-10T18:13:40.244+08:00,0.39720427989959717,-2.229304313659668,0.4200000762939453,0.16122762858867645,-7.985776901245117,-84.67615509033203
1791627220445428736,1791627220414446976,2026-10-10T18:13:40.445+08:00,0.39892497658729553,-2.2258710861206055,0.46000003814697266,-0.07033288478851318,-8.289451599121094,-84.66195678710938
1791627220678635616,1791627220652673056,2026-10-10T18:13:40.678+08:00,0.40090063214302063,-2.2219488620758057,0.5100001096725464,-0.2935270667076111,-8.446986198425293,-84.55071258544922
1791627220879052672,1791627220858179808,2026-10-10T18:13:40.879+08:00,0.40412911772727966,-2.2167975902557373,0.5500000715255737,-0.42668282985687256,-8.495034217834473,-84.34832000732422
1791627221111650592,1791627221103194080,2026-10-10T18:13:41.111+08:00,0.40821725130081177,-2.2100698947906494,0.6100000143051147,-0.48596012592315674,-8.487075805664062,-84.15106201171875
1791627221312116416,1791627221270752800,2026-10-10T18:13:41.312+08:00,0.41100162267684937,-2.205857753753662,0.6400001049041748,-0.5202374458312988,-8.480844497680664,-84.05598449707031
1791627221545162624,1791627221509839136,2026-10-10T18:13:41.545+08:00,0.4140273928642273,-2.1999285221099854,0.7100000381469727,-0.46995314955711365,-8.474276542663574,-83.87821197509766
1791627221746930304,1791627221717807936,2026-10-10T18:13:41.746+08:00,0.41667091846466064,-2.1947691440582275,0.75,-0.3589729368686676,-8.467537879943848,-83.49129486083984
1791627221978973120,1791627221951205792,2026-10-10T18:13:41.978+08:00,0.41840025782585144,-2.189504623413086,0.8000000715255737,-0.2267553210258484,-8.4555082321167,-83.1139144897461
1791627222211250176,1791627222195102016,2026-10-10T18:13:42.211+08:00,0.4232271909713745,-2.1816365718841553,0.8600000143051147,-0.0816640555858612,-8.44077205657959,-82.73301696777344
1791627222412094912,1791627222410379104,2026-10-10T18:13:42.412+08:00,0.4242161810398102,-2.1769747734069824,0.9200000762939453,0.06676884740591049,-8.442190170288086,-82.61870574951172
1791627222645572000,1791627222618827840,2026-10-10T18:13:42.645+08:00,0.4220660328865051,-2.1746304035186768,0.9700000286102295,0.2571565806865692,-7.815438747406006,-82.42222595214844
1791627222878467456,1791627222854380928,2026-10-10T18:13:42.878+08:00,0.41971758008003235,-2.1720967292785645,1.0099999904632568,0.28099867701530457,-2.045116662979126,-82.27228546142578
1791627223111846880,1791627223084867776,2026-10-10T18:13:43.111+08:00,0.4175648093223572,-2.169774293899536,1.0199999809265137,-1.156624674797058,1.2629643678665161,-81.78932189941406
1791627223312471424,1791627223285832256,2026-10-10T18:13:43.312+08:00,0.415607750415802,-2.1676626205444336,1.0199999809265137,-2.810051202774048,2.703798770904541,-81.50961303710938
1791627223512692224,1791627223482976032,2026-10-10T18:13:43.512+08:00,0.4136507213115692,-2.16555118560791,1.0099999904632568,-3.0816569328308105,3.1172425746917725,-81.41215515136719
1791627223744705728,1791627223724874592,2026-10-10T18:13:43.744+08:00,0.4127131402492523,-2.1652333736419678,1.0199999809265137,-2.2915589809417725,3.285665988922119,-81.237548828125
1791627223945299840,1791627223922300928,2026-10-10T18:13:43.945+08:00,0.4123460650444031,-2.1656341552734375,1.0199999809265137,-1.25420343875885,2.9213788509368896,-81.11988830566406
1791627224178399968,1791627224159121792,2026-10-10T18:13:44.178+08:00,0.41190558671951294,-2.1661150455474854,1.0199999809265137,-0.24945387244224548,2.2203142642974854,-80.99043273925781
1791627224411333664,1791627224371812000,2026-10-10T18:13:44.411+08:00,0.4115385115146637,-2.166515588760376,1.0199999809265137,0.13014113903045654,1.617932677268982,-80.84905242919922
1791627224611794784,1791627224581032544,2026-10-10T18:13:44.611+08:00,0.4095665514469147,-2.1626317501068115,1.0099999904632568,0.12140370160341263,0.8516712188720703,-80.68362426757812
1791627224812359072,1791627224786437696,2026-10-10T18:13:44.812+08:00,0.40768709778785706,-2.157104015350342,1.0,-0.10514446347951889,0.19899822771549225,-80.5309829711914
1791627225044881472,1791627225028456800,2026-10-10T18:13:45.044+08:00,0.4061509370803833,-2.150834798812866,1.0,-0.4500366747379303,-0.6246483325958252,-80.31414031982422
1791627225245077568,1791627225228981184,2026-10-10T18:13:45.245+08:00,0.405388206243515,-2.1453754901885986,0.9900000095367432,-0.6618351936340332,-1.3221195936203003,-80.07989501953125
1791627225479330240,1791627225458286080,2026-10-10T18:13:45.479+08:00,0.4042469561100006,-2.1380908489227295,0.9800000190734863,-0.7777249813079834,-2.1762425899505615,-79.75202941894531
1791627225711680512,1791627225691974656,2026-10-10T18:13:45.711+08:00,0.4022745192050934,-2.1318552494049072,0.9800000190734863,-0.7981392741203308,-2.927523136138916,-79.43733215332031
1791627225944698848,1791627225932616992,2026-10-10T18:13:45.944+08:00,0.40243181586265564,-2.1260368824005127,0.9600000381469727,-0.7767773866653442,-3.613645315170288,-79.0905532836914
1791627226145543744,1791627226144032832,2026-10-10T18:13:46.145+08:00,0.4020014703273773,-2.1211984157562256,0.9600000381469727,-0.8035697340965271,-4.049214839935303,-78.76406860351562
1791627226378873664,1791627226360045792,2026-10-10T18:13:46.378+08:00,0.40317314863204956,-2.1144425868988037,0.9600000381469727,-0.8832231760025024,-4.256397724151611,-78.42821502685547
1791627226611843776,1791627226580948544,2026-10-10T18:13:46.611+08:00,0.4029489755630493,-2.1041476726531982,0.9500000476837158,-0.9885673522949219,-4.236015796661377,-78.08627319335938
1791627226811988032,1791627226785932512,2026-10-10T18:13:46.811+08:00,0.40371906757354736,-2.0976202487945557,0.940000057220459,-1.0612844228744507,-4.057941913604736,-77.77119445800781
1791627227045289376,1791627227032842944,2026-10-10T18:13:47.045+08:00,0.4040864109992981,-2.093721866607666,0.9300000667572021,-1.0903468132019043,-3.711313009262085,-77.38716125488281
1791627227246573504,1791627227241137184,2026-10-10T18:13:47.246+08:00,0.40396615862846375,-2.0908403396606445,0.9300000667572021,-1.0703837871551514,-3.3452866077423096,-77.02690887451172
1791627227480254784,1791627227462930848,2026-10-10T18:13:47.480+08:00,0.40330299735069275,-2.0877888202667236,0.9200000762939453,-1.0101195573806763,-3.0109140872955322,-76.66307830810547
1791627227711576192,1791627227707814432,2026-10-10T18:13:47.711+08:00,0.39908072352409363,-2.0833702087402344,0.9100000858306885,-0.947465717792511,-2.735595703125,-76.24375915527344
1791627227911585696,1791627227908991904,2026-10-10T18:13:47.911+08:00,0.3955440819263458,-2.0796849727630615,0.9000000953674316,-0.9280350804328918,-2.5937490463256836,-75.87754821777344
1791627228145074688,1791627228111794496,2026-10-10T18:13:48.145+08:00,0.392007440328598,-2.0759994983673096,0.8900001049041748,-0.9521308541297913,-2.5287892818450928,-75.49555206298828
1791627228378000672,1791627228369775264,2026-10-10T18:13:48.378+08:00,0.38740983605384827,-2.0712087154388428,0.880000114440918,-1.0199377536773682,-2.5382986068725586,-74.9665298461914
1791627228578510944,1791627228568573632,2026-10-10T18:13:48.578+08:00,0.38387322425842285,-2.06752347946167,0.8700000047683716,-1.084448218345642,-2.5947272777557373,-74.5467758178711
1791627228780805280,1791627228746823488,2026-10-10T18:13:48.780+08:00,0.38069024682044983,-2.064206600189209,0.8600000143051147,-1.129785180091858,-2.6621670722961426,-74.15924072265625
1791627229011593184,1791627228999247936,2026-10-10T18:13:49.011+08:00,0.38280946016311646,-2.0595600605010986,0.8400000333786011,-1.2309002876281738,-2.7788162231445312,-73.73222351074219
1791627229211627456,1791627229200266912,2026-10-10T18:13:49.211+08:00,0.3725740313529968,-2.0502350330352783,0.8400000333786011,-1.5084586143493652,-2.887260913848877,-73.42381286621094
1791627229444961824,1791627229429006464,2026-10-10T18:13:49.444+08:00,0.3677985668182373,-2.0480024814605713,0.8200000524520874,-1.7050373554229736,-2.995863437652588,-73.05357360839844
1791627229677986336,1791627229676404992,2026-10-10T18:13:49.677+08:00,0.3664748966693878,-2.06083607673645,0.8100000619888306,-1.7817729711532593,-3.1139612197875977,-72.84449768066406
1791627229911300736,1791627229874950688,2026-10-10T18:13:49.911+08:00,0.3714073598384857,-2.0576088428497314,0.7900000810623169,-1.7227727174758911,-3.1815052032470703,-72.68956756591797
1791627230111419232,1791627230088752608,2026-10-10T18:13:50.111+08:00,0.37226617336273193,-2.050220489501953,0.7900000810623169,-1.885671854019165,-3.2415642738342285,-72.57241821289062
1791627230311852320,1791627230294798976,2026-10-10T18:13:50.311+08:00,0.3709712028503418,-2.047004222869873,0.7800000905990601,-2.1854898929595947,-3.287440538406372,-72.45274353027344
1791627230512185472,1791627230489058752,2026-10-10T18:13:50.512+08:00,0.3634270131587982,-2.045095443725586,0.75,-2.300266742706299,-3.3018250465393066,-72.35184478759766
1791627230744959936,1791627230728760640,2026-10-10T18:13:50.744+08:00,0.3606756329536438,-2.0435476303100586,0.75,-1.8462181091308594,-3.2507238388061523,-72.21017456054688
1791627230945140192,1791627230930508064,2026-10-10T18:13:50.945+08:00,0.3619290888309479,-2.032515048980713,0.7400000095367432,-1.4898604154586792,-3.1899454593658447,-72.05482482910156
1791627231178355616,1791627231173991872,2026-10-10T18:13:51.178+08:00,0.35407519340515137,-2.036092758178711,0.7300000190734863,-1.556915044784546,-3.1897330284118652,-71.81671142578125
1791627231411665184,1791627231399702048,2026-10-10T18:13:51.411+08:00,0.35670968890190125,-2.034064292907715,0.7100000381469727,-1.5444483757019043,-3.1929779052734375,-71.6671142578125
1791627231612160928,1791627231610212416,2026-10-10T18:13:51.612+08:00,0.3636019229888916,-2.0371878147125244,0.7000000476837158,-1.6842224597930908,-3.235417127609253,-71.7048110961914
1791627231845157536,1791627231821033664,2026-10-10T18:13:51.845+08:00,0.3656729757785797,-2.048072338104248,0.690000057220459,-1.9585762023925781,-3.335127353668213,-71.68036651611328
1791627232078509856,1791627232054031072,2026-10-10T18:13:52.078+08:00,0.3696116507053375,-2.0591611862182617,0.6700000762939453,-2.137078285217285,-3.4440219402313232,-71.56317901611328
1791627232312487104,1791627232288821632,2026-10-10T18:13:52.312+08:00,0.36393991112709045,-2.060673236846924,0.6600000858306885,-2.190858840942383,-3.5205469131469727,-71.42814636230469
1791627232554213024,1791627232520126944,2026-10-10T18:13:52.554+08:00,0.3636162579059601,-2.054640054702759,0.6400001049041748,-2.1020278930664062,-3.5536155700683594,-71.03623962402344
1791627232779003712,1791627232760041856,2026-10-10T18:13:52.779+08:00,0.3643414378166199,-2.0583114624023438,0.6200000047683716,-2.008716583251953,-3.575446605682373,-70.78219604492188
1791627233011361632,1791627232998237120,2026-10-10T18:13:53.011+08:00,0.36456823348999023,-2.0613760948181152,0.6100000143051147,-1.9306515455245972,-3.550278902053833,-70.64252471923828
1791627233245091776,1791627233240965760,2026-10-10T18:13:53.245+08:00,0.3655475974082947,-2.0645220279693604,0.5900000333786011,-1.9415397644042969,-3.486093044281006,-70.53185272216797
1791627233446141408,1791627233444208672,2026-10-10T18:13:53.446+08:00,0.36615803837776184,-2.0670411586761475,0.5800000429153442,-2.0307719707489014,-3.417738437652588,-70.44649505615234
1791627233678718656,1791627233676791136,2026-10-10T18:13:53.678+08:00,0.3670825958251953,-2.070136547088623,0.5600000619888306,-2.182370901107788,-3.3406450748443604,-70.38516998291016
1791627233879463232,1791627233854481088,2026-10-10T18:13:53.879+08:00,0.3677574098110199,-2.072903633117676,0.5500000715255737,-2.293827772140503,-3.2923150062561035,-70.32356262207031
1791627234112133216,1791627234091276384,2026-10-10T18:13:54.112+08:00,0.3681064546108246,-2.076373338699341,0.5400000810623169,-2.3711888790130615,-3.25754451751709,-70.23333740234375
1791627234312139168,1791627234290038176,2026-10-10T18:13:54.312+08:00,0.36860349774360657,-2.0791826248168945,0.5200001001358032,-2.357177734375,-3.2516167163848877,-70.14864349365234
1791627234545167424,1791627234509055360,2026-10-10T18:13:54.545+08:00,0.36939799785614014,-2.0819203853607178,0.5,-2.3073463439941406,-3.263253688812256,-70.06403350830078
1791627234745414656,1791627234719043328,2026-10-10T18:13:54.745+08:00,0.3698735535144806,-2.084665060043335,0.49000000953674316,-2.2832093238830566,-3.2845497131347656,-69.96366119384766
1791627263355935072,1791627263292741760,2026-10-10T18:14:23.355+08:00,0.0,0.0,0.0,0.0,0.0,0.0
1791627263586632576,1791627263570179168,2026-10-10T18:14:23.586+08:00,-0.12782762944698334,-0.05038592591881752,-0.059999942779541016,5.153585910797119,-1.8900350332260132,1.1142429113388062
1791627263819910208,1791627263807616928,2026-10-10T18:14:23.819+08:00,-0.12676464021205902,-0.0491500049829483,-0.06999993324279785,4.921474933624268,-1.682394027709961,0.9680905342102051
1791627264052819840,1791627264038151104,2026-10-10T18:14:24.052+08:00,-0.12433160096406937,-0.048051733523607254,-0.06999993324279785,4.367640018463135,-1.4897018671035767,0.6736820340156555
1791627264253209312,1791627264241538272,2026-10-10T18:14:24.253+08:00,-0.12196911871433258,-0.04711939021945,-0.06999993324279785,3.952927589416504,-1.2661839723587036,0.3636051118373871
1791627264453492960,1791627264438476736,2026-10-10T18:14:24.453+08:00,-0.12042978405952454,-0.046623095870018005,-0.06999993324279785,3.7260794639587402,-1.0958348512649536,0.04818698391318321
1791627264687067040,1791627264676451840,2026-10-10T18:14:24.687+08:00,-0.11987785995006561,-0.04677871614694595,-0.06999993324279785,3.536294937133789,-1.0052752494812012,-0.16941601037979126
1791627264919697152,1791627264917158144,2026-10-10T18:14:24.919+08:00,-0.11945375800132751,-0.047048430889844894,-0.06999993324279785,3.389629602432251,-0.8637535572052002,-0.13459570705890656
1791627265119941696,1791627265113760000,2026-10-10T18:14:25.119+08:00,-0.11868918687105179,-0.04706156626343727,-0.06999993324279785,3.4351961612701416,-0.6704663634300232,-0.004746981430798769
1791627265320578912,1791627265283446208,2026-10-10T18:14:25.320+08:00,-0.11797191202640533,-0.047177817672491074,-0.06999993324279785,3.5397231578826904,-0.5891556143760681,0.09463910013437271
1791627265553911136,1791627265546170496,2026-10-10T18:14:25.553+08:00,-4.11626351706218e-05,7.520536746596918e-05,0.009999990463256836,3.5886855125427246,-0.708694577217102,0.007342453580349684
1791627265786129344,1791627265780211712,2026-10-10T18:14:25.786+08:00,-0.0005093052168376744,0.0005285246879793704,0.009999990463256836,3.3416216373443604,-0.9113539457321167,0.014869322068989277
1791627265986291840,1791627265980197184,2026-10-10T18:14:25.986+08:00,-0.0006313197663985193,0.0010008298559114337,0.009999990463256836,2.9993674755096436,-1.0387004613876343,0.047524455934762955
1791627266186369376,1791627266180372480,2026-10-10T18:14:26.186+08:00,-0.0007242021965794265,0.0009004984167404473,0.009999990463256836,2.677377462387085,-1.1374512910842896,0.13971835374832153
1791627266387031840,1791627266360319264,2026-10-10T18:14:26.387+08:00,-0.0011230265954509377,0.000534551334567368,0.009999990463256836,2.5913188457489014,-1.2468459606170654,0.21414008736610413
1791627266620366208,1791627266593197152,2026-10-10T18:14:26.620+08:00,-0.002129669999703765,0.0001317399728577584,0.009999990463256836,2.710458993911743,-1.4881101846694946,0.26753851771354675
1791627266822074912,1791627266798384992,2026-10-10T18:14:26.822+08:00,-0.0029444675892591476,0.00028347293846309185,0.009999990463256836,2.797203540802002,-1.6584078073501587,0.29909399151802063
1791627267053115392,1791627267048404448,2026-10-10T18:14:27.053+08:00,-0.003426504321396351,0.0004122274403925985,0.009999990463256836,2.688946008682251,-1.6686508655548096,-0.9441370368003845
1791627267253177696,1791627267244588000,2026-10-10T18:14:27.253+08:00,-0.004664246458560228,-0.003660556161776185,0.019999980926513672,2.3454346656799316,-1.463793396949768,-6.708926200866699
1791627267454813952,1791627267429192608,2026-10-10T18:14:27.454+08:00,-0.006868856959044933,-0.009495029225945473,0.009999990463256836,2.1841185092926025,-1.443529725074768,-14.438944816589355
1791627267686589920,1791627267663367392,2026-10-10T18:14:27.686+08:00,-0.009381161071360111,-0.011919482611119747,0.0,2.2656514644622803,-1.6846013069152832,-25.788846969604492
1791627267886680064,1791627267863583200,2026-10-10T18:14:27.886+08:00,-0.01105345319956541,-0.010816918686032295,0.009999990463256836,2.2512099742889404,-1.9706711769104004,-34.81850051879883
1791627268119409760,1791627268100025024,2026-10-10T18:14:28.119+08:00,-0.01198331918567419,-0.008169010281562805,0.009999990463256836,1.9410462379455566,-2.4186363220214844,-44.421226501464844
1791627268320369760,1791627268268987392,2026-10-10T18:14:28.320+08:00,-0.011349129490554333,-0.0050584254786372185,0.0,1.6429157257080078,-2.772390604019165,-49.94844055175781
1791627268553833728,1791627268524059392,2026-10-10T18:14:28.553+08:00,-0.01008454617112875,0.002079551573842764,0.0,1.108825922012329,-3.351745843887329,-57.380733489990234
1791627268786905024,1791627268763440896,2026-10-10T18:14:28.786+08:00,-0.008887974545359612,0.009865382686257362,-0.009999990463256836,0.3919220566749573,-3.73775577545166,-62.67660903930664
1791627269019858048,1791627269000725504,2026-10-10T18:14:29.019+08:00,-0.00921819917857647,0.014017676934599876,-0.009999990463256836,-0.1913183033466339,-4.117064952850342,-66.7502212524414
1791627269220587296,1791627269204315904,2026-10-10T18:14:29.220+08:00,-0.009992715902626514,0.01689557172358036,0.0,-0.4008224308490753,-4.3420023918151855,-69.46410369873047
1791627269454210144,1791627269433733536,2026-10-10T18:14:29.454+08:00,-0.010251395404338837,0.020265446975827217,0.0,-0.4606839716434479,-4.3699951171875,-71.99557495117188
1791627269654577856,1791627269633040768,2026-10-10T18:14:29.654+08:00,-0.007282288279384375,0.022506508976221085,0.0,-0.5620841979980469,-4.296628475189209,-73.50920104980469
1791627269886048704,1791627269871951520,2026-10-10T18:14:29.886+08:00,-0.005129742901772261,0.025692014023661613,0.0,-0.8033175468444824,-4.246541500091553,-74.722900390625
1791627270086274880,1791627270079185504,2026-10-10T18:14:30.086+08:00,-0.0032135192304849625,0.027799831703305244,0.0,-0.422905832529068,-4.204126834869385,-75.76399993896484
1791627270286541088,1791627270280142624,2026-10-10T18:14:30.286+08:00,0.011945687234401703,0.029146302491426468,0.019999980926513672,0.6267615556716919,-4.28396463394165,-76.59242248535156
1791627270520052704,1791627270505046592,2026-10-10T18:14:30.520+08:00,0.03165968507528305,0.02718466892838478,0.019999980926513672,1.3823902606964111,-4.684178829193115,-77.42700958251953
1791627270720195200,1791627270709111296,2026-10-10T18:14:30.720+08:00,0.04147111251950264,0.023034799844026566,0.019999980926513672,1.3320640325546265,-5.164056301116943,-77.98748016357422
1791627270953347616,1791627270915203104,2026-10-10T18:14:30.953+08:00,0.048100609332323074,0.015362192876636982,0.019999980926513672,0.9045348763465881,-5.6547722816467285,-78.30950164794922
1791627271153358592,1791627271149422560,2026-10-10T18:14:31.153+08:00,0.05326152220368385,0.006400944199413061,0.029999971389770508,0.34755632281303406,-6.083338260650635,-78.52950286865234
1791627271386144032,1791627271366921664,2026-10-10T18:14:31.386+08:00,0.05735811963677406,-0.003846060484647751,0.029999971389770508,-0.11651729047298431,-6.447750091552734,-78.66596221923828
1791627271586237120,1791627271566877440,2026-10-10T18:14:31.586+08:00,0.05935225263237953,-0.014606961980462074,0.029999971389770508,-0.3565775156021118,-6.647450923919678,-78.74110412597656
1791627271786299808,1791627271780219808,2026-10-10T18:14:31.786+08:00,0.06006740778684616,-0.02880859188735485,0.029999971389770508,-0.5073179006576538,-6.604689598083496,-78.83404541015625
1791627271986601472,1791627271977981088,2026-10-10T18:14:31.986+08:00,0.06103993207216263,-0.0435878187417984,0.039999961853027344,-0.6502062082290649,-6.368917465209961,-78.90238189697266
1791627272219974336,1791627272180267968,2026-10-10T18:14:32.219+08:00,0.0618535578250885,-0.057361338287591934,0.04999995231628418,-0.8533846139907837,-6.030035495758057,-78.95258331298828
1791627272420635360,1791627272393368000,2026-10-10T18:14:32.420+08:00,0.06144583597779274,-0.07295578718185425,0.04999995231628418,-1.0357483625411987,-5.536907196044922,-79.00465393066406
1791627272653367232,1791627272631433984,2026-10-10T18:14:32.653+08:00,0.06157584860920906,-0.08892423659563065,0.04999995231628418,-1.0633759498596191,-4.975911617279053,-79.08064270019531
1791627272886808064,1791627272861684992,2026-10-10T18:14:32.886+08:00,0.06432410329580307,-0.10665418952703476,0.059999942779541016,-1.0210648775100708,-4.44340181350708,-79.07594299316406
1791627273119470752,1791627273100090720,2026-10-10T18:14:33.119+08:00,0.06715793162584305,-0.12461600452661514,0.059999942779541016,-1.187766194343567,-4.136295795440674,-79.0652084350586
1791627273319728608,1791627273263221920,2026-10-10T18:14:33.319+08:00,0.06378433108329773,-0.13794250786304474,0.059999942779541016,-1.3504608869552612,-4.072235107421875,-79.07511138916016
1791627273519789440,1791627273513422112,2026-10-10T18:14:33.519+08:00,0.059963639825582504,-0.1595490574836731,0.06999993324279785,-1.0701059103012085,-4.039163589477539,-79.26789093017578
1791627273720170176,1791627273718441088,2026-10-10T18:14:33.720+08:00,0.062045563012361526,-0.17518243193626404,0.059999942779541016,-0.5789052248001099,-4.083593368530273,-79.47509765625
1791627273953169664,1791627273949209312,2026-10-10T18:14:33.953+08:00,0.06400325894355774,-0.19421334564685822,0.06999993324279785,-0.40514111518859863,-4.267348289489746,-79.6819076538086
1791627274153439232,1791627274116149792,2026-10-10T18:14:34.153+08:00,0.06492853909730911,-0.21052643656730652,0.06999993324279785,-0.7070572972297668,-4.464258193969727,-79.75178527832031
1791627274386855072,1791627274366810368,2026-10-10T18:14:34.386+08:00,0.06417955458164215,-0.23325638473033905,0.059999942779541016,-1.2463232278823853,-4.679540157318115,-79.7600326538086
1791627274619677536,1791627274607326144,2026-10-10T18:14:34.619+08:00,0.061950620263814926,-0.25798675417900085,0.059999942779541016,-1.4087347984313965,-4.810298442840576,-79.7552261352539
1791627274853070752,1791627274844310464,2026-10-10T18:14:34.853+08:00,0.06321065872907639,-0.28403982520103455,0.059999942779541016,-1.0478284358978271,-4.8272385597229,-79.76061248779297
1791627275053453920,1791627275043066016,2026-10-10T18:14:35.053+08:00,0.06420131027698517,-0.30525654554367065,0.06999993324279785,-0.7207711935043335,-4.754647731781006,-79.79768371582031
1791627275286136992,1791627275283066528,2026-10-10T18:14:35.286+08:00,0.06435086578130722,-0.33146601915359497,0.06999993324279785,-0.42407578229904175,-4.676483154296875,-79.76482391357422
1791627275486832000,1791627275460428352,2026-10-10T18:14:35.486+08:00,0.06466113775968552,-0.3511451482772827,0.059999942779541016,-0.32730597257614136,-4.67075252532959,-79.69864654541016
1791627275719899744,1791627275701203936,2026-10-10T18:14:35.719+08:00,0.0648009181022644,-0.3773031234741211,0.06999993324279785,-0.4299802780151367,-4.7042999267578125,-79.70561981201172
1791627275920232352,1791627275913146176,2026-10-10T18:14:35.920+08:00,0.0645831748843193,-0.40309998393058777,0.059999942779541016,-0.6685622334480286,-4.755151748657227,-79.63605499267578
1791627276120698144,1791627276116356352,2026-10-10T18:14:36.120+08:00,0.06437323987483978,-0.4261361062526703,0.059999942779541016,-0.880770206451416,-4.820176124572754,-79.64949035644531
1791627276353075040,1791627276336666688,2026-10-10T18:14:36.353+08:00,0.0632040724158287,-0.4524936378002167,0.059999942779541016,-0.983492374420166,-4.902139663696289,-79.72503662109375
1791627276553146080,1791627276533398688,2026-10-10T18:14:36.553+08:00,0.06480863690376282,-0.47413331270217896,0.06999993324279785,-0.3549357056617737,-4.985159873962402,-79.81922912597656
1791627276753835904,1791627276735067328,2026-10-10T18:14:36.753+08:00,0.08098358660936356,-0.49360910058021545,0.07999992370605469,0.9383965730667114,-5.302138805389404,-79.74101257324219
1791627276986073632,1791627276975950752,2026-10-10T18:14:36.986+08:00,0.10937517881393433,-0.5167496204376221,0.09000003337860107,2.635000228881836,-6.187872409820557,-79.5142822265625
1791627277186717920,1791627277174581280,2026-10-10T18:14:37.186+08:00,0.13593515753746033,-0.5358899831771851,0.09000003337860107,3.446042060852051,-7.103756904602051,-79.24568176269531
1791627277420166560,1791627277393175904,2026-10-10T18:14:37.420+08:00,0.15991072356700897,-0.5561099648475647,0.09000003337860107,2.7814929485321045,-7.854823589324951,-78.9620590209961
1791627277653312832,1791627277630228864,2026-10-10T18:14:37.653+08:00,0.17491374909877777,-0.5780784487724304,0.09000003337860107,0.6423114538192749,-8.147668838500977,-78.70428466796875
1791627277886246016,1791627277866150272,2026-10-10T18:14:37.886+08:00,0.18015967309474945,-0.6051191091537476,0.07999992370605469,-1.8325579166412354,-7.955758094787598,-78.57154083251953
1791627278086957024,1791627278067142208,2026-10-10T18:14:38.086+08:00,0.18381021916866302,-0.6279560923576355,0.07999992370605469,-2.90913724899292,-7.596767902374268,-78.63642883300781
1791627278320651936,1791627278274960800,2026-10-10T18:14:38.320+08:00,0.1849733144044876,-0.652826726436615,0.09000003337860107,-3.089364767074585,-7.207597255706787,-78.7892837524414
1791627278552766848,1791627278540983872,2026-10-10T18:14:38.552+08:00,0.18564702570438385,-0.683070182800293,0.10000002384185791,-2.286262273788452,-6.754465579986572,-79.01229095458984
1791627278753426432,1791627278744950880,2026-10-10T18:14:38.753+08:00,0.18604609370231628,-0.7079864144325256,0.11000001430511475,-1.4627704620361328,-6.416457653045654,-79.19573974609375
1791627278986108224,1791627278981699392,2026-10-10T18:14:38.986+08:00,0.18538102507591248,-0.7366207242012024,0.12000000476837158,-0.8268918991088867,-6.0452494621276855,-79.36250305175781
1791627279186874304,1791627279178290304,2026-10-10T18:14:39.186+08:00,0.18402886390686035,-0.7610777616500854,0.12000000476837158,-0.6808438897132874,-5.762507438659668,-79.47337341308594
1791627279387013248,1791627279359574272,2026-10-10T18:14:39.387+08:00,0.18339751660823822,-0.7836635112762451,0.12000000476837158,-0.7877273559570312,-5.499730110168457,-79.5807113647461
1791627279587067712,1791627279559120448,2026-10-10T18:14:39.587+08:00,0.18336616456508636,-0.8091365098953247,0.12999999523162842,-1.122010588645935,-5.2176361083984375,-79.73470306396484
1791627279820103488,1791627279793322624,2026-10-10T18:14:39.820+08:00,0.1829039454460144,-0.8372140526771545,0.12999999523162842,-1.57614266872406,-4.884339332580566,-79.84093475341797
1791627280053269344,1791627280027009056,2026-10-10T18:14:40.053+08:00,0.1813191920518875,-0.8616896867752075,0.12999999523162842,-1.790170431137085,-4.641661167144775,-79.84488677978516
1791627280286870464,1791627280259829536,2026-10-10T18:14:40.286+08:00,0.18106938898563385,-0.8895013332366943,0.12999999523162842,-1.6633092164993286,-4.512424945831299,-79.84797668457031
1791627280487109120,1791627280476118016,2026-10-10T18:14:40.487+08:00,0.18082194030284882,-0.9145146608352661,0.13999998569488525,-1.4181159734725952,-4.454766273498535,-79.84143829345703
1791627280687130176,1791627280681391872,2026-10-10T18:14:40.687+08:00,0.18063250184059143,-0.9382182955741882,0.13999998569488525,-1.1737713813781738,-4.422694206237793,-79.8377456665039
1791627280888051840,1791627280880071104,2026-10-10T18:14:40.888+08:00,0.18057885766029358,-0.9608724117279053,0.13999998569488525,-0.9597837328910828,-4.425411701202393,-79.82575988769531
1791627281119762400,1791627281113057568,2026-10-10T18:14:41.119+08:00,0.18040348589420319,-0.9891378879547119,0.1499999761581421,-0.863348126411438,-4.469722747802734,-79.80775451660156
1791627281319767648,1791627281284911424,2026-10-10T18:14:41.319+08:00,0.18036924302577972,-1.008787989616394,0.13999998569488525,-0.8744688034057617,-4.473749160766602,-79.7916259765625
1791627281553346880,1791627281532660672,2026-10-10T18:14:41.553+08:00,0.18261225521564484,-1.0394560098648071,0.13999998569488525,-0.8888980746269226,-4.330759048461914,-79.11970520019531
1791627281786289696,1791627281770429280,2026-10-10T18:14:41.786+08:00,0.19299764931201935,-1.0622079372406006,0.15999996662139893,-0.1935940533876419,-4.263029098510742,-78.26924896240234
1791627282019772000,1791627282009159552,2026-10-10T18:14:42.019+08:00,0.2165955752134323,-1.0853099822998047,0.16999995708465576,1.3720699548721313,-4.662266731262207,-77.68688201904297
1791627282220951872,1791627282208802912,2026-10-10T18:14:42.220+08:00,0.24143566191196442,-1.1069434881210327,0.1799999475479126,2.6277453899383545,-5.41232442855835,-77.31359100341797
1791627282454283072,1791627282428689440,2026-10-10T18:14:42.454+08:00,0.2750028371810913,-1.1299608945846558,0.1799999475479126,2.9890894889831543,-6.2169036865234375,-76.94483947753906
1791627282687179008,1791627282663291456,2026-10-10T18:14:42.687+08:00,0.30197322368621826,-1.1555399894714355,0.16999995708465576,1.3992193937301636,-6.695576190948486,-76.71884155273438
1791627282920080512,1791627282898810976,2026-10-10T18:14:42.920+08:00,0.3156987428665161,-1.1839642524719238,0.15999996662139893,-1.4413299560546875,-6.782805442810059,-76.63785552978516
1791627283153582208,1791627283148960768,2026-10-10T18:14:43.153+08:00,0.3259322941303253,-1.210842490196228,0.15999996662139893,-3.7418272495269775,-6.671517848968506,-76.65261840820312
1791627283386827456,1791627283367775488,2026-10-10T18:14:43.386+08:00,0.3240683078765869,-1.240265965461731,0.15999996662139893,-4.7958550453186035,-6.648845195770264,-76.83870697021484
1791627283587588800,1791627283577211424,2026-10-10T18:14:43.587+08:00,0.3212555944919586,-1.2699565887451172,0.16999995708465576,-4.456483364105225,-6.747323036193848,-77.19073486328125
1791627283820190304,1791627283818917536,2026-10-10T18:14:43.820+08:00,0.3188023865222931,-1.3016878366470337,0.1799999475479126,-3.10298228263855,-6.767564296722412,-77.64508819580078
1791627284053055712,1791627284049854656,2026-10-10T18:14:44.053+08:00,0.3096305727958679,-1.334915041923523,0.18999993801116943,-1.6176955699920654,-6.562121391296387,-77.96244049072266
1791627284287755232,1791627284257823488,2026-10-10T18:14:44.287+08:00,0.3080941438674927,-1.362518548965454,0.19999992847442627,0.1003284677863121,-6.215671062469482,-78.1563491821289
1791627284520220096,1791627284504649024,2026-10-10T18:14:44.520+08:00,0.3230039179325104,-1.3951829671859741,0.21000003814697266,0.832610547542572,-5.773473262786865,-78.17642974853516
1791627284753151392,1791627284738057728,2026-10-10T18:14:44.753+08:00,0.32572638988494873,-1.424564242362976,0.18999993801116943,-0.5336446166038513,-5.342282772064209,-78.01166534423828
1791627284953705152,1791627284942964736,2026-10-10T18:14:44.953+08:00,0.3185981214046478,-1.4452552795410156,0.18999993801116943,-2.0972886085510254,-4.988530158996582,-77.93925476074219
1791627285187457536,1791627285185520352,2026-10-10T18:14:45.187+08:00,0.3180319666862488,-1.4789284467697144,0.1799999475479126,-2.964470863342285,-4.690029621124268,-77.91251373291016
1791627285387914688,1791627285362608960,2026-10-10T18:14:45.387+08:00,0.32129403948783875,-1.495145559310913,0.18999993801116943,-2.965344190597534,-4.53026008605957,-77.92521667480469
1791627285619742048,1791627285605739264,2026-10-10T18:14:45.619+08:00,0.3174920976161957,-1.5188076496124268,0.1799999475479126,-2.8235490322113037,-4.352371692657471,-77.94450378417969
1791627285819775776,1791627285810075296,2026-10-10T18:14:45.819+08:00,0.31056860089302063,-1.5448453426361084,0.19999992847442627,-2.258103132247925,-4.2292280197143555,-77.99308013916016
1791627286020074496,1791627286012956416,2026-10-10T18:14:46.020+08:00,0.3047817051410675,-1.5779377222061157,0.19999992847442627,-1.0016281604766846,-4.137277603149414,-78.06752014160156
1791627286253457056,1791627286242942976,2026-10-10T18:14:46.253+08:00,0.30997753143310547,-1.603265643119812,0.21000003814697266,0.27518635988235474,-4.166638374328613,-78.15491485595703
1791627286486188640,1791627286474072704,2026-10-10T18:14:46.486+08:00,0.32501479983329773,-1.6156398057937622,0.19999992847442627,0.6149657368659973,-4.3010478019714355,-78.36107635498047
1791627286686669856,1791627286678893984,2026-10-10T18:14:46.686+08:00,0.33091026544570923,-1.6424916982650757,0.19999992847442627,0.0777018815279007,-4.3984785079956055,-78.59555053710938
1791627286887172576,1791627286884581024,2026-10-10T18:14:46.887+08:00,0.33667153120040894,-1.6624795198440552,0.1799999475479126,-0.802865743637085,-4.41550874710083,-78.80440521240234
1791627287119590432,1791627287116969568,2026-10-10T18:14:47.119+08:00,0.3370831310749054,-1.693200945854187,0.1799999475479126,-1.9950060844421387,-4.367884635925293,-79.23173522949219
1791627287353441056,1791627287335287104,2026-10-10T18:14:47.353+08:00,0.3343278467655182,-1.7175021171569824,0.1799999475479126,-2.3248677253723145,-4.368922233581543,-80.70348358154297
1791627287586384352,1791627287575247168,2026-10-10T18:14:47.586+08:00,0.3414197862148285,-1.7397472858428955,0.1799999475479126,-1.756096601486206,-4.526621341705322,-82.32965087890625
1791627287786653952,1791627287785248928,2026-10-10T18:14:47.786+08:00,0.34407058358192444,-1.773892879486084,0.19999992847442627,-1.1603902578353882,-4.78216552734375,-83.65037536621094
1791627287986743904,1791627287983057472,2026-10-10T18:14:47.986+08:00,0.343339741230011,-1.7949270009994507,0.18999993801116943,-0.5349246859550476,-5.002894878387451,-84.85965728759766
1791627288187055712,1791627288153386464,2026-10-10T18:14:48.187+08:00,0.3466436564922333,-1.8165549039840698,0.18999993801116943,0.10459870845079422,-5.078461170196533,-85.79019927978516
1791627288420277344,1791627288406933312,2026-10-10T18:14:48.420+08:00,0.3652918338775635,-1.8372597694396973,0.19999992847442627,0.5580611824989319,-5.072545528411865,-86.32569885253906
1791627288652752256,1791627288646818816,2026-10-10T18:14:48.652+08:00,0.3731415569782257,-1.8564212322235107,0.1799999475479126,-0.702124297618866,-5.063025951385498,-85.74034118652344
1791627288852848512,1791627288847976864,2026-10-10T18:14:48.852+08:00,0.36474350094795227,-1.8700917959213257,0.1799999475479126,-2.39033842086792,-4.947167873382568,-85.21067810058594
1791627289052923968,1791627289049650624,2026-10-10T18:14:49.052+08:00,0.3515504002571106,-1.8829128742218018,0.1799999475479126,-3.1140029430389404,-4.879246234893799,-84.89064025878906
1791627289254145920,1791627289251412064,2026-10-10T18:14:49.254+08:00,0.3525342047214508,-1.887742280960083,0.19999992847442627,-2.4683728218078613,-4.8973798751831055,-84.89620208740234
1791627289486557536,1791627289465918752,2026-10-10T18:14:49.486+08:00,0.3507697582244873,-1.8908627033233643,0.19999992847442627,-1.3361519575119019,-4.846337795257568,-84.53303527832031
1791627289686731360,1791627289678772960,2026-10-10T18:14:49.686+08:00,0.3528059720993042,-1.8932055234909058,0.19999992847442627,-0.33639469742774963,-4.758974552154541,-84.1698226928711
1791627289887489760,1791627289847960768,2026-10-10T18:14:49.887+08:00,0.3572089672088623,-1.9014288187026978,0.19999992847442627,0.010435852222144604,-4.636425971984863,-83.78557586669922
1791627290087559904,1791627290049036864,2026-10-10T18:14:50.087+08:00,0.36892950534820557,-1.9000390768051147,0.19999992847442627,-0.18482133746147156,-4.414581298828125,-83.12509155273438
1791627290320489888,1791627290286596064,2026-10-10T18:14:50.320+08:00,0.35797980427742004,-1.9056578874588013,0.19999992847442627,-1.293042778968811,-4.184344291687012,-82.19462585449219
1791627290552905024,1791627290535204576,2026-10-10T18:14:50.552+08:00,0.34768036007881165,-1.9159741401672363,0.19999992847442627,-1.6995153427124023,-4.122912406921387,-82.68421936035156
1791627290786499744,1791627290770201344,2026-10-10T18:14:50.786+08:00,0.3498353660106659,-1.9136253595352173,0.19999992847442627,-1.3152176141738892,-4.230578422546387,-83.18508911132812
1791627291019529440,1791627291011671264,2026-10-10T18:14:51.019+08:00,0.34458619356155396,-1.9223378896713257,0.19999992847442627,-1.0233197212219238,-4.354796886444092,-83.564697265625
1791627291253615648,1791627291242551712,2026-10-10T18:14:51.253+08:00,0.35094156861305237,-1.9218394756317139,0.19999992847442627,-0.8187649846076965,-4.369369983673096,-83.8331527709961
1791627291486598272,1791627291480657760,2026-10-10T18:14:51.486+08:00,0.34980741143226624,-1.9273077249526978,0.19999992847442627,-1.062788724899292,-4.260805606842041,-83.99716186523438
1791627291686619456,1791627291648828352,2026-10-10T18:14:51.686+08:00,0.35106080770492554,-1.9259613752365112,0.19999992847442627,-1.2012144327163696,-4.098304748535156,-84.15371704101562
1791627291886926816,1791627291848795488,2026-10-10T18:14:51.886+08:00,0.3531968593597412,-1.9181500673294067,0.18999993801116943,-1.3180508613586426,-3.8162648677825928,-84.2274169921875
1791627292119582016,1791627292116744224,2026-10-10T18:14:52.119+08:00,0.34839528799057007,-1.9176304340362549,0.21000003814697266,-1.4260883331298828,-3.44752836227417,-84.08186340332031
1791627292353100512,1791627292341300832,2026-10-10T18:14:52.353+08:00,0.3528284728527069,-1.9215116500854492,0.21000003814697266,-1.2301539182662964,-3.2515525817871094,-84.1008529663086
1791627292586296416,1791627292570920480,2026-10-10T18:14:52.586+08:00,0.3582107424736023,-1.9146591424942017,0.19999992847442627,-1.2789820432662964,-3.177292823791504,-83.95169067382812
1791627292786322976,1791627292777644064,2026-10-10T18:14:52.786+08:00,0.36418119072914124,-1.9092532396316528,0.19999992847442627,-1.861018419265747,-3.1837809085845947,-83.32264709472656
1791627293019516608,1791627293014965792,2026-10-10T18:14:53.019+08:00,0.35743749141693115,-1.907283902168274,0.19999992847442627,-2.597698926925659,-3.356423854827881,-82.69210052490234
1791627293220217248,1791627293215783584,2026-10-10T18:14:53.220+08:00,0.3479558229446411,-1.905447244644165,0.19999992847442627,-2.4991743564605713,-3.6545584201812744,-82.53269958496094
1791627293453496320,1791627293428749056,2026-10-10T18:14:53.453+08:00,0.3470717966556549,-1.9040907621383667,0.21000003814697266,-1.5772072076797485,-3.9367175102233887,-82.74658966064453
1791627293686876928,1791627293663379072,2026-10-10T18:14:53.686+08:00,0.3512609899044037,-1.8989624977111816,0.2200000286102295,-0.49540242552757263,-4.072134017944336,-82.78526306152344
1791627293920310464,1791627293896618240,2026-10-10T18:14:53.920+08:00,0.35261839628219604,-1.8959869146347046,0.21000003814697266,-0.3098081052303314,-4.0807294845581055,-82.65055084228516
1791627294153241440,1791627294133568768,2026-10-10T18:14:54.153+08:00,0.35263335704803467,-1.892764925956726,0.19999992847442627,-0.7445521354675293,-4.029904365539551,-82.63654327392578
1791627294386300480,1791627294371962592,2026-10-10T18:14:54.386+08:00,0.352504163980484,-1.8885858058929443,0.21000003814697266,-1.3229925632476807,-3.9566245079040527,-82.7442855834961
1791627294586437952,1791627294571522048,2026-10-10T18:14:54.586+08:00,0.352159708738327,-1.8839784860610962,0.19999992847442627,-1.720489740371704,-3.8726894855499268,-82.87602996826172
1791627294819474304,1791627294809542816,2026-10-10T18:14:54.819+08:00,0.3517838716506958,-1.8776607513427734,0.21000003814697266,-1.9094295501708984,-3.758995771408081,-83.07048034667969
1791627295019762144,1791627295011627264,2026-10-10T18:14:55.019+08:00,0.35156869888305664,-1.8719006776809692,0.21000003814697266,-1.8136224746704102,-3.6977458000183105,-83.21448516845703
1791627295219752768,1791627295183700928,2026-10-10T18:14:55.219+08:00,0.3511454463005066,-1.8660370111465454,0.21000003814697266,-1.6200944185256958,-3.6657216548919678,-83.33354949951172
1791627295453681024,1791627295434645408,2026-10-10T18:14:55.453+08:00,0.35052943229675293,-1.856655240058899,0.21000003814697266,-1.313037633895874,-3.6128597259521484,-83.50697326660156
1791627295686151840,1791627295674694240,2026-10-10T18:14:55.686+08:00,0.3507321774959564,-1.8473554849624634,0.21000003814697266,-1.1662802696228027,-3.5686023235321045,-83.62056732177734
1791627295886268064,1791627295879495360,2026-10-10T18:14:55.886+08:00,0.3509279489517212,-1.839407205581665,0.21000003814697266,-1.2529501914978027,-3.5499167442321777,-83.66357421875
1791627296119946752,1791627296083065792,2026-10-10T18:14:56.119+08:00,0.3502926528453827,-1.8324769735336304,0.21000003814697266,-1.46212637424469,-3.5550553798675537,-83.68732452392578
1791627296352532672,1791627296335576928,2026-10-10T18:14:56.352+08:00,0.3488433063030243,-1.8245360851287842,0.21000003814697266,-1.6991065740585327,-3.6267659664154053,-83.77994537353516
1791627296554966912,1791627296540670112,2026-10-10T18:14:56.554+08:00,0.34832847118377686,-1.8186259269714355,0.2200000286102295,-1.7716621160507202,-3.7124886512756348,-83.86199951171875
1791627296786149408,1791627296780448864,2026-10-10T18:14:56.786+08:00,0.3471023738384247,-1.8124439716339111,0.21000003814697266,-1.7375717163085938,-3.820038080215454,-83.98699188232422
1791627296987637120,1791627296953156192,2026-10-10T18:14:56.987+08:00,0.34661489725112915,-1.8091007471084595,0.21000003814697266,-1.6627088785171509,-3.893869161605835,-84.08243560791016
1791627297220140800,1791627297216542816,2026-10-10T18:14:57.220+08:00,0.34580302238464355,-1.80433189868927,0.21000003814697266,-1.5448654890060425,-4.009144306182861,-84.2137222290039
1791627297453180384,1791627297432827840,2026-10-10T18:14:57.453+08:00,0.34613820910453796,-1.8012731075286865,0.2200000286102295,-1.1635648012161255,-4.046510696411133,-84.39969635009766
1791627297686634816,1791627297667667776,2026-10-10T18:14:57.686+08:00,0.35757970809936523,-1.798098087310791,0.2200000286102295,-0.22095687687397003,-4.01056432723999,-84.6528091430664
1791627297886795584,1791627297868828224,2026-10-10T18:14:57.886+08:00,0.37660884857177734,-1.799248218536377,0.21000003814697266,0.49951234459877014,-4.198845863342285,-84.8266372680664
1791627298119981088,1791627298100863968,2026-10-10T18:14:58.119+08:00,0.3927870988845825,-1.8047034740447998,0.21000003814697266,0.15457183122634888,-4.7137980461120605,-84.85179901123047
1791627298354173568,1791627298334348352,2026-10-10T18:14:58.354+08:00,0.3980589210987091,-1.814160704612732,0.19999992847442627,-1.2447681427001953,-5.10597038269043,-84.82864379882812
1791627298593072736,1791627298575736256,2026-10-10T18:14:58.593+08:00,0.4011082053184509,-1.8269044160842896,0.18999993801116943,-2.5704050064086914,-5.173341274261475,-84.84976959228516
1791627298819870432,1791627298814671456,2026-10-10T18:14:58.819+08:00,0.40459132194519043,-1.8396810293197632,0.18999993801116943,-3.277365207672119,-5.0079874992370605,-84.86394500732422
1791627299053257312,1791627299048693696,2026-10-10T18:14:59.053+08:00,0.40580710768699646,-1.8505703210830688,0.19999992847442627,-3.2077507972717285,-4.74202299118042,-84.85588073730469
1791627299253386464,1791627299222450880,2026-10-10T18:14:59.253+08:00,0.40698158740997314,-1.8587231636047363,0.19999992847442627,-2.61753249168396,-4.4849748611450195,-84.97386932373047
1791627299453792704,1791627299437813728,2026-10-10T18:14:59.453+08:00,0.4093165695667267,-1.867969274520874,0.19999992847442627,-1.612531065940857,-4.105498313903809,-84.99217224121094
1791627299686694432,1791627299669749184,2026-10-10T18:14:59.686+08:00,0.4120585322380066,-1.876583218574524,0.19999992847442627,-0.9402441382408142,-3.7106876373291016,-84.97574615478516
1791627299919819552,1791627299907489120,2026-10-10T18:14:59.919+08:00,0.4121677875518799,-1.8839473724365234,0.19999992847442627,-0.685985267162323,-3.390305995941162,-84.99122619628906
1791627300120467872,1791627300108464032,2026-10-10T18:15:00.120+08:00,0.42169639468193054,-1.890294075012207,0.19999992847442627,-0.21635541319847107,-3.286170482635498,-84.99906158447266
1791627300353560640,1791627300330589056,2026-10-10T18:15:00.353+08:00,0.44036993384361267,-1.898306965827942,0.19999992847442627,-0.02587546408176422,-3.3961963653564453,-84.9760513305664
1791627300586692352,1791627300559488192,2026-10-10T18:15:00.586+08:00,0.4511951208114624,-1.9081284999847412,0.18999993801116943,-1.0752079486846924,-3.7906908988952637,-84.83382415771484
1791627300787128416,1791627300758503872,2026-10-10T18:15:00.787+08:00,0.4528632164001465,-1.914495587348938,0.18999993801116943,-2.279893398284912,-4.107422351837158,-84.7543716430664
1791627300987514208,1791627300958589344,2026-10-10T18:15:00.987+08:00,0.45541465282440186,-1.9194785356521606,0.1799999475479126,-3.1060051918029785,-4.274209976196289,-84.75062561035156
1791627301219696096,1791627301195993888,2026-10-10T18:15:01.219+08:00,0.45780694484710693,-1.9239258766174316,0.1799999475479126,-3.3349647521972656,-4.289668083190918,-84.78929901123047
1791627301419743040,1791627301412348480,2026-10-10T18:15:01.419+08:00,0.4583877921104431,-1.9274495840072632,0.1799999475479126,-2.779310703277588,-4.165233612060547,-84.84416961669922
1791627301653319968,1791627301640411424,2026-10-10T18:15:01.653+08:00,0.45948290824890137,-1.9326069355010986,0.18999993801116943,-1.8264113664627075,-3.9998040199279785,-84.90269470214844
1791627301854149536,1791627301852308096,2026-10-10T18:15:01.854+08:00,0.46094951033592224,-1.937976598739624,0.18999993801116943,-1.1210417747497559,-3.868370294570923,-84.9548568725586
1791627302086726560,1791627302049614176,2026-10-10T18:15:02.086+08:00,0.46119871735572815,-1.9421472549438477,0.1799999475479126,-0.9911275506019592,-3.7830560207366943,-84.98279571533203
1791627302319527456,1791627302289878848,2026-10-10T18:15:02.319+08:00,0.4613180458545685,-1.9467295408248901,0.18999993801116943,-1.3093127012252808,-3.7234063148498535,-85.01763153076172
1791627302552773536,1791627302547203328,2026-10-10T18:15:02.552+08:00,0.46180811524391174,-1.9499835968017578,0.18999993801116943,-1.9153423309326172,-3.754584789276123,-85.04654693603516
1791627302752811648,1791627302750472128,2026-10-10T18:15:02.752+08:00,0.46170371770858765,-1.9518697261810303,0.1799999475479126,-2.3007612228393555,-3.8084051609039307,-85.06663513183594
1791627302952832096,1791627302951168896,2026-10-10T18:15:02.952+08:00,0.461258202791214,-1.9534344673156738,0.1799999475479126,-2.3682808876037598,-3.8649351596832275,-85.09591674804688
1791627303153045920,1791627303114558016,2026-10-10T18:15:03.153+08:00,0.4611710011959076,-1.9543044567108154,0.18999993801116943,-2.209439754486084,-3.9384655952453613,-85.12673950195312
1791627303354553376,1791627303336389824,2026-10-10T18:15:03.354+08:00,0.4612221419811249,-1.9552202224731445,0.18999993801116943,-1.8935989141464233,-4.042086124420166,-85.15096282958984
1791627303586066784,1791627303578094880,2026-10-10T18:15:03.586+08:00,0.462103933095932,-1.9553359746932983,0.19999992847442627,-1.5952067375183105,-4.110929012298584,-85.24913787841797
1791627303786685920,1791627303780617792,2026-10-10T18:15:03.786+08:00,0.46362847089767456,-1.9568305015563965,0.18999993801116943,-1.2906569242477417,-4.142127990722656,-85.58002471923828
1791627303986745728,1791627303955208928,2026-10-10T18:15:03.986+08:00,0.4663532078266144,-1.9594842195510864,0.18999993801116943,-0.9771133065223694,-4.192476272583008,-85.7148666381836
1791627304187066336,1791627304158682048,2026-10-10T18:15:04.187+08:00,0.4738430082798004,-1.9659714698791504,0.18999993801116943,-0.7731630206108093,-4.2995805740356445,-85.75068664550781
1791627304419712480,1791627304409143008,2026-10-10T18:15:04.419+08:00,0.4853997826576233,-1.9796779155731201,0.18999993801116943,-1.273097276687622,-4.46176815032959,-85.74044036865234
1791627304619845088,1791627304612667648,2026-10-10T18:15:04.619+08:00,0.4871021509170532,-1.9935100078582764,0.1799999475479126,-2.4862563610076904,-4.6333394050598145,-85.5771255493164
1791627304852835008,1791627304850236288,2026-10-10T18:15:04.852+08:00,0.4851226508617401,-2.009275436401367,0.1799999475479126,-3.3787012100219727,-4.7410807609558105,-85.39347839355469
1791627305052873664,1791627305051190368,2026-10-10T18:15:05.052+08:00,0.48513099551200867,-2.024660110473633,0.18999993801116943,-3.4548850059509277,-4.786862850189209,-85.2874755859375
1791627305253814176,1791627305223177312,2026-10-10T18:15:05.253+08:00,0.4853786826133728,-2.038534641265869,0.18999993801116943,-3.0861167907714844,-4.796594142913818,-85.26172637939453
1791627305487763872,1791627305477120224,2026-10-10T18:15:05.487+08:00,0.48534929752349854,-2.0586273670196533,0.18999993801116943,-2.1823973655700684,-4.679142475128174,-85.22957611083984
1791627305719911776,1791627305709591328,2026-10-10T18:15:05.719+08:00,0.48588883876800537,-2.0761356353759766,0.18999993801116943,-1.4799200296401978,-4.45133638381958,-85.18310546875
1791627305953008032,1791627305947248352,2026-10-10T18:15:05.953+08:00,0.4852789044380188,-2.096435546875,0.18999993801116943,-1.2071055173873901,-4.135921478271484,-85.16107177734375
1791627306154292416,1791627306115480992,2026-10-10T18:15:06.154+08:00,0.48446986079216003,-2.1112661361694336,0.1799999475479126,-1.3065489530563354,-3.9099323749542236,-85.13741302490234
1791627306386413248,1791627306366117504,2026-10-10T18:15:06.386+08:00,0.4849051535129547,-2.131789445877075,0.1799999475479126,-1.6699298620224,-3.7023916244506836,-85.10391998291016
1791627306586868096,1791627306570978784,2026-10-10T18:15:06.586+08:00,0.48536717891693115,-2.149704933166504,0.1799999475479126,-2.0816664695739746,-3.66632080078125,-85.0993881225586
1791627306819549792,1791627306811278720,2026-10-10T18:15:06.819+08:00,0.4852842390537262,-2.1716840267181396,0.18999993801116943,-2.4841408729553223,-3.7425031661987305,-85.08731842041016
1791627307019606240,1791627307017429568,2026-10-10T18:15:07.019+08:00,0.48536500334739685,-2.192612648010254,0.1799999475479126,-2.590529203414917,-3.860994577407837,-85.07952880859375
1791627307220127648,1791627307218361216,2026-10-10T18:15:07.220+08:00,0.48426592350006104,-2.2111847400665283,0.18999993801116943,-2.471565008163452,-3.9834632873535156,-85.09716796875
1791627307453815968,1791627307442574496,2026-10-10T18:15:07.453+08:00,0.4832082688808441,-2.232128858566284,0.18999993801116943,-2.0233335494995117,-4.09873628616333,-85.08747100830078
1791627307686440512,1791627307678746080,2026-10-10T18:15:07.686+08:00,0.4859461486339569,-2.252326250076294,0.18999993801116943,-1.4322230815887451,-4.178781986236572,-85.06022644042969
1791627307919484192,1791627307912831296,2026-10-10T18:15:07.919+08:00,0.48917222023010254,-2.2721171379089355,0.18999993801116943,-1.2378127574920654,-4.216394424438477,-85.11349487304688
1791627308120165152,1791627308118287232,2026-10-10T18:15:08.120+08:00,0.4904380738735199,-2.2859280109405518,0.19999992847442627,-1.5733853578567505,-4.207912921905518,-85.10491943359375
1791627308354069152,1791627308335745408,2026-10-10T18:15:08.354+08:00,0.48935243487358093,-2.2980217933654785,0.18999993801116943,-2.1385819911956787,-4.1497650146484375,-85.13922119140625
1791627308586343872,1791627308578999936,2026-10-10T18:15:08.586+08:00,0.4890235662460327,-2.3074440956115723,0.19999992847442627,-2.304722785949707,-3.999962091445923,-85.17941284179688
1791627308786620256,1791627308775618048,2026-10-10T18:15:08.786+08:00,0.4914507269859314,-2.313136100769043,0.19999992847442627,-2.0187876224517822,-3.834712028503418,-85.19174194335938
1791627308986786752,1791627308976356448,2026-10-10T18:15:08.986+08:00,0.4939604699611664,-2.317777156829834,0.19999992847442627,-1.7660075426101685,-3.7047321796417236,-85.17052459716797
1791627309221332000,1791627309219277248,2026-10-10T18:15:09.221+08:00,0.49337998032569885,-2.319934606552124,0.19999992847442627,-1.8903321027755737,-3.627826452255249,-85.14566040039062
1791627309453387936,1791627309432319328,2026-10-10T18:15:09.453+08:00,0.4921281337738037,-2.3193650245666504,0.19999992847442627,-2.124568223953247,-3.601789712905884,-85.1328125
1791627309686111904,1791627309675274592,2026-10-10T18:15:09.686+08:00,0.492220938205719,-2.316072940826416,0.21000003814697266,-2.2064361572265625,-3.6039180755615234,-85.0704345703125
1791627309886436448,1791627309881399616,2026-10-10T18:15:09.886+08:00,0.49155712127685547,-2.3118083477020264,0.19999992847442627,-2.1443793773651123,-3.6136486530303955,-85.02188873291016
1791627310119957536,1791627310115046912,2026-10-10T18:15:10.119+08:00,0.49068593978881836,-2.305225372314453,0.21000003814697266,-1.9187755584716797,-3.6132421493530273,-84.9765853881836
1791627310353036192,1791627310334139072,2026-10-10T18:15:10.353+08:00,0.49085700511932373,-2.2984018325805664,0.21000003814697266,-1.6262584924697876,-3.5995125770568848,-84.9179916381836
1791627310553257600,1791627310538006848,2026-10-10T18:15:10.553+08:00,0.4903903007507324,-2.292067050933838,0.2200000286102295,-1.4073243141174316,-3.5913753509521484,-84.86483764648438
1791627310753581632,1791627310742618656,2026-10-10T18:15:10.753+08:00,0.48996198177337646,-2.285392999649048,0.21000003814697266,-1.3760044574737549,-3.5711913108825684,-84.83283996582031
1791627310988218560,1791627310977304608,2026-10-10T18:15:10.988+08:00,0.48945045471191406,-2.277771472930908,0.21000003814697266,-1.6302533149719238,-3.5389602184295654,-84.86079406738281
1791627311219941760,1791627311216552160,2026-10-10T18:15:11.219+08:00,0.488338828086853,-2.27181339263916,0.19999992847442627,-2.0428595542907715,-3.519718885421753,-84.90225982666016
1791627311419982624,1791627311402047168,2026-10-10T18:15:11.419+08:00,0.4877411723136902,-2.2675116062164307,0.21000003814697266,-2.2464253902435303,-3.510936737060547,-84.90401458740234
1791627311652837728,1791627311634370592,2026-10-10T18:15:11.652+08:00,0.48748594522476196,-2.262387752532959,0.21000003814697266,-2.2921688556671143,-3.513512372970581,-84.91389465332031
1791627311852902176,1791627311844224736,2026-10-10T18:15:11.852+08:00,0.48692142963409424,-2.2587640285491943,0.19999992847442627,-2.1695070266723633,-3.5400002002716064,-84.93114471435547
1791627312086118784,1791627312077181120,2026-10-10T18:15:12.086+08:00,0.4858303666114807,-2.254523992538452,0.21000003814697266,-2.0718250274658203,-3.6542561054229736,-84.97468566894531
1791627312286784448,1791627312246807296,2026-10-10T18:15:12.286+08:00,0.48586225509643555,-2.252565622329712,0.2200000286102295,-1.7991572618484497,-3.8864402770996094,-84.95402526855469
1791627312521724160,1791627312514316576,2026-10-10T18:15:12.521+08:00,0.48754042387008667,-2.250842809677124,0.25,-0.9524115324020386,-4.494578838348389,-84.77928924560547
1791627312753037984,1791627312722505280,2026-10-10T18:15:12.753+08:00,0.4889352023601532,-2.249664545059204,0.26999998092651367,-0.33913350105285645,-5.105249881744385,-84.60342407226562
1791627312953072608,1791627312937382560,2026-10-10T18:15:12.953+08:00,0.4899998903274536,-2.2480649948120117,0.309999942779541,0.10676884651184082,-5.881389141082764,-84.45870971679688
1791627313153743936,1791627313139890208,2026-10-10T18:15:13.153+08:00,0.49094486236572266,-2.24698543548584,0.3400000333786011,0.21228405833244324,-6.587772369384766,-84.29741668701172
1791627313386135200,1791627313368112672,2026-10-10T18:15:13.386+08:00,0.49204525351524353,-2.2455053329467773,0.3700000047683716,0.14809273183345795,-7.259243011474609,-84.2908706665039
1791627313586404384,1791627313567034048,2026-10-10T18:15:13.586+08:00,0.49330219626426697,-2.243203639984131,0.4099999666213989,-0.02730954997241497,-7.725013732910156,-84.15184783935547
1791627313788266720,1791627313778352064,2026-10-10T18:15:13.788+08:00,0.49441805481910706,-2.2387211322784424,0.44999992847442627,-0.17869193851947784,-8.069096565246582,-83.94292449951172
1791627314020104320,1791627314012976000,2026-10-10T18:15:14.020+08:00,0.49614372849464417,-2.233560800552368,0.5,-0.21300528943538666,-8.29453182220459,-83.72601318359375
1791627314220187040,1791627314189477248,2026-10-10T18:15:14.220+08:00,0.49628686904907227,-2.2292332649230957,0.5399999618530273,-0.14440985023975372,-8.372132301330566,-83.6183090209961
1791627314420895680,1791627314419244832,2026-10-10T18:15:14.420+08:00,0.4980316758155823,-2.223400354385376,0.5799999237060547,-0.050097450613975525,-8.410689353942871,-83.34712982177734
1791627314653252192,1791627314622472128,2026-10-10T18:15:14.653+08:00,0.49957969784736633,-2.217853307723999,0.6399999856948853,0.007331765256822109,-8.404728889465332,-83.14655303955078
1791627314853399968,1791627314832689312,2026-10-10T18:15:14.853+08:00,0.5007608532905579,-2.211498737335205,0.6799999475479126,0.07239776849746704,-8.371825218200684,-82.99125671386719
1791627315086546720,1791627315062486240,2026-10-10T18:15:15.086+08:00,0.5005058646202087,-2.2052793502807617,0.7400000095367432,0.2169124335050583,-8.34279727935791,-82.8219223022461
1791627315286627136,1791627315266194560,2026-10-10T18:15:15.286+08:00,0.49979931116104126,-2.199819803237915,0.7799999713897705,0.4290664792060852,-8.321364402770996,-82.64810943603516
1791627315486994496,1791627315469450080,2026-10-10T18:15:15.486+08:00,0.5008016228675842,-2.1937592029571533,0.8400000333786011,0.6256707310676575,-8.299137115478516,-82.39981842041016
1791627315720647552,1791627315704264000,2026-10-10T18:15:15.720+08:00,0.5026429891586304,-2.186424732208252,0.8999999761581421,0.7543949484825134,-8.270352363586426,-82.05005645751953
1791627315953810272,1791627315942960320,2026-10-10T18:15:15.953+08:00,0.5018154978752136,-2.179626941680908,0.9600000381469727,0.8768193125724792,-8.255670547485352,-81.84783172607422
1791627316186865344,1791627316149123296,2026-10-10T18:15:16.186+08:00,0.5038019418716431,-2.192412853240967,0.9900000095367432,0.8541783094406128,-8.14709186553955,-81.49066162109375
1791627316387247904,1791627316370165056,2026-10-10T18:15:16.387+08:00,0.5064778923988342,-2.206677198410034,1.0399999618530273,0.5391602516174316,-7.682100772857666,-80.99385070800781
1791627316587334496,1791627316576342048,2026-10-10T18:15:16.587+08:00,0.5011520981788635,-2.2210633754730225,1.0799999237060547,0.33725839853286743,-3.5912208557128906,-80.6326904296875
1791627316819456832,1791627316812448544,2026-10-10T18:15:16.819+08:00,0.49743130803108215,-2.215583086013794,1.0999999046325684,0.062149811536073685,1.6857131719589233,-80.30218505859375
1791627317052927296,1791627317047236704,2026-10-10T18:15:17.052+08:00,0.49443376064300537,-2.2093842029571533,1.1099998950958252,-0.16040153801441193,3.0297439098358154,-80.09930419921875
1791627317253341440,1791627317248190752,2026-10-10T18:15:17.253+08:00,0.4918607771396637,-2.203601837158203,1.0999999046325684,-0.27330440282821655,3.251387119293213,-79.88439178466797
1791627317486747584,1791627317472888224,2026-10-10T18:15:17.486+08:00,0.48877325654029846,-2.1966631412506104,1.0899999141693115,-0.23532655835151672,2.8268883228302,-79.63015747070312
1791627317720316384,1791627317708190720,2026-10-10T18:15:17.720+08:00,0.4859429597854614,-2.190302610397339,1.0799999237060547,-0.08342472463846207,2.0896430015563965,-79.4383544921875
1791627317953232544,1791627317948257728,2026-10-10T18:15:17.953+08:00,0.4828554391860962,-2.183363914489746,1.0799999237060547,0.13518844544887543,1.0325894355773926,-79.24991607666016
1791627318187594784,1791627318178380800,2026-10-10T18:15:18.187+08:00,0.4797678589820862,-2.176424741744995,1.0799999237060547,0.23768532276153564,-0.18371687829494476,-79.04376983642578
1791627318419835584,1791627318409010848,2026-10-10T18:15:18.419+08:00,0.4769376218318939,-2.1700644493103027,1.0699999332427979,0.19549833238124847,-1.3693214654922485,-78.78392791748047
1791627318619898880,1791627318616258688,2026-10-10T18:15:18.619+08:00,0.4741073548793793,-2.1637039184570312,1.0699999332427979,0.1325247883796692,-2.3803529739379883,-78.45401763916016
1791627318821153152,1791627318814239104,2026-10-10T18:15:18.821+08:00,0.4715343713760376,-2.157921552658081,1.059999942779541,0.12344147264957428,-2.8531594276428223,-78.1131820678711
1791627319054272576,1791627319049313856,2026-10-10T18:15:19.054+08:00,0.4719773530960083,-2.15220308303833,1.059999942779541,0.10864628106355667,-3.183119297027588,-77.69788360595703
1791627319286409824,1791627319250174464,2026-10-10T18:15:19.286+08:00,0.4707021415233612,-2.146087169647217,1.059999942779541,0.04681713134050369,-3.437675714492798,-77.29572296142578
1791627319486847808,1791627319479022016,2026-10-10T18:15:19.486+08:00,0.47000232338905334,-2.1396496295928955,1.0499999523162842,-0.10341303050518036,-3.6819820404052734,-76.79267883300781
1791627319687712960,1791627319683314464,2026-10-10T18:15:19.687+08:00,0.46807265281677246,-2.1335670948028564,1.0399999618530273,-0.24760104715824127,-3.805488109588623,-76.36970520019531
1791627319889956288,1791627319855704576,2026-10-10T18:15:19.889+08:00,0.4659755229949951,-2.126476526260376,1.0399999618530273,-0.37497758865356445,-3.83878231048584,-75.99205017089844
1791627320121175776,1791627320104945856,2026-10-10T18:15:20.121+08:00,0.46525949239730835,-2.1179251670837402,1.0299999713897705,-0.4958449602127075,-3.769397735595703,-75.49047088623047
1791627320353608032,1791627320329854272,2026-10-10T18:15:20.353+08:00,0.4640190899372101,-2.1080942153930664,1.0399999618530273,-0.5325365662574768,-3.621356964111328,-75.04833984375
1791627320586201696,1791627320571007520,2026-10-10T18:15:20.586+08:00,0.46164578199386597,-2.096588373184204,1.0199999809265137,-0.5266368389129639,-3.4122722148895264,-74.5841064453125
1791627320819533952,1791627320812935008,2026-10-10T18:15:20.819+08:00,0.45954298973083496,-2.0894134044647217,1.0099999904632568,-0.5165420174598694,-3.1902663707733154,-74.09558868408203
1791627321053197024,1791627321042482912,2026-10-10T18:15:21.053+08:00,0.4591655433177948,-2.084434986114502,1.0,-0.5100405812263489,-3.039632797241211,-73.69019317626953
1791627321286950080,1791627321248181088,2026-10-10T18:15:21.286+08:00,0.45963457226753235,-2.076601505279541,0.9900000095367432,-0.4957624077796936,-2.942535161972046,-73.33244323730469
1791627321520034880,1791627321495011264,2026-10-10T18:15:21.520+08:00,0.4559062719345093,-2.0700607299804688,0.9900000095367432,-0.4844791293144226,-2.8810009956359863,-72.8926773071289
1791627321720451584,1791627321702133504,2026-10-10T18:15:21.720+08:00,0.45455750823020935,-2.0659987926483154,0.9800000190734863,-0.4638112485408783,-2.8835175037384033,-72.56336212158203
1791627321920722560,1791627321907064032,2026-10-10T18:15:21.920+08:00,0.4529764652252197,-2.0619914531707764,0.9700000286102295,-0.43657171726226807,-2.9183597564697266,-72.23983001708984
1791627322153011328,1791627322118333376,2026-10-10T18:15:22.153+08:00,0.4515625238418579,-2.0578789710998535,0.9600000381469727,-0.423514723777771,-2.980131149291992,-71.88109588623047
1791627322386966112,1791627322370817472,2026-10-10T18:15:22.386+08:00,0.45008584856987,-2.053799867630005,0.9499999284744263,-0.4225466847419739,-3.052192449569702,-71.49056243896484
1791627322619878048,1791627322610669408,2026-10-10T18:15:22.619+08:00,0.4490419924259186,-2.050318479537964,0.9399999380111694,-0.45194193720817566,-3.108232259750366,-71.11141967773438
1791627322854096736,1791627322852128640,2026-10-10T18:15:22.854+08:00,0.4484376907348633,-2.0475540161132812,0.9199999570846558,-0.49581655859947205,-3.1403582096099854,-70.7380599975586
1791627323087473952,1791627323085062400,2026-10-10T18:15:23.087+08:00,0.44809794425964355,-2.0450708866119385,0.9099999666213989,-0.5290681719779968,-3.15213942527771,-70.45658111572266
1791627323287867104,1791627323258810560,2026-10-10T18:15:23.287+08:00,0.44739899039268494,-2.0435221195220947,0.8999999761581421,-0.5500675439834595,-3.158052682876587,-70.24571990966797
1791627323519731744,1791627323517251296,2026-10-10T18:15:23.519+08:00,0.4467719793319702,-2.0416271686553955,0.8799999952316284,-0.5721598863601685,-3.171527147293091,-69.9731674194336
1791627323720168320,1791627323682838048,2026-10-10T18:15:23.720+08:00,0.446457177400589,-2.040817975997925,0.8700000047683716,-0.5853661894798279,-3.1876869201660156,-69.81982421875
1791627323920708640,1791627323919009568,2026-10-10T18:15:23.920+08:00,0.4463798999786377,-2.03906512260437,0.8600000143051147,-0.6255149841308594,-3.2337889671325684,-69.60641479492188
1791627324153682176,1791627324124110944,2026-10-10T18:15:24.153+08:00,0.4461498260498047,-2.0379481315612793,0.8400000333786011,-0.7355602383613586,-3.3020853996276855,-69.5080337524414
1791627324386445760,1791627324383060160,2026-10-10T18:15:24.386+08:00,0.4454861581325531,-2.0369887351989746,0.8199999332427979,-0.9980687499046326,-3.420557975769043,-69.43009185791016
1791627324586840480,1791627324562477824,2026-10-10T18:15:24.586+08:00,0.4452402591705322,-2.0366733074188232,0.809999942779541,-1.2018523216247559,-3.4949913024902344,-69.23986053466797
1791627324819696448,1791627324796383232,2026-10-10T18:15:24.819+08:00,0.4450240135192871,-2.03582501411438,0.7899999618530273,-1.4001046419143677,-3.57637095451355,-69.01678466796875
1791627325019947616,1791627324996922400,2026-10-10T18:15:25.019+08:00,0.4449763596057892,-2.035221576690674,0.7799999713897705,-1.4462321996688843,-3.6341545581817627,-68.91175842285156
1791627325220123968,1791627325197989344,2026-10-10T18:15:25.220+08:00,0.44463297724723816,-2.0348613262176514,0.7699999809265137,-1.3791664838790894,-3.677028179168701,-68.78911590576172
1791627325453498304,1791627325426170528,2026-10-10T18:15:25.453+08:00,0.44454795122146606,-2.0340139865875244,0.7599999904632568,-1.2463390827178955,-3.7036256790161133,-68.61280059814453
1791627325686754336,1791627325668772032,2026-10-10T18:15:25.686+08:00,0.4443177282810211,-2.033582925796509,0.7400000095367432,-1.1184375286102295,-3.72305965423584,-68.46436309814453
1791627325919476800,1791627325904536160,2026-10-10T18:15:25.919+08:00,0.44424715638160706,-2.033780574798584,0.7200000286102295,-1.0566366910934448,-3.73864483833313,-68.33538818359375
1791627326119537088,1791627326114158560,2026-10-10T18:15:26.119+08:00,0.44408896565437317,-2.033994197845459,0.7100000381469727,-1.0652276277542114,-3.7466814517974854,-68.22056579589844
1791627326319831200,1791627326284907104,2026-10-10T18:15:26.319+08:00,0.4439583420753479,-2.0341436862945557,0.6899999380111694,-1.101162314414978,-3.744183301925659,-68.10875701904297
1791627326520528768,1791627326499636800,2026-10-10T18:15:26.520+08:00,0.44408297538757324,-2.0349066257476807,0.6799999475479126,-1.1534030437469482,-3.7360033988952637,-68.00043487548828
1791627326753548384,1791627326751455648,2026-10-10T18:15:26.753+08:00,0.44434261322021484,-2.0365374088287354,0.6599999666213989,-1.1907413005828857,-3.7227041721343994,-67.88452911376953
1791627326953654464,1791627326949300928,2026-10-10T18:15:26.953+08:00,0.444417268037796,-2.0374197959899902,0.6499999761581421,-1.1889797449111938,-3.7153220176696777,-67.81251525878906
1791627327186574560,1791627327154823360,2026-10-10T18:15:27.186+08:00,0.4445889890193939,-2.038811206817627,0.6299999952316284,-1.1727631092071533,-3.7131004333496094,-67.73988342285156
1791627327419486144,1791627327405951424,2026-10-10T18:15:27.419+08:00,0.44454821944236755,-2.0405001640319824,0.6200000047683716,-1.1718034744262695,-3.726353883743286,-67.75442504882812
1791627327619878080,1791627327606909760,2026-10-10T18:15:27.619+08:00,0.4445132613182068,-2.041905164718628,0.6000000238418579,-1.1910743713378906,-3.7427258491516113,-67.74433135986328
1791627327852941056,1791627327845270432,2026-10-10T18:15:27.852+08:00,0.4442053735256195,-2.043740749359131,0.5799999237060547,-1.2392616271972656,-3.7554872035980225,-67.6289291381836
1791627328053046144,1791627328043384192,2026-10-10T18:15:28.053+08:00,0.44431477785110474,-2.0455851554870605,0.559999942779541,-1.278315544128418,-3.7582483291625977,-67.55995178222656
1791627328254315424,1791627328250479360,2026-10-10T18:15:28.254+08:00,0.4437810778617859,-2.0471181869506836,0.559999942779541,-1.291702151298523,-3.762349843978882,-67.5423355102539
1791627328486689344,1791627328479979264,2026-10-10T18:15:28.486+08:00,0.4434472918510437,-2.0493574142456055,0.5399999618530273,-1.3067854642868042,-3.776566982269287,-67.52426147460938
1791627328687062464,1791627328666969472,2026-10-10T18:15:28.687+08:00,0.44341912865638733,-2.0506210327148438,0.5199999809265137,-1.3149960041046143,-3.7878482341766357,-67.49568939208984
1791627328919892640,1791627328912019712,2026-10-10T18:15:28.919+08:00,0.4438645541667938,-2.0535030364990234,0.5099999904632568,-1.3340721130371094,-3.8038744926452637,-67.40380859375
1791627329153182336,1791627329145910400,2026-10-10T18:15:29.153+08:00,0.4442545473575592,-2.0559427738189697,0.49000000953674316,-1.3515846729278564,-3.813418388366699,-67.23395538330078
1791627329353501824,1791627329340436992,2026-10-10T18:15:29.353+08:00,0.444781094789505,-2.0580971240997314,0.4700000286102295,-1.364111065864563,-3.8258020877838135,-67.11149597167969
1791627329554164544,1791627329538191264,2026-10-10T18:15:29.554+08:00,0.4453127384185791,-2.06024432182312,0.46000003814697266,-1.3655084371566772,-3.838958740234375,-66.96070098876953
1791627329786185408,1791627329783811136,2026-10-10T18:15:29.786+08:00,0.44532695412635803,-2.062714099884033,0.43999993801116943,-1.3527246713638306,-3.862790822982788,-66.81141662597656
1791627329986205440,1791627329960920096,2026-10-10T18:15:29.986+08:00,0.4454003870487213,-2.0640885829925537,0.43999993801116943,-1.327247142791748,-3.877681016921997,-66.71365356445312
1791627330186362048,1791627330166450144,2026-10-10T18:15:30.186+08:00,0.4459700584411621,-2.066720485687256,0.4099999666213989,-1.3094940185546875,-3.8923392295837402,-66.65360260009766
1791627330420200448,1791627330417218304,2026-10-10T18:15:30.420+08:00,0.446088969707489,-2.0705249309539795,0.38999998569488525,-1.329382061958313,-3.89974045753479,-66.59208679199219
1791627330653356832,1791627330622763328,2026-10-10T18:15:30.653+08:00,0.44636714458465576,-2.0734214782714844,0.3799999952316284,-1.3169631958007812,-3.8974545001983643,-66.54361724853516
1791627330886239136,1791627330854394400,2026-10-10T18:15:30.886+08:00,0.4473218619823456,-2.0761983394622803,0.3700000047683716,-1.2853984832763672,-3.8830254077911377,-66.497802734375
1791627331086266624,1791627331059424288,2026-10-10T18:15:31.086+08:00,0.4478790760040283,-2.0777034759521484,0.3500000238418579,-1.2853230237960815,-3.8574559688568115,-66.47991180419922
1791627331287215520,1791627331264182112,2026-10-10T18:15:31.287+08:00,0.4486469328403473,-2.0797600746154785,0.3400000333786011,-1.318450927734375,-3.8287978172302246,-66.4509506225586
1791627331519883392,1791627331515684384,2026-10-10T18:15:31.519+08:00,0.4492034316062927,-2.08208966255188,0.31999993324279785,-1.3691625595092773,-3.805532455444336,-66.41378784179688
1791627331720163424,1791627331686708352,2026-10-10T18:15:31.720+08:00,0.44943252205848694,-2.0835089683532715,0.309999942779541,-1.4021798372268677,-3.7986233234405518,-66.37335205078125
1791627331920380736,1791627331889979008,2026-10-10T18:15:31.920+08:00,0.4495994746685028,-2.0851709842681885,0.2999999523162842,-1.4634709358215332,-3.793058156967163,-66.24951934814453
1791627332153486720,1791627332140763616,2026-10-10T18:15:32.153+08:00,0.4496537744998932,-2.0875468254089355,0.2799999713897705,-1.459693431854248,-3.796452760696411,-66.1802749633789
1791627332354552768,1791627332343705984,2026-10-10T18:15:32.354+08:00,0.45063120126724243,-2.089646100997925,0.26999998092651367,-1.3884137868881226,-3.803009271621704,-66.16352844238281
1791627332587137920,1791627332571809472,2026-10-10T18:15:32.587+08:00,0.451747328042984,-2.091526508331299,0.25999999046325684,-1.3508914709091187,-3.811904191970825,-66.13997650146484
1791627332819793056,1791627332816512480,2026-10-10T18:15:32.819+08:00,0.4519343376159668,-2.093419075012207,0.24000000953674316,-1.3938390016555786,-3.8257131576538086,-66.10938262939453
1791627333020145664,1791627332990603456,2026-10-10T18:15:33.020+08:00,0.4519723951816559,-2.0948548316955566,0.23000001907348633,-1.4236937761306763,-3.837284803390503,-66.10033416748047
1791627333234846688,1791627333225579968,2026-10-10T18:15:33.234+08:00,0.48754096031188965,-2.2619152069091797,0.2200000286102295,-1.4402110576629639,-3.839669704437256,-66.065185546875
1791627333453022432,1791627333440725824,2026-10-10T18:15:33.453+08:00,0.4882345199584961,-2.263679265975952,0.21000003814697266,-1.4663418531417847,-3.8303987979888916,-66.00133514404297
1791627333653502464,1791627333646964768,2026-10-10T18:15:33.653+08:00,0.48839500546455383,-2.2649741172790527,0.19999992847442627,-1.550022006034851,-3.856718063354492,-66.23347473144531
1791627333860029792,1791627333848860448,2026-10-10T18:15:33.860+08:00,0.48476287722587585,-2.265082597732544,0.19999992847442627,-1.374670147895813,-3.924074411392212,-67.9524154663086
1791627334086795040,1791627334049725568,2026-10-10T18:15:34.086+08:00,0.48058369755744934,-2.262157917022705,0.18999993801116943,-0.8212642669677734,-3.9285800457000732,-70.3530502319336
1791627334287196448,1791627334256770944,2026-10-10T18:15:34.287+08:00,0.47838425636291504,-2.2560126781463623,0.18999993801116943,-0.12873898446559906,-3.955571413040161,-73.04528045654297
1791627334519662496,1791627334515026528,2026-10-10T18:15:34.519+08:00,0.4762651026248932,-2.247182846069336,0.1799999475479126,0.150778666138649,-4.023998260498047,-75.87364196777344
1791627334719823264,1791627334715668320,2026-10-10T18:15:34.719+08:00,0.4739982783794403,-2.2393698692321777,0.18999993801116943,-0.02112364023923874,-4.0850830078125,-77.72486114501953
1791627334953219808,1791627334947894880,2026-10-10T18:15:34.953+08:00,0.4719682037830353,-2.230543613433838,0.1799999475479126,-0.33790042996406555,-4.155116558074951,-79.41954040527344
1791627335187183936,1791627335147664544,2026-10-10T18:15:35.187+08:00,0.47080928087234497,-2.2216625213623047,0.1799999475479126,-0.6493600606918335,-4.20785665512085,-80.64215087890625
1791627335419824160,1791627335408942912,2026-10-10T18:15:35.419+08:00,0.4696508049964905,-2.208477735519409,0.1799999475479126,-0.9530681371688843,-4.283388614654541,-81.86355590820312
1791627335619920320,1791627335613061504,2026-10-10T18:15:35.619+08:00,0.4685828387737274,-2.196428060531616,0.18999993801116943,-1.0481513738632202,-4.340023517608643,-82.62825775146484
1791627335852964480,1791627335851002368,2026-10-10T18:15:35.852+08:00,0.4679178297519684,-2.1832714080810547,0.18999993801116943,-0.9822921752929688,-4.395808696746826,-83.23286437988281
1791627336053848768,1791627336048896736,2026-10-10T18:15:36.053+08:00,0.4676702320575714,-2.1709673404693604,0.18999993801116943,-0.9178699851036072,-4.439953804016113,-83.66584777832031
1791627336286703904,1791627336249868992,2026-10-10T18:15:36.286+08:00,0.46648821234703064,-2.1583597660064697,0.18999993801116943,-0.8803972005844116,-4.4449052810668945,-84.00898742675781
1791627336519973888,1791627336508523008,2026-10-10T18:15:36.519+08:00,0.46554985642433167,-2.14107084274292,0.21000003814697266,-0.7949502468109131,-4.413307189941406,-84.34249114990234
1791627336752673152,1791627336741749824,2026-10-10T18:15:36.752+08:00,0.46544843912124634,-2.1250863075256348,0.21000003814697266,-0.7860589623451233,-4.37366247177124,-84.5528793334961
1791627336952718688,1791627336946104768,2026-10-10T18:15:36.952+08:00,0.4657655358314514,-2.1118407249450684,0.2200000286102295,-0.8918198347091675,-4.317839622497559,-84.67919158935547
1791627337155701088,1791627337152765440,2026-10-10T18:15:37.155+08:00,0.46543601155281067,-2.097104072570801,0.2200000286102295,-1.1226967573165894,-4.229194641113281,-84.7882308959961
1791627337387204992,1791627337368200576,2026-10-10T18:15:37.387+08:00,0.4638756811618805,-2.0836145877838135,0.23000001907348633,-1.273228406906128,-4.147934913635254,-84.90633392333984
1791627337619711200,1791627337606177312,2026-10-10T18:15:37.619+08:00,0.4633948504924774,-2.066654682159424,0.23000001907348633,-1.2366831302642822,-4.048270225524902,-85.02359008789062
1791627337853187520,1791627337834638592,2026-10-10T18:15:37.853+08:00,0.4644724428653717,-2.048943281173706,0.24000000953674316,-1.1987451314926147,-3.9106462001800537,-85.05298614501953
1791627338086327936,1791627338073813184,2026-10-10T18:15:38.086+08:00,0.4643559455871582,-2.03053617477417,0.24000000953674316,-1.3143876791000366,-3.7908754348754883,-85.04303741455078
1791627338319614944,1791627338274563488,2026-10-10T18:15:38.319+08:00,0.4636786878108978,-2.0144965648651123,0.24000000953674316,-1.4033044576644897,-3.7361481189727783,-85.02603149414062
1791627338519627808,1791627338505245120,2026-10-10T18:15:38.519+08:00,0.4646013677120209,-1.9958140850067139,0.24000000953674316,-1.4140336513519287,-3.698840618133545,-85.02098083496094
1791627338719643392,1791627338708152960,2026-10-10T18:15:38.719+08:00,0.46455833315849304,-1.979257345199585,0.25,-1.4110027551651,-3.6675119400024414,-84.97718811035156
1791627338920225632,1791627338904307456,2026-10-10T18:15:38.920+08:00,0.46314358711242676,-1.9669994115829468,0.25999999046325684,-1.432497262954712,-3.6646454334259033,-84.91380310058594
1791627339153295424,1791627339145053920,2026-10-10T18:15:39.153+08:00,0.46131664514541626,-1.9569374322891235,0.25,-1.3597471714019775,-3.7067136764526367,-84.83207702636719
1791627339386692544,1791627339362796160,2026-10-10T18:15:39.386+08:00,0.4602758288383484,-1.9515106678009033,0.25,-1.2083637714385986,-3.7853925228118896,-84.75012969970703
1791627339586706944,1791627339564795328,2026-10-10T18:15:39.586+08:00,0.4607902467250824,-1.9512237310409546,0.25999999046325684,-0.8087526559829712,-3.894990921020508,-84.67591094970703
1791627339819621024,1791627339802373728,2026-10-10T18:15:39.819+08:00,0.4755028486251831,-1.9563206434249878,0.25999999046325684,0.11656259745359421,-4.1704511642456055,-84.6795883178711
1791627340020436992,1791627340008089312,2026-10-10T18:15:40.020+08:00,0.48836562037467957,-1.9627881050109863,0.25,0.2908370792865753,-4.540741920471191,-84.67216491699219
1791627340220595072,1791627340218610624,2026-10-10T18:15:40.220+08:00,0.4948447346687317,-1.9718445539474487,0.25,-0.46831074357032776,-4.86060905456543,-84.56611633300781
1791627340453489376,1791627340435408352,2026-10-10T18:15:40.453+08:00,0.49774429202079773,-1.9824246168136597,0.25,-1.5291682481765747,-4.922443389892578,-84.4406967163086
1791627340686889600,1791627340680487392,2026-10-10T18:15:40.686+08:00,0.4997650980949402,-1.9941333532333374,0.25,-2.3194308280944824,-4.6948394775390625,-84.42305755615234
1791627340920573920,1791627340919164960,2026-10-10T18:15:40.920+08:00,0.5021780729293823,-2.0049543380737305,0.25,-2.365663528442383,-4.233938694000244,-84.47469329833984
1791627341153213824,1791627341147456480,2026-10-10T18:15:41.153+08:00,0.5041273832321167,-2.0141875743865967,0.25,-1.9281747341156006,-3.7070748805999756,-84.51878356933594
1791627341386823456,1791627341366238848,2026-10-10T18:15:41.386+08:00,0.5049026012420654,-2.0215718746185303,0.25,-1.3432825803756714,-3.2131431102752686,-84.60186004638672
1791627373994682336,1791627373945007712,2026-10-10T18:16:13.994+08:00,0.0,0.0,0.0,0.0,0.0,0.0
1791627374227665312,1791627373945007712,2026-10-10T18:16:14.227+08:00,0.0,0.0,0.0,0.0,0.0,0.0
1791627374427792832,1791627373945007712,2026-10-10T18:16:14.427+08:00,0.0,0.0,0.0,0.0,0.0,0.0
1791627374660946592,1791627373945007712,2026-10-10T18:16:14.660+08:00,0.0,0.0,0.0,0.0,0.0,0.0
1791627374986466688,1791627373945007712,2026-10-10T18:16:14.986+08:00,0.0,0.0,0.0,0.0,0.0,0.0
1791627375194644448,1791627373945007712,2026-10-10T18:16:15.194+08:00,0.0,0.0,0.0,0.0,0.0,0.0
1791627375427398208,1791627373945007712,2026-10-10T18:16:15.427+08:00,0.0,0.0,0.0,0.0,0.0,0.0
1791627375628533120,1791627373945007712,2026-10-10T18:16:15.628+08:00,0.0,0.0,0.0,0.0,0.0,0.0
1791627375860771136,1791627373945007712,2026-10-10T18:16:15.860+08:00,0.0,0.0,0.0,0.0,0.0,0.0
1791627376060919392,1791627373945007712,2026-10-10T18:16:16.060+08:00,0.0,0.0,0.0,0.0,0.0,0.0
1791627376261063296,1791627373945007712,2026-10-10T18:16:16.261+08:00,0.0,0.0,0.0,0.0,0.0,0.0
1791627376494394272,1791627373945007712,2026-10-10T18:16:16.494+08:00,0.0,0.0,0.0,0.0,0.0,0.0
1791627376727857152,1791627373945007712,2026-10-10T18:16:16.727+08:00,0.0,0.0,0.0,0.0,0.0,0.0
1791627376960713664,1791627373945007712,2026-10-10T18:16:16.960+08:00,0.0,0.0,0.0,0.0,0.0,0.0
1791627377185375008,1791627377180589088,2026-10-10T18:16:17.185+08:00,0.0,0.0,0.0,2.841113328933716,-2.6127398014068604,0.0
1791627377394211584,1791627377363637408,2026-10-10T18:16:17.394+08:00,0.0011952740605920553,0.0006448797066695988,0.0,2.891470193862915,-2.5857789516448975,0.136897474527359
1791627377626960256,1791627377603395776,2026-10-10T18:16:17.626+08:00,0.0025621780660003424,0.0009952172404155135,0.0,2.9430124759674072,-2.6542930603027344,0.25001224875450134
1791627377833181120,1791627377807946496,2026-10-10T18:16:17.833+08:00,0.003000713651999831,0.0010106286499649286,0.0,2.9434444904327393,-2.750483989715576,0.30120450258255005
1791627378060515776,1791627378046225696,2026-10-10T18:16:18.060+08:00,0.0032678870484232903,-3.928867954527959e-06,0.0,3.0900800228118896,-2.833439350128174,0.30720824003219604
1791627378261350624,1791627378247539456,2026-10-10T18:16:18.261+08:00,0.003697699634358287,-0.0009726306307129562,0.0,3.201183319091797,-2.836519956588745,0.3045649528503418
1791627378461645888,1791627378439214560,2026-10-10T18:16:18.461+08:00,0.004032151773571968,-0.0019168470753356814,0.0,3.285230875015259,-2.782689332962036,0.29158759117126465
1791627378694202880,1791627378676729024,2026-10-10T18:16:18.694+08:00,0.0036715667229145765,-0.003245775820687413,0.0,3.547804117202759,-2.6025755405426025,-0.7375169992446899
1791627378927157856,1791627378907380416,2026-10-10T18:16:18.927+08:00,0.002802897710353136,-0.007293185219168663,0.0,3.780541181564331,-2.014478921890259,-6.9195756912231445
1791627379160416736,1791627379144746112,2026-10-10T18:16:19.160+08:00,0.0020331284031271935,-0.012709778733551502,-0.009999990463256836,3.5664732456207275,-1.225141167640686,-17.462867736816406
1791627379360799808,1791627379335863072,2026-10-10T18:16:19.360+08:00,0.0025201376993209124,-0.014247934333980083,-0.019999980926513672,2.876096248626709,-0.7829689383506775,-26.89913558959961
1791627379594943488,1791627379564750144,2026-10-10T18:16:19.594+08:00,0.001672029378823936,-0.013053640723228455,-0.009999990463256836,1.7647476196289062,-0.667071521282196,-36.68225860595703
1791627379827832320,1791627379796807296,2026-10-10T18:16:19.827+08:00,0.0007219133549369872,-0.007616202812641859,-0.009999990463256836,0.5780826807022095,-1.0520793199539185,-45.990909576416016
1791627380027884128,1791627379996493984,2026-10-10T18:16:20.027+08:00,0.00020769477123394608,-0.0018697563791647553,-0.019999980926513672,-0.25466299057006836,-1.6909780502319336,-52.44051742553711
1791627380260807456,1791627380232637376,2026-10-10T18:16:20.260+08:00,-0.00017466394638177007,0.004902091808617115,-0.019999980926513672,-0.8145577311515808,-2.5859107971191406,-58.75293731689453
1791627380494047232,1791627380466378688,2026-10-10T18:16:20.494+08:00,-5.8219247875967994e-05,0.009406116791069508,-0.019999980926513672,-0.9394254088401794,-3.1964285373687744,-63.344825744628906
1791627380694115232,1791627380669787552,2026-10-10T18:16:20.694+08:00,-0.000405992817832157,0.012182221747934818,-0.019999980926513672,-0.8524945974349976,-3.5148251056671143,-66.71022033691406
1791627380894839680,1791627380870755008,2026-10-10T18:16:20.894+08:00,-0.0005391163867898285,0.014574416913092136,-0.009999990463256836,-0.569561779499054,-3.732360363006592,-69.7067642211914
1791627381127530880,1791627381101688512,2026-10-10T18:16:21.127+08:00,-0.0004229310725349933,0.01620546355843544,-0.009999990463256836,-0.5344421863555908,-3.8536741733551025,-72.01593017578125
1791627381360704032,1791627381332630976,2026-10-10T18:16:21.360+08:00,-0.0004618195234797895,0.017436493188142776,-0.009999990463256836,-0.5734161734580994,-3.8799078464508057,-73.91531372070312
1791627381560988416,1791627381536798560,2026-10-10T18:16:21.560+08:00,-5.138153210282326e-05,0.017987079918384552,-0.009999990463256836,-0.5504448413848877,-3.824345827102661,-75.1216812133789
1791627381793680288,1791627381775927456,2026-10-10T18:16:21.793+08:00,0.0030273771844804287,0.019645852968096733,-0.009999990463256836,-0.14189597964286804,-3.685506582260132,-76.36841583251953
1791627381996347040,1791627381984580640,2026-10-10T18:16:21.996+08:00,0.018022285774350166,0.022079771384596825,0.009999990463256836,0.5953995585441589,-3.7248146533966064,-77.2044448852539
1791627382227263424,1791627382206579808,2026-10-10T18:16:22.227+08:00,0.03925806283950806,0.02066729962825775,0.009999990463256836,1.0504820346832275,-4.115904808044434,-78.0196762084961
1791627382427440768,1791627382425229632,2026-10-10T18:16:22.427+08:00,0.05072757974267006,0.01595553755760193,0.009999990463256836,0.5910940170288086,-4.653380870819092,-78.5726547241211
1791627382661189184,1791627382633569824,2026-10-10T18:16:22.661+08:00,0.05687346309423447,0.008148775435984135,0.009999990463256836,-0.24856029450893402,-5.076205253601074,-78.86556243896484
1791627382893583200,1791627382878665216,2026-10-10T18:16:22.893+08:00,0.061137981712818146,-0.0015010101487860084,0.009999990463256836,-0.925531268119812,-5.47745418548584,-79.06949615478516
1791627383094451648,1791627383073856960,2026-10-10T18:16:23.094+08:00,0.06410419195890427,-0.010213688015937805,0.019999980926513672,-1.1368365287780762,-5.691205024719238,-79.1710205078125
1791627383294863680,1791627383276943872,2026-10-10T18:16:23.294+08:00,0.06665252149105072,-0.020184006541967392,0.019999980926513672,-1.1626847982406616,-5.730573654174805,-79.22620391845703
1791627383528539776,1791627383499566400,2026-10-10T18:16:23.528+08:00,0.0673159509897232,-0.03305872529745102,0.019999980926513672,-1.0823594331741333,-5.632602691650391,-79.25922393798828
1791627383760308704,1791627383738415456,2026-10-10T18:16:23.760+08:00,0.06807921081781387,-0.048077020794153214,0.029999971389770508,-0.8168541193008423,-5.421142101287842,-79.31634521484375
1791627383961072352,1791627383934926944,2026-10-10T18:16:23.961+08:00,0.06874298304319382,-0.06077097728848457,0.029999971389770508,-0.621138334274292,-5.137307167053223,-79.35487365722656
1791627384194140832,1791627384171869856,2026-10-10T18:16:24.194+08:00,0.06869791448116302,-0.07779642939567566,0.04999995231628418,-0.553105354309082,-4.783556938171387,-79.43643951416016
1791627384427779136,1791627384404685920,2026-10-10T18:16:24.427+08:00,0.06883767992258072,-0.09389990568161011,0.039999961853027344,-0.7155799865722656,-4.532230377197266,-79.49990844726562
1791627384660317216,1791627384638369696,2026-10-10T18:16:24.660+08:00,0.06827063113451004,-0.11325317621231079,0.039999961853027344,-1.0045758485794067,-4.243479251861572,-79.58248138427734
1791627384861153216,1791627384839874752,2026-10-10T18:16:24.861+08:00,0.06752089411020279,-0.13005350530147552,0.04999995231628418,-1.0716426372528076,-4.053189277648926,-79.66223907470703
1791627385094195904,1791627385083715616,2026-10-10T18:16:25.094+08:00,0.06841130554676056,-0.15026237070560455,0.039999961853027344,-0.9086509943008423,-3.9672718048095703,-79.72109985351562
1791627385327696672,1791627385280088096,2026-10-10T18:16:25.327+08:00,0.06888357549905777,-0.16802819073200226,0.04999995231628418,-0.6996435523033142,-3.9776546955108643,-79.72770690917969
1791627385527820384,1791627385507100800,2026-10-10T18:16:25.527+08:00,0.06888321042060852,-0.18875913321971893,0.04999995231628418,-0.5692978501319885,-4.055481910705566,-79.73436737060547
1791627385761127360,1791627385748020800,2026-10-10T18:16:25.761+08:00,0.06968561559915543,-0.21011865139007568,0.04999995231628418,-0.5856643915176392,-4.245911598205566,-79.71378326416016
1791627385994166208,1791627385977637152,2026-10-10T18:16:25.994+08:00,0.06815004348754883,-0.2328924536705017,0.04999995231628418,-0.6755731105804443,-4.489530563354492,-79.72003173828125
1791627386227237440,1791627386218976960,2026-10-10T18:16:26.227+08:00,0.06781052052974701,-0.25684109330177307,0.04999995231628418,-0.5963985323905945,-4.687097549438477,-79.73789978027344
1791627386427717568,1791627386401729344,2026-10-10T18:16:26.427+08:00,0.06870146095752716,-0.2758367359638214,0.04999995231628418,-0.5397146344184875,-4.804131507873535,-79.69602966308594
1791627386661157216,1791627386635791936,2026-10-10T18:16:26.661+08:00,0.06982030719518661,-0.30159059166908264,0.039999961853027344,-0.6287657618522644,-4.911466598510742,-79.65643310546875
1791627386861563136,1791627386834626880,2026-10-10T18:16:26.861+08:00,0.0699048638343811,-0.32272839546203613,0.04999995231628418,-0.739022970199585,-4.9552130699157715,-79.64094543457031
1791627387094543328,1791627387069230112,2026-10-10T18:16:27.094+08:00,0.0687091052532196,-0.34649723768234253,0.04999995231628418,-0.777562141418457,-5.0026535987854,-79.62190246582031
1791627387327026048,1791627387266561632,2026-10-10T18:16:27.327+08:00,0.06780782341957092,-0.36826857924461365,0.04999995231628418,-0.6763155460357666,-5.0100998878479,-79.63660430908203
1791627387527758688,1791627387497242080,2026-10-10T18:16:27.527+08:00,0.06888198107481003,-0.39403435587882996,0.04999995231628418,-0.43901386857032776,-4.9307146072387695,-79.649658203125
1791627387760941344,1791627387735956032,2026-10-10T18:16:27.760+08:00,0.0688672661781311,-0.42080262303352356,0.04999995231628418,-0.3881526589393616,-4.8147735595703125,-79.6619873046875
1791627387994147104,1791627387974679456,2026-10-10T18:16:27.994+08:00,0.06743893772363663,-0.4485594928264618,0.04999995231628418,-0.5511088371276855,-4.7366838455200195,-79.85132598876953
1791627388194447936,1791627388170744960,2026-10-10T18:16:28.194+08:00,0.06883101910352707,-0.47059816122055054,0.04999995231628418,-0.5850940346717834,-4.7191009521484375,-80.57948303222656
1791627388395406880,1791627388364425408,2026-10-10T18:16:28.395+08:00,0.08010636270046234,-0.4863233268260956,0.059999942779541016,-0.12834428250789642,-4.862027168273926,-80.90340423583984
1791627388627936544,1791627388598413792,2026-10-10T18:16:28.627+08:00,0.10564273595809937,-0.5091921091079712,0.06999993324279785,1.1850154399871826,-5.472413063049316,-80.89997100830078
1791627388860848416,1791627388835566144,2026-10-10T18:16:28.860+08:00,0.13460609316825867,-0.5311434268951416,0.059999942779541016,2.3621926307678223,-6.431206226348877,-80.47969818115234
1791627389093625152,1791627389075757184,2026-10-10T18:16:29.093+08:00,0.16370101273059845,-0.5536934733390808,0.06999993324279785,2.2247087955474854,-7.301061630249023,-80.0483627319336
1791627389294606528,1791627389276379968,2026-10-10T18:16:29.294+08:00,0.17688924074172974,-0.5739246010780334,0.06999993324279785,0.8421697020530701,-7.70258092880249,-79.74148559570312
1791627389527716704,1791627389495732064,2026-10-10T18:16:29.527+08:00,0.1815679669380188,-0.5980395674705505,0.06999993324279785,-0.8996412754058838,-7.7504801750183105,-79.5490493774414
1791627389760442976,1791627389733628032,2026-10-10T18:16:29.760+08:00,0.18501661717891693,-0.6259231567382812,0.06999993324279785,-1.8737001419067383,-7.519769191741943,-79.43659210205078
1791627389961502944,1791627389935956608,2026-10-10T18:16:29.961+08:00,0.18730981647968292,-0.6491734981536865,0.08000004291534424,-2.0015153884887695,-7.213879108428955,-79.42185974121094
1791627390163228032,1791627390141841312,2026-10-10T18:16:30.163+08:00,0.1882542371749878,-0.6728260517120361,0.08000004291534424,-1.7522355318069458,-6.832185745239258,-79.4557113647461
1791627390394021280,1791627390364467712,2026-10-10T18:16:30.394+08:00,0.18851175904273987,-0.6980705857276917,0.11000001430511475,-1.238876223564148,-6.3468451499938965,-79.56281280517578
1791627390594669664,1791627390570864032,2026-10-10T18:16:30.594+08:00,0.18797360360622406,-0.7233065366744995,0.10000002384185791,-0.8096599578857422,-5.865305423736572,-79.67730712890625
1791627390827093248,1791627390809552480,2026-10-10T18:16:30.827+08:00,0.1861237734556198,-0.7503036856651306,0.11000001430511475,-0.639750063419342,-5.436663627624512,-79.7938232421875
1791627391027859808,1791627391014616448,2026-10-10T18:16:31.027+08:00,0.1865997612476349,-0.7770323753356934,0.11000001430511475,-0.6594040393829346,-5.069919586181641,-79.84495544433594
1791627391260666496,1791627391248359680,2026-10-10T18:16:31.260+08:00,0.18667592108249664,-0.804737389087677,0.11000001430511475,-0.9492636322975159,-4.756168365478516,-79.82939147949219
1791627391460978560,1791627391426835424,2026-10-10T18:16:31.460+08:00,0.18619771301746368,-0.8263875842094421,0.12000000476837158,-1.268791675567627,-4.5568528175354,-79.85377502441406
1791627391693616320,1791627391660974048,2026-10-10T18:16:31.693+08:00,0.18518200516700745,-0.854244589805603,0.12999999523162842,-1.5293025970458984,-4.407557964324951,-79.89501953125
1791627391894477888,1791627391862414912,2026-10-10T18:16:31.894+08:00,0.18414926528930664,-0.8776713013648987,0.12000000476837158,-1.457079291343689,-4.360233306884766,-79.93986511230469
1791627392094540384,1791627392066554304,2026-10-10T18:16:32.094+08:00,0.18361376225948334,-0.901038646697998,0.12000000476837158,-1.2746776342391968,-4.347029685974121,-79.96424102783203
1791627392327686720,1791627392275813152,2026-10-10T18:16:32.327+08:00,0.18312785029411316,-0.9267269968986511,0.12999999523162842,-1.026595950126648,-4.3448686599731445,-79.9935302734375
1791627392560575648,1791627392539714464,2026-10-10T18:16:32.560+08:00,0.18267421424388885,-0.9574854373931885,0.12999999523162842,-0.77027428150177,-4.318554878234863,-80.00360870361328
1791627392794329952,1791627392770422784,2026-10-10T18:16:32.794+08:00,0.1823209673166275,-0.9863566160202026,0.1499999761581421,-0.6308884024620056,-4.291951656341553,-80.00888061523438
1791627393028132448,1791627393008776320,2026-10-10T18:16:33.028+08:00,0.18247580528259277,-1.0129635334014893,0.1499999761581421,-0.6138163805007935,-4.258556842803955,-80.00862121582031
1791627393260377376,1791627393248036160,2026-10-10T18:16:33.260+08:00,0.1837712824344635,-1.041334867477417,0.1499999761581421,-0.7447222471237183,-4.146422863006592,-80.02567291259766
1791627393460803680,1791627393426546112,2026-10-10T18:16:33.460+08:00,0.18514923751354218,-1.0590729713439941,0.1499999761581421,-0.6185289621353149,-3.993184804916382,-79.7730484008789
1791627393661153728,1791627393628501888,2026-10-10T18:16:33.661+08:00,0.1956670880317688,-1.0742723941802979,0.15999996662139893,0.12650544941425323,-3.9345881938934326,-79.35493469238281
1791627393861669600,1791627393835616608,2026-10-10T18:16:33.861+08:00,0.21341411769390106,-1.0920963287353516,0.1799999475479126,1.4027146100997925,-4.317116737365723,-78.94377136230469
1791627394094401920,1791627394066430304,2026-10-10T18:16:34.094+08:00,0.238728329539299,-1.1121021509170532,0.1799999475479126,2.681694746017456,-5.138927936553955,-78.50939178466797
1791627394327432800,1791627394275824832,2026-10-10T18:16:34.327+08:00,0.2726910710334778,-1.1322203874588013,0.16999995708465576,3.1338093280792236,-5.873660564422607,-78.14025115966797
1791627394527550464,1791627394505429344,2026-10-10T18:16:34.527+08:00,0.2971153259277344,-1.154555082321167,0.16999995708465576,1.864120602607727,-6.2770771980285645,-77.94679260253906
1791627394761015552,1791627394741701408,2026-10-10T18:16:34.761+08:00,0.31255096197128296,-1.1835405826568604,0.15999996662139893,-0.9596943259239197,-6.343031883239746,-77.85580444335938
1791627394993701760,1791627394976418272,2026-10-10T18:16:34.993+08:00,0.31893011927604675,-1.2144016027450562,0.15999996662139893,-3.358384609222412,-6.116760730743408,-77.8706283569336
1791627395194628096,1791627395177471424,2026-10-10T18:16:35.194+08:00,0.3214426636695862,-1.2405683994293213,0.15999996662139893,-4.086220741271973,-5.8913373947143555,-78.01946258544922
1791627395427518656,1791627395396464704,2026-10-10T18:16:35.427+08:00,0.32309553027153015,-1.2700992822647095,0.16999995708465576,-3.6880476474761963,-5.684736728668213,-78.23023986816406
1791627395627547616,1791627395597469728,2026-10-10T18:16:35.627+08:00,0.3227942883968353,-1.2959480285644531,0.18999993801116943,-2.722522020339966,-5.517520427703857,-78.43441772460938
1791627395827838656,1791627395801436416,2026-10-10T18:16:35.827+08:00,0.3231303095817566,-1.3214025497436523,0.18999993801116943,-1.6852149963378906,-5.360597133636475,-78.57118225097656
1791627396028274976,1791627395997296864,2026-10-10T18:16:36.028+08:00,0.323395311832428,-1.3470138311386108,0.18999993801116943,-1.0090309381484985,-5.248162269592285,-78.65628814697266
1791627396260885568,1791627396238408576,2026-10-10T18:16:36.260+08:00,0.32220658659935,-1.3788946866989136,0.18999993801116943,-0.7952150106430054,-5.162933826446533,-78.7421646118164
1791627396460994016,1791627396430455200,2026-10-10T18:16:36.460+08:00,0.32178473472595215,-1.4066158533096313,0.1799999475479126,-1.0127171277999878,-5.094040870666504,-78.81255340576172
1791627396693818912,1791627396664073248,2026-10-10T18:16:36.693+08:00,0.32035964727401733,-1.4372228384017944,0.18999993801116943,-1.4583191871643066,-5.003779411315918,-78.89263153076172
1791627396927555200,1791627396897923040,2026-10-10T18:16:36.927+08:00,0.31767964363098145,-1.4676053524017334,0.20000004768371582,-1.7946664094924927,-4.898918151855469,-79.02527618408203
1791627397127747168,1791627397105577472,2026-10-10T18:16:37.127+08:00,0.31702256202697754,-1.4933885335922241,0.18999993801116943,-1.713453769683838,-4.7839508056640625,-79.07633209228516
1791627397327921664,1791627397280723744,2026-10-10T18:16:37.327+08:00,0.31736722588539124,-1.5163213014602661,0.20000004768371582,-1.4658761024475098,-4.6433587074279785,-79.04379272460938
1791627397528253376,1791627397505647520,2026-10-10T18:16:37.528+08:00,0.3166053593158722,-1.5426024198532104,0.20000004768371582,-1.1185110807418823,-4.4175639152526855,-79.06792449951172
1791627397760473344,1791627397747055712,2026-10-10T18:16:37.760+08:00,0.3177545666694641,-1.5725758075714111,0.20000004768371582,-0.7784692049026489,-4.153837203979492,-79.05726623535156
1791627397960638912,1791627397944605312,2026-10-10T18:16:37.960+08:00,0.3178997039794922,-1.597542643547058,0.20000004768371582,-0.7143911719322205,-3.9843263626098633,-79.03534698486328
1791627398160712448,1791627398145574240,2026-10-10T18:16:38.160+08:00,0.3177398443222046,-1.6224827766418457,0.20000004768371582,-0.8090670108795166,-3.8871819972991943,-78.94039916992188
1791627398360789120,1791627398333252640,2026-10-10T18:16:38.360+08:00,0.3187768757343292,-1.6456025838851929,0.20000004768371582,-0.7028294801712036,-3.814936876296997,-78.59007263183594
1791627398594270400,1791627398567574912,2026-10-10T18:16:38.594+08:00,0.327124685049057,-1.665470838546753,0.20000004768371582,-0.22946015000343323,-3.7793643474578857,-78.28224182128906
1791627398828299680,1791627398802958336,2026-10-10T18:16:38.828+08:00,0.3383329212665558,-1.6902666091918945,0.20000004768371582,-0.04954301193356514,-3.8283283710479736,-78.41168212890625
1791627399061064896,1791627399038498656,2026-10-10T18:16:39.061+08:00,0.3417898714542389,-1.7197649478912354,0.20000004768371582,-0.43949857354164124,-4.037040710449219,-79.7549819946289
1791627399261234080,1791627399238991168,2026-10-10T18:16:39.261+08:00,0.3427206873893738,-1.7430802583694458,0.18999993801116943,-0.7840865850448608,-4.219265937805176,-81.24301147460938
1791627399495066272,1791627399465751008,2026-10-10T18:16:39.495+08:00,0.3480236828327179,-1.7662638425827026,0.20000004768371582,-0.9046466946601868,-4.272049427032471,-82.81344604492188
1791627399727398144,1791627399700007648,2026-10-10T18:16:39.727+08:00,0.354120135307312,-1.788621187210083,0.20000004768371582,-1.0375372171401978,-4.224644184112549,-84.27423858642578
1791627399960339584,1791627399945773440,2026-10-10T18:16:39.960+08:00,0.35525834560394287,-1.807979702949524,0.20000004768371582,-1.2873499393463135,-4.146344184875488,-85.53239440917969
1791627400161012128,1791627400145334208,2026-10-10T18:16:40.161+08:00,0.3550119698047638,-1.819440245628357,0.20000004768371582,-1.3190025091171265,-4.0214524269104,-86.22737121582031
1791627400361018560,1791627400334995040,2026-10-10T18:16:40.361+08:00,0.3572675287723541,-1.8302788734436035,0.21000003814697266,-1.1857786178588867,-3.861910581588745,-86.52017974853516
1791627400594849664,1791627400565599872,2026-10-10T18:16:40.594+08:00,0.36122366786003113,-1.8421297073364258,0.21000003814697266,-1.0105334520339966,-3.6600234508514404,-86.4675064086914
1791627400827687104,1791627400806052800,2026-10-10T18:16:40.827+08:00,0.3628784716129303,-1.8529561758041382,0.21000003814697266,-1.2080129384994507,-3.486548662185669,-86.23832702636719
1791627401035111520,1791627401014289760,2026-10-10T18:16:41.035+08:00,0.3621307611465454,-1.8593655824661255,0.21000003814697266,-1.3422517776489258,-3.3979952335357666,-86.06383514404297
1791627401260712960,1791627401245522624,2026-10-10T18:16:41.260+08:00,0.37190595269203186,-1.8671021461486816,0.21000003814697266,-0.5883334875106812,-3.3507003784179688,-85.85482788085938
1791627401494290432,1791627401465122432,2026-10-10T18:16:41.494+08:00,0.3947858512401581,-1.8768080472946167,0.2200000286102295,0.7734863758087158,-3.565936326980591,-85.66590881347656
1791627401727698272,1791627401703725920,2026-10-10T18:16:41.727+08:00,0.4199506640434265,-1.888656497001648,0.2200000286102295,1.4762908220291138,-4.131978511810303,-85.48060607910156
1791627401960359808,1791627401937950432,2026-10-10T18:16:41.960+08:00,0.4337293207645416,-1.8981080055236816,0.21000003814697266,0.6028605699539185,-4.5571513175964355,-85.31881713867188
1791627402160402336,1791627402144226688,2026-10-10T18:16:42.160+08:00,0.43991270661354065,-1.9033948183059692,0.18999993801116943,-0.8708283305168152,-4.57840633392334,-85.20750427246094
1791627402361553984,1791627402327050816,2026-10-10T18:16:42.361+08:00,0.44384875893592834,-1.9070848226547241,0.18999993801116943,-2.15483021736145,-4.374812126159668,-85.12708282470703
1791627402564952544,1791627402530522880,2026-10-10T18:16:42.564+08:00,0.4468749463558197,-1.9098423719406128,0.18999993801116943,-3.039393901824951,-4.004083633422852,-85.05374908447266
1791627402794593696,1791627402769534112,2026-10-10T18:16:42.794+08:00,0.4480290710926056,-1.9106178283691406,0.18999993801116943,-2.885209560394287,-3.655952215194702,-85.02145385742188
1791627403027051008,1791627403004107584,2026-10-10T18:16:43.027+08:00,0.4482206106185913,-1.9099544286727905,0.21000003814697266,-1.8084582090377808,-3.3738248348236084,-85.04523468017578
1791627403227626272,1791627403209885632,2026-10-10T18:16:43.227+08:00,0.447818785905838,-1.9077526330947876,0.2200000286102295,-0.669867217540741,-3.218356132507324,-85.04434204101562
1791627403461042080,1791627403433589344,2026-10-10T18:16:43.461+08:00,0.4472678005695343,-1.904368281364441,0.21000003814697266,0.020346418023109436,-3.1682465076446533,-85.00630950927734
1791627403694071840,1791627403670654368,2026-10-10T18:16:43.694+08:00,0.4461481273174286,-1.8999251127243042,0.21000003814697266,0.09344292432069778,-3.212494373321533,-84.94615173339844
1791627403894202336,1791627403873273920,2026-10-10T18:16:43.894+08:00,0.4451789855957031,-1.8957401514053345,0.21000003814697266,-0.3068869709968567,-3.3017659187316895,-84.90886688232422
1791627404094758432,1791627404076418944,2026-10-10T18:16:44.094+08:00,0.4443339407444,-1.8911775350570679,0.21000003814697266,-0.8943052291870117,-3.4101338386535645,-84.88565063476562
1791627404330416320,1791627404278435136,2026-10-10T18:16:44.330+08:00,0.4440360963344574,-1.8861448764801025,0.20000004768371582,-1.4316905736923218,-3.511460065841675,-84.86674499511719
1791627404561887808,1791627404530292544,2026-10-10T18:16:44.561+08:00,0.44308578968048096,-1.88041353225708,0.21000003814697266,-1.795818567276001,-3.6003835201263428,-84.83790588378906
1791627404764413504,1791627404735899424,2026-10-10T18:16:44.764+08:00,0.44171562790870667,-1.8767149448394775,0.21000003814697266,-1.7155392169952393,-3.627077102661133,-84.8124771118164
1791627404994283456,1791627404970463040,2026-10-10T18:16:44.994+08:00,0.44065484404563904,-1.872300386428833,0.21000003814697266,-1.2679667472839355,-3.642407178878784,-84.9193115234375
1791627405227175808,1791627405205133152,2026-10-10T18:16:45.227+08:00,0.4406207203865051,-1.8704990148544312,0.2200000286102295,-0.4334055185317993,-3.693345785140991,-86.11070251464844
1791627405427311584,1791627405399413952,2026-10-10T18:16:45.427+08:00,0.447968989610672,-1.869775652885437,0.23000001907348633,0.6133254766464233,-3.7724509239196777,-86.76203918457031
1791627405627635808,1791627405604538912,2026-10-10T18:16:45.627+08:00,0.46602776646614075,-1.8712563514709473,0.2200000286102295,1.3150488138198853,-3.927500009536743,-86.87588500976562
1791627405861735008,1791627405835176864,2026-10-10T18:16:45.861+08:00,0.480177104473114,-1.875280737876892,0.21000003814697266,0.6234602928161621,-4.286269187927246,-86.58244323730469
1791627406094360640,1791627406075354144,2026-10-10T18:16:46.094+08:00,0.48278358578681946,-1.880605697631836,0.20000004768371582,-1.1077406406402588,-4.500173568725586,-86.11072540283203
1791627406294479200,1791627406276227456,2026-10-10T18:16:46.294+08:00,0.4841744601726532,-1.885552167892456,0.21000003814697266,-2.2109601497650146,-4.452159404754639,-85.72283172607422
1791627406495366752,1791627406474370656,2026-10-10T18:16:46.495+08:00,0.4866544306278229,-1.8904101848602295,0.20000004768371582,-2.7108688354492188,-4.330468654632568,-85.3833999633789
1791627406727677728,1791627406703254688,2026-10-10T18:16:46.727+08:00,0.4871634840965271,-1.895004153251648,0.20000004768371582,-2.6480140686035156,-4.190666198730469,-85.10977172851562
1791627406960445856,1791627406942733088,2026-10-10T18:16:46.960+08:00,0.48708662390708923,-1.8993781805038452,0.21000003814697266,-1.9937140941619873,-4.010185241699219,-84.93638610839844
1791627407160777856,1791627407148766400,2026-10-10T18:16:47.160+08:00,0.487618088722229,-1.902559757232666,0.21000003814697266,-1.1750059127807617,-3.841094732284546,-84.86119842529297
1791627407361607584,1791627407359707104,2026-10-10T18:16:47.361+08:00,0.48873579502105713,-1.90613853931427,0.21000003814697266,-0.23426903784275055,-3.7041115760803223,-84.7889633178711
1791627407593674560,1791627407560857440,2026-10-10T18:16:47.593+08:00,0.4945533275604248,-1.9119101762771606,0.21000003814697266,0.4802470803260803,-3.6533820629119873,-84.76166534423828
1791627407794447168,1791627407771334624,2026-10-10T18:16:47.794+08:00,0.5049629211425781,-1.916762113571167,0.2200000286102295,0.4765259623527527,-3.659008264541626,-84.68061065673828
1791627408027516608,1791627408005221952,2026-10-10T18:16:48.027+08:00,0.5100787281990051,-1.92159903049469,0.21000003814697266,-0.5693749785423279,-3.7061049938201904,-84.55147552490234
1791627408227847392,1791627408206382464,2026-10-10T18:16:48.227+08:00,0.5096967220306396,-1.924274206161499,0.21000003814697266,-1.7381764650344849,-3.7403366565704346,-84.5278549194336
1791627408460412192,1791627408435219200,2026-10-10T18:16:48.460+08:00,0.5093513131141663,-1.925987720489502,0.20000004768371582,-2.4678022861480713,-3.743114471435547,-84.57743072509766
1791627408660915424,1791627408636452832,2026-10-10T18:16:48.660+08:00,0.5103960037231445,-1.9260356426239014,0.21000003814697266,-2.3645172119140625,-3.7259621620178223,-84.6386489868164
1791627408861050336,1791627408840882208,2026-10-10T18:16:48.861+08:00,0.5106791853904724,-1.9252880811691284,0.21000003814697266,-1.9399893283843994,-3.735269069671631,-84.66766357421875
1791627409094363392,1791627409078870464,2026-10-10T18:16:49.094+08:00,0.5101881623268127,-1.9235928058624268,0.21000003814697266,-1.2796261310577393,-3.7873756885528564,-84.71239471435547
1791627409327523392,1791627409276290592,2026-10-10T18:16:49.327+08:00,0.5099759697914124,-1.921574354171753,0.21000003814697266,-0.8004019260406494,-3.842029571533203,-84.75569152832031
1791627409527821600,1791627409498162432,2026-10-10T18:16:49.527+08:00,0.5096617937088013,-1.9187167882919312,0.2200000286102295,-0.5851718783378601,-3.911142110824585,-84.79187774658203
1791627409760877408,1791627409734160800,2026-10-10T18:16:49.760+08:00,0.509106457233429,-1.9151766300201416,0.21000003814697266,-0.7770301699638367,-3.995537281036377,-84.81285858154297
1791627409995840224,1791627409970832544,2026-10-10T18:16:49.995+08:00,0.5089263916015625,-1.9119277000427246,0.2200000286102295,-1.250661849975586,-4.051295757293701,-84.82897186279297
1791627410227017312,1791627410208160640,2026-10-10T18:16:50.227+08:00,0.5088105797767639,-1.9096159934997559,0.21000003814697266,-1.7095478773117065,-4.0468363761901855,-84.83650207519531
1791627410427254112,1791627410407277024,2026-10-10T18:16:50.427+08:00,0.5083624720573425,-1.9079355001449585,0.21000003814697266,-1.9223496913909912,-4.01007604598999,-84.87908172607422
1791627410627269280,1791627410610026752,2026-10-10T18:16:50.627+08:00,0.5079711079597473,-1.9058496952056885,0.21000003814697266,-1.8170815706253052,-3.9597201347351074,-84.92266845703125
1791627410827931968,1791627410815194784,2026-10-10T18:16:50.827+08:00,0.5079923272132874,-1.9037240743637085,0.21000003814697266,-1.5088255405426025,-3.919769525527954,-84.92344665527344
1791627411060431232,1791627411045606528,2026-10-10T18:16:51.060+08:00,0.5083044767379761,-1.9021952152252197,0.2200000286102295,-1.162146806716919,-3.8810834884643555,-84.8838882446289
1791627411297143712,1791627411255597344,2026-10-10T18:16:51.297+08:00,0.5076319575309753,-1.900909185409546,0.21000003814697266,-0.9898560047149658,-3.838113784790039,-84.85608673095703
1791627411527027136,1791627411515876000,2026-10-10T18:16:51.527+08:00,0.5069674253463745,-1.8998055458068848,0.2200000286102295,-0.9807811975479126,-3.7998147010803223,-84.82036590576172
1791627411727233376,1791627411720730752,2026-10-10T18:16:51.727+08:00,0.5080780982971191,-1.8998194932937622,0.2200000286102295,-0.7985816597938538,-3.793774366378784,-84.86215209960938
1791627411960533632,1791627411955155072,2026-10-10T18:16:51.960+08:00,0.5177637338638306,-1.900863528251648,0.2200000286102295,-0.36455634236335754,-3.8205692768096924,-84.8559799194336
1791627412193644864,1791627412154695776,2026-10-10T18:16:52.193+08:00,0.5261473655700684,-1.9011996984481812,0.23000001907348633,-0.41827526688575745,-3.890141010284424,-84.7486801147461
1791627412427300960,1791627412417995072,2026-10-10T18:16:52.427+08:00,0.5287188291549683,-1.9017099142074585,0.21000003814697266,-1.2882835865020752,-3.996772289276123,-84.64324188232422
1791627412660412992,1791627412655222560,2026-10-10T18:16:52.660+08:00,0.5273089408874512,-1.9025455713272095,0.21000003814697266,-1.9354993104934692,-4.068181991577148,-84.79862213134766
1791627412860647936,1791627412857163808,2026-10-10T18:16:52.860+08:00,0.5265428423881531,-1.9034746885299683,0.21000003814697266,-2.093437671661377,-4.07465124130249,-84.80382537841797
1791627413061180384,1791627413022901408,2026-10-10T18:16:53.061+08:00,0.5265865921974182,-1.9038712978363037,0.21000003814697266,-1.9590063095092773,-4.056888580322266,-84.8481674194336
1791627413261859264,1791627413223271648,2026-10-10T18:16:53.261+08:00,0.5275936722755432,-1.9039239883422852,0.21000003814697266,-1.5615437030792236,-4.023864269256592,-84.88460540771484
1791627413493882784,1791627413476373248,2026-10-10T18:16:53.493+08:00,0.5291731953620911,-1.9036623239517212,0.21000003814697266,-1.1151143312454224,-3.993908643722534,-84.88424682617188
1791627413727140192,1791627413713075360,2026-10-10T18:16:53.727+08:00,0.529071569442749,-1.9035370349884033,0.2200000286102295,-1.0544801950454712,-3.9645183086395264,-84.88459014892578
1791627413927350176,1791627413922650368,2026-10-10T18:16:53.927+08:00,0.528853178024292,-1.9033751487731934,0.21000003814697266,-1.149595022201538,-3.934817314147949,-84.89433288574219
1791627414127826624,1791627414125441216,2026-10-10T18:16:54.127+08:00,0.5289420485496521,-1.9033973217010498,0.21000003814697266,-1.2512468099594116,-3.9106814861297607,-85.03192901611328
1791627414360484320,1791627414343973760,2026-10-10T18:16:54.360+08:00,0.5343335270881653,-1.9061005115509033,0.2200000286102295,-0.8133823871612549,-3.909667730331421,-85.35546875
1791627414560760864,1791627414552078208,2026-10-10T18:16:54.560+08:00,0.5532790422439575,-1.9133294820785522,0.2200000286102295,0.1826702505350113,-4.077306747436523,-85.4434585571289
1791627414761691776,1791627414759480064,2026-10-10T18:16:54.761+08:00,0.5716843605041504,-1.9228652715682983,0.2200000286102295,0.7157091498374939,-4.436769962310791,-85.39738464355469
1791627414961823008,1791627414923287136,2026-10-10T18:16:54.961+08:00,0.5821619629859924,-1.9322575330734253,0.21000003814697266,0.4408678710460663,-4.767892837524414,-85.26557159423828
1791627415194115808,1791627415154824640,2026-10-10T18:16:55.194+08:00,0.5898427963256836,-1.9481589794158936,0.21000003814697266,-0.8968982696533203,-5.128496170043945,-84.9620361328125
1791627415394514784,1791627415373112864,2026-10-10T18:16:55.394+08:00,0.594702422618866,-1.9652783870697021,0.20000004768371582,-2.26973557472229,-5.217077732086182,-84.7334213256836
1791627415627604000,1791627415613272416,2026-10-10T18:16:55.627+08:00,0.5962939262390137,-1.984405279159546,0.20000004768371582,-3.2687313556671143,-5.149292469024658,-84.6023178100586
1791627415828029504,1791627415814566208,2026-10-10T18:16:55.828+08:00,0.5962167978286743,-2.0008840560913086,0.20000004768371582,-3.3652923107147217,-5.0105156898498535,-84.54269409179688
1791627416060817440,1791627416044027520,2026-10-10T18:16:56.060+08:00,0.5957382321357727,-2.0203731060028076,0.18999993801116943,-2.767003059387207,-4.757090091705322,-84.58032989501953
1791627416294412416,1791627416283961568,2026-10-10T18:16:56.294+08:00,0.5960220098495483,-2.043438673019409,0.20000004768371582,-1.7177231311798096,-4.437511444091797,-84.70021057128906
1791627416494681568,1791627416468819424,2026-10-10T18:16:56.494+08:00,0.5960389971733093,-2.059709072113037,0.21000003814697266,-1.0340337753295898,-4.240266799926758,-84.79618835449219
1791627416727693920,1791627416701010624,2026-10-10T18:16:56.727+08:00,0.5960686802864075,-2.081103801727295,0.21000003814697266,-0.6027679443359375,-4.044044494628906,-84.92608642578125
1791627416928845632,1791627416901298144,2026-10-10T18:16:56.928+08:00,0.5961838364601135,-2.099576950073242,0.20000004768371582,-0.6712936758995056,-3.9209976196289062,-84.96894836425781
1791627417160953024,1791627417134819424,2026-10-10T18:16:57.160+08:00,0.5955027937889099,-2.1224875450134277,0.20000004768371582,-1.1160310506820679,-3.8312063217163086,-84.97522735595703
1791627417361026528,1791627417358828544,2026-10-10T18:16:57.361+08:00,0.5940927267074585,-2.144489049911499,0.20000004768371582,-1.5984911918640137,-3.8078043460845947,-85.01597595214844
1791627417561098528,1791627417536128224,2026-10-10T18:16:57.561+08:00,0.5939795970916748,-2.162126302719116,0.18999993801116943,-1.8232005834579468,-3.8114473819732666,-85.00115203857422
1791627417793936960,1791627417765959648,2026-10-10T18:16:57.793+08:00,0.5953738689422607,-2.183314323425293,0.20000004768371582,-1.8969924449920654,-3.8416385650634766,-84.96617889404297
1791627417994074720,1791627417966233632,2026-10-10T18:16:57.994+08:00,0.5961981415748596,-2.2020394802093506,0.20000004768371582,-1.8048135042190552,-3.8919899463653564,-84.92091369628906
1791627418226851456,1791627418207517440,2026-10-10T18:16:58.226+08:00,0.5963373184204102,-2.2201085090637207,0.20000004768371582,-1.5180985927581787,-3.9607326984405518,-84.91435241699219
1791627418427660000,1791627418405000192,2026-10-10T18:16:58.427+08:00,0.5981578826904297,-2.23287296295166,0.20000004768371582,-1.2456474304199219,-3.9766969680786133,-84.90664672851562
1791627418660976192,1791627418636123200,2026-10-10T18:16:58.660+08:00,0.6003366708755493,-2.2445993423461914,0.20000004768371582,-1.2140461206436157,-3.919020891189575,-84.82112884521484
1791627418861144864,1791627418840243168,2026-10-10T18:16:58.861+08:00,0.6006631851196289,-2.2519731521606445,0.20000004768371582,-1.4407631158828735,-3.8450589179992676,-84.77557373046875
1791627419093950720,1791627419078176448,2026-10-10T18:16:59.093+08:00,0.6006104946136475,-2.2574715614318848,0.20000004768371582,-1.687757134437561,-3.746762990951538,-84.74960327148438
1791627419327284576,1791627419275957024,2026-10-10T18:16:59.327+08:00,0.6007583737373352,-2.2598133087158203,0.21000003814697266,-1.7220476865768433,-3.6604115962982178,-84.74073791503906
1791627419527492384,1791627419496931392,2026-10-10T18:16:59.527+08:00,0.6008800864219666,-2.2606263160705566,0.21000003814697266,-1.6249462366104126,-3.597750425338745,-84.72303009033203
1791627419760536672,1791627419731677280,2026-10-10T18:16:59.760+08:00,0.6007639765739441,-2.2596077919006348,0.21000003814697266,-1.499840497970581,-3.613025426864624,-84.70547485351562
1791627419960830432,1791627419938115712,2026-10-10T18:16:59.960+08:00,0.6010189056396484,-2.257591962814331,0.20000004768371582,-1.481727123260498,-3.645565986633301,-84.69316101074219
1791627420162652672,1791627420132947360,2026-10-10T18:17:00.162+08:00,0.6013663411140442,-2.2544612884521484,0.21000003814697266,-1.587602972984314,-3.65761399269104,-84.69139862060547
1791627420395131296,1791627420376200416,2026-10-10T18:17:00.395+08:00,0.6003544330596924,-2.250223398208618,0.21000003814697266,-1.8131659030914307,-3.6569409370422363,-84.71278381347656
1791627420628217472,1791627420616041504,2026-10-10T18:17:00.628+08:00,0.600045919418335,-2.2444591522216797,0.21000003814697266,-1.8948564529418945,-3.608490228652954,-84.73417663574219
1791627420860415840,1791627420858670368,2026-10-10T18:17:00.860+08:00,0.5998067855834961,-2.238450050354004,0.21000003814697266,-1.8811343908309937,-3.5241451263427734,-84.77824401855469
1791627421060758784,1791627421029705888,2026-10-10T18:17:01.060+08:00,0.599204421043396,-2.2338221073150635,0.21000003814697266,-1.7817178964614868,-3.470134973526001,-84.80677795410156
1791627421260930720,1791627421229831104,2026-10-10T18:17:01.260+08:00,0.5989558100700378,-2.228630304336548,0.2200000286102295,-1.6199849843978882,-3.4300074577331543,-84.84527587890625
1791627421494054272,1791627421485051392,2026-10-10T18:17:01.494+08:00,0.5993330478668213,-2.2229228019714355,0.21000003814697266,-1.4482848644256592,-3.399761438369751,-84.90218353271484
1791627421727003392,1791627421719600416,2026-10-10T18:17:01.727+08:00,0.5989277362823486,-2.217514753341675,0.21000003814697266,-1.4986666440963745,-3.3722457885742188,-84.87609100341797
1791627422199159616,1791627422059106304,2026-10-10T18:17:02.199+08:00,0.5971817374229431,-2.211897134780884,0.21000003814697266,-1.7112540006637573,-3.3794775009155273,-84.8298110961914
1791627422428659136,1791627422417865088,2026-10-10T18:17:02.428+08:00,0.5977734923362732,-2.2072505950927734,0.2200000286102295,-1.5962923765182495,-3.520070791244507,-84.81925201416016
1791627422660296000,1791627422657799840,2026-10-10T18:17:02.660+08:00,0.597914457321167,-2.205268144607544,0.25,-1.0076267719268799,-3.9335007667541504,-84.78268432617188
1791627422860917440,1791627422856055904,2026-10-10T18:17:02.860+08:00,0.597752571105957,-2.2041609287261963,0.25999999046325684,-0.2727956771850586,-4.499147891998291,-84.80607604980469
1791627423093929632,1791627423067921152,2026-10-10T18:17:03.093+08:00,0.5986639261245728,-2.20291805267334,0.2999999523162842,0.35997089743614197,-5.2508320808410645,-84.77794647216797
1791627423294049920,1791627423276790368,2026-10-10T18:17:03.294+08:00,0.5994535088539124,-2.2024073600769043,0.31999993324279785,0.5932410955429077,-5.968172550201416,-84.69198608398438
1791627423527523776,1791627423506857152,2026-10-10T18:17:03.527+08:00,0.6007070541381836,-2.2010931968688965,0.36000001430511475,0.5993360877037048,-6.714112281799316,-84.63813018798828
1791627423727616224,1791627423708147168,2026-10-10T18:17:03.727+08:00,0.6025050282478333,-2.19938588142395,0.38999998569488525,0.38515162467956543,-7.293241024017334,-84.60386657714844
1791627423927634560,1791627423911121600,2026-10-10T18:17:03.927+08:00,0.602934718132019,-2.1978189945220947,0.43999993801116943,0.18789419531822205,-7.763242721557617,-84.56684112548828
1791627424127643360,1791627424117069536,2026-10-10T18:17:04.127+08:00,0.6031354069709778,-2.196094036102295,0.4700000286102295,0.1048504039645195,-8.03156566619873,-84.5136947631836
1791627424327793024,1791627424289043072,2026-10-10T18:17:04.327+08:00,0.6033105850219727,-2.193270206451416,0.5099999904632568,0.09139307588338852,-8.166415214538574,-84.43155670166016
1791627424561201504,1791627424522725984,2026-10-10T18:17:04.561+08:00,0.6049715280532837,-2.1881299018859863,0.559999942779541,0.13494418561458588,-8.266249656677246,-84.24528503417969
1791627424794155552,1791627424762535520,2026-10-10T18:17:04.794+08:00,0.6066843271255493,-2.1831536293029785,0.6100000143051147,0.2411254197359085,-8.281393051147461,-83.9446792602539
1791627424994199680,1791627424963715424,2026-10-10T18:17:04.994+08:00,0.607599675655365,-2.177886724472046,0.6599999666213989,0.38906797766685486,-8.25596809387207,-83.73753356933594
1791627425227314336,1791627425207194816,2026-10-10T18:17:05.227+08:00,0.6084468960762024,-2.172304153442383,0.7200000286102295,0.5193674564361572,-8.214612007141113,-83.4681396484375
1791627425427486464,1791627425407861216,2026-10-10T18:17:05.427+08:00,0.6089609265327454,-2.1682136058807373,0.7599999904632568,0.6402233242988586,-8.186388969421387,-83.33036041259766
1791627425660692320,1791627425636437792,2026-10-10T18:17:05.660+08:00,0.610187828540802,-2.162478446960449,0.8199999332427979,0.7255489826202393,-8.155036926269531,-83.07471466064453
1791627425894255776,1791627425879985248,2026-10-10T18:17:05.894+08:00,0.6115580797195435,-2.156689405441284,0.8799999952316284,0.7740417122840881,-8.162525177001953,-82.83799743652344
1791627426094342016,1791627426078806272,2026-10-10T18:17:06.094+08:00,0.6126708388328552,-2.1518874168395996,0.9299999475479126,0.8083063960075378,-8.186633110046387,-82.64505767822266
1791627426327769184,1791627426289107936,2026-10-10T18:17:06.327+08:00,0.6137835383415222,-2.147085666656494,0.9800000190734863,0.7771047353744507,-8.183019638061523,-82.50846862792969
1791627426561096064,1791627426549032672,2026-10-10T18:17:06.561+08:00,0.6153383851051331,-2.140488386154175,1.0399999618530273,0.4897192716598511,-7.5662922859191895,-82.3449935913086
1791627426793928448,1791627426785938976,2026-10-10T18:17:06.793+08:00,0.6168760657310486,-2.1391794681549072,1.0699999332427979,0.3776186406612396,-2.9291374683380127,-82.32638549804688
1791627426994050048,1791627426991063904,2026-10-10T18:17:06.994+08:00,0.6185068488121033,-2.1385345458984375,1.0999999046325684,-0.10662566870450974,1.540639042854309,-82.29945373535156
1791627427227708320,1791627427199778560,2026-10-10T18:17:07.227+08:00,0.6199894547462463,-2.137948513031006,1.0899999141693115,-0.5981441736221313,2.952638626098633,-82.31961059570312
1791627427461330592,1791627427429794752,2026-10-10T18:17:07.461+08:00,0.6217684745788574,-2.1372451782226562,1.0799999237060547,-0.8668500185012817,3.5362420082092285,-82.24361419677734
1791627427693892544,1791627427666837824,2026-10-10T18:17:07.693+08:00,0.6233993172645569,-2.1366000175476074,1.0799999237060547,-0.7537428736686707,3.4654321670532227,-82.11109924316406
1791627427894927648,1791627427877406304,2026-10-10T18:17:07.894+08:00,0.6206599473953247,-2.1439433097839355,1.0699999332427979,-0.46890023350715637,2.9934988021850586,-81.97222900390625
1791627428095712064,1791627428073808480,2026-10-10T18:17:08.095+08:00,0.6173582673072815,-2.1521267890930176,1.0699999332427979,-0.16957636177539825,2.253309726715088,-81.85061645507812
1791627428327763744,1791627428277887040,2026-10-10T18:17:08.327+08:00,0.6140565872192383,-2.1603105068206787,1.0699999332427979,0.06205140799283981,1.2637884616851807,-81.73387908935547
1791627428560844032,1791627428544282080,2026-10-10T18:17:08.560+08:00,0.6097644567489624,-2.1709489822387695,1.0499999523162842,0.14923270046710968,-0.2335139960050583,-81.58756256103516
1791627428793922432,1791627428782559104,2026-10-10T18:17:08.793+08:00,0.6058024168014526,-2.180769205093384,1.0499999523162842,0.028286805376410484,-1.6276605129241943,-81.428955078125
1791627428994256992,1791627428955991136,2026-10-10T18:17:08.994+08:00,0.6028309464454651,-2.1881344318389893,1.0499999523162842,-0.12300514429807663,-2.5719776153564453,-81.29840850830078
1791627429227534656,1791627429198033792,2026-10-10T18:17:09.227+08:00,0.5988689661026001,-2.1979546546936035,1.0399999618530273,-0.3091357350349426,-3.577195644378662,-81.08465576171875
1791627429460926592,1791627429432563392,2026-10-10T18:17:09.460+08:00,0.5949069857597351,-2.2077748775482178,1.0299999713897705,-0.4197714328765869,-4.208737373352051,-80.824462890625
1791627429694125472,1791627429671649152,2026-10-10T18:17:09.694+08:00,0.5909449458122253,-2.217595338821411,1.0299999713897705,-0.43574056029319763,-4.451197624206543,-80.51661682128906
1791627429894461760,1791627429869160512,2026-10-10T18:17:09.894+08:00,0.5894317030906677,-2.2166481018066406,1.0299999713897705,-0.4175635278224945,-4.390904903411865,-80.23274230957031
1791627430094526912,1791627430078452256,2026-10-10T18:17:10.094+08:00,0.5887365341186523,-2.209155321121216,1.0299999713897705,-0.38103383779525757,-4.156953811645508,-79.93453216552734
1791627430327353216,1791627430273417408,2026-10-10T18:17:10.327+08:00,0.5896759033203125,-2.2024848461151123,1.0199999809265137,-0.3360091745853424,-3.8249502182006836,-79.62202453613281
1791627430560890656,1791627430540743872,2026-10-10T18:17:10.560+08:00,0.5912107229232788,-2.189894914627075,1.0099999904632568,-0.30434924364089966,-3.3699612617492676,-79.205078125
1791627430761407520,1791627430744757856,2026-10-10T18:17:10.761+08:00,0.5893116593360901,-2.181307315826416,1.0099999904632568,-0.2955503761768341,-3.076256275177002,-78.87376403808594
1791627430994062592,1791627430985736448,2026-10-10T18:17:10.994+08:00,0.5873520970344543,-2.173366069793701,1.0,-0.2877837121486664,-2.8348228931427,-78.47189331054688
1791627431227206400,1791627431219217856,2026-10-10T18:17:11.227+08:00,0.5866430401802063,-2.1682803630828857,0.9900000095367432,-0.30076864361763,-2.7266650199890137,-78.05634307861328
1791627431427588288,1791627431418792032,2026-10-10T18:17:11.427+08:00,0.5848352313041687,-2.163705587387085,0.9900000095367432,-0.3159366250038147,-2.7158761024475098,-77.7032470703125
1791627431661035776,1791627431654062208,2026-10-10T18:17:11.661+08:00,0.5821316838264465,-2.1579484939575195,0.9800000190734863,-0.3400408923625946,-2.764435052871704,-77.2765884399414
1791627431894242080,1791627431884640864,2026-10-10T18:17:11.894+08:00,0.5803132057189941,-2.1533708572387695,0.9700000286102295,-0.35744351148605347,-2.83638858795166,-76.89788055419922
1791627432127740288,1791627432100137472,2026-10-10T18:17:12.127+08:00,0.5775622725486755,-2.148714780807495,0.9600000381469727,-0.36726510524749756,-2.9171700477600098,-76.52430725097656
1791627432327938560,1791627432263810144,2026-10-10T18:17:12.327+08:00,0.5745264291763306,-2.1462528705596924,0.9500000476837158,-0.37410393357276917,-2.9677796363830566,-76.23799133300781
1791627432560565440,1791627432535501696,2026-10-10T18:17:12.560+08:00,0.573154091835022,-2.1421172618865967,0.9399999380111694,-0.38909032940864563,-3.011195659637451,-75.72103118896484
1791627432795894080,1791627432765638432,2026-10-10T18:17:12.795+08:00,0.5729238986968994,-2.1396758556365967,0.9199999570846558,-0.39390426874160767,-3.0067808628082275,-75.31389617919922
1791627433027221984,1791627433000147296,2026-10-10T18:17:13.027+08:00,0.5728928446769714,-2.1375644207000732,0.9099999666213989,-0.3711874186992645,-2.984471321105957,-74.89093017578125
1791627433265602880,1791627433235110592,2026-10-10T18:17:13.265+08:00,0.5728100538253784,-2.134945869445801,0.8999999761581421,-0.3350263237953186,-2.954176187515259,-74.49282836914062
1791627433494257120,1791627433465744384,2026-10-10T18:17:13.494+08:00,0.572292149066925,-2.1328938007354736,0.8899999856948853,-0.31634876132011414,-2.9220521450042725,-74.1396484375
1791627433727248160,1791627433705622752,2026-10-10T18:17:13.727+08:00,0.5721104145050049,-2.1311752796173096,0.8700000047683716,-0.31323719024658203,-2.8884165287017822,-73.76665496826172
1791627433927506112,1791627433919599008,2026-10-10T18:17:13.927+08:00,0.572101354598999,-2.1294267177581787,0.8600000143051147,-0.29803261160850525,-2.865165948867798,-73.43959045410156
1791627434127580512,1791627434124239584,2026-10-10T18:17:14.127+08:00,0.5725498199462891,-2.1277883052825928,0.8500000238418579,-0.31655439734458923,-2.867452383041382,-73.21949768066406
1791627434327656736,1791627434292169344,2026-10-10T18:17:14.327+08:00,0.572496771812439,-2.126781940460205,0.8300000429153442,-0.43098753690719604,-2.901756763458252,-73.01042938232422
1791627434565840160,1791627434551374624,2026-10-10T18:17:14.565+08:00,0.5731386542320251,-2.1257174015045166,0.809999942779541,-0.6996476054191589,-3.0105080604553223,-72.85610961914062
1791627434767795488,1791627434751571936,2026-10-10T18:17:14.767+08:00,0.5729696154594421,-2.1246492862701416,0.809999942779541,-0.9626481533050537,-3.1151318550109863,-72.77405548095703
1791627434994126368,1791627434967940448,2026-10-10T18:17:14.994+08:00,0.5724396109580994,-2.1240577697753906,0.7899999618530273,-1.1697748899459839,-3.2248470783233643,-72.71111297607422
1791627435194420736,1791627435171254144,2026-10-10T18:17:15.194+08:00,0.5721310377120972,-2.1236391067504883,0.7799999713897705,-1.2514456510543823,-3.3275997638702393,-72.6451644897461
1791627435427697440,1791627435400156576,2026-10-10T18:17:15.427+08:00,0.5716783404350281,-2.1232783794403076,0.7699999809265137,-1.2161192893981934,-3.4318227767944336,-72.5672607421875
1791627435628017152,1791627435604800512,2026-10-10T18:17:15.628+08:00,0.5713724493980408,-2.1228933334350586,0.75,-1.0999319553375244,-3.4965434074401855,-72.49713897705078
1791627435860501120,1791627435842482944,2026-10-10T18:17:15.860+08:00,0.5713021159172058,-2.121947765350342,0.7400000095367432,-0.9416923522949219,-3.530759572982788,-72.40220642089844
1791627436060566560,1791627436044577344,2026-10-10T18:17:16.060+08:00,0.5713942646980286,-2.1216962337493896,0.7200000286102295,-0.8353025913238525,-3.532503128051758,-72.39507293701172
1791627436260644320,1791627436250683840,2026-10-10T18:17:16.260+08:00,0.5719605088233948,-2.122666597366333,0.7100000381469727,-0.8124561905860901,-3.5148720741271973,-72.36292266845703
1791627436461175616,1791627436446600064,2026-10-10T18:17:16.461+08:00,0.572115957736969,-2.1229379177093506,0.7000000476837158,-0.859137237071991,-3.493873119354248,-72.3141098022461
1791627436661584864,1791627436656192096,2026-10-10T18:17:16.661+08:00,0.5721189975738525,-2.123756170272827,0.6799999475479126,-0.953711986541748,-3.4753963947296143,-72.25366973876953
1791627436893715520,1791627436887012000,2026-10-10T18:17:16.893+08:00,0.5726574659347534,-2.124504804611206,0.6699999570846558,-1.011104702949524,-3.472468137741089,-72.21997833251953
1791627437129038976,1791627437123516864,2026-10-10T18:17:17.129+08:00,0.5730654001235962,-2.1250813007354736,0.6499999761581421,-1.0251649618148804,-3.4775118827819824,-72.18443298339844
1791627437360695968,1791627437345047136,2026-10-10T18:17:17.360+08:00,0.5734763741493225,-2.1255948543548584,0.6399999856948853,-0.99908047914505,-3.493760824203491,-72.18159484863281
1791627437593657344,1791627437575523904,2026-10-10T18:17:17.593+08:00,0.574012041091919,-2.1260626316070557,0.6200000047683716,-0.9936838746070862,-3.514263153076172,-72.14007568359375
1791627437793978656,1791627437776675232,2026-10-10T18:17:17.793+08:00,0.574328601360321,-2.126847982406616,0.6100000143051147,-1.0119374990463257,-3.542231798171997,-72.09495544433594
1791627437994134368,1791627437979589504,2026-10-10T18:17:17.994+08:00,0.5747773051261902,-2.1275410652160645,0.5900000333786011,-1.0095794200897217,-3.5792582035064697,-72.11359405517578
1791627438227542624,1791627438218898720,2026-10-10T18:17:18.227+08:00,0.575135350227356,-2.128211498260498,0.5800000429153442,-1.017521858215332,-3.6216633319854736,-72.0963363647461
1791627438427650496,1791627438415398432,2026-10-10T18:17:18.427+08:00,0.5753517150878906,-2.1289336681365967,0.559999942779541,-1.0354708433151245,-3.6546084880828857,-72.05543518066406
1791627438660704512,1791627438623961408,2026-10-10T18:17:18.660+08:00,0.5757473111152649,-2.129779577255249,0.5499999523162842,-1.0472813844680786,-3.67879581451416,-72.04158782958984
1791627438860960384,1791627438832131232,2026-10-10T18:17:18.860+08:00,0.5760722160339355,-2.131024122238159,0.5399999618530273,-1.0801233053207397,-3.6853907108306885,-71.99683380126953
1791627439061183104,1791627439037818336,2026-10-10T18:17:19.061+08:00,0.5765073299407959,-2.1319048404693604,0.5199999809265137,-1.098450779914856,-3.680324077606201,-71.99314880371094
1791627439293693408,1791627439275495520,2026-10-10T18:17:19.293+08:00,0.5773598551750183,-2.133352518081665,0.5099999904632568,-1.1062005758285522,-3.6767735481262207,-72.08200073242188
1791627439494229760,1791627439471882432,2026-10-10T18:17:19.494+08:00,0.5777671933174133,-2.134627103805542,0.49000000953674316,-1.1825703382492065,-3.681506872177124,-72.07058715820312
1791627439727719264,1791627439710232544,2026-10-10T18:17:19.727+08:00,0.578118085861206,-2.1368112564086914,0.48000001907348633,-1.2398786544799805,-3.6923699378967285,-72.03530883789062
1791627439961320896,1791627439948257856,2026-10-10T18:17:19.961+08:00,0.5790126919746399,-2.1385836601257324,0.46000003814697266,-1.2112529277801514,-3.708603620529175,-72.01129913330078
1791627440194516160,1791627440156201600,2026-10-10T18:17:20.194+08:00,0.5796030759811401,-2.1398580074310303,0.4500000476837158,-1.131308913230896,-3.716966390609741,-71.97429656982422
1791627440427673792,1791627440411435776,2026-10-10T18:17:20.427+08:00,0.5799035429954529,-2.141247510910034,0.43999993801116943,-1.0517754554748535,-3.694047212600708,-71.93267822265625
1791627440627880480,1791627440615985248,2026-10-10T18:17:20.627+08:00,0.5796631574630737,-2.1427597999572754,0.41999995708465576,-1.0524245500564575,-3.654151201248169,-71.95263671875
1791627440828336128,1791627440789321696,2026-10-10T18:17:20.828+08:00,0.5794479846954346,-2.1442675590515137,0.4099999666213989,-1.065065622329712,-3.616834878921509,-72.08698272705078
1791627441028895200,1791627440999359424,2026-10-10T18:17:21.028+08:00,0.5798258781433105,-2.145616292953491,0.3999999761581421,-1.1329060792922974,-3.567474842071533,-72.09552001953125
1791627441260253472,1791627441242643168,2026-10-10T18:17:21.260+08:00,0.5798872113227844,-2.1470353603363037,0.3799999952316284,-1.242061972618103,-3.5140955448150635,-72.03167724609375
1791627441460536192,1791627441452605664,2026-10-10T18:17:21.460+08:00,0.5802315473556519,-2.148486852645874,0.3700000047683716,-1.2966457605361938,-3.481778144836426,-71.90409851074219
1791627441694020320,1791627441685506944,2026-10-10T18:17:21.694+08:00,0.5811184048652649,-2.150035858154297,0.3500000238418579,-1.2368478775024414,-3.4741623401641846,-71.92412567138672
1791627441894818720,1791627441864733536,2026-10-10T18:17:21.894+08:00,0.581951379776001,-2.151132583618164,0.3500000238418579,-1.1852326393127441,-3.4717648029327393,-71.94580841064453
1791627442127574112,1791627442095990432,2026-10-10T18:17:22.127+08:00,0.58319091796875,-2.1527955532073975,0.33000004291534424,-1.1269912719726562,-3.4717230796813965,-71.95152282714844
1791627442328274144,1791627442326593696,2026-10-10T18:17:22.328+08:00,0.5844751596450806,-2.1546316146850586,0.31999993324279785,-1.1548436880111694,-3.479094982147217,-71.87063598632812
1791627442560558912,1791627442551499840,2026-10-10T18:17:22.560+08:00,0.5861077308654785,-2.156886339187622,0.309999942779541,-1.264225721359253,-3.5144286155700684,-71.68417358398438
1791627442760772416,1791627442751199424,2026-10-10T18:17:22.760+08:00,0.5872727632522583,-2.158106565475464,0.2799999713897705,-1.354860782623291,-3.559272289276123,-71.47950744628906
1791627442994297344,1791627442963386336,2026-10-10T18:17:22.994+08:00,0.5883418917655945,-2.1591873168945312,0.28999996185302734,-1.378270149230957,-3.6052825450897217,-71.28594207763672
1791627443194596992,1791627443168464960,2026-10-10T18:17:23.194+08:00,0.5898535847663879,-2.161012887954712,0.26999998092651367,-1.3112890720367432,-3.656038999557495,-71.15311431884766
1791627443427241632,1791627443415175776,2026-10-10T18:17:23.427+08:00,0.5915087461471558,-2.163377046585083,0.25999999046325684,-1.2365642786026,-3.705256462097168,-71.04118347167969
1791627443630173056,1791627443613388128,2026-10-10T18:17:23.630+08:00,0.5994696021080017,-2.2155818939208984,0.24000000953674316,-1.1912705898284912,-3.687772035598755,-70.80796813964844
1791627443868414784,1791627443844527808,2026-10-10T18:17:23.868+08:00,0.5992306470870972,-2.218630790710449,0.24000000953674316,-1.5176703929901123,-3.6936326026916504,-71.53926086425781
1791627444093817888,1791627444083283712,2026-10-10T18:17:24.093+08:00,0.586044192314148,-2.223390579223633,0.23000001907348633,-2.5995829105377197,-3.5739643573760986,-73.19396209716797
1791627444294045664,1791627444283831712,2026-10-10T18:17:24.294+08:00,0.57321697473526,-2.2265377044677734,0.21000003814697266,-3.3266537189483643,-3.5706326961517334,-74.89844512939453
1791627444527109824,1791627444502167360,2026-10-10T18:17:24.527+08:00,0.556635320186615,-2.223113775253296,0.2200000286102295,-3.3073644638061523,-3.797595500946045,-76.87062072753906
1791627444727168992,1791627444707576896,2026-10-10T18:17:24.727+08:00,0.546587347984314,-2.2178218364715576,0.2200000286102295,-2.341228485107422,-4.087894439697266,-78.56440734863281
1791627444927472960,1791627444904618688,2026-10-10T18:17:24.927+08:00,0.5413690209388733,-2.2101407051086426,0.2200000286102295,-1.004138708114624,-4.250174522399902,-79.90740966796875
1791627445127584864,1791627445106746880,2026-10-10T18:17:25.127+08:00,0.5371888279914856,-2.2016408443450928,0.23000001907348633,0.15861734747886658,-4.232085227966309,-80.9834976196289
1791627445360906592,1791627445359484704,2026-10-10T18:17:25.360+08:00,0.5334682464599609,-2.1896629333496094,0.2200000286102295,0.8839060664176941,-4.019734859466553,-81.9808120727539
1791627445595119616,1791627445574635552,2026-10-10T18:17:25.595+08:00,0.5317114591598511,-2.177827835083008,0.2200000286102295,0.744320809841156,-3.8114688396453857,-82.59751892089844
1791627445827206432,1791627445806611168,2026-10-10T18:17:25.827+08:00,0.5312081575393677,-2.164708375930786,0.2200000286102295,0.11378677934408188,-3.6635351181030273,-83.04263305664062
1791627446027581728,1791627446009070816,2026-10-10T18:17:26.027+08:00,0.5301957130432129,-2.1515262126922607,0.2200000286102295,-0.662826418876648,-3.6049861907958984,-83.34323120117188
1791627446260655264,1791627446241550496,2026-10-10T18:17:26.260+08:00,0.5303488373756409,-2.136991024017334,0.2200000286102295,-1.2228306531906128,-3.643157958984375,-83.57683563232422
1791627446460817984,1791627446435551712,2026-10-10T18:17:26.460+08:00,0.5306740999221802,-2.123244285583496,0.23000001907348633,-1.4270051717758179,-3.751296043395996,-83.74563598632812
1791627446660965120,1791627446639303520,2026-10-10T18:17:26.660+08:00,0.530658483505249,-2.109391927719116,0.2200000286102295,-1.3465394973754883,-3.8839786052703857,-83.88729095458984
1791627446861102592,1791627446836400192,2026-10-10T18:17:26.861+08:00,0.5303495526313782,-2.0952062606811523,0.23000001907348633,-1.0386021137237549,-4.008160591125488,-84.0082015991211
1791627447094224672,1791627447069427680,2026-10-10T18:17:27.094+08:00,0.5300995111465454,-2.0778045654296875,0.23000001907348633,-0.5745845437049866,-4.118910789489746,-84.14897918701172
1791627447294585120,1791627447273503200,2026-10-10T18:17:27.294+08:00,0.5302653908729553,-2.0629703998565674,0.24000000953674316,-0.320710152387619,-4.169023036956787,-84.23395538330078
1791627447494614496,1791627447468638752,2026-10-10T18:17:27.494+08:00,0.5307552814483643,-2.049192190170288,0.24000000953674316,-0.29645970463752747,-4.181648254394531,-84.27162170410156
1791627447727790848,1791627447704649696,2026-10-10T18:17:27.727+08:00,0.530051052570343,-2.0306100845336914,0.25,-0.5363378524780273,-4.1402459144592285,-84.31798553466797
1791627447960657312,1791627447940591136,2026-10-10T18:17:27.960+08:00,0.5303049683570862,-2.0108845233917236,0.25999999046325684,-0.85704106092453,-4.01802396774292,-84.33466339111328
1791627448160733664,1791627448135340800,2026-10-10T18:17:28.160+08:00,0.5311844348907471,-1.9945991039276123,0.25999999046325684,-1.1034785509109497,-3.8803274631500244,-84.34735107421875
1791627448360886464,1791627448331159680,2026-10-10T18:17:28.360+08:00,0.5311697721481323,-1.9780969619750977,0.25999999046325684,-1.2834134101867676,-3.7476415634155273,-84.3871841430664
1791627448593678016,1791627448572776768,2026-10-10T18:17:28.593+08:00,0.5305610299110413,-1.958301305770874,0.26999998092651367,-1.2249113321304321,-3.626067638397217,-84.42200469970703
1791627448794508672,1791627448777550464,2026-10-10T18:17:28.794+08:00,0.5309862494468689,-1.9414145946502686,0.26999998092651367,-1.0027062892913818,-3.5633723735809326,-84.39179229736328
1791627449027453056,1791627449013714112,2026-10-10T18:17:29.027+08:00,0.5297273397445679,-1.9252614974975586,0.26999998092651367,-0.8446946740150452,-3.510326385498047,-84.2655258178711
1791627449227624960,1791627449217033536,2026-10-10T18:17:29.227+08:00,0.5281157493591309,-1.914064645767212,0.25999999046325684,-0.7766982913017273,-3.4786717891693115,-84.1174087524414
1791627449427873184,1791627449400626336,2026-10-10T18:17:29.427+08:00,0.5274150371551514,-1.9053233861923218,0.2799999713897705,-0.7388527989387512,-3.4780640602111816,-83.99385833740234
1791627449661323520,1791627449634590560,2026-10-10T18:17:29.661+08:00,0.5265803933143616,-1.8943830728530884,0.26999998092651367,-0.7826557159423828,-3.4948031902313232,-83.86109924316406
1791627449894364992,1791627449870485856,2026-10-10T18:17:29.894+08:00,0.525357186794281,-1.8839160203933716,0.26999998092651367,-0.9237569570541382,-3.509805917739868,-83.7373275756836
1791627450127804960,1791627450110350176,2026-10-10T18:17:30.127+08:00,0.5243624448776245,-1.8741867542266846,0.2799999713897705,-1.0754101276397705,-3.524837017059326,-83.62653350830078
1791627450360662080,1791627450339497504,2026-10-10T18:17:30.360+08:00,0.5241456627845764,-1.8661547899246216,0.28999996185302734,-1.2039997577667236,-3.5091726779937744,-83.50187683105469
1791627450560928000,1791627450539735616,2026-10-10T18:17:30.560+08:00,0.5231194496154785,-1.8590185642242432,0.28999996185302734,-1.2921407222747803,-3.474260091781616,-83.40986633300781
1791627450765838048,1791627450739458784,2026-10-10T18:17:30.765+08:00,0.5225359797477722,-1.8523677587509155,0.2799999713897705,-1.2777057886123657,-3.4366743564605713,-83.30293273925781
1791627450993871424,1791627450975433088,2026-10-10T18:17:30.993+08:00,0.5215237140655518,-1.8447661399841309,0.28999996185302734,-1.2040499448776245,-3.404344320297241,-83.20709228515625
1791627451193944224,1791627451175331968,2026-10-10T18:17:31.193+08:00,0.5204605460166931,-1.838728666305542,0.28999996185302734,-1.0972853899002075,-3.380833387374878,-83.13441467285156
1791627451427169344,1791627451399285824,2026-10-10T18:17:31.427+08:00,0.5198807120323181,-1.8322614431381226,0.28999996185302734,-0.9854027032852173,-3.3437416553497314,-83.0544662475586
1791627451627796192,1791627451605374368,2026-10-10T18:17:31.627+08:00,0.5196039080619812,-1.8266595602035522,0.28999996185302734,-0.9561407566070557,-3.3079845905303955,-82.97175598144531
1791627451861055136,1791627451832839008,2026-10-10T18:17:31.861+08:00,0.5190473198890686,-1.8203860521316528,0.2999999523162842,-1.0160595178604126,-3.2801172733306885,-82.86555480957031
1791627452061225248,1791627452035843072,2026-10-10T18:17:32.061+08:00,0.5187287926673889,-1.8156036138534546,0.28999996185302734,-1.0936496257781982,-3.2686283588409424,-82.78606414794922
1791627452294284288,1791627452277424480,2026-10-10T18:17:32.294+08:00,0.5180046558380127,-1.8103135824203491,0.2999999523162842,-1.1548407077789307,-3.2717666625976562,-82.69915771484375
1791627452527841184,1791627452505710144,2026-10-10T18:17:32.527+08:00,0.5174439549446106,-1.805572271347046,0.309999942779541,-1.140915870666504,-3.287919044494629,-82.61705017089844
1791627452765357120,1791627452717464992,2026-10-10T18:17:32.765+08:00,0.5167696475982666,-1.8009049892425537,0.309999942779541,-1.070973515510559,-3.3025267124176025,-82.53302001953125
1791627452994420480,1791627452954958080,2026-10-10T18:17:32.994+08:00,0.5162785649299622,-1.7960695028305054,0.309999942779541,-0.9600657820701599,-3.318436622619629,-82.47403717041016
1791627453227320256,1791627453195779680,2026-10-10T18:17:33.227+08:00,0.5164692997932434,-1.7906414270401,0.309999942779541,-0.9090743660926819,-3.332277297973633,-82.40540313720703
1791627453427559232,1791627453403897888,2026-10-10T18:17:33.427+08:00,0.5161981582641602,-1.787013292312622,0.309999942779541,-0.9487002491950989,-3.3361003398895264,-82.3477554321289
1791627453660947360,1791627453633053344,2026-10-10T18:17:33.660+08:00,0.5156537890434265,-1.7826287746429443,0.309999942779541,-1.02484130859375,-3.3258025646209717,-82.26808166503906
1791627453893952000,1791627453874889728,2026-10-10T18:17:33.893+08:00,0.514985978603363,-1.7786718606948853,0.309999942779541,-1.0695068836212158,-3.2833566665649414,-82.18482971191406
1791627454127342592,1791627454115368896,2026-10-10T18:17:34.127+08:00,0.5142521262168884,-1.7747879028320312,0.31999993324279785,-1.0473127365112305,-3.2124390602111816,-82.11702728271484
1791627454328786976,1791627454292768672,2026-10-10T18:17:34.328+08:00,0.5137192010879517,-1.7718483209609985,0.31999993324279785,-1.0017197132110596,-3.1697921752929688,-82.08702087402344
1791627454561407744,1791627454552365440,2026-10-10T18:17:34.561+08:00,0.5137470364570618,-1.767553687095642,0.31999993324279785,-0.9151344895362854,-3.162302017211914,-82.00435638427734
1791627454793821568,1791627454760972256,2026-10-10T18:17:34.793+08:00,0.5138791799545288,-1.7645925283432007,0.31999993324279785,-0.9185070991516113,-3.167548418045044,-81.93267822265625
1791627455027686944,1791627454999141920,2026-10-10T18:17:35.027+08:00,0.5135393738746643,-1.7614595890045166,0.33000004291534424,-0.9825022220611572,-3.1695704460144043,-81.83924865722656
1791627455261008064,1791627455236905184,2026-10-10T18:17:35.261+08:00,0.5128748416900635,-1.7586866617202759,0.33000004291534424,-1.025830626487732,-3.175382137298584,-81.7760009765625
1791627455493643584,1791627455473828288,2026-10-10T18:17:35.493+08:00,0.5125735402107239,-1.7560726404190063,0.33000004291534424,-1.0037742853164673,-3.1642653942108154,-81.72089385986328
1791627455693874656,1791627455685569824,2026-10-10T18:17:35.693+08:00,0.5124549269676208,-1.7539844512939453,0.33000004291534424,-0.9784664511680603,-3.136390447616577,-81.6702651977539
1791627455894453792,1791627455856033568,2026-10-10T18:17:35.894+08:00,0.51223224401474,-1.752305269241333,0.33000004291534424,-0.9604839086532593,-3.1095969676971436,-81.64448547363281
1791627456095197184,1791627456093316160,2026-10-10T18:17:36.095+08:00,0.51190185546875,-1.7498667240142822,0.3400000333786011,-0.9467095732688904,-3.0710864067077637,-81.6036376953125
1791627456327490400,1791627456264314176,2026-10-10T18:17:36.327+08:00,0.5117361545562744,-1.748190999031067,0.3400000333786011,-0.9406594038009644,-3.037311315536499,-81.62419891357422
1791627456527776096,1791627456505250592,2026-10-10T18:17:36.527+08:00,0.5116300582885742,-1.7448794841766357,0.3400000333786011,-0.9875007271766663,-2.9707884788513184,-81.59024047851562
1791627456760633472,1791627456740890272,2026-10-10T18:17:36.760+08:00,0.5115553736686707,-1.7426906824111938,0.3400000333786011,-1.058229923248291,-2.9232966899871826,-81.52257537841797
1791627456993735424,1791627456977827232,2026-10-10T18:17:36.993+08:00,0.5110892057418823,-1.7405929565429688,0.3400000333786011,-1.0989289283752441,-2.915308713912964,-81.47088623046875
1791627457194778272,1791627457179472992,2026-10-10T18:17:37.194+08:00,0.5104782581329346,-1.739060640335083,0.3400000333786011,-1.0848255157470703,-2.9228310585021973,-81.43379974365234
1791627457427797952,1791627457406133664,2026-10-10T18:17:37.427+08:00,0.5099234580993652,-1.7371948957443237,0.3500000238418579,-1.0410348176956177,-2.9221177101135254,-81.3521957397461
1791627457660962752,1791627457649306528,2026-10-10T18:17:37.660+08:00,0.5098010897636414,-1.7354341745376587,0.3500000238418579,-0.9575853943824768,-2.931504011154175,-81.27543640136719
1791627457894645344,1791627457883451936,2026-10-10T18:17:37.894+08:00,0.5097221732139587,-1.7338773012161255,0.3400000333786011,-0.9336158037185669,-2.9552364349365234,-81.21371459960938
1791627458127667296,1791627458123344896,2026-10-10T18:17:38.127+08:00,0.509465754032135,-1.732169270515442,0.3400000333786011,-0.9723776578903198,-2.993527412414551,-81.12639617919922
1791627458327703744,1791627458294977856,2026-10-10T18:17:38.327+08:00,0.5089572668075562,-1.730664849281311,0.3400000333786011,-1.0252289772033691,-3.028002977371216,-81.07986450195312
1791627458560693920,1791627458542375584,2026-10-10T18:17:38.560+08:00,0.508586049079895,-1.7290821075439453,0.3400000333786011,-1.1180132627487183,-3.065067768096924,-81.00657653808594
1791627458793589120,1791627458779113440,2026-10-10T18:17:38.793+08:00,0.5084282159805298,-1.7280595302581787,0.3500000238418579,-1.2150295972824097,-3.0706939697265625,-80.93152618408203
1791627458993818496,1791627458987045920,2026-10-10T18:17:38.993+08:00,0.5083325505256653,-1.7274633646011353,0.3500000238418579,-1.2557942867279053,-3.0309505462646484,-80.87940216064453
1791627459194391840,1791627459166228480,2026-10-10T18:17:39.194+08:00,0.508259654045105,-1.7270275354385376,0.3400000333786011,-1.2556166648864746,-2.9693233966827393,-80.83059692382812
1791627459427241504,1791627459422305120,2026-10-10T18:17:39.427+08:00,0.507961630821228,-1.726481318473816,0.3500000238418579,-1.2272520065307617,-2.872342109680176,-80.73621368408203
1791627459627826688,1791627459589894080,2026-10-10T18:17:39.627+08:00,0.5077001452445984,-1.725670576095581,0.3500000238418579,-1.2154937982559204,-2.8192873001098633,-80.6568374633789
1791627459861052608,1791627459842969088,2026-10-10T18:17:39.861+08:00,0.5073103904724121,-1.7246272563934326,0.3500000238418579,-1.2119776010513306,-2.7842581272125244,-80.56587219238281
1791627460061367584,1791627460043138112,2026-10-10T18:17:40.061+08:00,0.5072081685066223,-1.7240509986877441,0.3500000238418579,-1.211783766746521,-2.7790279388427734,-80.49820709228516
1791627460294087104,1791627460284796896,2026-10-10T18:17:40.294+08:00,0.5069383978843689,-1.723512053489685,0.3500000238418579,-1.2328085899353027,-2.7995641231536865,-80.41136932373047
1791627460527238560,1791627460509310208,2026-10-10T18:17:40.527+08:00,0.50642329454422,-1.722535490989685,0.3400000333786011,-1.2811527252197266,-2.8534128665924072,-80.29744720458984
1791627460727804288,1791627460712589760,2026-10-10T18:17:40.727+08:00,0.505888819694519,-1.7215172052383423,0.3500000238418579,-1.2920000553131104,-2.910405158996582,-80.241455078125
1791627460928272288,1791627460917464864,2026-10-10T18:17:40.928+08:00,0.5058860182762146,-1.7208740711212158,0.3400000333786011,-1.2651151418685913,-2.949877977371216,-80.19100952148438
1791627461161977504,1791627461151703520,2026-10-10T18:17:41.161+08:00,0.5060632824897766,-1.7200711965560913,0.3400000333786011,-1.2281627655029297,-2.967311382293701,-80.14737701416016
1791627461393952288,1791627461372252736,2026-10-10T18:17:41.393+08:00,0.5059894323348999,-1.7195531129837036,0.3400000333786011,-1.2355293035507202,-2.973989963531494,-80.10842895507812
1791627461594310720,1791627461576925280,2026-10-10T18:17:41.594+08:00,0.505499541759491,-1.7190940380096436,0.3400000333786011,-1.2624531984329224,-2.97222900390625,-80.0564193725586
1791627461827755264,1791627461814248736,2026-10-10T18:17:41.827+08:00,0.5053085684776306,-1.7185699939727783,0.3400000333786011,-1.2760844230651855,-2.950476884841919,-79.9810791015625
1791627462060540608,1791627462054058784,2026-10-10T18:17:42.060+08:00,0.5051825046539307,-1.7180473804473877,0.3400000333786011,-1.2843002080917358,-2.9141390323638916,-79.90638732910156
1791627462260942912,1791627462222126400,2026-10-10T18:17:42.260+08:00,0.5051137208938599,-1.7177883386611938,0.33000004291534424,-1.2887842655181885,-2.885446548461914,-79.85966491699219
1791627462461324448,1791627462444403648,2026-10-10T18:17:42.461+08:00,0.5048951506614685,-1.7177903652191162,0.33000004291534424,-1.2758033275604248,-2.8465383052825928,-79.87694549560547
1791627462694175360,1791627462685109344,2026-10-10T18:17:42.694+08:00,0.5048683881759644,-1.717628002166748,0.3400000333786011,-1.2738499641418457,-2.8169689178466797,-79.77774047851562
1791627462927092544,1791627462924779520,2026-10-10T18:17:42.927+08:00,0.5043268799781799,-1.7174081802368164,0.3400000333786011,-1.2743465900421143,-2.8429465293884277,-79.64017486572266
1791627463127492992,1791627463098396608,2026-10-10T18:17:43.127+08:00,0.5040135383605957,-1.716999888420105,0.33000004291534424,-1.2669641971588135,-2.879987955093384,-79.52706909179688
1791627463361743872,1791627463356590720,2026-10-10T18:17:43.361+08:00,0.5036218166351318,-1.7163437604904175,0.33000004291534424,-1.265354871749878,-2.927234172821045,-79.27896881103516
1791627463594152416,1791627463569128832,2026-10-10T18:17:43.594+08:00,0.5032675862312317,-1.7161136865615845,0.31999993324279785,-1.2729145288467407,-2.9606854915618896,-79.09062957763672
1791627463828081920,1791627463813937824,2026-10-10T18:17:43.828+08:00,0.503004252910614,-1.7158318758010864,0.31999993324279785,-1.2920010089874268,-2.982459306716919,-78.86393737792969
1791627464060879008,1791627464049115936,2026-10-10T18:17:44.060+08:00,0.5027710795402527,-1.7158399820327759,0.31999993324279785,-1.3047987222671509,-2.979278087615967,-78.63034057617188
1791627464294219360,1791627464285921600,2026-10-10T18:17:44.294+08:00,0.5029169321060181,-1.715704083442688,0.31999993324279785,-1.3083139657974243,-2.9585931301116943,-78.40304565429688
1791627464494482048,1791627464479183488,2026-10-10T18:17:44.494+08:00,0.5030496120452881,-1.7155804634094238,0.31999993324279785,-1.3067982196807861,-2.937906503677368,-78.18407440185547
1791627464727639968,1791627464717859008,2026-10-10T18:17:44.727+08:00,0.5029100179672241,-1.715002417564392,0.309999942779541,-1.2972157001495361,-2.9156978130340576,-77.90763092041016
1791627464927969376,1791627464923425152,2026-10-10T18:17:44.927+08:00,0.5024771690368652,-1.7144815921783447,0.309999942779541,-1.3024985790252686,-2.8909072875976562,-77.61486053466797
1791627465160842400,1791627465133765824,2026-10-10T18:17:45.160+08:00,0.5019615888595581,-1.7137906551361084,0.309999942779541,-1.3025599718093872,-2.872777223587036,-77.31256866455078
1791627465362620960,1791627465360215488,2026-10-10T18:17:45.362+08:00,0.5015568733215332,-1.7133013010025024,0.2999999523162842,-1.292905330657959,-2.8739640712738037,-77.03468322753906
1791627465594419968,1791627465555561728,2026-10-10T18:17:45.594+08:00,0.5013669729232788,-1.7130367755889893,0.2999999523162842,-1.2906864881515503,-2.879554033279419,-76.81519317626953
1791627465827447360,1791627465823019968,2026-10-10T18:17:45.827+08:00,0.5009365081787109,-1.71297287940979,0.2999999523162842,-1.3396600484848022,-2.8892877101898193,-76.50389099121094
1791627466028207104,1791627466000012160,2026-10-10T18:17:46.028+08:00,0.5007967948913574,-1.7129132747650146,0.2999999523162842,-1.3379552364349365,-2.911386728286743,-76.38993835449219
1791627466261019904,1791627466237259200,2026-10-10T18:17:46.261+08:00,0.49980366230010986,-1.712812066078186,0.2999999523162842,-1.3613300323486328,-2.965747117996216,-76.36087036132812
1791627466494512672,1791627466483754208,2026-10-10T18:17:46.494+08:00,0.49878546595573425,-1.7123818397521973,0.2999999523162842,-1.3439127206802368,-3.0200612545013428,-76.3171615600586
1791627466696919424,1791627466686226912,2026-10-10T18:17:46.696+08:00,0.4984220266342163,-1.712599277496338,0.2999999523162842,-1.3346067667007446,-3.042973756790161,-76.24998474121094
1791627466927227776,1791627466924773024,2026-10-10T18:17:46.927+08:00,0.4978790283203125,-1.7133334875106812,0.28999996185302734,-1.3047698736190796,-3.0302038192749023,-76.19380187988281
1791627467129219552,1791627467096533536,2026-10-10T18:17:47.129+08:00,0.4977283477783203,-1.7138372659683228,0.2799999713897705,-1.2727742195129395,-3.0065808296203613,-76.14710235595703
1791627467360825568,1791627467355829824,2026-10-10T18:17:47.360+08:00,0.49757227301597595,-1.71456778049469,0.2799999713897705,-1.2516729831695557,-2.9785711765289307,-76.11759185791016
1791627467594062944,1791627467566177152,2026-10-10T18:17:47.594+08:00,0.497431218624115,-1.7147732973098755,0.2799999713897705,-1.275643229484558,-2.954434394836426,-76.03264617919922
1791627467794271328,1791627467773045632,2026-10-10T18:17:47.794+08:00,0.4978078007698059,-1.7154160737991333,0.28999996185302734,-1.333668828010559,-2.930083990097046,-75.8883056640625
1791627468027502144,1791627468009809312,2026-10-10T18:17:48.027+08:00,0.4977984130382538,-1.7160847187042236,0.2799999713897705,-1.4057258367538452,-2.916198492050171,-75.84204864501953
1791627468228423040,1791627468216612736,2026-10-10T18:17:48.228+08:00,0.49766334891319275,-1.7164381742477417,0.26999998092651367,-1.412249207496643,-2.907275676727295,-75.73246765136719
1791627468460982208,1791627468437313248,2026-10-10T18:17:48.460+08:00,0.49753424525260925,-1.7170807123184204,0.26999998092651367,-1.422598958015442,-2.9095048904418945,-75.556884765625
1791627468661054912,1791627468643111360,2026-10-10T18:17:48.661+08:00,0.49743109941482544,-1.7176177501678467,0.26999998092651367,-1.4030417203903198,-2.9347314834594727,-75.42678833007812
1791627468894167680,1791627468879206912,2026-10-10T18:17:48.894+08:00,0.4972879886627197,-1.717943787574768,0.2799999713897705,-1.336606740951538,-3.006157875061035,-75.43556213378906
1791627469127551296,1791627469117029472,2026-10-10T18:17:49.127+08:00,0.49730315804481506,-1.718438982963562,0.25999999046325684,-1.293466329574585,-3.0562684535980225,-75.38292694091797
1791627469327753344,1791627469281394336,2026-10-10T18:17:49.327+08:00,0.4971751570701599,-1.7188669443130493,0.2799999713897705,-1.2876337766647339,-3.0609450340270996,-75.317138671875
1791627469527984800,1791627469506072800,2026-10-10T18:17:49.527+08:00,0.4970576763153076,-1.7195700407028198,0.26999998092651367,-1.365552544593811,-3.055420398712158,-75.125732421875
1791627469760330592,1791627469741927168,2026-10-10T18:17:49.760+08:00,0.49657559394836426,-1.7206597328186035,0.26999998092651367,-1.3978387117385864,-3.0624618530273438,-75.06208801269531
1791627469960590784,1791627469946234400,2026-10-10T18:17:49.960+08:00,0.4962751567363739,-1.7214317321777344,0.26999998092651367,-1.390570878982544,-3.0582759380340576,-75.07533264160156
1791627470193703168,1791627470182000512,2026-10-10T18:17:50.193+08:00,0.4960833787918091,-1.722346544265747,0.2799999713897705,-1.3687080144882202,-3.033877372741699,-74.9590072631836
1791627470394511616,1791627470369077824,2026-10-10T18:17:50.394+08:00,0.4959891140460968,-1.7228763103485107,0.25999999046325684,-1.3429738283157349,-3.013643980026245,-74.8343734741211
1791627470595013248,1791627470583117760,2026-10-10T18:17:50.595+08:00,0.49574628472328186,-1.723659634590149,0.25999999046325684,-1.3291687965393066,-2.990816354751587,-74.68208312988281
1791627470826865728,1791627470817397312,2026-10-10T18:17:50.826+08:00,0.49609774351119995,-1.724685788154602,0.25,-1.5001459121704102,-2.871673822402954,-72.5785903930664
1791627471027327168,1791627471022417632,2026-10-10T18:17:51.027+08:00,0.5026915073394775,-1.7230342626571655,0.23000001907348633,-2.301323890686035,-2.517491579055786,-65.18943786621094
1791627471227378272,1791627471222732032,2026-10-10T18:17:51.227+08:00,0.5098740458488464,-1.717579960823059,0.2200000286102295,-3.6392409801483154,-2.157759428024292,-54.50127410888672
1791627471427423744,1791627471403990272,2026-10-10T18:17:51.427+08:00,0.5105351209640503,-1.7114129066467285,0.2200000286102295,-4.701143264770508,-1.729071855545044,-43.67555236816406
1791627471627499520,1791627471603853696,2026-10-10T18:17:51.627+08:00,0.5068846344947815,-1.7049291133880615,0.2200000286102295,-5.195615291595459,-1.1968563795089722,-31.108837127685547
1791627471827646080,1791627471809840960,2026-10-10T18:17:51.827+08:00,0.4980800151824951,-1.6996749639511108,0.23000001907348633,-5.033860683441162,-0.7083916664123535,-17.115074157714844
1791627472060464448,1791627472047933792,2026-10-10T18:17:52.060+08:00,0.48921501636505127,-1.696421504020691,0.24000000953674316,-4.567795276641846,-0.3738129436969757,-2.9411203861236572
1791627472260874688,1791627472239036160,2026-10-10T18:17:52.260+08:00,0.4811873435974121,-1.6982277631759644,0.23000001907348633,-4.188816070556641,-0.205519437789917,10.129511833190918
1791627472493950048,1791627472472468128,2026-10-10T18:17:52.493+08:00,0.4722340404987335,-1.7036068439483643,0.24000000953674316,-3.870039939880371,-0.1590903252363205,25.88792610168457
1791627472694305504,1791627472675118432,2026-10-10T18:17:52.694+08:00,0.46504437923431396,-1.7090493440628052,0.25,-3.794363498687744,-0.35350915789604187,38.23647689819336
1791627472895371424,1791627472876512416,2026-10-10T18:17:52.895+08:00,0.4610552489757538,-1.7166357040405273,0.25999999046325684,-3.8203165531158447,-0.7257761359214783,49.32220458984375
1791627473095724352,1791627473073348256,2026-10-10T18:17:53.095+08:00,0.462011456489563,-1.7276159524917603,0.25999999046325684,-3.710484027862549,-1.1887964010238647,59.03067398071289
1791627473327420096,1791627473276783424,2026-10-10T18:17:53.327+08:00,0.4645044505596161,-1.737658143043518,0.2799999713897705,-3.212425470352173,-1.6291025876998901,67.29625701904297
1791627473529660672,1791627473501799808,2026-10-10T18:17:53.529+08:00,0.4710523784160614,-1.7445507049560547,0.28999996185302734,-2.3752102851867676,-2.113577365875244,74.75703430175781
1791627473763312544,1791627473741487040,2026-10-10T18:17:53.763+08:00,0.47712159156799316,-1.7487391233444214,0.2799999713897705,-1.4396032094955444,-2.670933485031128,81.13087463378906
1791627473994376064,1791627473973075488,2026-10-10T18:17:53.994+08:00,0.48213085532188416,-1.7500932216644287,0.26999998092651367,-0.7864715456962585,-3.2159252166748047,85.95162200927734
1791627474227014240,1791627474213367456,2026-10-10T18:17:54.227+08:00,0.4867078959941864,-1.7501322031021118,0.2799999713897705,-0.54293292760849,-3.612056255340576,89.51827239990234
1791627474427441984,1791627474404120480,2026-10-10T18:17:54.427+08:00,0.48968201875686646,-1.7495474815368652,0.28999996185302734,-0.5300310850143433,-3.750575542449951,91.53157043457031
1791627474660788480,1791627474640516832,2026-10-10T18:17:54.660+08:00,0.4914546608924866,-1.747046947479248,0.25999999046325684,-0.5567229390144348,-3.7436039447784424,93.36221313476562
1791627474861321344,1791627474845508160,2026-10-10T18:17:54.861+08:00,0.4900948703289032,-1.74399995803833,0.25999999046325684,-0.13298679888248444,-3.6587982177734375,94.13261413574219
1791627475093854432,1791627475085993888,2026-10-10T18:17:55.093+08:00,0.473797082901001,-1.73975670337677,0.2799999713897705,1.1113969087600708,-3.783278465270996,95.23843383789062
1791627475296228128,1791627475293386784,2026-10-10T18:17:55.296+08:00,0.4481337070465088,-1.7347218990325928,0.26999998092651367,2.675779104232788,-4.056005954742432,96.23136901855469
1791627475532863392,1791627475505856768,2026-10-10T18:17:55.532+08:00,0.4236362874507904,-1.7284303903579712,0.25999999046325684,3.5403432846069336,-4.325979709625244,97.05164337158203
1791627475760662784,1791627475751801216,2026-10-10T18:17:55.760+08:00,0.39893320202827454,-1.7178833484649658,0.25999999046325684,2.6066091060638428,-4.519048690795898,97.87850952148438
1791627475960772384,1791627475951398048,2026-10-10T18:17:55.960+08:00,0.3884439170360565,-1.7062252759933472,0.24000000953674316,0.45026469230651855,-4.529787540435791,98.35589599609375
1791627476193553312,1791627476188613760,2026-10-10T18:17:56.193+08:00,0.38385534286499023,-1.6898154020309448,0.23000001907348633,-2.3816399574279785,-4.374990463256836,98.6851577758789
1791627476394304320,1791627476369910464,2026-10-10T18:17:56.394+08:00,0.3814048767089844,-1.6762455701828003,0.2200000286102295,-3.7443618774414062,-4.234460353851318,98.7933349609375
1791627476594638112,1791627476569696224,2026-10-10T18:17:56.594+08:00,0.37894901633262634,-1.6597747802734375,0.23000001907348633,-4.201361179351807,-4.142576217651367,98.8333969116211
1791627476827557216,1791627476809160192,2026-10-10T18:17:56.827+08:00,0.3789325952529907,-1.6378413438796997,0.23000001907348633,-3.571582317352295,-4.147821426391602,98.89772033691406
1791627477027761760,1791627477011879136,2026-10-10T18:17:57.027+08:00,0.380639910697937,-1.6201413869857788,0.24000000953674316,-2.3515543937683105,-4.222801685333252,98.90571594238281
1791627477261062080,1791627477245788064,2026-10-10T18:17:57.261+08:00,0.3808450996875763,-1.5995969772338867,0.24000000953674316,-0.8561362028121948,-4.31608247756958,98.87799835205078
1791627477461439680,1791627477439001664,2026-10-10T18:17:57.461+08:00,0.38013237714767456,-1.5803580284118652,0.25,0.04113927483558655,-4.363448619842529,98.86042785644531
1791627477693593760,1791627477678843648,2026-10-10T18:17:57.693+08:00,0.3799554705619812,-1.5574220418930054,0.24000000953674316,0.21224530041217804,-4.334829807281494,98.86966705322266
1791627477893998816,1791627477881638560,2026-10-10T18:17:57.893+08:00,0.38067901134490967,-1.5378012657165527,0.24000000953674316,-0.25838401913642883,-4.234375953674316,98.84884643554688
1791627478126859456,1791627478111246016,2026-10-10T18:17:58.126+08:00,0.38123270869255066,-1.513659119606018,0.24000000953674316,-1.0927361249923706,-4.052056312561035,98.8210220336914
1791627478328167552,1791627478282868704,2026-10-10T18:17:58.328+08:00,0.38164323568344116,-1.4972167015075684,0.23000001907348633,-1.593717336654663,-3.9311795234680176,98.79393005371094
1791627478561218272,1791627478528607040,2026-10-10T18:17:58.561+08:00,0.3826010823249817,-1.4692692756652832,0.24000000953674316,-2.0228402614593506,-3.7667737007141113,98.67947387695312
1791627478793878720,1791627478761716736,2026-10-10T18:17:58.793+08:00,0.38367247581481934,-1.4470908641815186,0.24000000953674316,-1.9241492748260498,-3.60731840133667,98.65284729003906
1791627478994864864,1791627478960780544,2026-10-10T18:17:58.994+08:00,0.3835808336734772,-1.4269479513168335,0.24000000953674316,-1.5425605773925781,-3.462088108062744,98.61358642578125
1791627479227556352,1791627479199677760,2026-10-10T18:17:59.227+08:00,0.3835734724998474,-1.4021213054656982,0.25,-1.0608370304107666,-3.334117889404297,98.56529998779297
1791627479460585792,1791627479444542880,2026-10-10T18:17:59.460+08:00,0.3826577067375183,-1.3770649433135986,0.25,-0.806483268737793,-3.2710697650909424,98.54667663574219
1791627479660610272,1791627479651663168,2026-10-10T18:17:59.660+08:00,0.38178011775016785,-1.3535057306289673,0.25,-0.8794699907302856,-3.2249972820281982,98.53791046142578
1791627479893884736,1791627479883404704,2026-10-10T18:17:59.893+08:00,0.3821743428707123,-1.3293989896774292,0.25,-1.158933401107788,-3.1514289379119873,98.5489501953125
1791627480126976480,1791627480089022976,2026-10-10T18:18:00.126+08:00,0.38355398178100586,-1.304499626159668,0.24000000953674316,-1.3512561321258545,-3.0531513690948486,98.55487823486328
1791627480327619680,1791627480293053728,2026-10-10T18:18:00.327+08:00,0.38480716943740845,-1.2818639278411865,0.25999999046325684,-0.9876691699028015,-2.9724137783050537,98.5098648071289
1791627480527610208,1791627480509483232,2026-10-10T18:18:00.527+08:00,0.3861856758594513,-1.2569644451141357,0.25,0.25324639678001404,-2.9757044315338135,98.41535949707031
1791627480760876416,1791627480744691488,2026-10-10T18:18:00.760+08:00,0.3785020709037781,-1.2325376272201538,0.25,1.9210577011108398,-3.0895936489105225,98.43061065673828
1791627480961246112,1791627480951343456,2026-10-10T18:18:00.961+08:00,0.35135316848754883,-1.208476185798645,0.25,2.5709338188171387,-3.2697203159332275,98.68490600585938
1791627481194120768,1791627481183628352,2026-10-10T18:18:01.194+08:00,0.33955317735671997,-1.1822330951690674,0.24000000953674316,0.9690055251121521,-3.4258809089660645,99.0028305053711
1791627481394960032,1791627481374903744,2026-10-10T18:18:01.394+08:00,0.33964622020721436,-1.1571873426437378,0.23000001907348633,-1.3083770275115967,-3.4047436714172363,98.98788452148438
1791627481627097728,1791627481623426784,2026-10-10T18:18:01.627+08:00,0.34076035022735596,-1.1268415451049805,0.2200000286102295,-3.417341947555542,-3.4436798095703125,98.81141662597656
1791627481828355072,1791627481826682976,2026-10-10T18:18:01.828+08:00,0.3424006402492523,-1.100589394569397,0.23000001907348633,-4.126118183135986,-3.5052058696746826,98.60952758789062
1791627482060798304,1791627482058484000,2026-10-10T18:18:02.060+08:00,0.344705194234848,-1.070120096206665,0.23000001907348633,-3.587031841278076,-3.522768020629883,98.31367492675781
1791627482293803328,1791627482263052960,2026-10-10T18:18:02.293+08:00,0.3459380567073822,-1.0439220666885376,0.23000001907348633,-2.345555067062378,-3.4794042110443115,98.07678985595703
1791627482494019520,1791627482477465408,2026-10-10T18:18:02.494+08:00,0.34603577852249146,-1.0163955688476562,0.23000001907348633,-0.8280116319656372,-3.4132349491119385,97.83128356933594
1791627482694212384,1791627482674630272,2026-10-10T18:18:02.694+08:00,0.3460325598716736,-0.9902967214584351,0.24000000953674316,0.18095962703227997,-3.3891425132751465,97.70516967773438
1791627482927149216,1791627482914168576,2026-10-10T18:18:02.927+08:00,0.34501445293426514,-0.9588301777839661,0.24000000953674316,0.412870317697525,-3.4141743183135986,97.61238098144531
1791627483127583456,1791627483113842304,2026-10-10T18:18:03.127+08:00,0.3446047008037567,-0.9324504733085632,0.23000001907348633,-0.16179966926574707,-3.4711194038391113,97.59374237060547
1791627483328022176,1791627483285732032,2026-10-10T18:18:03.328+08:00,0.34592655301094055,-0.911634087562561,0.23000001907348633,-0.9157320857048035,-3.5139875411987305,97.59959411621094
1791627483560707168,1791627483533636896,2026-10-10T18:18:03.560+08:00,0.3496676981449127,-0.8768652677536011,0.23000001907348633,-1.849012017250061,-3.6199584007263184,97.6043472290039
1791627483760713504,1791627483742581216,2026-10-10T18:18:03.760+08:00,0.34884941577911377,-0.8518556356430054,0.2200000286102295,-2.0320205688476562,-3.7073183059692383,97.56826782226562
1791627483961374976,1791627483942868992,2026-10-10T18:18:03.961+08:00,0.3474881947040558,-0.825600802898407,0.2200000286102295,-1.9546194076538086,-3.7880911827087402,97.5439682006836
1791627484194222688,1791627484171734464,2026-10-10T18:18:04.194+08:00,0.3490517735481262,-0.7909969091415405,0.23000001907348633,-1.6579912900924683,-3.8743064403533936,97.57234954833984
1791627484394344640,1791627484364541216,2026-10-10T18:18:04.394+08:00,0.3502606749534607,-0.7643596529960632,0.23000001907348633,-1.2869257926940918,-3.906475067138672,97.54678344726562
1791627484627211296,1791627484606479776,2026-10-10T18:18:04.627+08:00,0.3499923348426819,-0.7321698665618896,0.23000001907348633,-0.7485790848731995,-3.843989133834839,97.533447265625
1791627484827836832,1791627484806960000,2026-10-10T18:18:04.827+08:00,0.34808292984962463,-0.7069394588470459,0.23000001907348633,-0.6032768487930298,-3.720299005508423,97.53594970703125
1791627485060200416,1791627485036584224,2026-10-10T18:18:05.060+08:00,0.34675654768943787,-0.6778797507286072,0.23000001907348633,-0.8603551387786865,-3.553972005844116,97.58468627929688
1791627485260844448,1791627485238353728,2026-10-10T18:18:05.260+08:00,0.3430672287940979,-0.6569277048110962,0.23000001907348633,-0.7132749557495117,-3.431148052215576,97.68995666503906
1791627485494063040,1791627485465618016,2026-10-10T18:18:05.494+08:00,0.33012422919273376,-0.6360246539115906,0.23000001907348633,-0.16069957613945007,-3.504990577697754,97.63357543945312
1791627485694203584,1791627485671358368,2026-10-10T18:18:05.694+08:00,0.31944000720977783,-0.6119048595428467,0.23000001907348633,-0.17056840658187866,-3.857368230819702,97.51339721679688
1791627485895435264,1791627485874785248,2026-10-10T18:18:05.895+08:00,0.3162379860877991,-0.5876720547676086,0.23000001907348633,-0.750922441482544,-4.33858060836792,97.38292694091797
1791627486127691008,1791627486108849376,2026-10-10T18:18:06.127+08:00,0.31479015946388245,-0.558202862739563,0.23000001907348633,-1.4262715578079224,-4.901134490966797,97.18177795410156
1791627486360933152,1791627486331556960,2026-10-10T18:18:06.360+08:00,0.3125939667224884,-0.5313122868537903,0.2200000286102295,-1.7414829730987549,-5.220094203948975,97.10790252685547
1791627486560968672,1791627486533426464,2026-10-10T18:18:06.560+08:00,0.31137487292289734,-0.5056724548339844,0.23000001907348633,-1.8466204404830933,-5.311647891998291,97.08704376220703
1791627486794046944,1791627486766658688,2026-10-10T18:18:06.794+08:00,0.3109710216522217,-0.4778696596622467,0.24000000953674316,-1.781879186630249,-5.182713508605957,97.06491088867188
1791627487027760288,1791627487003122304,2026-10-10T18:18:07.027+08:00,0.31056201457977295,-0.4464494287967682,0.24000000953674316,-1.5292917490005493,-4.821633815765381,97.01578521728516
1791627487260781344,1791627487234574624,2026-10-10T18:18:07.260+08:00,0.3094651699066162,-0.4155205488204956,0.24000000953674316,-1.2817968130111694,-4.362912654876709,96.94451141357422
1791627487461175648,1791627487431258464,2026-10-10T18:18:07.461+08:00,0.31103700399398804,-0.3904699385166168,0.24000000953674316,-1.2095582485198975,-4.011573791503906,96.90311431884766
1791627487693956864,1791627487667693952,2026-10-10T18:18:07.693+08:00,0.3120161294937134,-0.36248719692230225,0.25,-1.1226993799209595,-3.7157864570617676,96.82899475097656
1791627487894088896,1791627487876189536,2026-10-10T18:18:07.894+08:00,0.3119915723800659,-0.3341175317764282,0.25,-1.050613284111023,-3.509932518005371,96.81401062011719
1791627488127425280,1791627488105431040,2026-10-10T18:18:08.127+08:00,0.3121756613254547,-0.30730360746383667,0.25,-1.1235431432724,-3.394538164138794,96.72492980957031
1791627488327673376,1791627488276178176,2026-10-10T18:18:08.327+08:00,0.31169912219047546,-0.28553465008735657,0.24000000953674316,-1.2256810665130615,-3.3387792110443115,96.66947174072266
1791627488561029888,1791627488538177632,2026-10-10T18:18:08.561+08:00,0.31157517433166504,-0.2545502483844757,0.25,-1.4087638854980469,-3.306568145751953,96.63652038574219
1791627488794278400,1791627488781745792,2026-10-10T18:18:08.794+08:00,0.3119170367717743,-0.22549593448638916,0.25,-1.4591343402862549,-3.3327584266662598,96.62931060791016
1791627489026947616,1791627489011716192,2026-10-10T18:18:09.026+08:00,0.31163156032562256,-0.1955699920654297,0.25,-1.374258041381836,-3.39917254447937,96.63043975830078
1791627489227310048,1791627489212727008,2026-10-10T18:18:09.227+08:00,0.3119346499443054,-0.17039287090301514,0.25,-1.2803233861923218,-3.4780147075653076,96.61296844482422
1791627489428054144,1791627489398888896,2026-10-10T18:18:09.428+08:00,0.3133443593978882,-0.1516602486371994,0.25,-1.1991446018218994,-3.5493884086608887,96.57596588134766
1791627489660765696,1791627489639638752,2026-10-10T18:18:09.660+08:00,0.31383317708969116,-0.12184575945138931,0.25,-1.0433207750320435,-3.601545572280884,96.56771087646484
1791627489894084032,1791627489873676384,2026-10-10T18:18:09.894+08:00,0.3130950331687927,-0.09183011204004288,0.25,-0.91820228099823,-3.59277081489563,96.64111328125
1791627490127296960,1791627490108390208,2026-10-10T18:18:10.127+08:00,0.3104521334171295,-0.060727156698703766,0.25999999046325684,-0.6473188400268555,-3.540412425994873,96.37580108642578
1791627490327601504,1791627490279492672,2026-10-10T18:18:10.327+08:00,0.3068186640739441,-0.041838258504867554,0.25,-0.09910968691110611,-3.5866663455963135,93.70890808105469
1791627490527759232,1791627490503357024,2026-10-10T18:18:10.527+08:00,0.3120400011539459,-0.017655715346336365,0.26999998092651367,1.074757695198059,-3.9264750480651855,85.03630828857422
1791627490761377600,1791627490745365568,2026-10-10T18:18:10.761+08:00,0.32498806715011597,0.0020645984914153814,0.25,2.5749478340148926,-4.051384925842285,72.31729125976562
1791627490994216352,1791627490979347520,2026-10-10T18:18:10.994+08:00,0.3320543169975281,0.01583222672343254,0.25999999046325684,3.3925650119781494,-3.690110921859741,59.209651947021484
1791627491227031648,1791627491214649888,2026-10-10T18:18:11.227+08:00,0.33675166964530945,0.027723146602511406,0.26999998092651367,2.7497756481170654,-3.136667490005493,47.31377410888672
1791627491427858688,1791627491403067616,2026-10-10T18:18:11.427+08:00,0.3387982249259949,0.035807691514492035,0.25999999046325684,1.4207051992416382,-2.770317554473877,39.51019287109375
1791627491661940928,1791627491635273408,2026-10-10T18:18:11.661+08:00,0.3347836434841156,0.04116203263401985,0.25,-0.9903990030288696,-2.450617551803589,30.71023178100586
1791627491893679680,1791627491872453536,2026-10-10T18:18:11.893+08:00,0.3310546576976776,0.04161043465137482,0.24000000953674316,-3.3564915657043457,-2.408712148666382,23.668954849243164
1791627492127369536,1791627492104551808,2026-10-10T18:18:12.127+08:00,0.32804441452026367,0.04145260155200958,0.23000001907348633,-4.842580318450928,-2.595695972442627,18.459938049316406
1791627492327504416,1791627492273449408,2026-10-10T18:18:12.327+08:00,0.3250560760498047,0.032903436571359634,0.24000000953674316,-5.428398609161377,-2.8231770992279053,15.019148826599121
1791627492560372000,1791627492558119936,2026-10-10T18:18:12.560+08:00,0.31795424222946167,0.019213179126381874,0.24000000953674316,-4.764871120452881,-3.274933338165283,10.769596099853516
1791627492761270304,1791627492729211168,2026-10-10T18:18:12.761+08:00,0.3118894696235657,0.012612790800631046,0.25999999046325684,-3.494694232940674,-3.493834972381592,8.597371101379395
1791627492961536032,1791627492934659296,2026-10-10T18:18:12.961+08:00,0.3048647344112396,0.00686133187264204,0.25999999046325684,-1.9027944803237915,-3.600433111190796,6.583940505981445
1791627493163337120,1791627493134503872,2026-10-10T18:18:13.163+08:00,0.2993331849575043,0.0033720331266522408,0.25999999046325684,-0.6602786183357239,-3.5570037364959717,5.0041584968566895
1791627493394378208,1791627493364207552,2026-10-10T18:18:13.394+08:00,0.2939246892929077,0.0010872554266825318,0.2799999713897705,-0.1001177430152893,-3.350630521774292,3.7002482414245605
1791627493594470592,1791627493567633600,2026-10-10T18:18:13.594+08:00,0.28982898592948914,0.00046703589032404125,0.2799999713897705,-0.3118305504322052,-3.0492680072784424,2.795323133468628
1791627493827855680,1791627493808285952,2026-10-10T18:18:13.827+08:00,0.28683826327323914,-0.00015731864550616592,0.26999998092651367,-1.1401606798171997,-2.622645378112793,1.9129856824874878
1791627494060445376,1791627494041630464,2026-10-10T18:18:14.060+08:00,0.2856251001358032,-6.0379454225767404e-05,0.25999999046325684,-1.8027852773666382,-2.4072670936584473,1.3674516677856445
1791627494260596256,1791627494244530496,2026-10-10T18:18:14.260+08:00,0.2850877642631531,0.0002652264083735645,0.26999998092651367,-2.1344237327575684,-2.3633105754852295,0.994318425655365
1791627494460787232,1791627494432513248,2026-10-10T18:18:14.460+08:00,0.2847039997577667,0.00044616355444304645,0.25,-2.1214587688446045,-2.451650381088257,0.715066134929657
1791627494661054144,1791627494629149888,2026-10-10T18:18:14.661+08:00,0.28491920232772827,0.0005578913260251284,0.26999998092651367,-1.8284484148025513,-2.6497926712036133,0.5194427371025085
1791627494895130016,1791627494867850720,2026-10-10T18:18:14.895+08:00,0.28564295172691345,0.0005701357149519026,0.25999999046325684,-1.390152096748352,-2.968950033187866,0.36815401911735535
1791627495127534048,1791627495096949856,2026-10-10T18:18:15.127+08:00,0.2866560220718384,0.00019934610463678837,0.26999998092651367,-1.0553489923477173,-3.3541204929351807,0.3125153183937073
1791627495327679680,1791627495268186400,2026-10-10T18:18:15.327+08:00,0.2873973250389099,-0.0006111276452429593,0.2799999713897705,-0.9541431665420532,-3.606455087661743,0.25488215684890747
1791627495560588608,1791627495549391424,2026-10-10T18:18:15.560+08:00,0.2897826135158539,-0.0004545511328615248,0.25999999046325684,-0.9866744875907898,-3.829298973083496,0.19535024464130402
1791627495760634368,1791627495752381184,2026-10-10T18:18:15.760+08:00,0.2906017601490021,0.00014811719302088022,0.25,-1.236092209815979,-3.8410837650299072,0.23499949276447296
1791627495961937568,1791627495959613408,2026-10-10T18:18:15.961+08:00,0.29335930943489075,-0.0007565831765532494,0.26999998092651367,-1.273698329925537,-3.9043221473693848,-2.682508945465088
1791627496194159200,1791627496192431584,2026-10-10T18:18:16.194+08:00,0.2954530417919159,-0.010185280814766884,0.2799999713897705,-0.3099742829799652,-4.2066569328308105,-12.48837947845459
1791627496398219264,1791627496377412448,2026-10-10T18:18:16.398+08:00,0.2939123511314392,-0.016798779368400574,0.26999998092651367,0.8856546878814697,-4.359778881072998,-21.797138214111328
1791627496627285856,1791627496619300736,2026-10-10T18:18:16.627+08:00,0.2909553349018097,-0.023448383435606956,0.26999998092651367,1.9699078798294067,-4.291693210601807,-34.2436637878418
1791627496828051872,1791627496822579392,2026-10-10T18:18:16.828+08:00,0.2884732484817505,-0.025815432891249657,0.25999999046325684,2.0153861045837402,-4.040777683258057,-43.65993881225586
1791627497061458240,1791627497059556320,2026-10-10T18:18:17.061+08:00,0.28559786081314087,-0.023054614663124084,0.25,1.0879653692245483,-3.5932788848876953,-53.527679443359375
1791627497293862112,1791627497290714336,2026-10-10T18:18:17.293+08:00,0.2827250063419342,-0.020290862768888474,0.25,-0.4289555251598358,-3.165940999984741,-61.61357116699219
1791627497493886208,1791627497478407680,2026-10-10T18:18:17.493+08:00,0.280570387840271,-0.018218044191598892,0.25,-1.4364044666290283,-3.0006706714630127,-66.62666320800781
1791627497694268448,1791627497682320992,2026-10-10T18:18:17.694+08:00,0.27817636728286743,-0.015914924442768097,0.25,-2.175445556640625,-2.9772300720214844,-71.29877471923828
1791627497927281504,1791627497916193728,2026-10-10T18:18:17.927+08:00,0.27530351281166077,-0.013151171617209911,0.25,-2.1973321437835693,-3.064434051513672,-75.76107788085938
1791627498160578944,1791627498150982880,2026-10-10T18:18:18.160+08:00,0.272428959608078,-0.010387900285422802,0.25,-1.323691487312317,-3.1736931800842285,-79.15611267089844
1791627498361102944,1791627498340342464,2026-10-10T18:18:18.361+08:00,0.27027302980422974,-0.008315443992614746,0.25,-0.3808850049972534,-3.249561071395874,-81.1005630493164
1791627498594080224,1791627498576677856,2026-10-10T18:18:18.594+08:00,0.267398476600647,-0.005552184302359819,0.25999999046325684,0.7342346906661987,-3.3483731746673584,-83.03706359863281
1791627498794239168,1791627498783176192,2026-10-10T18:18:18.794+08:00,0.2739402949810028,-0.0028399403672665358,0.25999999046325684,1.1408480405807495,-3.4232709407806396,-84.17837524414062
1791627499027151360,1791627499017090176,2026-10-10T18:18:19.027+08:00,0.2965756356716156,0.0013984290417283773,0.25,0.38754671812057495,-3.5360660552978516,-85.11063385009766
1791627499227351552,1791627499218144672,2026-10-10T18:18:19.227+08:00,0.3046055734157562,0.0029804722871631384,0.23000001907348633,-1.5755101442337036,-3.633784532546997,-85.6297378540039
1791627499427636544,1791627499402323456,2026-10-10T18:18:19.427+08:00,0.3067716658115387,0.006241743452847004,0.23000001907348633,-3.660501480102539,-3.7332255840301514,-85.94044494628906
1791627499627969952,1791627499604214112,2026-10-10T18:18:19.627+08:00,0.30201849341392517,0.0054913656786084175,0.2200000286102295,-5.557221412658691,-3.987518310546875,-86.24555206298828
1791627499861173024,1791627499833481568,2026-10-10T18:18:19.861+08:00,0.29502037167549133,-0.005037583876401186,0.2200000286102295,-6.397663593292236,-4.400059700012207,-86.6968994140625
1791627500094243840,1791627500067405728,2026-10-10T18:18:20.094+08:00,0.2759329080581665,-0.01513415016233921,0.23000001907348633,-5.65574312210083,-4.718040943145752,-87.16051483154297
1791627500328332352,1791627500270385504,2026-10-10T18:18:20.328+08:00,0.2605455815792084,-0.019665298983454704,0.24000000953674316,-3.279937982559204,-4.916197299957275,-87.67279815673828
1791627500560911232,1791627500536513120,2026-10-10T18:18:20.560+08:00,0.25739607214927673,-0.03377872332930565,0.25999999046325684,0.28672489523887634,-4.957373142242432,-88.18328094482422
1791627500761061952,1791627500733314432,2026-10-10T18:18:20.761+08:00,0.2623656690120697,-0.05620456486940384,0.25,2.105762481689453,-4.971643447875977,-88.47562408447266
1791627500993816608,1791627500966552416,2026-10-10T18:18:20.993+08:00,0.2730519771575928,-0.07327897846698761,0.25,2.2973740100860596,-4.971232891082764,-88.5816879272461
1791627501194291200,1791627501165687104,2026-10-10T18:18:21.194+08:00,0.27718737721443176,-0.08671928197145462,0.23000001907348633,0.6806045770645142,-4.779958248138428,-88.54429626464844
1791627501394717792,1791627501364212800,2026-10-10T18:18:21.394+08:00,0.27159208059310913,-0.10527303069829941,0.23000001907348633,-1.5534803867340088,-4.407606601715088,-88.54074096679688
1791627501626952000,1791627501602297440,2026-10-10T18:18:21.626+08:00,0.26682767271995544,-0.1196284294128418,0.23000001907348633,-3.2421557903289795,-3.9293477535247803,-88.6480484008789
1791627501827696320,1791627501802678784,2026-10-10T18:18:21.827+08:00,0.26889511942863464,-0.12896747887134552,0.23000001907348633,-3.5033185482025146,-3.6786246299743652,-88.80937957763672
1791627502061152864,1791627502035536416,2026-10-10T18:18:22.061+08:00,0.2678721249103546,-0.14373300969600677,0.23000001907348633,-3.0199780464172363,-3.5698165893554688,-89.04903411865234
1791627502294369056,1791627502269358304,2026-10-10T18:18:22.294+08:00,0.268303245306015,-0.16347439587116241,0.23000001907348633,-1.9296927452087402,-3.5925121307373047,-89.22126007080078
1791627502526818272,1791627502495990016,2026-10-10T18:18:22.526+08:00,0.26457077264785767,-0.18524539470672607,0.24000000953674316,-0.9229064583778381,-3.71627140045166,-89.3595962524414
1791627502727679040,1791627502699040960,2026-10-10T18:18:22.727+08:00,0.26261499524116516,-0.19443295896053314,0.24000000953674316,-0.11271722614765167,-3.8503427505493164,-89.45065307617188
1791627502961216224,1791627502934046400,2026-10-10T18:18:22.961+08:00,0.2660999894142151,-0.22011776268482208,0.24000000953674316,0.18323789536952972,-4.035228729248047,-89.50011444091797
1791627503194144064,1791627503170096320,2026-10-10T18:18:23.194+08:00,0.26774731278419495,-0.24713748693466187,0.24000000953674316,-0.48846128582954407,-4.21108341217041,-89.47898864746094
1791627503427549152,1791627503409570432,2026-10-10T18:18:23.427+08:00,0.26817166805267334,-0.26657143235206604,0.24000000953674316,-1.5697808265686035,-4.338898181915283,-89.4750747680664
1791627503627584096,1791627503610890912,2026-10-10T18:18:23.627+08:00,0.267583966255188,-0.2808661460876465,0.23000001907348633,-2.2476537227630615,-4.351174354553223,-89.47258758544922
1791627503860437568,1791627503848527456,2026-10-10T18:18:23.860+08:00,0.26702311635017395,-0.29755592346191406,0.23000001907348633,-2.4002792835235596,-4.238685131072998,-89.4581069946289
1791627504093610784,1791627504087995904,2026-10-10T18:18:24.093+08:00,0.265041708946228,-0.32713061571121216,0.24000000953674316,-1.8962996006011963,-4.087562561035156,-89.46571350097656
1791627504293837472,1791627504283894080,2026-10-10T18:18:24.293+08:00,0.26420387625694275,-0.3463705778121948,0.24000000953674316,-1.2141631841659546,-3.992319107055664,-89.45957946777344
1791627504527161440,1791627504506718688,2026-10-10T18:18:24.527+08:00,0.2650846838951111,-0.3695881962776184,0.24000000953674316,-0.47969740629196167,-3.9044079780578613,-89.44515991210938
1791627504727350560,1791627504711055424,2026-10-10T18:18:24.727+08:00,0.26725274324417114,-0.39283010363578796,0.24000000953674316,-0.23387694358825684,-3.852079391479492,-89.43181610107422
1791627504928668192,1791627504920065856,2026-10-10T18:18:24.928+08:00,0.2696901559829712,-0.4139997959136963,0.24000000953674316,-0.5440555214881897,-3.833686113357544,-89.40449523925781
1791627505160785984,1791627505125146400,2026-10-10T18:18:25.160+08:00,0.27003365755081177,-0.4352824091911316,0.25,-1.1888588666915894,-3.841102123260498,-89.37183380126953
1791627505394248768,1791627505388565184,2026-10-10T18:18:25.394+08:00,0.26753559708595276,-0.4656098186969757,0.24000000953674316,-1.7020364999771118,-3.8946053981781006,-89.70879364013672
1791627505594320928,1791627505566082240,2026-10-10T18:18:25.594+08:00,0.27048447728157043,-0.4809478521347046,0.25,-1.311375617980957,-3.8857192993164062,-89.88724517822266
1791627505794535104,1791627505763823136,2026-10-10T18:18:25.794+08:00,0.28482526540756226,-0.5003054738044739,0.25,-0.4930231273174286,-3.8857903480529785,-89.86674499511719
1791627506027136320,1791627506006051584,2026-10-10T18:18:26.027+08:00,0.2980903089046478,-0.525364875793457,0.25,-0.18559128046035767,-4.121282577514648,-89.68083953857422
1791627506227421984,1791627506202315968,2026-10-10T18:18:26.227+08:00,0.3012881278991699,-0.5464261174201965,0.24000000953674316,-0.6485057473182678,-4.40228271484375,-89.3946533203125
1791627506461848992,1791627506430632896,2026-10-10T18:18:26.461+08:00,0.30279359221458435,-0.5741257071495056,0.24000000953674316,-1.372909665107727,-4.633898735046387,-89.16803741455078
1791627506695023360,1791627506693208736,2026-10-10T18:18:26.695+08:00,0.302229106426239,-0.6051723957061768,0.24000000953674316,-1.9005430936813354,-4.696370601654053,-88.9715576171875
1791627506927660864,1791627506897896128,2026-10-10T18:18:26.927+08:00,0.3026977479457855,-0.627835750579834,0.23000001907348633,-1.9048571586608887,-4.650512218475342,-88.87812042236328
1791627507160983552,1791627507132302528,2026-10-10T18:18:27.160+08:00,0.3041788637638092,-0.6550763845443726,0.24000000953674316,-1.6353439092636108,-4.5105814933776855,-88.80908966064453
1791627507393938304,1791627507374330016,2026-10-10T18:18:27.393+08:00,0.30481430888175964,-0.6825867295265198,0.24000000953674316,-1.3891854286193848,-4.269697666168213,-88.76747131347656
1791627507594339552,1791627507574372384,2026-10-10T18:18:27.594+08:00,0.3050433397293091,-0.7053923606872559,0.24000000953674316,-1.246870994567871,-4.013645172119141,-88.65636444091797
1791627507827447872,1791627507814153184,2026-10-10T18:18:27.827+08:00,0.3041071891784668,-0.7318995594978333,0.24000000953674316,-1.1647014617919922,-3.7343428134918213,-88.53437805175781
1791627508060401216,1791627508045368864,2026-10-10T18:18:28.060+08:00,0.3021607995033264,-0.7559084296226501,0.24000000953674316,-1.0691196918487549,-3.5601937770843506,-88.4127197265625
1791627508293686432,1791627508280132320,2026-10-10T18:18:28.293+08:00,0.3007449209690094,-0.7823086380958557,0.24000000953674316,-0.8704699277877808,-3.4937596321105957,-88.41964721679688
1791627508493798400,1791627508473505120,2026-10-10T18:18:28.493+08:00,0.30279839038848877,-0.8053613305091858,0.24000000953674316,-0.7776976227760315,-3.5284829139709473,-88.4729995727539
1791627508694227904,1791627508673179200,2026-10-10T18:18:28.694+08:00,0.3044794499874115,-0.828185498714447,0.24000000953674316,-0.9655697345733643,-3.625133514404297,-88.5073013305664
1791627508936891104,1791627508913667936,2026-10-10T18:18:28.936+08:00,0.30351805686950684,-0.8550361394882202,0.24000000953674316,-1.324578046798706,-3.775109052658081,-88.5428466796875
1791627509160496192,1791627509144128480,2026-10-10T18:18:29.160+08:00,0.3012439012527466,-0.879287600517273,0.24000000953674316,-1.5143932104110718,-3.890998601913452,-88.6107177734375
1791627509360905504,1791627509334531904,2026-10-10T18:18:29.360+08:00,0.30149123072624207,-0.9006727337837219,0.25,-1.407941222190857,-3.937319278717041,-88.6371841430664
1791627509560976096,1791627509539457024,2026-10-10T18:18:29.560+08:00,0.3021794259548187,-0.922492504119873,0.25,-1.2164534330368042,-3.9381017684936523,-88.65923309326172
1791627509761472448,1791627509743069024,2026-10-10T18:18:29.761+08:00,0.3019130229949951,-0.9447107315063477,0.24000000953674316,-1.0760154724121094,-3.903338670730591,-88.68296813964844
1791627509996268224,1791627509982718560,2026-10-10T18:18:29.996+08:00,0.3014114499092102,-0.9713069200515747,0.24000000953674316,-0.9866282939910889,-3.8162410259246826,-88.71421813964844
1791627510227128192,1791627510214306624,2026-10-10T18:18:30.227+08:00,0.30025553703308105,-0.9992212653160095,0.25,-0.9480138421058655,-3.705820322036743,-88.7501220703125
1791627510427784256,1791627510402413792,2026-10-10T18:18:30.427+08:00,0.3016503155231476,-1.0177968740463257,0.24000000953674316,-0.922963559627533,-3.6314187049865723,-88.75597381591797
1791627510661244352,1791627510634315040,2026-10-10T18:18:30.661+08:00,0.30331099033355713,-1.0434218645095825,0.25,-1.0826115608215332,-3.5315375328063965,-88.78741455078125
1791627510894351872,1791627510873027776,2026-10-10T18:18:30.894+08:00,0.30235832929611206,-1.067821979522705,0.24000000953674316,-1.1385709047317505,-3.448556900024414,-89.144287109375
1791627511126886304,1791627511112111904,2026-10-10T18:18:31.126+08:00,0.312130868434906,-1.0872811079025269,0.25,-0.39333197474479675,-3.424879550933838,-89.27696228027344
1791627511326944576,1791627511279176192,2026-10-10T18:18:31.326+08:00,0.32501929998397827,-1.1020104885101318,0.25,0.12326010316610336,-3.5485637187957764,-89.21202087402344
1791627511527750688,1791627511498384448,2026-10-10T18:18:31.527+08:00,0.3367425203323364,-1.1232826709747314,0.24000000953674316,0.14019766449928284,-3.987630605697632,-88.93276977539062
1791627511727775424,1791627511698193056,2026-10-10T18:18:31.727+08:00,0.34013429284095764,-1.1435518264770508,0.24000000953674316,-0.5480537414550781,-4.476305961608887,-88.65929412841797
1791627511931396960,1791627511895667328,2026-10-10T18:18:31.931+08:00,0.3406159281730652,-1.1666113138198853,0.24000000953674316,-1.3643516302108765,-4.848042964935303,-88.41165161132812
1791627512161099168,1791627512129490880,2026-10-10T18:18:32.161+08:00,0.3416407108306885,-1.1942216157913208,0.24000000953674316,-1.9646555185317993,-5.082327365875244,-88.22544860839844
1791627512362429920,1791627512356183520,2026-10-10T18:18:32.362+08:00,0.34163951873779297,-1.2203607559204102,0.24000000953674316,-2.0962841510772705,-5.075035095214844,-88.1249008178711
1791627512594254016,1791627512568325600,2026-10-10T18:18:32.594+08:00,0.3413068652153015,-1.2465373277664185,0.24000000953674316,-1.8429429531097412,-4.86232328414917,-88.04216766357422
1791627512794690400,1791627512771650848,2026-10-10T18:18:32.794+08:00,0.3416883051395416,-1.2707955837249756,0.25,-1.4394638538360596,-4.543254375457764,-87.99341583251953
1791627513027536448,1791627513003194784,2026-10-10T18:18:33.027+08:00,0.3424625098705292,-1.2965729236602783,0.25,-1.099662184715271,-4.145062446594238,-87.95556640625
1791627513260972064,1791627513243024224,2026-10-10T18:18:33.260+08:00,0.3410477936267853,-1.3243762254714966,0.25,-0.9766031503677368,-3.743187427520752,-87.92977142333984
1791627513461594752,1791627513437769600,2026-10-10T18:18:33.461+08:00,0.3394835293292999,-1.348562240600586,0.25,-0.9446377754211426,-3.486340045928955,-87.9268798828125
1791627513694289376,1791627513680609056,2026-10-10T18:18:33.694+08:00,0.34035545587539673,-1.3781661987304688,0.25999999046325684,-0.9562659859657288,-3.338048219680786,-88.01587677001953
1791627513894527104,1791627513883268992,2026-10-10T18:18:33.894+08:00,0.3410073518753052,-1.4017091989517212,0.25,-1.1422210931777954,-3.356050491333008,-88.03848266601562
1791627514127180608,1791627514120583264,2026-10-10T18:18:34.127+08:00,0.3400135338306427,-1.4292725324630737,0.25,-1.3554410934448242,-3.437805414199829,-88.02030944824219
1791627514327874880,1791627514288486528,2026-10-10T18:18:34.327+08:00,0.3394499123096466,-1.4500046968460083,0.25,-1.3694946765899658,-3.511349678039551,-88.0299301147461
1791627514560541888,1791627514542766144,2026-10-10T18:18:34.560+08:00,0.33907055854797363,-1.477554440498352,0.25999999046325684,-1.2338078022003174,-3.6001625061035156,-88.00335693359375
1791627514794249760,1791627514772891136,2026-10-10T18:18:34.794+08:00,0.34037062525749207,-1.5051417350769043,0.25,-1.0857220888137817,-3.659795045852661,-88.00102996826172
1791627515026958560,1791627515016420384,2026-10-10T18:18:35.026+08:00,0.3411306142807007,-1.5330734252929688,0.25,-1.1332952976226807,-3.656911849975586,-87.98918151855469
1791627515227104576,1791627515214101152,2026-10-10T18:18:35.227+08:00,0.339609295129776,-1.556658387184143,0.25,-1.2265020608901978,-3.6280863285064697,-87.98196411132812
1791627515427413248,1791627515405920736,2026-10-10T18:18:35.427+08:00,0.3389486074447632,-1.5767444372177124,0.25,-1.1881977319717407,-3.594644784927368,-87.9761734008789
1791627515627751744,1791627515601070464,2026-10-10T18:18:35.627+08:00,0.33973777294158936,-1.600071907043457,0.25,-1.068605899810791,-3.5454201698303223,-88.06472778320312
1791627515828467648,1791627515809077600,2026-10-10T18:18:35.828+08:00,0.3403273820877075,-1.6257965564727783,0.25999999046325684,-1.030933141708374,-3.4926717281341553,-88.12321472167969
1791627516061466112,1791627516040798464,2026-10-10T18:18:36.061+08:00,0.34016239643096924,-1.649551510810852,0.25999999046325684,-1.1026633977890015,-3.4331774711608887,-88.19210815429688
1791627516293799584,1791627516281059232,2026-10-10T18:18:36.293+08:00,0.34168317914009094,-1.6769046783447266,0.25999999046325684,-0.9441725611686707,-3.3762567043304443,-88.22828674316406
1791627516527096928,1791627516506561248,2026-10-10T18:18:36.527+08:00,0.3465579152107239,-1.6996629238128662,0.25999999046325684,-0.872588574886322,-3.3794851303100586,-88.25647735595703
1791627516727314528,1791627516703860800,2026-10-10T18:18:36.727+08:00,0.34732821583747864,-1.7168115377426147,0.25999999046325684,-1.260105013847351,-3.4529528617858887,-88.19548034667969
1791627516960635616,1791627516941425664,2026-10-10T18:18:36.960+08:00,0.34398239850997925,-1.733008861541748,0.25,-1.7880306243896484,-3.5131096839904785,-88.1513900756836
1791627517160739200,1791627517141992448,2026-10-10T18:18:37.160+08:00,0.34117037057876587,-1.7422053813934326,0.25,-1.81434965133667,-3.5211851596832275,-88.14794158935547
1791627517360834080,1791627517338001984,2026-10-10T18:18:37.360+08:00,0.3415641486644745,-1.7479681968688965,0.25,-1.3685237169265747,-3.4918665885925293,-88.14730072021484
1791627517561021408,1791627517540173792,2026-10-10T18:18:37.561+08:00,0.34362539649009705,-1.7531538009643555,0.25,-0.8522047996520996,-3.4325850009918213,-88.05779266357422
1791627517761065120,1791627517739397856,2026-10-10T18:18:37.761+08:00,0.3437206745147705,-1.756413459777832,0.25,-0.6772211194038391,-3.399165391921997,-87.99494934082031
1791627517994374528,1791627517971986176,2026-10-10T18:18:37.994+08:00,0.34165942668914795,-1.758867621421814,0.25,-0.8277081847190857,-3.402358055114746,-88.00717163085938
1791627518194885376,1791627518172007360,2026-10-10T18:18:38.194+08:00,0.3415926694869995,-1.7591958045959473,0.25,-0.9924065470695496,-3.438504695892334,-88.06114196777344
1791627518427116736,1791627518407500608,2026-10-10T18:18:38.427+08:00,0.34300360083580017,-1.7583131790161133,0.25,-1.2520885467529297,-3.491255044937134,-88.0403823852539
1791627518660510816,1791627518639914912,2026-10-10T18:18:38.660+08:00,0.3423728346824646,-1.7561248540878296,0.25999999046325684,-1.5586262941360474,-3.512640953063965,-88.03044891357422
1791627518861006816,1791627518841911488,2026-10-10T18:18:38.861+08:00,0.3413904905319214,-1.7534164190292358,0.25999999046325684,-1.632564902305603,-3.505906581878662,-88.05863952636719
1791627519095729760,1791627519081882208,2026-10-10T18:18:39.095+08:00,0.3420666456222534,-1.7482244968414307,0.26999998092651367,-1.409572958946228,-3.4977664947509766,-88.05435943603516
1791627519327629088,1791627519278250848,2026-10-10T18:18:39.327+08:00,0.34242182970046997,-1.7428113222122192,0.25,-1.2205756902694702,-3.506957530975342,-88.0103988647461
1791627519560772000,1791627519540726656,2026-10-10T18:18:39.560+08:00,0.3418603539466858,-1.7348685264587402,0.25999999046325684,-1.0879145860671997,-3.5221333503723145,-87.96987915039062
1791627519794017824,1791627519785934080,2026-10-10T18:18:39.794+08:00,0.34183743596076965,-1.7266433238983154,0.26999998092651367,-1.12254798412323,-3.5050272941589355,-87.93856811523438
1791627520027254144,1791627520013853248,2026-10-10T18:18:40.027+08:00,0.3418042063713074,-1.7178598642349243,0.25,-1.275857925415039,-3.47269868850708,-87.88799285888672
1791627520260693376,1791627520251807008,2026-10-10T18:18:40.260+08:00,0.3415282368659973,-1.7078344821929932,0.26999998092651367,-1.4466636180877686,-3.4507863521575928,-87.86395263671875
1791627520461409888,1791627520430776288,2026-10-10T18:18:40.461+08:00,0.3413597643375397,-1.6999831199645996,0.26999998092651367,-1.4917590618133545,-3.459321975708008,-87.89481353759766
1791627520734077024,1791627520632159104,2026-10-10T18:18:40.734+08:00,0.3418649435043335,-1.6921075582504272,0.25999999046325684,-1.5227596759796143,-3.493929386138916,-87.88111877441406
1791627520960978912,1791627520932084512,2026-10-10T18:18:40.960+08:00,0.34156444668769836,-1.6808329820632935,0.26999998092651367,-1.6367074251174927,-3.590364456176758,-87.8335189819336
1791627521161081344,1791627521138601920,2026-10-10T18:18:41.161+08:00,0.34065449237823486,-1.6744292974472046,0.26999998092651367,-1.6475963592529297,-3.6597063541412354,-87.81427764892578
1791627521394276032,1791627521360624384,2026-10-10T18:18:41.394+08:00,0.34075382351875305,-1.6684985160827637,0.25999999046325684,-1.4938948154449463,-3.732522487640381,-87.79039764404297
1791627521594509888,1791627521559291712,2026-10-10T18:18:41.594+08:00,0.3405070900917053,-1.6644911766052246,0.25,-1.3305495977401733,-3.806187868118286,-87.87056732177734
1791627521827332256,1791627521801784128,2026-10-10T18:18:41.827+08:00,0.3405086100101471,-1.660110354423523,0.25999999046325684,-1.182387351989746,-3.879908561706543,-87.96819305419922
1791627522027796864,1791627522007291424,2026-10-10T18:18:42.027+08:00,0.34138724207878113,-1.6571239233016968,0.25999999046325684,-0.8574088215827942,-3.9481921195983887,-88.58511352539062
1791627522228028256,1791627522210866464,2026-10-10T18:18:42.228+08:00,0.3498278260231018,-1.6577380895614624,0.2799999713897705,-0.29733946919441223,-4.078536510467529,-88.8613052368164
1791627522460861856,1791627522431765152,2026-10-10T18:18:42.460+08:00,0.36329567432403564,-1.6633086204528809,0.26999998092651367,-0.12473164498806,-4.271586894989014,-88.88067626953125
1791627522693983168,1791627522671207936,2026-10-10T18:18:42.693+08:00,0.3680509328842163,-1.6729955673217773,0.26999998092651367,-0.81770259141922,-4.5651774406433105,-88.70394134521484
1791627522894495520,1791627522871751552,2026-10-10T18:18:42.894+08:00,0.3674776256084442,-1.683266043663025,0.25999999046325684,-1.5151036977767944,-4.778314590454102,-88.48567962646484
1791627523127571840,1791627523105783872,2026-10-10T18:18:43.127+08:00,0.3688620328903198,-1.6953922510147095,0.25999999046325684,-1.9189006090164185,-4.910580635070801,-88.33037567138672
1791627523360996736,1791627523336393984,2026-10-10T18:18:43.360+08:00,0.37115031480789185,-1.7079294919967651,0.25999999046325684,-1.9254391193389893,-4.830753326416016,-88.35333251953125
1791627523593960640,1791627523573721920,2026-10-10T18:18:43.593+08:00,0.3720662295818329,-1.7205917835235596,0.25999999046325684,-1.7386044263839722,-4.501948356628418,-88.32911682128906
1791627523827689152,1791627523812409856,2026-10-10T18:18:43.827+08:00,0.37147149443626404,-1.732540488243103,0.25,-1.475018858909607,-4.053294658660889,-88.23085021972656
1791627524032882624,1791627524012004800,2026-10-10T18:18:44.032+08:00,0.3713586926460266,-1.7422168254852295,0.25,-1.2601033449172974,-3.698613166809082,-88.16657257080078
1791627524260822112,1791627524246015072,2026-10-10T18:18:44.260+08:00,0.3717547059059143,-1.750874400138855,0.25,-1.1740858554840088,-3.383786678314209,-88.1161880493164
1791627524460884768,1791627524428504800,2026-10-10T18:18:44.460+08:00,0.3723450005054474,-1.7577491998672485,0.25,-1.2384780645370483,-3.1968135833740234,-88.09931182861328
1791627524660968768,1791627524636895840,2026-10-10T18:18:44.660+08:00,0.37392958998680115,-1.7647438049316406,0.25,-1.0697035789489746,-3.1228749752044678,-88.14266204833984
1791627526424720224,1791627526250766688,2026-10-10T18:18:46.424+08:00,0.4006834924221039,-1.83365797996521,0.24000000953674316,-1.6622341871261597,-4.643651962280273,-87.9193344116211
1791627526626973120,1791627526597907008,2026-10-10T18:18:46.626+08:00,0.40537378191947937,-1.8487800359725952,0.25,-1.2019743919372559,-4.3105034828186035,-87.89164733886719
1791627526827607008,1791627526801687328,2026-10-10T18:18:46.827+08:00,0.4052926003932953,-1.8569202423095703,0.25,-1.4749325513839722,-4.070302486419678,-87.87950134277344
1791627527060504960,1791627527032619744,2026-10-10T18:18:47.060+08:00,0.40492892265319824,-1.8654788732528687,0.24000000953674316,-1.9206904172897339,-3.795189380645752,-87.88871002197266
1791627527294279456,1791627527272836704,2026-10-10T18:18:47.294+08:00,0.40527164936065674,-1.872856855392456,0.24000000953674316,-2.1224424839019775,-3.5602312088012695,-87.94580841064453
1791627527527978848,1791627527504762080,2026-10-10T18:18:47.527+08:00,0.40568655729293823,-1.8782480955123901,0.25,-2.078106164932251,-3.427842855453491,-87.99938201904297
1791627527760548256,1791627527743738560,2026-10-10T18:18:47.760+08:00,0.40595075488090515,-1.8824607133865356,0.25,-1.8579115867614746,-3.43015193939209,-88.04837036132812
1791627527960879936,1791627527942877888,2026-10-10T18:18:47.960+08:00,0.40591973066329956,-1.8846560716629028,0.24000000953674316,-1.659264326095581,-3.528674840927124,-88.07219696044922
1791627528161206624,1791627528146898752,2026-10-10T18:18:48.161+08:00,0.4060564935207367,-1.885884404182434,0.25999999046325684,-1.5253480672836304,-3.663365602493286,-88.09317779541016
1791627528394684032,1791627528371025504,2026-10-10T18:18:48.394+08:00,0.40635135769844055,-1.886528491973877,0.24000000953674316,-1.5168267488479614,-3.820065975189209,-88.00225067138672
1791627528626953728,1791627528612543296,2026-10-10T18:18:48.626+08:00,0.41134515404701233,-1.8857065439224243,0.25999999046325684,-1.1034170389175415,-3.856858015060425,-87.57987213134766
1791627528827007616,1791627528814145408,2026-10-10T18:18:48.827+08:00,0.42609283328056335,-1.889765739440918,0.25999999046325684,-0.36627334356307983,-3.927884340286255,-87.3978271484375
1791627529060384384,1791627529054752544,2026-10-10T18:18:49.060+08:00,0.44508862495422363,-1.899361491203308,0.25,-0.1214464083313942,-4.305475234985352,-87.40444946289062
1791627529260462368,1791627529253475168,2026-10-10T18:18:49.260+08:00,0.453313946723938,-1.909971833229065,0.25,-0.915333092212677,-4.635669231414795,-87.3974609375
1791627529460515328,1791627529438428064,2026-10-10T18:18:49.460+08:00,0.45861226320266724,-1.9201562404632568,0.24000000953674316,-2.0801634788513184,-4.783602714538574,-87.3795166015625
1791627529660530752,1791627529646797312,2026-10-10T18:18:49.660+08:00,0.4553961455821991,-1.933450698852539,0.24000000953674316,-3.262336015701294,-4.816158771514893,-87.41309356689453
1791627529861025184,1791627529843698560,2026-10-10T18:18:49.861+08:00,0.45315343141555786,-1.9470131397247314,0.23000001907348633,-3.5647783279418945,-4.804886817932129,-87.52484893798828
1791627530061904864,1791627530043853952,2026-10-10T18:18:50.061+08:00,0.45543479919433594,-1.9614802598953247,0.24000000953674316,-3.0695207118988037,-4.749759674072266,-87.61503601074219
1791627530294009632,1791627530282277600,2026-10-10T18:18:50.294+08:00,0.4583316445350647,-1.9795536994934082,0.24000000953674316,-2.2068710327148438,-4.586420059204102,-87.68321228027344
1791627530494445728,1791627530465307104,2026-10-10T18:18:50.494+08:00,0.4598320722579956,-1.9932407140731812,0.24000000953674316,-1.7159855365753174,-4.3941521644592285,-87.7476577758789
1791627530694678496,1791627530692700736,2026-10-10T18:18:50.694+08:00,0.4566882848739624,-2.0140841007232666,0.24000000953674316,-1.398639440536499,-4.144359111785889,-87.82295227050781
1791627530927069664,1791627530906510496,2026-10-10T18:18:50.927+08:00,0.4555530846118927,-2.0312819480895996,0.23000001907348633,-1.2490792274475098,-4.003424644470215,-87.88178253173828
1791627531127943328,1791627531103329792,2026-10-10T18:18:51.127+08:00,0.4563128352165222,-2.049224376678467,0.24000000953674316,-1.2993137836456299,-3.9719228744506836,-87.9404525756836
1791627531361619168,1791627531359556672,2026-10-10T18:18:51.361+08:00,0.45564016699790955,-2.0729541778564453,0.23000001907348633,-1.746320128440857,-4.009777069091797,-88.04273223876953
1791627531594468768,1791627531568544864,2026-10-10T18:18:51.594+08:00,0.4539249837398529,-2.0932579040527344,0.2200000286102295,-2.0659008026123047,-4.0456085205078125,-88.11968994140625
1791627531827748672,1791627531809457504,2026-10-10T18:18:51.827+08:00,0.4537733197212219,-2.1142518520355225,0.23000001907348633,-2.101463556289673,-4.087520599365234,-88.19060516357422
1791627532060551136,1791627532037732544,2026-10-10T18:18:52.060+08:00,0.45393240451812744,-2.1371355056762695,0.23000001907348633,-2.0076699256896973,-4.111471176147461,-88.18746185302734
1791627532295561248,1791627532271730528,2026-10-10T18:18:52.295+08:00,0.45507553219795227,-2.1598477363586426,0.23000001907348633,-1.90689218044281,-4.109979152679443,-88.21403503417969
1791627532526994720,1791627532491852704,2026-10-10T18:18:52.526+08:00,0.45697498321533203,-2.179137706756592,0.24000000953674316,-1.876746654510498,-4.089345455169678,-88.24165344238281
1791627532727680448,1791627532697797728,2026-10-10T18:18:52.727+08:00,0.45753222703933716,-2.194826602935791,0.24000000953674316,-1.98916757106781,-4.05999231338501,-88.2431411743164
1791627532961000928,1791627532931491904,2026-10-10T18:18:52.961+08:00,0.457113653421402,-2.211884021759033,0.24000000953674316,-2.1275594234466553,-3.992180347442627,-88.23828125
1791627533194932384,1791627533166982624,2026-10-10T18:18:53.194+08:00,0.4568330645561218,-2.2245190143585205,0.24000000953674316,-2.0554418563842773,-3.8995180130004883,-88.24374389648438
1791627533395004992,1791627533362704704,2026-10-10T18:18:53.395+08:00,0.4570516347885132,-2.2334415912628174,0.24000000953674316,-1.8269776105880737,-3.8170955181121826,-88.24776458740234
1791627533627881952,1791627533601275328,2026-10-10T18:18:53.627+08:00,0.4580659866333008,-2.240556001663208,0.25,-1.5818794965744019,-3.7335410118103027,-88.1952896118164
1791627533861225984,1791627533842708544,2026-10-10T18:18:53.861+08:00,0.45890071988105774,-2.244835376739502,0.25,-1.5731303691864014,-3.6619222164154053,-88.12269592285156
1791627534061389088,1791627534043745696,2026-10-10T18:18:54.061+08:00,0.45893651247024536,-2.246173620223999,0.25,-1.710159182548523,-3.640515089035034,-88.07815551757812
1791627534293854176,1791627534280414496,2026-10-10T18:18:54.293+08:00,0.4586072266101837,-2.2456536293029785,0.25,-1.8683741092681885,-3.662229299545288,-88.05424499511719
1791627534527593888,1791627534508483008,2026-10-10T18:18:54.527+08:00,0.45839422941207886,-2.2438695430755615,0.25,-1.923900842666626,-3.700861692428589,-88.01693725585938
1791627534727598560,1791627534717736384,2026-10-10T18:18:54.727+08:00,0.4582644999027252,-2.2419850826263428,0.25999999046325684,-1.8814054727554321,-3.725761890411377,-87.99735260009766
1791627534928343520,1791627534913993792,2026-10-10T18:18:54.928+08:00,0.4585054814815521,-2.237987518310547,0.25999999046325684,-1.7889316082000732,-3.737391233444214,-87.96929931640625
1791627535160407040,1791627535147612960,2026-10-10T18:18:55.160+08:00,0.45864546298980713,-2.232192277908325,0.25999999046325684,-1.7715994119644165,-3.722482919692993,-87.9622573852539
1791627535361205664,1791627535336435360,2026-10-10T18:18:55.361+08:00,0.4585135281085968,-2.227419137954712,0.25,-1.8028117418289185,-3.682896852493286,-87.95743560791016
1791627535594030176,1791627535571698688,2026-10-10T18:18:55.594+08:00,0.45828038454055786,-2.2206063270568848,0.25,-1.7791386842727661,-3.6038708686828613,-87.96075439453125
1791627535827628160,1791627535801211680,2026-10-10T18:18:55.827+08:00,0.45772141218185425,-2.21435546875,0.26999998092651367,-1.7964156866073608,-3.515434741973877,-88.04317474365234
1791627536027827616,1791627536002628288,2026-10-10T18:18:56.027+08:00,0.4565776288509369,-2.2096621990203857,0.25999999046325684,-1.709420919418335,-3.428185224533081,-88.09703826904297
1791627536260586816,1791627536242932672,2026-10-10T18:18:56.260+08:00,0.4567109942436218,-2.2041871547698975,0.26999998092651367,-1.515046238899231,-3.322666645050049,-88.10189819335938
1791627536461388224,1791627536432243712,2026-10-10T18:18:56.461+08:00,0.45762741565704346,-2.2002744674682617,0.26999998092651367,-1.4975632429122925,-3.264371156692505,-87.98200225830078
1791627536693911424,1791627536681443904,2026-10-10T18:18:56.693+08:00,0.4578583240509033,-2.196178674697876,0.25999999046325684,-1.7454771995544434,-3.226637125015259,-87.90373229980469
1791627536894215264,1791627536886690816,2026-10-10T18:18:56.894+08:00,0.4570399224758148,-2.1935882568359375,0.25999999046325684,-1.9472815990447998,-3.2630724906921387,-87.8145980834961
1791627537127461088,1791627537118706400,2026-10-10T18:18:57.127+08:00,0.4575904905796051,-2.190831184387207,0.2799999713897705,-1.6935256719589233,-3.56485915184021,-87.723388671875
1791627537361010592,1791627537343702368,2026-10-10T18:18:57.361+08:00,0.4578874707221985,-2.188366651535034,0.309999942779541,-1.0128272771835327,-4.054096698760986,-87.59776306152344
1791627537561292896,1791627537548460256,2026-10-10T18:18:57.561+08:00,0.4587212800979614,-2.1873209476470947,0.3400000333786011,-0.18785570561885834,-4.774905681610107,-87.59285736083984
1791627537794259648,1791627537785859264,2026-10-10T18:18:57.794+08:00,0.4594874680042267,-2.1859028339385986,0.36000001430511475,0.4013587236404419,-5.59221076965332,-87.46508026123047
1791627538027006656,1791627538023679104,2026-10-10T18:18:58.027+08:00,0.4598972797393799,-2.1838221549987793,0.3999999761581421,0.664250373840332,-6.460997581481934,-87.34308624267578
1791627538227097472,1791627538194361120,2026-10-10T18:18:58.227+08:00,0.46090880036354065,-2.1821091175079346,0.43999993801116943,0.6449429988861084,-7.020569324493408,-87.2730941772461
1791627538427378688,1791627538410811936,2026-10-10T18:18:58.427+08:00,0.46187278628349304,-2.1798250675201416,0.4700000286102295,0.39981508255004883,-7.535529136657715,-87.08453369140625
1791627538627429760,1791627538614720512,2026-10-10T18:18:58.627+08:00,0.4629153907299042,-2.1771020889282227,0.5099999904632568,0.15139196813106537,-7.85103702545166,-86.87850189208984
1791627538860510048,1791627538857653984,2026-10-10T18:18:58.860+08:00,0.4626671075820923,-2.1732113361358643,0.5499999523162842,0.035800397396087646,-8.04128646850586,-86.64952087402344
1791627539060653760,1791627539058621344,2026-10-10T18:18:59.060+08:00,0.46261414885520935,-2.1694891452789307,0.6000000238418579,0.09096992015838623,-8.0604248046875,-86.54216766357422
1791627539294143104,1791627539267679904,2026-10-10T18:18:59.294+08:00,0.46408259868621826,-2.1651971340179443,0.6499999761581421,0.19631066918373108,-7.992997169494629,-86.32674407958984
1791627539527258560,1791627539523442624,2026-10-10T18:18:59.527+08:00,0.4676130712032318,-2.160278797149658,0.7000000476837158,0.23208871483802795,-7.858504772186279,-86.14124298095703
1791627539727919168,1791627539702603712,2026-10-10T18:18:59.727+08:00,0.46967411041259766,-2.15600323677063,0.75,0.165268212556839,-7.720605850219727,-85.87539672851562
1791627539960310752,1791627539942744224,2026-10-10T18:18:59.960+08:00,0.47154656052589417,-2.148897409439087,0.7999999523162842,0.04989165440201759,-7.510241985321045,-85.54402923583984
1791627540161230976,1791627540143845664,2026-10-10T18:19:00.161+08:00,0.4722033441066742,-2.1429708003997803,0.8500000238418579,0.10852143168449402,-7.342174053192139,-85.36998748779297
1791627540394361888,1791627540372464384,2026-10-10T18:19:00.394+08:00,0.4744716286659241,-2.1348907947540283,0.9099999666213989,0.2680325508117676,-7.174773693084717,-85.21977233886719
1791627540627163744,1791627540616910880,2026-10-10T18:19:00.627+08:00,0.477459579706192,-2.1261584758758545,0.9600000381469727,0.2162458300590515,-7.087976932525635,-84.87345123291016
1791627540827338720,1791627540818354720,2026-10-10T18:19:00.827+08:00,0.47951841354370117,-2.121940851211548,1.0099999904632568,-0.0011783140944316983,-6.951481342315674,-84.51712036132812
1791627541028449504,1791627541026492672,2026-10-10T18:19:01.028+08:00,0.4817569851875305,-2.119432210922241,1.0499999523162842,-0.15849797427654266,-6.349033832550049,-84.16166687011719
1791627541232581696,1791627541206769280,2026-10-10T18:19:01.232+08:00,0.48444607853889465,-2.133960247039795,1.0699999332427979,0.1170196533203125,-2.3830223083496094,-83.97639465332031
1791627541460742944,1791627541435416928,2026-10-10T18:19:01.460+08:00,0.48048171401023865,-2.1280550956726074,1.0999999046325684,0.4915187656879425,1.2745252847671509,-83.78430938720703
1791627541694164000,1791627541683385280,2026-10-10T18:19:01.694+08:00,0.4805825650691986,-2.113248825073242,1.0999999046325684,1.6453559398651123,2.711153507232666,-83.57746887207031
1791627541895671584,1791627541885023136,2026-10-10T18:19:01.895+08:00,0.48229628801345825,-2.105565071105957,1.0999999046325684,2.324695110321045,3.3517796993255615,-83.33504486083984
1791627542095760800,1791627542089447776,2026-10-10T18:19:02.095+08:00,0.48516157269477844,-2.0994696617126465,1.0899999141693115,2.1032235622406006,3.9585907459259033,-82.99942016601562
1791627542327614400,1791627542257591872,2026-10-10T18:19:02.327+08:00,0.4868149161338806,-2.096911907196045,1.0799999237060547,1.5354714393615723,4.41513729095459,-82.64707946777344
1791627542560948736,1791627542545488224,2026-10-10T18:19:02.560+08:00,0.4901113510131836,-2.0943822860717773,1.0799999237060547,0.4579934775829315,4.955164909362793,-81.85795593261719
1791627542793694784,1791627542786986240,2026-10-10T18:19:02.793+08:00,0.4934536814689636,-2.093827486038208,1.0699999332427979,-0.17148913443088531,4.592764854431152,-81.02313232421875
1791627542993828064,1791627542958316032,2026-10-10T18:19:02.993+08:00,0.4948486089706421,-2.0925755500793457,1.0699999332427979,-0.38555726408958435,3.695007801055908,-80.55377197265625
1791627543193849184,1791627543168062976,2026-10-10T18:19:03.193+08:00,0.5006983876228333,-2.0931527614593506,1.0499999523162842,-0.47661274671554565,1.8646694421768188,-79.98262023925781
1791627543394735872,1791627543363230720,2026-10-10T18:19:03.394+08:00,0.5045666694641113,-2.0928852558135986,1.0499999523162842,-0.41161665320396423,0.12890690565109253,-79.56168365478516
1791627543627537056,1791627543611917568,2026-10-10T18:19:03.627+08:00,0.503665030002594,-2.097407817840576,1.0399999618530273,-0.2797931730747223,-2.334547281265259,-78.98795318603516
1791627543827623360,1791627543812858432,2026-10-10T18:19:03.827+08:00,0.5008550882339478,-2.1005747318267822,1.0399999618530273,-0.19969847798347473,-3.9261362552642822,-78.56432342529297
1791627544060732960,1791627544048436640,2026-10-10T18:19:04.060+08:00,0.5015326142311096,-2.0990755558013916,1.0299999713897705,-0.09586848318576813,-5.028153896331787,-78.14568328857422
1791627544261648544,1791627544260344576,2026-10-10T18:19:04.261+08:00,0.5025296211242676,-2.094473123550415,1.0299999713897705,-0.0451338104903698,-5.268795490264893,-77.84678649902344
1791627544494446624,1791627544480120224,2026-10-10T18:19:04.494+08:00,0.5036546587944031,-2.0891571044921875,1.0299999713897705,-0.11272238940000534,-5.14689826965332,-77.52757263183594
1791627544727897216,1791627544717634240,2026-10-10T18:19:04.727+08:00,0.5050361156463623,-2.082794666290283,1.0299999713897705,-0.30626678466796875,-4.757749557495117,-77.15503692626953
1791627544960253120,1791627544950345216,2026-10-10T18:19:04.960+08:00,0.5064502358436584,-2.075807571411133,1.0199999809265137,-0.5102739930152893,-4.246213912963867,-76.79491424560547
1791627545161428896,1791627545127984832,2026-10-10T18:19:05.161+08:00,0.5083050727844238,-2.0737204551696777,1.0199999809265137,-0.6046982407569885,-3.8573479652404785,-76.52725219726562
1791627545394655616,1791627545361348256,2026-10-10T18:19:05.394+08:00,0.5105700492858887,-2.0721230506896973,1.0099999904632568,-0.6131163239479065,-3.4374825954437256,-76.19310760498047
1791627545597207808,1791627545562412640,2026-10-10T18:19:05.597+08:00,0.5103231072425842,-2.0694844722747803,1.0,-0.5408581495285034,-3.1402206420898438,-75.87285614013672
1791627545827420448,1791627545807663584,2026-10-10T18:19:05.827+08:00,0.5105869174003601,-2.065708875656128,1.0,-0.4106639325618744,-2.8886775970458984,-75.44055938720703
1791627546061210400,1791627546040685536,2026-10-10T18:19:06.061+08:00,0.5087749361991882,-2.0631699562072754,0.9800000190734863,-0.3202558159828186,-2.7884652614593506,-75.05789947509766
1791627546294502208,1791627546284299520,2026-10-10T18:19:06.294+08:00,0.5095231533050537,-2.0615077018737793,0.9700000286102295,-0.28227323293685913,-2.770890951156616,-74.62020874023438
1791627546527718144,1791627546509900832,2026-10-10T18:19:06.527+08:00,0.5091251134872437,-2.0504791736602783,0.9600000381469727,-0.3180503845214844,-2.8099851608276367,-74.16790008544922
1791627546760830464,1791627546752482912,2026-10-10T18:19:06.760+08:00,0.505898654460907,-2.0368359088897705,0.9500000476837158,-0.4193341135978699,-2.870274543762207,-73.71340942382812
1791627546994335072,1791627546950944032,2026-10-10T18:19:06.994+08:00,0.4848874509334564,-2.0239806175231934,0.9299999475479126,-0.5156536102294922,-2.916243076324463,-73.34896087646484
1791627547201939008,1791627547156312416,2026-10-10T18:19:07.201+08:00,0.4638034999370575,-2.0112264156341553,0.9299999475479126,-0.605949342250824,-2.9451000690460205,-72.99822998046875
1791627547427397312,1791627547412584160,2026-10-10T18:19:07.427+08:00,0.4598076045513153,-1.9971181154251099,0.9099999666213989,-0.7021266222000122,-2.954941987991333,-72.559814453125
1791627547629393056,1791627547627786944,2026-10-10T18:19:07.629+08:00,0.4603270888328552,-2.0008599758148193,0.8999999761581421,-0.751594603061676,-2.9460771083831787,-72.22933197021484
1791627547861639680,1791627547834388256,2026-10-10T18:19:07.861+08:00,0.4582222104072571,-1.9935126304626465,0.8799999952316284,-0.7872964143753052,-2.9274239540100098,-71.86442565917969
1791627548093711200,1791627548072511936,2026-10-10T18:19:08.093+08:00,0.4586471915245056,-1.9846984148025513,0.8700000047683716,-0.7917011976242065,-2.899801731109619,-71.46199798583984
1791627548294423488,1791627548277573728,2026-10-10T18:19:08.294+08:00,0.45549142360687256,-1.9836674928665161,0.8600000143051147,-0.781394898891449,-2.8764808177948,-71.12562561035156
1791627548528015008,1791627548498277792,2026-10-10T18:19:08.528+08:00,0.4486384093761444,-1.9911932945251465,0.8400000333786011,-0.7821971774101257,-2.878105401992798,-71.07136535644531
1791627548760478656,1791627548737156928,2026-10-10T18:19:08.760+08:00,0.4496159553527832,-1.9880027770996094,0.8199999332427979,-0.8014706969261169,-2.8651819229125977,-70.93936157226562
1791627548961192128,1791627548941347232,2026-10-10T18:19:08.961+08:00,0.45753014087677,-1.9889005422592163,0.8199999332427979,-1.0153498649597168,-2.89133620262146,-70.88097381591797
1791627549194234944,1791627549174155904,2026-10-10T18:19:09.194+08:00,0.4549926221370697,-1.978575348854065,0.7899999618530273,-1.593851923942566,-2.9587337970733643,-70.74824523925781
1791627549394964768,1791627549362325888,2026-10-10T18:19:09.394+08:00,0.45106497406959534,-1.9686323404312134,0.7899999618530273,-1.8127806186676025,-2.9997458457946777,-70.7268295288086
1791627549627806528,1791627549607608256,2026-10-10T18:19:09.627+08:00,0.44455811381340027,-1.9566611051559448,0.7699999809265137,-1.7028838396072388,-3.068014621734619,-70.69707489013672
1791627549828266432,1791627549809216288,2026-10-10T18:19:09.828+08:00,0.4401366114616394,-1.9558147192001343,0.7599999904632568,-1.3847488164901733,-3.148113965988159,-70.57059478759766
1791627550029379520,1791627550026382784,2026-10-10T18:19:10.029+08:00,0.44003233313560486,-1.9629343748092651,0.7599999904632568,-0.9616602063179016,-3.2539660930633545,-70.41822052001953
1791627550260545632,1791627550257487520,2026-10-10T18:19:10.260+08:00,0.4402037262916565,-1.965563416481018,0.7400000095367432,-0.49794790148735046,-3.351158857345581,-70.3011245727539
1791627550460940928,1791627550442867968,2026-10-10T18:19:10.460+08:00,0.44816145300865173,-1.9648709297180176,0.7200000286102295,-0.391853928565979,-3.3965466022491455,-70.2218246459961
1791627550694139040,1791627550684826944,2026-10-10T18:19:10.694+08:00,0.45412778854370117,-1.9681211709976196,0.7000000476837158,-0.8587719798088074,-3.477862596511841,-70.28202819824219
1791627550894434912,1791627550885228512,2026-10-10T18:19:10.894+08:00,0.4423190951347351,-1.9755553007125854,0.7000000476837158,-1.387101411819458,-3.51949143409729,-70.12271118164062
1791627551127673504,1791627551089312608,2026-10-10T18:19:11.127+08:00,0.4441804885864258,-1.97773015499115,0.6799999475479126,-1.6354752779006958,-3.504444122314453,-69.49067687988281
1791627551360769504,1791627551349180224,2026-10-10T18:19:11.360+08:00,0.44386953115463257,-1.973533034324646,0.6599999666213989,-1.6621865034103394,-3.5247325897216797,-69.02387237548828
1791627551594253408,1791627551581235328,2026-10-10T18:19:11.594+08:00,0.4422547221183777,-1.974221110343933,0.6499999761581421,-1.4901726245880127,-3.5698142051696777,-68.73422241210938
1791627551827825696,1791627551817962880,2026-10-10T18:19:11.827+08:00,0.44634851813316345,-1.969374179840088,0.6399999856948853,-1.1944653987884521,-3.5869638919830322,-68.55215454101562
1791627552061006528,1791627552021708096,2026-10-10T18:19:12.061+08:00,0.44104093313217163,-1.9734816551208496,0.6200000047683716,-1.1015689373016357,-3.59123158454895,-68.53792572021484
1791627552261302016,1791627552231990080,2026-10-10T18:19:12.261+08:00,0.44318708777427673,-1.977401614189148,0.6100000143051147,-0.9923286437988281,-3.553342580795288,-68.37566375732422
1791627552462272160,1791627552434020288,2026-10-10T18:19:12.462+08:00,0.4486943781375885,-1.9747549295425415,0.6000000238418579,-1.0181735754013062,-3.495396614074707,-68.36011505126953
1791627552665680608,1791627552640582752,2026-10-10T18:19:12.665+08:00,0.4496461749076843,-1.9875097274780273,0.5800000429153442,-1.1813735961914062,-3.463028907775879,-68.42178344726562
1791627552893864704,1791627552876447104,2026-10-10T18:19:12.893+08:00,0.4518720507621765,-2.002904176712036,0.559999942779541,-1.2745460271835327,-3.4074392318725586,-68.40172576904297
1791627553094259488,1791627553075489600,2026-10-10T18:19:13.094+08:00,0.44456395506858826,-2.0039145946502686,0.5499999523162842,-1.1801977157592773,-3.3256452083587646,-68.39464569091797
1791627553328940352,1791627553284724544,2026-10-10T18:19:13.328+08:00,0.4477485716342926,-2.0026042461395264,0.5399999618530273,-0.8966475129127502,-3.2072689533233643,-68.31941223144531
1791627553560442816,1791627553544867104,2026-10-10T18:19:13.560+08:00,0.45100343227386475,-2.0006308555603027,0.5199999809265137,-0.8792849183082581,-3.0743188858032227,-67.81183624267578
1791627553760462176,1791627553749707168,2026-10-10T18:19:13.760+08:00,0.4562818109989166,-2.004361867904663,0.5099999904632568,-1.0708529949188232,-3.019489049911499,-67.48975372314453
1791627553961438848,1791627553949983136,2026-10-10T18:19:13.961+08:00,0.46077659726142883,-1.9961642026901245,0.49000000953674316,-1.3763331174850464,-2.9883265495300293,-67.2414779663086
1791627554193786560,1791627554187281856,2026-10-10T18:19:14.193+08:00,0.4576066732406616,-2.0005056858062744,0.48000001907348633,-1.958545207977295,-2.99257493019104,-66.9272689819336
1791627554395165696,1791627554374139776,2026-10-10T18:19:14.395+08:00,0.44877564907073975,-2.0063180923461914,0.4700000286102295,-1.9832911491394043,-3.0257554054260254,-66.75504302978516
1791627554597878752,1791627554584512992,2026-10-10T18:19:14.597+08:00,0.450386643409729,-2.008338451385498,0.4500000476837158,-1.4959115982055664,-3.076089382171631,-66.54936981201172
1791627554827699136,1791627554816486880,2026-10-10T18:19:14.827+08:00,0.46197715401649475,-2.0179922580718994,0.43999993801116943,-0.9810541272163391,-3.210468292236328,-66.50491333007812
1791627555061197408,1791627555049245120,2026-10-10T18:19:15.061+08:00,0.46585896611213684,-2.0218396186828613,0.43999993801116943,-0.9790052771568298,-3.399324893951416,-66.40471649169922
1791627555293711296,1791627555282777728,2026-10-10T18:19:15.293+08:00,0.46378961205482483,-2.0223937034606934,0.4099999666213989,-1.1658304929733276,-3.5244762897491455,-66.30115509033203
1791627555494600800,1791627555478610336,2026-10-10T18:19:15.494+08:00,0.46386054158210754,-2.022462844848633,0.4099999666213989,-1.2843807935714722,-3.5807526111602783,-66.24527740478516
1791627555726906816,1791627555719146432,2026-10-10T18:19:15.726+08:00,0.4641188681125641,-2.0228159427642822,0.38999998569488525,-1.4429248571395874,-3.600938081741333,-66.1800765991211
1791627555927697536,1791627555896010048,2026-10-10T18:19:15.927+08:00,0.4639042615890503,-2.02301287651062,0.3799999952316284,-1.5196069478988647,-3.6005303859710693,-66.12745666503906
1791627556161452320,1791627556136103072,2026-10-10T18:19:16.161+08:00,0.4639895558357239,-2.023085832595825,0.36000001430511475,-1.531319499015808,-3.5580711364746094,-65.81683349609375
1791627556394332288,1791627556361029760,2026-10-10T18:19:16.394+08:00,0.46399807929992676,-2.023306369781494,0.36000001430511475,-1.4619379043579102,-3.4745864868164062,-65.44789123535156
1791627556594477728,1791627556560548096,2026-10-10T18:19:16.594+08:00,0.46396490931510925,-2.0237889289855957,0.3400000333786011,-1.3724592924118042,-3.390087842941284,-65.20531463623047
1791627556827273856,1791627556803381760,2026-10-10T18:19:16.827+08:00,0.46435120701789856,-2.024470567703247,0.33000004291534424,-1.2488884925842285,-3.3092470169067383,-64.97587585449219
1791627557027577376,1791627557002609888,2026-10-10T18:19:17.027+08:00,0.46492207050323486,-2.0248188972473145,0.31999993324279785,-1.2270405292510986,-3.27301287651062,-64.77294921875
1791627557260933952,1791627557237166304,2026-10-10T18:19:17.260+08:00,0.4645864963531494,-2.025967597961426,0.309999942779541,-1.3214937448501587,-3.2729475498199463,-64.67196655273438
1791627557493797440,1791627557471265568,2026-10-10T18:19:17.493+08:00,0.4641888737678528,-2.026679277420044,0.2999999523162842,-1.4040864706039429,-3.311925172805786,-64.60575866699219
1791627557729176896,1791627557711999520,2026-10-10T18:19:17.729+08:00,0.45789000391960144,-2.199863910675049,0.2799999713897705,-1.4456928968429565,-3.366342544555664,-64.58749389648438
1791627557960411040,1791627557955751424,2026-10-10T18:19:17.960+08:00,0.4576203525066376,-2.200531244277954,0.2799999713897705,-1.5614068508148193,-3.4314217567443848,-64.89264678955078
1791627558160424992,1791627558150676192,2026-10-10T18:19:18.160+08:00,0.45066744089126587,-2.1990458965301514,0.26999998092651367,-1.7378652095794678,-3.4682843685150146,-66.82586669921875
1791627558360595904,1791627558339165920,2026-10-10T18:19:18.360+08:00,0.44045478105545044,-2.1989471912384033,0.26999998092651367,-1.795383095741272,-3.4472835063934326,-69.26904296875
1791627558560956256,1791627558537113024,2026-10-10T18:19:18.560+08:00,0.4310925602912903,-2.197995185852051,0.2799999713897705,-1.5044445991516113,-3.474632740020752,-72.26631927490234
1791627558793876768,1791627558778031136,2026-10-10T18:19:18.793+08:00,0.4256744682788849,-2.192214250564575,0.26999998092651367,-0.7943995594978333,-3.52828049659729,-75.67267608642578
1791627558994682880,1791627558979445952,2026-10-10T18:19:18.994+08:00,0.4221359193325043,-2.184943914413452,0.2799999713897705,-0.3943920433521271,-3.575883388519287,-78.11819458007812
1791627559226992960,1791627559221322912,2026-10-10T18:19:19.226+08:00,0.4157935380935669,-2.175574779510498,0.2799999713897705,-0.2629145085811615,-3.657977819442749,-80.62203979492188
1791627559427548736,1791627559408144736,2026-10-10T18:19:19.427+08:00,0.41316547989845276,-2.167131185531616,0.2799999713897705,-0.21589523553848267,-3.7267918586730957,-82.28990173339844
1791627559627576000,1791627559604343616,2026-10-10T18:19:19.627+08:00,0.41271355748176575,-2.1583120822906494,0.25999999046325684,-0.32262036204338074,-3.7871816158294678,-83.46875
1791627559861197472,1791627559839161536,2026-10-10T18:19:19.861+08:00,0.41082704067230225,-2.1448843479156494,0.25,-0.7344291806221008,-3.860658884048462,-84.65898895263672
1791627560094305216,1791627560076762272,2026-10-10T18:19:20.094+08:00,0.40939608216285706,-2.1300628185272217,0.26999998092651367,-1.0798653364181519,-3.9570095539093018,-85.56967163085938
1791627560327732768,1791627560273363424,2026-10-10T18:19:20.327+08:00,0.4090001583099365,-2.1176040172576904,0.26999998092651367,-1.2074311971664429,-4.045576095581055,-86.11629486083984
1791627560527807808,1791627560501768800,2026-10-10T18:19:20.527+08:00,0.40780285000801086,-2.1034553050994873,0.26999998092651367,-1.1671007871627808,-4.150416851043701,-86.56774139404297
1791627560761197056,1791627560732911712,2026-10-10T18:19:20.761+08:00,0.4076673984527588,-2.087574005126953,0.28999996185302734,-0.9696304202079773,-4.23504114151001,-86.92598724365234
1791627560993786656,1791627560980303264,2026-10-10T18:19:20.993+08:00,0.40752217173576355,-2.0709445476531982,0.2999999523162842,-0.8791648149490356,-4.2351460456848145,-87.13650512695312
1791627561227786080,1791627561210691104,2026-10-10T18:19:21.227+08:00,0.4069044291973114,-2.0540733337402344,0.2999999523162842,-0.9062232971191406,-4.162019729614258,-87.28791809082031
1791627561430134432,1791627561398869568,2026-10-10T18:19:21.430+08:00,0.4070020914077759,-2.04065203666687,0.309999942779541,-0.969750165939331,-4.086002349853516,-87.38218688964844
1791627561630621120,1791627561597949824,2026-10-10T18:19:21.630+08:00,0.40742912888526917,-2.0250399112701416,0.2999999523162842,-1.100500226020813,-3.9944398403167725,-87.4567642211914
1791627561861039456,1791627561832113696,2026-10-10T18:19:21.861+08:00,0.4068433940410614,-2.0066111087799072,0.31999993324279785,-1.2898296117782593,-3.89079213142395,-87.53313446044922
1791627562093999808,1791627562069817440,2026-10-10T18:19:22.094+08:00,0.4063372313976288,-1.9881426095962524,0.31999993324279785,-1.3156543970108032,-3.798823118209839,-87.63265228271484
1791627562294325568,1791627562271954240,2026-10-10T18:19:22.294+08:00,0.4073117971420288,-1.9723931550979614,0.31999993324279785,-1.2408701181411743,-3.7196950912475586,-87.66582489013672
1791627562527846976,1791627562496782592,2026-10-10T18:19:22.527+08:00,0.4075474143028259,-1.9541651010513306,0.31999993324279785,-1.2545682191848755,-3.6428463459014893,-87.68656921386719
1791627562760965664,1791627562734710464,2026-10-10T18:19:22.760+08:00,0.40630313754081726,-1.934659481048584,0.33000004291534424,-1.255833387374878,-3.5982208251953125,-87.71825408935547
1791627562993965408,1791627562970023712,2026-10-10T18:19:22.993+08:00,0.40616580843925476,-1.9138168096542358,0.33000004291534424,-1.1470123529434204,-3.6038262844085693,-87.74022674560547
1791627563194882944,1791627563170144448,2026-10-10T18:19:23.194+08:00,0.4059787094593048,-1.900147557258606,0.33000004291534424,-1.1273187398910522,-3.6427340507507324,-87.69615936279297
1791627563394905280,1791627563367158144,2026-10-10T18:19:23.394+08:00,0.40535303950309753,-1.89076828956604,0.33000004291534424,-1.1587903499603271,-3.6826322078704834,-87.62552642822266
1791627563627013600,1791627563611100320,2026-10-10T18:19:23.627+08:00,0.40433409810066223,-1.8839071989059448,0.33000004291534424,-1.205894112586975,-3.7347025871276855,-87.55187225341797
1791627563860815936,1791627563839935776,2026-10-10T18:19:23.860+08:00,0.4030284285545349,-1.8819080591201782,0.3400000333786011,-1.481446623802185,-3.795884847640991,-87.48541259765625
1791627564060911808,1791627564043174976,2026-10-10T18:19:24.060+08:00,0.3943282961845398,-1.8849639892578125,0.31999993324279785,-2.4528865814208984,-3.9035277366638184,-87.11690521240234
1791627564294135904,1791627564279320768,2026-10-10T18:19:24.294+08:00,0.3727271556854248,-1.889535903930664,0.31999993324279785,-3.7694246768951416,-4.169700622558594,-86.67689514160156
1791627564527236192,1791627564499530464,2026-10-10T18:19:24.527+08:00,0.35452237725257874,-1.8964486122131348,0.33000004291534424,-3.7039880752563477,-4.484095573425293,-86.61365509033203
1791627564727620224,1791627564701314656,2026-10-10T18:19:24.727+08:00,0.34604597091674805,-1.902917504310608,0.3400000333786011,-2.4447152614593506,-4.703607082366943,-86.70928192138672
1791627564929203104,1791627564908354240,2026-10-10T18:19:24.929+08:00,0.33791953325271606,-1.9099977016448975,0.3500000238418579,-0.6500130891799927,-4.820925235748291,-86.80625915527344
1791627565160524800,1791627565155221216,2026-10-10T18:19:25.160+08:00,0.339846134185791,-1.9204936027526855,0.3400000333786011,0.9906443357467651,-4.793471336364746,-87.0949478149414
1791627565361142624,1791627565333605120,2026-10-10T18:19:25.361+08:00,0.34077438712120056,-1.928439974784851,0.3500000238418579,1.3223334550857544,-4.671298503875732,-87.26107025146484
1791627565593894880,1791627565568141728,2026-10-10T18:19:25.593+08:00,0.3400013744831085,-1.9375276565551758,0.3400000333786011,0.6272886395454407,-4.370688438415527,-87.30001831054688
1791627565827626816,1791627565809484704,2026-10-10T18:19:25.827+08:00,0.3384530246257782,-1.9460532665252686,0.33000004291534424,-0.7010762691497803,-3.915867805480957,-87.41416931152344
1791627566060812160,1791627566041907520,2026-10-10T18:19:26.060+08:00,0.3373030126094818,-1.9518567323684692,0.3400000333786011,-1.8196521997451782,-3.383511781692505,-87.405517578125
1791627566260905504,1791627566245073440,2026-10-10T18:19:26.260+08:00,0.3308315873146057,-1.9572356939315796,0.33000004291534424,-3.0285890102386475,-2.9096274375915527,-87.17434692382812
1791627566494057440,1791627566466466112,2026-10-10T18:19:26.494+08:00,0.31395581364631653,-1.9660924673080444,0.33000004291534424,-4.180241584777832,-2.5094244480133057,-86.83897399902344
1791627566728061728,1791627566705130176,2026-10-10T18:19:26.728+08:00,0.2932523787021637,-1.9767041206359863,0.3400000333786011,-4.142889976501465,-2.525071859359741,-86.63460540771484
1791627566960661632,1791627566934866144,2026-10-10T18:19:26.960+08:00,0.2780303359031677,-1.9871801137924194,0.3400000333786011,-2.4729743003845215,-2.8325300216674805,-86.57811737060547
1791627567160929728,1791627567141662656,2026-10-10T18:19:27.160+08:00,0.2752925157546997,-1.9939993619918823,0.3400000333786011,-0.4471340477466583,-3.1303701400756836,-86.60733032226562
1791627567360961504,1791627567338959680,2026-10-10T18:19:27.360+08:00,0.27556493878364563,-2.0001235008239746,0.3400000333786011,1.160836935043335,-3.3601927757263184,-86.6846923828125
1791627567594262624,1791627567573743744,2026-10-10T18:19:27.594+08:00,0.27462998032569885,-2.0062472820281982,0.3400000333786011,1.798082709312439,-3.5836875438690186,-86.76708221435547
1791627567827393728,1791627567811776192,2026-10-10T18:19:27.827+08:00,0.27339494228363037,-2.0103871822357178,0.33000004291534424,0.8918126225471497,-3.716602087020874,-86.55168151855469
1791627568060629632,1791627568052066528,2026-10-10T18:19:28.060+08:00,0.2649703919887543,-2.018052816390991,0.31999993324279785,-1.4568517208099365,-3.7559049129486084,-86.07042694091797
1791627568261156064,1791627568256009920,2026-10-10T18:19:28.261+08:00,0.24942782521247864,-2.02563738822937,0.31999993324279785,-3.1334280967712402,-3.7258293628692627,-85.92864227294922
1791627568494716576,1791627568476037792,2026-10-10T18:19:28.494+08:00,0.23839689791202545,-2.032707691192627,0.33000004291534424,-3.243790864944458,-3.6591248512268066,-86.08585357666016
1791627568728341088,1791627568721239808,2026-10-10T18:19:28.728+08:00,0.23788687586784363,-2.037560224533081,0.33000004291534424,-1.8918150663375854,-3.5814144611358643,-86.28527069091797
1791627568960191616,1791627568958322304,2026-10-10T18:19:28.960+08:00,0.2365354746580124,-2.040968894958496,0.33000004291534424,-0.5004073977470398,-3.4952890872955322,-86.49116516113281
1791627569160545728,1791627569155178336,2026-10-10T18:19:29.160+08:00,0.23480169475078583,-2.0426137447357178,0.33000004291534424,0.25561097264289856,-3.3898096084594727,-86.60052490234375
1791627569360618496,1791627569343955264,2026-10-10T18:19:29.360+08:00,0.23462043702602386,-2.0436437129974365,0.33000004291534424,0.20737040042877197,-3.2801225185394287,-86.53887176513672
1791627569561161216,1791627569544912960,2026-10-10T18:19:29.561+08:00,0.22606170177459717,-2.045710563659668,0.33000004291534424,-0.996196985244751,-3.170008420944214,-86.34483337402344
1791627569793878368,1791627569780859296,2026-10-10T18:19:29.793+08:00,0.2072528451681137,-2.049970865249634,0.309999942779541,-2.457547426223755,-3.1074633598327637,-86.24465942382812
1791627570027576096,1791627570017205952,2026-10-10T18:19:30.027+08:00,0.19660821557044983,-2.0530331134796143,0.309999942779541,-2.521571397781372,-3.2042107582092285,-86.52896881103516
1791627570228029248,1791627570223118688,2026-10-10T18:19:30.228+08:00,0.19488047063350677,-2.053640842437744,0.31999993324279785,-1.7381269931793213,-3.3019633293151855,-86.68449401855469
1791627570461234368,1791627570439885568,2026-10-10T18:19:30.461+08:00,0.19414937496185303,-2.0532002449035645,0.31999993324279785,-0.813374400138855,-3.3572123050689697,-86.82625579833984
1791627570694324384,1791627570677243872,2026-10-10T18:19:30.694+08:00,0.19233451783657074,-2.052380323410034,0.31999993324279785,-0.27673113346099854,-3.3722105026245117,-86.90353393554688
1791627570927267936,1791627570917416608,2026-10-10T18:19:30.927+08:00,0.1910964697599411,-2.0509164333343506,0.31999993324279785,-0.5006440877914429,-3.3406686782836914,-86.79593658447266
1791627571160450208,1791627571150536160,2026-10-10T18:19:31.160+08:00,0.18451321125030518,-2.0501961708068848,0.31999993324279785,-1.540204644203186,-3.283867120742798,-86.7137222290039
1791627571360467168,1791627571344779488,2026-10-10T18:19:31.360+08:00,0.17750319838523865,-2.0498664379119873,0.309999942779541,-2.0934877395629883,-3.1952321529388428,-86.76490020751953
1791627571560845280,1791627571542648512,2026-10-10T18:19:31.560+08:00,0.17365491390228271,-2.049161672592163,0.31999993324279785,-2.0137298107147217,-3.0422487258911133,-86.84333801269531
1791627571793548352,1791627571780715616,2026-10-10T18:19:31.793+08:00,0.17504361271858215,-2.0480217933654785,0.31999993324279785,-1.4249200820922852,-2.8681581020355225,-86.92919921875
1791627571994211456,1791627571981831104,2026-10-10T18:19:31.994+08:00,0.17547708749771118,-2.0469279289245605,0.31999993324279785,-1.082209825515747,-2.7419776916503906,-87.0086441040039
1791627572194712960,1791627572156111360,2026-10-10T18:19:32.194+08:00,0.1745038479566574,-2.046384811401367,0.309999942779541,-0.9943803548812866,-2.6708579063415527,-87.09052276611328
1791627572427466976,1791627572407982464,2026-10-10T18:19:32.427+08:00,0.17280225455760956,-2.0467121601104736,0.31999993324279785,-1.3631101846694946,-2.6802191734313965,-87.10852813720703
1791627572660717024,1791627572651718208,2026-10-10T18:19:32.660+08:00,0.16473837196826935,-2.0471794605255127,0.31999993324279785,-2.219926357269287,-2.8216280937194824,-87.05253601074219
1791627572893966368,1791627572884525728,2026-10-10T18:19:32.893+08:00,0.15520812571048737,-2.047333002090454,0.31999993324279785,-2.343165397644043,-2.940654754638672,-87.11344146728516
1791627573127023040,1791627573120784000,2026-10-10T18:19:33.127+08:00,0.15399156510829926,-2.046550989151001,0.33000004291534424,-1.6000096797943115,-3.006044864654541,-87.14723205566406
1791627573327028704,1791627573286108192,2026-10-10T18:19:33.327+08:00,0.1556590348482132,-2.045347213745117,0.33000004291534424,-0.973979115486145,-3.0485827922821045,-87.10992431640625
1791627573527579136,1791627573503025280,2026-10-10T18:19:33.527+08:00,0.15540194511413574,-2.04410982131958,0.33000004291534424,-0.6021461486816406,-3.1014976501464844,-87.12403106689453
1791627573761375264,1791627573737991776,2026-10-10T18:19:33.761+08:00,0.15390293300151825,-2.0420565605163574,0.31999993324279785,-0.6108704805374146,-3.1735777854919434,-87.22439575195312
1791627573994329056,1791627573972110752,2026-10-10T18:19:33.994+08:00,0.1533294916152954,-2.0395612716674805,0.31999993324279785,-1.015012502670288,-3.2479100227355957,-87.2951431274414
1791627574227050016,1791627574212885824,2026-10-10T18:19:34.227+08:00,0.15356560051441193,-2.037367582321167,0.31999993324279785,-1.5817954540252686,-3.282662868499756,-87.36585998535156
1791627574427649632,1791627574401581216,2026-10-10T18:19:34.427+08:00,0.15362079441547394,-2.035573720932007,0.309999942779541,-1.9683893918991089,-3.2780680656433105,-87.46537017822266
1791627574660806592,1791627574637011840,2026-10-10T18:19:34.660+08:00,0.15295742452144623,-2.033236026763916,0.31999993324279785,-2.189579725265503,-3.247990608215332,-87.6352767944336
1791627574860929472,1791627574836999872,2026-10-10T18:19:34.860+08:00,0.15312498807907104,-2.031176805496216,0.31999993324279785,-1.9308948516845703,-3.220730781555176,-88.09284973144531
1791627575094451360,1791627575072733408,2026-10-10T18:19:35.094+08:00,0.15487924218177795,-2.030277729034424,0.33000004291534424,-0.9659231305122375,-3.3220536708831787,-89.45509338378906
1791627575328342944,1791627575272696352,2026-10-10T18:19:35.328+08:00,0.1680525690317154,-2.0352768898010254,0.33000004291534424,0.15692396461963654,-3.534040927886963,-89.80547332763672
1791627575529036160,1791627575492015712,2026-10-10T18:19:35.529+08:00,0.1869974285364151,-2.0447304248809814,0.33000004291534424,0.7649393677711487,-3.877835750579834,-89.63433837890625
1791627575760593088,1791627575758630368,2026-10-10T18:19:35.760+08:00,0.20032267272472382,-2.058612823486328,0.31999993324279785,-0.23432521522045135,-4.324584484100342,-89.10832977294922
1791627575961081504,1791627575932726112,2026-10-10T18:19:35.961+08:00,0.20314718782901764,-2.0699803829193115,0.309999942779541,-1.5306212902069092,-4.503653526306152,-88.75090789794922
1791627576194033856,1791627576169702112,2026-10-10T18:19:36.194+08:00,0.20493409037590027,-2.0869922637939453,0.309999942779541,-2.964238166809082,-4.54115629196167,-88.32929992675781
1791627576394300384,1791627576367837088,2026-10-10T18:19:36.394+08:00,0.20575670897960663,-2.1007978916168213,0.309999942779541,-3.4465389251708984,-4.472871780395508,-88.06964874267578
1791627576627301088,1791627576607415168,2026-10-10T18:19:36.627+08:00,0.20673012733459473,-2.1181352138519287,0.31999993324279785,-3.0228800773620605,-4.321593284606934,-87.8167953491211
1791627576827316320,1791627576806989280,2026-10-10T18:19:36.827+08:00,0.20735572278499603,-2.133690118789673,0.31999993324279785,-2.139601707458496,-4.145002365112305,-87.6233139038086
1791627577061057024,1791627577042491008,2026-10-10T18:19:37.061+08:00,0.20737804472446442,-2.152475595474243,0.33000004291534424,-1.1386908292770386,-3.9131033420562744,-87.4903335571289
1791627577263457408,1791627577244862784,2026-10-10T18:19:37.263+08:00,0.20731645822525024,-2.1695454120635986,0.33000004291534424,-0.5474866032600403,-3.680032968521118,-87.40442657470703
1791627577494444992,1791627577462740480,2026-10-10T18:19:37.494+08:00,0.20709644258022308,-2.188091993331909,0.33000004291534424,-0.39952680468559265,-3.4295167922973633,-87.29183197021484
1791627577728751904,1791627577706830880,2026-10-10T18:19:37.728+08:00,0.20631806552410126,-2.211003541946411,0.33000004291534424,-0.8416455984115601,-3.1826372146606445,-87.20764923095703
1791627577961190016,1791627577945510880,2026-10-10T18:19:37.961+08:00,0.20560526847839355,-2.230905532836914,0.31999993324279785,-1.422000765800476,-3.0275707244873047,-87.20234680175781
1791627578194100832,1791627578181364928,2026-10-10T18:19:38.194+08:00,0.20565767586231232,-2.2525360584259033,0.31999993324279785,-1.9075292348861694,-2.9346399307250977,-87.21739959716797
1791627578429513536,1791627578427068480,2026-10-10T18:19:38.429+08:00,0.20496614277362823,-2.2760963439941406,0.31999993324279785,-2.0391459465026855,-2.933905839920044,-87.260009765625
1791627578661107424,1791627578633324352,2026-10-10T18:19:38.661+08:00,0.20499463379383087,-2.293928384780884,0.33000004291534424,-1.7889983654022217,-2.9778661727905273,-87.33198547363281
1791627578861374208,1791627578838623040,2026-10-10T18:19:38.861+08:00,0.205649733543396,-2.3113651275634766,0.33000004291534424,-1.4352692365646362,-3.0364890098571777,-87.38126373291016
1791627579095813888,1791627579081662368,2026-10-10T18:19:39.095+08:00,0.2061951607465744,-2.3305916786193848,0.33000004291534424,-1.117256999015808,-3.093989133834839,-87.39814758300781
1791627579326860832,1791627579283465696,2026-10-10T18:19:39.326+08:00,0.20582275092601776,-2.3454442024230957,0.33000004291534424,-1.0377651453018188,-3.121694564819336,-87.39448547363281
1791627579527380928,1791627579513100480,2026-10-10T18:19:39.527+08:00,0.2062014937400818,-2.360582113265991,0.33000004291534424,-1.0725277662277222,-3.1200900077819824,-87.396240234375
1791627579760729824,1791627579748820288,2026-10-10T18:19:39.760+08:00,0.20840463042259216,-2.3725435733795166,0.33000004291534424,-1.2479344606399536,-3.0903453826904297,-87.35259246826172
1791627579960773600,1791627579952328800,2026-10-10T18:19:39.960+08:00,0.2084435671567917,-2.379552125930786,0.33000004291534424,-1.5627561807632446,-3.0665199756622314,-87.3218765258789
1791627580194053728,1791627580156539584,2026-10-10T18:19:40.194+08:00,0.20728352665901184,-2.3843650817871094,0.31999993324279785,-1.7796001434326172,-3.022334575653076,-87.3286361694336
1791627580428214784,1791627580410524832,2026-10-10T18:19:40.428+08:00,0.20752686262130737,-2.3873729705810547,0.33000004291534424,-1.6672945022583008,-2.938724994659424,-87.3266830444336
1791627580661120160,1791627580640734656,2026-10-10T18:19:40.661+08:00,0.20811820030212402,-2.3875489234924316,0.3400000333786011,-1.4438912868499756,-2.8906452655792236,-87.28337097167969
1791627580861728704,1791627580846725888,2026-10-10T18:19:40.861+08:00,0.20796722173690796,-2.386138677597046,0.33000004291534424,-1.3265897035598755,-2.8984432220458984,-87.24362182617188
1791627581094406464,1791627581079729856,2026-10-10T18:19:41.094+08:00,0.20805692672729492,-2.3829541206359863,0.33000004291534424,-1.2457890510559082,-2.9573349952697754,-87.22554779052734
1791627581327192448,1791627581278752768,2026-10-10T18:19:41.327+08:00,0.2081223726272583,-2.378910779953003,0.33000004291534424,-1.2636338472366333,-3.0305702686309814,-87.20945739746094
1791627581527410240,1791627581496131840,2026-10-10T18:19:41.527+08:00,0.20782484114170074,-2.3735663890838623,0.3400000333786011,-1.378111720085144,-3.112426996231079,-87.19804382324219
1791627581727428480,1791627581692578976,2026-10-10T18:19:41.727+08:00,0.20764271914958954,-2.3679862022399902,0.33000004291534424,-1.5033576488494873,-3.1875476837158203,-87.20423889160156
1791627581960541152,1791627581936182464,2026-10-10T18:19:41.960+08:00,0.20650134980678558,-2.3611507415771484,0.33000004291534424,-1.6036632061004639,-3.2681307792663574,-87.2955322265625
1791627582161195936,1791627582134702752,2026-10-10T18:19:42.161+08:00,0.20592395961284637,-2.356081962585449,0.33000004291534424,-1.550966739654541,-3.307990550994873,-87.36666870117188
1791627582361919168,1791627582332691712,2026-10-10T18:19:42.361+08:00,0.20629149675369263,-2.3510448932647705,0.3400000333786011,-1.398939609527588,-3.3126771450042725,-87.34239959716797
1791627582594300704,1791627582566918912,2026-10-10T18:19:42.594+08:00,0.20699542760849,-2.3463125228881836,0.3400000333786011,-1.2987011671066284,-3.2945592403411865,-87.3380355834961
1791627582794476736,1791627582768644704,2026-10-10T18:19:42.794+08:00,0.20657837390899658,-2.3425779342651367,0.3400000333786011,-1.3705999851226807,-3.268740653991699,-87.31434631347656
1791627582994541120,1791627582972910272,2026-10-10T18:19:42.994+08:00,0.20554819703102112,-2.339604616165161,0.3400000333786011,-1.4635967016220093,-3.2423059940338135,-87.31612396240234
1791627583227371584,1791627583211753344,2026-10-10T18:19:43.227+08:00,0.2051704227924347,-2.3361189365386963,0.3400000333786011,-1.4238793849945068,-3.2057747840881348,-87.32088470458984
1791627583428598240,1791627583401252960,2026-10-10T18:19:43.428+08:00,0.20552568137645721,-2.3339831829071045,0.3400000333786011,-1.317962408065796,-3.204143524169922,-87.27373504638672
1791627583628843072,1791627583603666208,2026-10-10T18:19:43.628+08:00,0.20570972561836243,-2.3322999477386475,0.3500000238418579,-0.9968250393867493,-3.387622594833374,-87.16790771484375
1791627583861106144,1791627583841296096,2026-10-10T18:19:43.861+08:00,0.2061202973127365,-2.3309948444366455,0.3799999952316284,-0.42869219183921814,-3.802971601486206,-86.84999084472656
1791627584093848320,1791627584081188032,2026-10-10T18:19:44.093+08:00,0.20646709203720093,-2.329852342605591,0.4099999666213989,0.17979954183101654,-4.469034194946289,-86.59846496582031
1791627584294305952,1791627584277611360,2026-10-10T18:19:44.294+08:00,0.2069052904844284,-2.3288285732269287,0.4299999475479126,0.5427610874176025,-5.159029006958008,-86.48365020751953
1791627584494425376,1791627584469574048,2026-10-10T18:19:44.494+08:00,0.20772422850131989,-2.3275976181030273,0.46000003814697266,0.6262403726577759,-5.859318733215332,-86.22144317626953
1791627584694664320,1791627584676582624,2026-10-10T18:19:44.694+08:00,0.20822228491306305,-2.3265891075134277,0.5,0.5652633905410767,-6.507194995880127,-86.08805084228516
1791627584927309504,1791627584920619520,2026-10-10T18:19:44.927+08:00,0.21128720045089722,-2.3246166706085205,0.5399999618530273,0.3068622946739197,-7.137331485748291,-85.94995880126953
1791627585127312992,1791627585117979808,2026-10-10T18:19:45.127+08:00,0.2125401645898819,-2.322138547897339,0.5800000429153442,0.1258450448513031,-7.505754470825195,-85.74880981445312
1791627585327780128,1791627585289360832,2026-10-10T18:19:45.327+08:00,0.21269161999225616,-2.3194234371185303,0.6100000143051147,0.04735055938363075,-7.726686477661133,-85.60401153564453
1791627585560419072,1791627585541376544,2026-10-10T18:19:45.560+08:00,0.2128932923078537,-2.3158013820648193,0.6699999570846558,0.028352027758955956,-7.888522624969482,-85.32708740234375
1791627585793609248,1791627585773226240,2026-10-10T18:19:45.793+08:00,0.21317927539348602,-2.31133770942688,0.7100000381469727,0.03871015086770058,-7.946356296539307,-85.0982894897461
1791627585994010336,1791627585979018784,2026-10-10T18:19:45.994+08:00,0.21494799852371216,-2.3066039085388184,0.7599999904632568,0.05885981023311615,-7.931253433227539,-84.8453369140625
1791627586194176224,1791627586184992288,2026-10-10T18:19:46.194+08:00,0.21573621034622192,-2.3004748821258545,0.7999999523162842,0.03153252229094505,-7.886913299560547,-84.58585357666016
1791627586394356608,1791627586365548448,2026-10-10T18:19:46.394+08:00,0.2157066911458969,-2.294853687286377,0.8500000238418579,0.038398802280426025,-7.8326568603515625,-84.20860290527344
1791627586627889888,1791627586610482464,2026-10-10T18:19:46.627+08:00,0.2177366316318512,-2.287384271621704,0.9099999666213989,0.1619817018508911,-7.7411041259765625,-83.7599105834961
1791627586828042368,1791627586812544160,2026-10-10T18:19:46.828+08:00,0.21791164577007294,-2.2806549072265625,0.9500000476837158,0.28153884410858154,-7.6528754234313965,-83.4397964477539
1791627587060718688,1791627587043492576,2026-10-10T18:19:47.060+08:00,0.21943873167037964,-2.2739450931549072,1.0099999904632568,0.21868424117565155,-7.420474529266357,-82.8743896484375
1791627587260938688,1791627587250939584,2026-10-10T18:19:47.260+08:00,0.22303158044815063,-2.2793173789978027,1.0399999618530273,-0.0073411911725997925,-5.0494608879089355,-82.4265365600586
1791627587493622528,1791627587471338976,2026-10-10T18:19:47.493+08:00,0.2223486751317978,-2.260993719100952,1.0799999237060547,-0.12574070692062378,0.4609874486923218,-82.22821807861328
1791627587694388064,1791627587685729216,2026-10-10T18:19:47.694+08:00,0.22406552731990814,-2.2551281452178955,1.0899999141693115,-0.5081349611282349,2.793567180633545,-81.95582580566406
1791627587927675968,1791627587889558208,2026-10-10T18:19:47.927+08:00,0.22458797693252563,-2.24721097946167,1.0999999046325684,-0.701252281665802,4.392664432525635,-81.81497192382812
1791627588127724480,1791627588098030176,2026-10-10T18:19:48.127+08:00,0.2235814481973648,-2.2416160106658936,1.0899999141693115,-0.5799122452735901,5.064506530761719,-81.72954559326172
1791627588360829888,1791627588331798144,2026-10-10T18:19:48.360+08:00,0.22161847352981567,-2.2341160774230957,1.0799999237060547,-0.24234995245933533,4.119755744934082,-81.65364074707031
1791627588593891072,1791627588570931264,2026-10-10T18:19:48.593+08:00,0.21833297610282898,-2.227485418319702,1.0799999237060547,0.010084623470902443,2.5538179874420166,-81.54344177246094
1791627588793953888,1791627588775608224,2026-10-10T18:19:48.793+08:00,0.2162323147058487,-2.221334218978882,1.0799999237060547,0.10143197327852249,1.0524715185165405,-81.41061401367188
1791627588994217440,1791627588976100448,2026-10-10T18:19:48.994+08:00,0.2134343683719635,-2.21697998046875,1.0799999237060547,0.09452413022518158,-0.1842804253101349,-81.27033996582031
1791627589226991488,1791627589219182656,2026-10-10T18:19:49.226+08:00,0.21336312592029572,-2.207733631134033,1.0699999332427979,0.03480728715658188,-0.6565932035446167,-81.10980224609375
1791627589427471360,1791627589408427232,2026-10-10T18:19:49.427+08:00,0.21283471584320068,-2.2003490924835205,1.059999942779541,-0.06093056499958038,-0.9373759031295776,-80.94322967529297
1791627589632782336,1791627589611794080,2026-10-10T18:19:49.632+08:00,0.21193185448646545,-2.1931891441345215,1.059999942779541,-0.15682275593280792,-1.354296326637268,-80.73228454589844
1791627589862245248,1791627589819700480,2026-10-10T18:19:49.862+08:00,0.21195344626903534,-2.1878814697265625,1.059999942779541,-0.22108854353427887,-1.9096177816390991,-80.47792053222656
1791627590094355008,1791627590065741248,2026-10-10T18:19:50.094+08:00,0.21167996525764465,-2.181398391723633,1.0399999618530273,-0.2493249773979187,-2.692746639251709,-80.12291717529297
1791627590327250016,1791627590266233632,2026-10-10T18:19:50.327+08:00,0.21099841594696045,-2.175300359725952,1.0399999618530273,-0.2558315098285675,-3.3231723308563232,-79.79310607910156
1791627590560601120,1791627590552384032,2026-10-10T18:19:50.560+08:00,0.21084274351596832,-2.166353940963745,1.0299999713897705,-0.2702392041683197,-3.9064412117004395,-79.35453033447266
1791627590760867552,1791627590733228896,2026-10-10T18:19:50.760+08:00,0.21200957894325256,-2.1591196060180664,1.0299999713897705,-0.29879215359687805,-4.112883567810059,-79.0626449584961
1791627590993949632,1791627590972905152,2026-10-10T18:19:50.993+08:00,0.21376852691173553,-2.1474697589874268,1.0199999809265137,-0.38142192363739014,-4.167926788330078,-78.67308044433594
1791627591227369440,1791627591216395904,2026-10-10T18:19:51.227+08:00,0.2163972705602646,-2.1377692222595215,1.0099999904632568,-0.4828426241874695,-3.996762990951538,-78.28289794921875
1791627591427759264,1791627591418313920,2026-10-10T18:19:51.427+08:00,0.21558107435703278,-2.126133441925049,1.0099999904632568,-0.5454851984977722,-3.7330641746520996,-77.95018005371094
1791627591628122944,1791627591626292608,2026-10-10T18:19:51.628+08:00,0.2139851301908493,-2.118034839630127,1.0,-0.573976457118988,-3.3889148235321045,-77.57170867919922
1791627591861189472,1791627591833555488,2026-10-10T18:19:51.861+08:00,0.2130139321088791,-2.112131118774414,0.9900000095367432,-0.5490117073059082,-3.0823795795440674,-77.23155212402344
1791627592094075616,1791627592066668032,2026-10-10T18:19:52.094+08:00,0.20952823758125305,-2.100482225418091,0.9900000095367432,-0.47383636236190796,-2.7679831981658936,-76.85636901855469
1791627592328335104,1791627592326480640,2026-10-10T18:19:52.328+08:00,0.20748533308506012,-2.095177412033081,0.9800000190734863,-0.412975549697876,-2.520604372024536,-76.48876953125
1791627592560284288,1791627592546050720,2026-10-10T18:19:52.560+08:00,0.20509865880012512,-2.09130859375,0.9700000286102295,-0.41125044226646423,-2.3900718688964844,-76.20379638671875
1791627592794687936,1791627592792891904,2026-10-10T18:19:52.794+08:00,0.20347285270690918,-2.0875890254974365,0.9500000476837158,-0.44946685433387756,-2.321615219116211,-75.9215316772461
1791627593027061920,1791627592995298080,2026-10-10T18:19:53.027+08:00,0.20293359458446503,-2.0850045680999756,0.9399999380111694,-0.5109462141990662,-2.3090648651123047,-75.69863891601562
1791627593227991200,1791627593204579456,2026-10-10T18:19:53.227+08:00,0.19208237528800964,-2.081005811691284,0.9299999475479126,-0.5979464054107666,-2.3264896869659424,-75.48419189453125
1791627593460929408,1791627593443596384,2026-10-10T18:19:53.460+08:00,0.1782160997390747,-2.072502851486206,0.9199999570846558,-0.6950942277908325,-2.381570816040039,-75.24148559570312
1791627593694531456,1791627593681712864,2026-10-10T18:19:53.694+08:00,0.17418290674686432,-2.0699353218078613,0.9099999666213989,-0.7289221882820129,-2.4555490016937256,-75.0128402709961
1791627593927343392,1791627593914608896,2026-10-10T18:19:53.927+08:00,0.17399729788303375,-2.0680625438690186,0.8899999856948853,-0.7244998812675476,-2.5287740230560303,-74.79936981201172
1791627594160618176,1791627594123328256,2026-10-10T18:19:54.160+08:00,0.173341304063797,-2.0711073875427246,0.8799999952316284,-0.723067045211792,-2.582392692565918,-74.62935638427734
1791627594394401312,1791627594358190016,2026-10-10T18:19:54.394+08:00,0.17835135757923126,-2.0763792991638184,0.8700000047683716,-0.7526406049728394,-2.6330108642578125,-74.42984008789062
1791627594627238848,1791627594605317120,2026-10-10T18:19:54.627+08:00,0.18336138129234314,-2.081651449203491,0.8500000238418579,-0.8210992217063904,-2.679243326187134,-74.22803497314453
1791627594827446144,1791627594810236032,2026-10-10T18:19:54.827+08:00,0.18791121244430542,-2.0864551067352295,0.8300000429153442,-1.0626543760299683,-2.7301218509674072,-74.05619049072266
1791627595061248832,1791627595043982784,2026-10-10T18:19:55.061+08:00,0.18625983595848083,-2.0869345664978027,0.8199999332427979,-1.4530190229415894,-2.775705575942993,-73.9394760131836
1791627595293815744,1791627595280357440,2026-10-10T18:19:55.293+08:00,0.18397732079029083,-2.0851094722747803,0.809999942779541,-1.6333905458450317,-2.8239903450012207,-73.87019348144531
1791627595494483424,1791627595470389184,2026-10-10T18:19:55.494+08:00,0.18354345858097076,-2.0836782455444336,0.7899999618530273,-1.5774080753326416,-2.856234550476074,-73.83456420898438
1791627595727049568,1791627595715643104,2026-10-10T18:19:55.727+08:00,0.18240998685359955,-2.082529306411743,0.7799999713897705,-1.3989167213439941,-2.8870115280151367,-73.78237915039062
1791627595960724032,1791627595942095296,2026-10-10T18:19:55.960+08:00,0.1819155067205429,-2.081378698348999,0.7699999809265137,-1.203890085220337,-2.9140143394470215,-73.70695495605469
1791627596194284288,1791627596183857312,2026-10-10T18:19:56.194+08:00,0.18157577514648438,-2.08034086227417,0.75,-1.1233497858047485,-2.948676586151123,-73.58745574951172
1791627596429564576,1791627596396972416,2026-10-10T18:19:56.429+08:00,0.1807514727115631,-2.0800223350524902,0.7300000190734863,-1.1531131267547607,-2.9848201274871826,-73.5119857788086
1791627596661027232,1791627596638313536,2026-10-10T18:19:56.661+08:00,0.17998206615447998,-2.0799641609191895,0.7100000381469727,-1.219302773475647,-3.0209970474243164,-73.45240783691406
1791627596894175904,1791627596884342016,2026-10-10T18:19:56.894+08:00,0.1799585372209549,-2.0797119140625,0.7000000476837158,-1.3157192468643188,-3.0409624576568604,-73.39203643798828
1791627597127098560,1791627597116622880,2026-10-10T18:19:57.127+08:00,0.17942936718463898,-2.0797181129455566,0.6899999380111694,-1.419755220413208,-3.0548818111419678,-73.32275390625
1791627597327574560,1791627597292662624,2026-10-10T18:19:57.327+08:00,0.17884694039821625,-2.0798027515411377,0.6699999570846558,-1.4534615278244019,-3.0673422813415527,-73.24789428710938
1791627597560400864,1791627597552074688,2026-10-10T18:19:57.560+08:00,0.17806164920330048,-2.079298496246338,0.6699999570846558,-1.4491121768951416,-3.0877583026885986,-73.13558959960938
1791627597760920960,1791627597728925056,2026-10-10T18:19:57.760+08:00,0.1771881878376007,-2.078984260559082,0.6499999761581421,-1.4194337129592896,-3.1030349731445312,-73.11306762695312
1791627597961118400,1791627597958969760,2026-10-10T18:19:57.961+08:00,0.17684519290924072,-2.0786468982696533,0.6399999856948853,-1.3867180347442627,-3.1240177154541016,-73.04832458496094
1791627598195353664,1791627598161820288,2026-10-10T18:19:58.195+08:00,0.1764681488275528,-2.078768253326416,0.6200000047683716,-1.371573805809021,-3.144601821899414,-72.91490173339844
1791627598396717696,1791627598356664928,2026-10-10T18:19:58.396+08:00,0.1760176569223404,-2.078624963760376,0.6100000143051147,-1.3607640266418457,-3.170515298843384,-72.76331329345703
1791627598627484384,1791627598610346048,2026-10-10T18:19:58.627+08:00,0.17541693150997162,-2.078627824783325,0.5900000333786011,-1.3654043674468994,-3.195390462875366,-72.5362777709961
1791627598860455584,1791627598821792832,2026-10-10T18:19:58.860+08:00,0.17497190833091736,-2.07875657081604,0.5800000429153442,-1.410765528678894,-3.2089388370513916,-72.34944152832031
1791627599060973888,1791627599031005504,2026-10-10T18:19:59.060+08:00,0.17433147132396698,-2.079176425933838,0.5699999332427979,-1.487048864364624,-3.227792501449585,-72.22850036621094
1791627599261090976,1791627599234132032,2026-10-10T18:19:59.261+08:00,0.173530712723732,-2.0791049003601074,0.5499999523162842,-1.5350053310394287,-3.248936414718628,-72.14753723144531
1791627599494293088,1791627599466843584,2026-10-10T18:19:59.494+08:00,0.17314521968364716,-2.0790421962738037,0.5399999618530273,-1.5131298303604126,-3.2691667079925537,-72.07349395751953
1791627599727405440,1791627599706241216,2026-10-10T18:19:59.727+08:00,0.17342020571231842,-2.079401969909668,0.5199999809265137,-1.4620860815048218,-3.268094301223755,-72.02867889404297
1791627599927508480,1791627599910280736,2026-10-10T18:19:59.927+08:00,0.1733449399471283,-2.0796573162078857,0.5099999904632568,-1.4503223896026611,-3.2518579959869385,-72.00624084472656
1791627600160898208,1791627600153282080,2026-10-10T18:20:00.160+08:00,0.1731036901473999,-2.0799009799957275,0.49000000953674316,-1.4853516817092896,-3.2330145835876465,-71.96034240722656
1791627600393589344,1791627600379014400,2026-10-10T18:20:00.393+08:00,0.1727360337972641,-2.0801990032196045,0.48000001907348633,-1.5306708812713623,-3.2294375896453857,-71.95758819580078
1791627600627427776,1791627600617916192,2026-10-10T18:20:00.627+08:00,0.1724972426891327,-2.0803403854370117,0.48000001907348633,-1.5994123220443726,-3.239942789077759,-71.92236328125
1791627600827449600,1791627600821641600,2026-10-10T18:20:00.827+08:00,0.17210079729557037,-2.0808305740356445,0.46000003814697266,-1.641646146774292,-3.2641656398773193,-71.87393951416016
1791627601060217824,1791627601054758432,2026-10-10T18:20:01.060+08:00,0.1716306060552597,-2.0817344188690186,0.46000003814697266,-1.6255543231964111,-3.2943081855773926,-71.81214141845703
1791627601260417376,1791627601255918272,2026-10-10T18:20:01.260+08:00,0.17154353857040405,-2.0822651386260986,0.43999993801116943,-1.5691441297531128,-3.307619094848633,-71.75404357910156
1791627601460786048,1791627601437312384,2026-10-10T18:20:01.460+08:00,0.1716541349887848,-2.0828189849853516,0.41999995708465576,-1.517188549041748,-3.31221079826355,-71.69490051269531
1791627601694470432,1791627601676527232,2026-10-10T18:20:01.694+08:00,0.17168980836868286,-2.083919048309326,0.41999995708465576,-1.4915168285369873,-3.3167858123779297,-71.63217163085938
1791627601936999680,1791627601915708896,2026-10-10T18:20:01.937+08:00,0.17169153690338135,-2.084735155105591,0.3999999761581421,-1.5249181985855103,-3.3112423419952393,-71.43441009521484
1791627602161431840,1791627602124215680,2026-10-10T18:20:02.161+08:00,0.1718127280473709,-2.085190534591675,0.38999998569488525,-1.5982105731964111,-3.3103034496307373,-71.22492980957031
1791627602394240128,1791627602361839776,2026-10-10T18:20:02.394+08:00,0.17193076014518738,-2.085631847381592,0.3799999952316284,-1.6691023111343384,-3.3108863830566406,-70.97528839111328
1791627602627624992,1791627602605679968,2026-10-10T18:20:02.627+08:00,0.17173531651496887,-2.08695125579834,0.3700000047683716,-1.7312408685684204,-3.3074898719787598,-70.87554168701172
1791627602860314624,1791627602845768640,2026-10-10T18:20:02.860+08:00,0.20501166582107544,-2.3394343852996826,0.36000001430511475,-1.6923524141311646,-3.3070995807647705,-70.88298034667969
1791627603060630656,1791627603042183456,2026-10-10T18:20:03.060+08:00,0.20487627387046814,-2.3398780822753906,0.3500000238418579,-1.6777846813201904,-3.3489904403686523,-71.22283172607422
1791627603261260480,1791627603249271584,2026-10-10T18:20:03.261+08:00,0.19936971366405487,-2.341982364654541,0.3500000238418579,-2.011444091796875,-3.4506750106811523,-73.04344177246094
1791627603466246944,1791627603430684992,2026-10-10T18:20:03.466+08:00,0.18781226873397827,-2.3427011966705322,0.33000004291534424,-2.4420576095581055,-3.3854308128356934,-74.86449432373047
1791627603693828736,1791627603677297696,2026-10-10T18:20:03.693+08:00,0.1752602607011795,-2.3406500816345215,0.3400000333786011,-2.50732159614563,-3.343661308288574,-77.28575897216797
1791627603894741888,1791627603882609824,2026-10-10T18:20:03.894+08:00,0.169484481215477,-2.33634352684021,0.3400000333786011,-1.921950101852417,-3.386476516723633,-79.19343566894531
1791627604127556448,1791627604115561312,2026-10-10T18:20:04.127+08:00,0.16610151529312134,-2.3286025524139404,0.33000004291534424,-0.9601467847824097,-3.4581873416900635,-81.15328216552734
1791627604327635616,1791627604287516352,2026-10-10T18:20:04.327+08:00,0.16318416595458984,-2.32157826423645,0.3400000333786011,-0.4625649154186249,-3.481776714324951,-82.34003448486328
1791627604560725280,1791627604543700224,2026-10-10T18:20:04.560+08:00,0.15934260189533234,-2.3102521896362305,0.3400000333786011,-0.17275556921958923,-3.4965882301330566,-83.60739135742188
1791627604794053568,1791627604773770304,2026-10-10T18:20:04.794+08:00,0.1585986167192459,-2.297558307647705,0.33000004291534424,-0.26102766394615173,-3.505795478820801,-84.55760955810547
1791627604994071584,1791627604978960224,2026-10-10T18:20:04.994+08:00,0.15881022810935974,-2.287506341934204,0.3400000333786011,-0.6591532230377197,-3.5526323318481445,-85.1549072265625
1791627605227438432,1791627605216600704,2026-10-10T18:20:05.227+08:00,0.15773767232894897,-2.274752378463745,0.33000004291534424,-1.3607121706008911,-3.6545333862304688,-85.64334869384766
1791627605428257184,1791627605399067360,2026-10-10T18:20:05.428+08:00,0.15573200583457947,-2.263814926147461,0.33000004291534424,-1.7040634155273438,-3.738807201385498,-86.03778076171875
1791627605660602112,1791627605634175936,2026-10-10T18:20:05.660+08:00,0.15430739521980286,-2.249490737915039,0.33000004291534424,-1.6613683700561523,-3.8170793056488037,-86.40796661376953
1791627605860636608,1791627605835128576,2026-10-10T18:20:05.860+08:00,0.15422014892101288,-2.2368338108062744,0.3400000333786011,-1.338781714439392,-3.8459582328796387,-86.56419372558594
1791627606061184256,1791627606037244160,2026-10-10T18:20:06.061+08:00,0.15440474450588226,-2.2240583896636963,0.3500000238418579,-0.9988669157028198,-3.8636245727539062,-86.67770385742188
1791627606261474592,1791627606238591104,2026-10-10T18:20:06.261+08:00,0.15398797392845154,-2.2104673385620117,0.3500000238418579,-0.8164801001548767,-3.8844106197357178,-86.75877380371094
1791627606494103616,1791627606465116320,2026-10-10T18:20:06.494+08:00,0.15312305092811584,-2.19497013092041,0.3500000238418579,-0.7788401246070862,-3.9111251831054688,-86.78948211669922
1791627606694157728,1791627606669701152,2026-10-10T18:20:06.694+08:00,0.15361662209033966,-2.1782710552215576,0.36000001430511475,-0.8474257588386536,-3.924473762512207,-86.85372161865234
1791627606894443168,1791627606869077056,2026-10-10T18:20:06.894+08:00,0.15440945327281952,-2.1625161170959473,0.36000001430511475,-1.0534107685089111,-3.8976364135742188,-86.86260223388672
1791627607127505984,1791627607106385440,2026-10-10T18:20:07.127+08:00,0.15332375466823578,-2.143801212310791,0.36000001430511475,-1.3666290044784546,-3.819495916366577,-86.8582534790039
1791627607361548064,1791627607335513920,2026-10-10T18:20:07.361+08:00,0.15302923321723938,-2.1253437995910645,0.3700000047683716,-1.4388021230697632,-3.7144758701324463,-86.88069915771484
1791627607594625824,1791627607571703424,2026-10-10T18:20:07.594+08:00,0.15384447574615479,-2.1054294109344482,0.3700000047683716,-1.3685659170150757,-3.571110486984253,-86.88772583007812
1791627607827939392,1791627607817738240,2026-10-10T18:20:07.827+08:00,0.1545061469078064,-2.0854084491729736,0.3799999952316284,-1.3497035503387451,-3.4297614097595215,-86.89067077636719
1791627608060955584,1791627608059069664,2026-10-10T18:20:08.060+08:00,0.1538599729537964,-2.0651743412017822,0.3700000047683716,-1.4623576402664185,-3.3204197883605957,-86.88880920410156
1791627608293775360,1791627608260954496,2026-10-10T18:20:08.293+08:00,0.1535816490650177,-2.049550771713257,0.3799999952316284,-1.5536423921585083,-3.2778539657592773,-86.84706115722656
1791627608527391968,1791627608519137408,2026-10-10T18:20:08.527+08:00,0.1528138667345047,-2.0356850624084473,0.3799999952316284,-1.7398055791854858,-3.310082197189331,-86.76497650146484
1791627608760925888,1791627608725261376,2026-10-10T18:20:08.760+08:00,0.15183760225772858,-2.0290913581848145,0.3799999952316284,-1.8009437322616577,-3.39473819732666,-86.6989974975586
1791627608961787072,1791627608934322880,2026-10-10T18:20:08.961+08:00,0.15107126533985138,-2.025357246398926,0.38999998569488525,-1.5013269186019897,-3.5385711193084717,-86.62706756591797
1791627609194275360,1791627609170864192,2026-10-10T18:20:09.194+08:00,0.16266003251075745,-2.0296359062194824,0.3999999761581421,-0.3481978178024292,-3.8424065113067627,-86.6725082397461
1791627609427016352,1791627609399496704,2026-10-10T18:20:09.427+08:00,0.18257339298725128,-2.033900260925293,0.3999999761581421,0.6335306167602539,-4.2908735275268555,-86.65034484863281
1791627609627783328,1791627609599890560,2026-10-10T18:20:09.627+08:00,0.19678644835948944,-2.0392279624938965,0.38999998569488525,0.5063402056694031,-4.667362689971924,-86.5223388671875
1791627609861137312,1791627609830743040,2026-10-10T18:20:09.861+08:00,0.20487959682941437,-2.048147201538086,0.3799999952316284,-0.8464292287826538,-4.864271640777588,-86.38126373291016
1791627610093936448,1791627610077066592,2026-10-10T18:20:10.093+08:00,0.20877590775489807,-2.0582597255706787,0.3799999952316284,-2.3602428436279297,-4.697722911834717,-86.25519561767578
1791627610294084128,1791627610280425504,2026-10-10T18:20:10.294+08:00,0.2110797017812729,-2.0663139820098877,0.38999998569488525,-3.0895776748657227,-4.351398944854736,-86.21563720703125
1791627610494221856,1791627610465958496,2026-10-10T18:20:10.494+08:00,0.21242639422416687,-2.0739643573760986,0.38999998569488525,-3.1197614669799805,-3.922356605529785,-86.22900390625
1791627610694574592,1791627610666044864,2026-10-10T18:20:10.694+08:00,0.21345388889312744,-2.08065128326416,0.38999998569488525,-2.539353847503662,-3.457561731338501,-86.2760009765625
1791627610927783744,1791627610907043968,2026-10-10T18:20:10.927+08:00,0.21446256339550018,-2.0879411697387695,0.3999999761581421,-1.476356029510498,-2.9163122177124023,-86.34767150878906
1791627611160452192,1791627611142255232,2026-10-10T18:20:11.160+08:00,0.21534942090511322,-2.0938520431518555,0.3999999761581421,-0.5725805163383484,-2.5193567276000977,-86.36537170410156
1791627611360471360,1791627611336240576,2026-10-10T18:20:11.360+08:00,0.2211025059223175,-2.097912311553955,0.3999999761581421,0.45221877098083496,-2.267914056777954,-86.39266204833984
1791627611561744992,1791627611542419968,2026-10-10T18:20:11.561+08:00,0.23873452842235565,-2.1039836406707764,0.3999999761581421,1.4145187139511108,-2.1309657096862793,-86.43135070800781
1791627611793528512,1791627611772631680,2026-10-10T18:20:11.793+08:00,0.2601766288280487,-2.1140358448028564,0.3999999761581421,1.3689970970153809,-2.3173818588256836,-86.42316436767578
1791627611994187104,1791627611979486624,2026-10-10T18:20:11.994+08:00,0.26985761523246765,-2.12388014793396,0.38999998569488525,0.004692684393376112,-2.696596145629883,-86.3208999633789
1791627612227385824,1791627612216741728,2026-10-10T18:20:12.227+08:00,0.27292320132255554,-2.1341283321380615,0.3799999952316284,-2.081052541732788,-3.1378796100616455,-86.27564239501953
1791627612427726784,1791627612399048480,2026-10-10T18:20:12.427+08:00,0.27471479773521423,-2.1405858993530273,0.3799999952316284,-3.1001782417297363,-3.3554346561431885,-86.35604095458984
1791627612629149472,1791627612596369632,2026-10-10T18:20:12.629+08:00,0.2772221267223358,-2.1467337608337402,0.38999998569488525,-3.456568717956543,-3.5375828742980957,-86.47722625732422
1791627612860959712,1791627612836917792,2026-10-10T18:20:12.860+08:00,0.2775506377220154,-2.1525380611419678,0.3799999952316284,-2.9698450565338135,-3.6939775943756104,-86.59274291992188
1791627613061062464,1791627613035136896,2026-10-10T18:20:13.061+08:00,0.27896732091903687,-2.15655517578125,0.38999998569488525,-1.5979493856430054,-3.7400929927825928,-86.7641830444336
1791627613261075840,1791627613240715808,2026-10-10T18:20:13.261+08:00,0.2916436493396759,-2.162803888320923,0.3999999761581421,0.2571007311344147,-3.7216577529907227,-86.91163635253906
1791627613493985856,1791627613465589760,2026-10-10T18:20:13.493+08:00,0.312249094247818,-2.1740217208862305,0.3999999761581421,1.4737589359283447,-3.8002638816833496,-87.00208282470703
1791627613694324544,1791627613672013888,2026-10-10T18:20:13.694+08:00,0.3231104910373688,-2.18387770652771,0.38999998569488525,0.9151145219802856,-3.9815311431884766,-86.91001892089844
1791627613927690656,1791627613910645536,2026-10-10T18:20:13.927+08:00,0.3284056782722473,-2.195833444595337,0.3799999952316284,-0.9620336294174194,-4.087978363037109,-86.77336883544922
1791627614127924288,1791627614110878400,2026-10-10T18:20:14.127+08:00,0.3298705220222473,-2.206294059753418,0.3700000047683716,-2.4539623260498047,-4.004868984222412,-86.68212890625
1791627614328311456,1791627614275884512,2026-10-10T18:20:14.328+08:00,0.33053940534591675,-2.2134392261505127,0.3700000047683716,-3.1022658348083496,-3.892958641052246,-86.61829376220703
1791627614561047584,1791627614536890272,2026-10-10T18:20:14.561+08:00,0.3319580852985382,-2.222330331802368,0.3700000047683716,-3.088919162750244,-3.7110395431518555,-86.60135650634766
1791627614793880256,1791627614773098560,2026-10-10T18:20:14.793+08:00,0.3317187428474426,-2.228513479232788,0.3799999952316284,-2.0878748893737793,-3.565640926361084,-86.5562744140625
1791627615027017504,1791627615009666656,2026-10-10T18:20:15.027+08:00,0.33621490001678467,-2.235532283782959,0.38999998569488525,-0.26549121737480164,-3.502575635910034,-86.38895416259766
1791627615229399328,1791627615215882208,2026-10-10T18:20:15.229+08:00,0.3417445123195648,-2.241825819015503,0.38999998569488525,1.1621994972229004,-3.544851779937744,-86.4366683959961
1791627615460257600,1791627615427551680,2026-10-10T18:20:15.460+08:00,0.36388054490089417,-2.251382350921631,0.3799999952316284,1.9297395944595337,-3.8395297527313232,-86.43348693847656
1791627615660262208,1791627615628548896,2026-10-10T18:20:15.660+08:00,0.38287585973739624,-2.2598161697387695,0.3700000047683716,0.9296018481254578,-4.198307514190674,-86.212890625
1791627615861751360,1791627615832632864,2026-10-10T18:20:15.861+08:00,0.38216736912727356,-2.2686219215393066,0.36000001430511475,-1.1829310655593872,-4.321815013885498,-85.97050476074219
1791627616093737440,1791627616069909856,2026-10-10T18:20:16.093+08:00,0.37702476978302,-2.2787017822265625,0.3500000238418579,-2.9793519973754883,-4.228205680847168,-86.00509643554688
1791627616294294688,1791627616269871168,2026-10-10T18:20:16.294+08:00,0.3763396143913269,-2.2851781845092773,0.36000001430511475,-3.265249729156494,-4.12614631652832,-86.16947174072266
1791627616494723360,1791627616473836416,2026-10-10T18:20:16.494+08:00,0.37715083360671997,-2.2906103134155273,0.3700000047683716,-2.6244664192199707,-4.004051685333252,-86.33671569824219
1791627616727667072,1791627616707031200,2026-10-10T18:20:16.727+08:00,0.3845103085041046,-2.2987239360809326,0.3799999952316284,-1.0269376039505005,-3.8120899200439453,-86.45661926269531
1791627616960538816,1791627616950284640,2026-10-10T18:20:16.960+08:00,0.39385131001472473,-2.306438446044922,0.3700000047683716,-0.03126564621925354,-3.5876293182373047,-86.56758880615234
1791627617193842272,1791627617182065504,2026-10-10T18:20:17.193+08:00,0.39708784222602844,-2.3123087882995605,0.3700000047683716,-0.14619974792003632,-3.3979029655456543,-86.56690216064453
1791627617394200192,1791627617369556192,2026-10-10T18:20:17.394+08:00,0.39781802892684937,-2.31588077545166,0.3700000047683716,-0.6899154782295227,-3.24094295501709,-86.58099365234375
1791627617594447808,1791627617576199136,2026-10-10T18:20:17.594+08:00,0.39831236004829407,-2.3184542655944824,0.3700000047683716,-1.2363563776016235,-3.1010019779205322,-86.63519287109375
1791627617799850720,1791627617779796448,2026-10-10T18:20:17.799+08:00,0.39877238869667053,-2.319835662841797,0.3700000047683716,-1.5510001182556152,-3.000946044921875,-86.68150329589844
1791627618027064576,1791627618018676384,2026-10-10T18:20:18.027+08:00,0.3991973400115967,-2.3198258876800537,0.3799999952316284,-1.5547484159469604,-2.948256731033325,-86.73540496826172
1791627618228344288,1791627618223524960,2026-10-10T18:20:18.228+08:00,0.3991221785545349,-2.3188042640686035,0.3799999952316284,-1.3324650526046753,-2.9708027839660645,-86.76953125
1791627618460208352,1791627618438772288,2026-10-10T18:20:18.460+08:00,0.3988924026489258,-2.3168551921844482,0.3700000047683716,-0.985005259513855,-3.0676229000091553,-86.80525970458984
1791627618660601440,1791627618641980928,2026-10-10T18:20:18.660+08:00,0.39900603890419006,-2.3144500255584717,0.3799999952316284,-0.7055780291557312,-3.2037954330444336,-86.82319641113281
1791627618860794848,1791627618845976320,2026-10-10T18:20:18.860+08:00,0.39915528893470764,-2.3113627433776855,0.3799999952316284,-0.6351487040519714,-3.359447717666626,-86.82684326171875
1791627619094161728,1791627619080885984,2026-10-10T18:20:19.094+08:00,0.39874017238616943,-2.3078222274780273,0.3799999952316284,-0.9127561450004578,-3.474637508392334,-86.83523559570312
1791627619294493376,1791627619281768832,2026-10-10T18:20:19.294+08:00,0.3982153832912445,-2.3047900199890137,0.3799999952316284,-1.255031704902649,-3.542983055114746,-86.86370849609375
1791627619494507680,1791627619471862112,2026-10-10T18:20:19.494+08:00,0.3978757858276367,-2.3019654750823975,0.3799999952316284,-1.5650570392608643,-3.577634811401367,-86.89496612548828
1791627619727283680,1791627619706762048,2026-10-10T18:20:19.727+08:00,0.39781734347343445,-2.2985222339630127,0.38999998569488525,-1.6524908542633057,-3.5717692375183105,-86.87596893310547
1791627619927939232,1791627619903284352,2026-10-10T18:20:19.927+08:00,0.39762312173843384,-2.2960634231567383,0.38999998569488525,-1.4482710361480713,-3.541715621948242,-86.90694427490234
1791627620161027360,1791627620139039616,2026-10-10T18:20:20.161+08:00,0.3974548578262329,-2.2926080226898193,0.38999998569488525,-1.0102208852767944,-3.4777753353118896,-86.94349670410156
1791627620393891296,1791627620366793984,2026-10-10T18:20:20.393+08:00,0.3976617753505707,-2.2897164821624756,0.3999999761581421,-0.6574017405509949,-3.4032976627349854,-87.01143646240234
1791627622588500896,1791627622412738784,2026-10-10T18:20:22.588+08:00,0.4272698760032654,-2.279351234436035,0.3999999761581421,-1.2516448497772217,-3.7354047298431396,-86.7486572265625
1791627622794351648,1791627622783658560,2026-10-10T18:20:22.794+08:00,0.42600077390670776,-2.2786242961883545,0.3999999761581421,-0.8369801044464111,-3.6537699699401855,-86.70751953125
1791627623026897856,1791627623017781408,2026-10-10T18:20:23.026+08:00,0.4261249005794525,-2.2785868644714355,0.38999998569488525,-0.7191142439842224,-3.538661479949951,-86.65846252441406
1791627623227397824,1791627623218841408,2026-10-10T18:20:23.227+08:00,0.4264642596244812,-2.2789740562438965,0.38999998569488525,-0.7750794291496277,-3.423978805541992,-86.4403305053711
1791627623427531456,1791627623400829184,2026-10-10T18:20:23.427+08:00,0.4271489381790161,-2.278977155685425,0.38999998569488525,-0.8675171136856079,-3.346736431121826,-86.46569061279297
1791627623661152224,1791627623635662592,2026-10-10T18:20:23.661+08:00,0.4313770532608032,-2.2823734283447266,0.3999999761581421,-0.47280991077423096,-3.332761287689209,-86.77263641357422
1791627623894130944,1791627623869808544,2026-10-10T18:20:23.894+08:00,0.45173346996307373,-2.2906222343444824,0.38999998569488525,0.4797666668891907,-3.5104763507843018,-86.917724609375
1791627624127191136,1791627624101733472,2026-10-10T18:20:24.127+08:00,0.4713154733181,-2.301093578338623,0.38999998569488525,0.71868896484375,-3.892404079437256,-86.92058563232422
1791627624327502976,1791627624269357088,2026-10-10T18:20:24.327+08:00,0.47858694195747375,-2.3111212253570557,0.38999998569488525,-0.004547178745269775,-4.241878509521484,-86.83390808105469
1791627624527613216,1791627624522758560,2026-10-10T18:20:24.527+08:00,0.4813004434108734,-2.3271167278289795,0.3799999952316284,-1.3895577192306519,-4.552095890045166,-86.69583129882812
1791627624727649920,1791627624724106272,2026-10-10T18:20:24.727+08:00,0.48303112387657166,-2.3418266773223877,0.3799999952316284,-2.198909044265747,-4.637239456176758,-86.60379791259766
1791627624928403552,1791627624891179072,2026-10-10T18:20:24.928+08:00,0.4840661287307739,-2.3558449745178223,0.3799999952316284,-2.4711902141571045,-4.62091064453125,-86.54519653320312
1791627625161116192,1791627625133805568,2026-10-10T18:20:25.161+08:00,0.48445644974708557,-2.3736045360565186,0.3799999952316284,-2.1881330013275146,-4.461156845092773,-86.52046966552734
1791627625394337440,1791627625377680416,2026-10-10T18:20:25.394+08:00,0.484778493642807,-2.3915436267852783,0.3799999952316284,-1.4244879484176636,-4.169559955596924,-86.5229263305664
1791627625626918432,1791627625611477088,2026-10-10T18:20:25.626+08:00,0.48489055037498474,-2.4106884002685547,0.3799999952316284,-0.7073274254798889,-3.825697898864746,-86.54278564453125
1791627625827494752,1791627625817202208,2026-10-10T18:20:25.827+08:00,0.48546433448791504,-2.427015542984009,0.3799999952316284,-0.43492552638053894,-3.5612497329711914,-86.57405090332031
1791627626060698656,1791627626049765664,2026-10-10T18:20:26.060+08:00,0.4848681092262268,-2.4475958347320557,0.3799999952316284,-0.5558889508247375,-3.335205554962158,-86.62320709228516
1791627626293827456,1791627626280449472,2026-10-10T18:20:26.293+08:00,0.4842679500579834,-2.466094732284546,0.3799999952316284,-0.8880332708358765,-3.239227533340454,-86.66246032714844
1791627626528113856,1791627626499891776,2026-10-10T18:20:26.528+08:00,0.48377037048339844,-2.4856362342834473,0.3700000047683716,-1.2289268970489502,-3.2548670768737793,-86.65106964111328
1791627626761740512,1791627626729407264,2026-10-10T18:20:26.761+08:00,0.4826716482639313,-2.5057694911956787,0.3799999952316284,-1.4379416704177856,-3.367879867553711,-86.66090393066406
1791627626994538688,1791627626966579296,2026-10-10T18:20:26.994+08:00,0.4830278158187866,-2.5266213417053223,0.3799999952316284,-1.3559492826461792,-3.524364948272705,-86.69525909423828
1791627627227536096,1791627627205898912,2026-10-10T18:20:27.227+08:00,0.4842260777950287,-2.548163890838623,0.3799999952316284,-1.1793612241744995,-3.6590356826782227,-86.7381820678711
1791627627427600160,1791627627400758016,2026-10-10T18:20:27.427+08:00,0.4851263761520386,-2.563520908355713,0.3799999952316284,-1.07420814037323,-3.7174341678619385,-86.73853302001953
1791627627661097312,1791627627633579264,2026-10-10T18:20:27.661+08:00,0.4851972460746765,-2.5831997394561768,0.3799999952316284,-1.0806342363357544,-3.738960027694702,-86.75206756591797
1791627627893676352,1791627627867725472,2026-10-10T18:20:27.893+08:00,0.4849450886249542,-2.5991716384887695,0.38999998569488525,-1.1264837980270386,-3.693331241607666,-86.77622985839844
1791627628093754976,1791627628073487712,2026-10-10T18:20:28.093+08:00,0.4856165647506714,-2.61032772064209,0.38999998569488525,-1.1201978921890259,-3.6153676509857178,-86.78752899169922
1791627628294051552,1791627628270867904,2026-10-10T18:20:28.294+08:00,0.4871521592140198,-2.6196014881134033,0.3799999952316284,-1.1576905250549316,-3.5189263820648193,-86.7612533569336
1791627628527482208,1791627628510533536,2026-10-10T18:20:28.527+08:00,0.4879050552845001,-2.6273741722106934,0.38999998569488525,-1.2683067321777344,-3.403654098510742,-86.70264434814453
1791627628727689504,1791627628714181120,2026-10-10T18:20:28.727+08:00,0.4875643849372864,-2.6303892135620117,0.38999998569488525,-1.2771997451782227,-3.300023078918457,-86.67101287841797
1791627628960493248,1791627628947925440,2026-10-10T18:20:28.960+08:00,0.48770055174827576,-2.6315925121307373,0.3799999952316284,-1.1358003616333008,-3.1880807876586914,-86.63182067871094
1791627629162013504,1791627629150043936,2026-10-10T18:20:29.162+08:00,0.48777270317077637,-2.6310198307037354,0.38999998569488525,-0.9765755534172058,-3.1555182933807373,-86.58108520507812
1791627629394018880,1791627629365416448,2026-10-10T18:20:29.394+08:00,0.48769935965538025,-2.6287519931793213,0.3799999952316284,-0.8613174557685852,-3.1977357864379883,-86.5443115234375
1791627629594232416,1791627629572795616,2026-10-10T18:20:29.594+08:00,0.48780810832977295,-2.625324010848999,0.38999998569488525,-0.874191403388977,-3.27812123298645,-86.49861907958984
1791627629827710528,1791627629810030560,2026-10-10T18:20:29.827+08:00,0.48814088106155396,-2.6199991703033447,0.38999998569488525,-1.059849739074707,-3.391494035720825,-86.4739761352539
1791627630029327744,1791627630014582464,2026-10-10T18:20:30.029+08:00,0.4879348576068878,-2.6150944232940674,0.38999998569488525,-1.238189935684204,-3.4712138175964355,-86.47135162353516
1791627630261164576,1791627630247660096,2026-10-10T18:20:30.261+08:00,0.48698678612709045,-2.6087071895599365,0.38999998569488525,-1.3449610471725464,-3.528714418411255,-86.48441314697266
1791627630494634400,1791627630469109568,2026-10-10T18:20:30.494+08:00,0.48701730370521545,-2.6026623249053955,0.3999999761581421,-1.31320321559906,-3.5314865112304688,-86.51134490966797
1791627630727568416,1791627630700845024,2026-10-10T18:20:30.727+08:00,0.4866308271884918,-2.5968682765960693,0.3999999761581421,-1.2516525983810425,-3.4968674182891846,-86.55979919433594
1791627630960645856,1791627630940582656,2026-10-10T18:20:30.960+08:00,0.48564133048057556,-2.5913197994232178,0.3999999761581421,-1.1085138320922852,-3.4388844966888428,-86.59992980957031
1791627631160780384,1791627631142841856,2026-10-10T18:20:31.160+08:00,0.48553478717803955,-2.5870089530944824,0.3999999761581421,-0.9625771641731262,-3.3761343955993652,-86.62683868408203
1791627631394516064,1791627631366996416,2026-10-10T18:20:31.394+08:00,0.48545050621032715,-2.5829436779022217,0.3999999761581421,-0.9216135144233704,-3.2992122173309326,-86.65830993652344
1791627631627407648,1791627631605833376,2026-10-10T18:20:31.627+08:00,0.48582369089126587,-2.5796356201171875,0.3999999761581421,-1.0462255477905273,-3.2455203533172607,-86.64878845214844
1791627631827764160,1791627631810606592,2026-10-10T18:20:31.827+08:00,0.4861132800579071,-2.5773541927337646,0.3999999761581421,-1.1742433309555054,-3.278196334838867,-86.61067199707031
1791627632060942912,1791627632058961248,2026-10-10T18:20:32.060+08:00,0.4866025447845459,-2.5759034156799316,0.4299999475479126,-0.8885137438774109,-3.6000044345855713,-86.587158203125
1791627632261377856,1791627632253964544,2026-10-10T18:20:32.261+08:00,0.4868709146976471,-2.5751702785491943,0.43999993801116943,-0.3017180860042572,-4.040353775024414,-86.4117431640625
1791627632494331776,1791627632483851552,2026-10-10T18:20:32.494+08:00,0.48789432644844055,-2.5740816593170166,0.4700000286102295,0.47518062591552734,-4.778995037078857,-86.2543716430664
1791627632727300256,1791627632722483808,2026-10-10T18:20:32.727+08:00,0.48947468400001526,-2.5731918811798096,0.5,0.9421664476394653,-5.5437445640563965,-86.06488800048828
1791627632927407360,1791627632922439616,2026-10-10T18:20:32.927+08:00,0.4906708300113678,-2.5722885131835938,0.5299999713897705,1.0225307941436768,-6.206969738006592,-85.91805267333984
1791627633161904864,1791627633159803872,2026-10-10T18:20:33.161+08:00,0.49137744307518005,-2.5715787410736084,0.5800000429153442,0.9807192087173462,-6.8692426681518555,-85.8663558959961
1791627633393885056,1791627633376589888,2026-10-10T18:20:33.393+08:00,0.49219897389411926,-2.5701959133148193,0.6200000047683716,0.9323983192443848,-7.2952961921691895,-85.78839874267578
1791627633595232384,1791627633580373536,2026-10-10T18:20:33.595+08:00,0.4933297038078308,-2.56829571723938,0.6599999666213989,0.8744018077850342,-7.546448707580566,-85.68367004394531
1791627633827284000,1791627633815782496,2026-10-10T18:20:33.827+08:00,0.4940246343612671,-2.565385580062866,0.7000000476837158,0.7752681970596313,-7.722503662109375,-85.5885238647461
1791627634061349056,1791627634059598368,2026-10-10T18:20:34.061+08:00,0.4942721128463745,-2.5601377487182617,0.75,0.7902560234069824,-7.791220664978027,-85.42263793945312
1791627634294528160,1791627634265936608,2026-10-10T18:20:34.294+08:00,0.493794322013855,-2.5557000637054443,0.809999942779541,0.9185750484466553,-7.768221855163574,-85.30062103271484
1791627634527146528,1791627634498126656,2026-10-10T18:20:34.527+08:00,0.49342775344848633,-2.5504982471466064,0.8600000143051147,1.0344927310943604,-7.694521427154541,-85.19651794433594
1791627634760757856,1791627634743518432,2026-10-10T18:20:34.760+08:00,0.4933792054653168,-2.544732093811035,0.9099999666213989,0.9953603744506836,-7.609665870666504,-85.0494155883789
1791627634993684096,1791627634982541856,2026-10-10T18:20:34.993+08:00,0.4922696650028229,-2.539879322052002,0.9700000286102295,0.8982993364334106,-7.5388665199279785,-84.88877868652344
1791627635194113664,1791627635186550176,2026-10-10T18:20:35.194+08:00,0.49159616231918335,-2.5329928398132324,1.0099999904632568,0.6689954996109009,-7.307416915893555,-84.63324737548828
1791627635394244480,1791627635374774464,2026-10-10T18:20:35.394+08:00,0.4923008978366852,-2.5390710830688477,1.0399999618530273,0.5077533721923828,-5.58570671081543,-84.39361572265625
1791627635627889728,1791627635612661760,2026-10-10T18:20:35.627+08:00,0.49249282479286194,-2.5346741676330566,1.0799999237060547,0.722417950630188,0.035409245640039444,-84.15413665771484
1791627635860752128,1791627635825532832,2026-10-10T18:20:35.860+08:00,0.49240803718566895,-2.524714708328247,1.0999999046325684,0.8460844159126282,3.17370343208313,-83.82030487060547
1791627636061015584,1791627636035919392,2026-10-10T18:20:36.061+08:00,0.49257567524909973,-2.5162627696990967,1.0999999046325684,0.9015852808952332,4.041641712188721,-83.51158142089844
1791627636294258208,1791627636272043584,2026-10-10T18:20:36.294+08:00,0.49217548966407776,-2.5111329555511475,1.0899999141693115,1.4146418571472168,4.412825584411621,-83.53087615966797
1791627636494273440,1791627636464008416,2026-10-10T18:20:36.494+08:00,0.49213042855262756,-2.5069565773010254,1.0899999141693115,1.6042230129241943,4.343348026275635,-83.55915832519531
1791627636727982496,1791627636704552224,2026-10-10T18:20:36.727+08:00,0.49336549639701843,-2.5009493827819824,1.0699999332427979,1.3687024116516113,3.559368133544922,-83.56546783447266
1791627636961094624,1791627636939709504,2026-10-10T18:20:36.961+08:00,0.4943350553512573,-2.4934070110321045,1.0499999523162842,0.8001133799552917,2.13818359375,-83.55049133300781
1791627637180145824,1791627637141374432,2026-10-10T18:20:37.180+08:00,0.49539345502853394,-2.4869933128356934,1.0499999523162842,0.32316267490386963,0.6088640093803406,-83.497802734375
1791627637394451328,1791627637367051136,2026-10-10T18:20:37.394+08:00,0.4953080415725708,-2.4799959659576416,1.0399999618530273,-0.021003538742661476,-1.2561804056167603,-83.42759704589844
1791627637594468480,1791627637567543840,2026-10-10T18:20:37.594+08:00,0.4943954050540924,-2.475602626800537,1.0299999713897705,-0.09174825251102448,-2.676271677017212,-83.3756103515625
1791627637828753792,1791627637801373952,2026-10-10T18:20:37.828+08:00,0.49499189853668213,-2.468674421310425,1.0199999809265137,-0.02598259225487709,-3.9473912715911865,-83.28941345214844
1791627638062245696,1791627638042711872,2026-10-10T18:20:38.062+08:00,0.4959022104740143,-2.4603943824768066,1.0199999809265137,0.03939667344093323,-4.8875508308410645,-83.16129302978516
1791627638294029408,1791627638275916224,2026-10-10T18:20:38.294+08:00,0.49486425518989563,-2.4510738849639893,1.0199999809265137,0.013852440752089024,-5.3381452560424805,-83.00294494628906
1791627638527649056,1791627638503125984,2026-10-10T18:20:38.527+08:00,0.4955962598323822,-2.442260980606079,1.0099999904632568,-0.07894715666770935,-5.363430500030518,-82.83753967285156
1791627638728162208,1791627638702669088,2026-10-10T18:20:38.728+08:00,0.49673616886138916,-2.432847499847412,1.0099999904632568,-0.19184689223766327,-5.132079601287842,-82.67460632324219
1791627638961273280,1791627638943529280,2026-10-10T18:20:38.961+08:00,0.49391940236091614,-2.4257330894470215,1.0,-0.30839452147483826,-4.634832859039307,-82.4588623046875
1791627639194208896,1791627639179371424,2026-10-10T18:20:39.194+08:00,0.49258214235305786,-2.418107748031616,0.9800000190734863,-0.37899482250213623,-4.028836250305176,-82.2210464477539
1791627639394784704,1791627639370677888,2026-10-10T18:20:39.394+08:00,0.49123674631118774,-2.4061853885650635,0.9900000095367432,-0.36906492710113525,-3.533874034881592,-82.02096557617188
1791627639627217920,1791627639610546912,2026-10-10T18:20:39.627+08:00,0.48961955308914185,-2.3918752670288086,0.9700000286102295,-0.29843494296073914,-3.047757148742676,-81.78740692138672
1791627639860684032,1791627639851574496,2026-10-10T18:20:39.860+08:00,0.48800233006477356,-2.3775651454925537,0.9700000286102295,-0.23527662456035614,-2.732438802719116,-81.55939483642578
1791627640060886464,1791627640022548448,2026-10-10T18:20:40.060+08:00,0.4869242012500763,-2.368025064468384,0.9500000476837158,-0.23075003921985626,-2.619795560836792,-81.41475677490234
1791627640294259328,1791627640267455232,2026-10-10T18:20:40.294+08:00,0.48517221212387085,-2.352522611618042,0.9500000476837158,-0.2943744361400604,-2.5738000869750977,-81.1819839477539
1791627640494305120,1791627640479698400,2026-10-10T18:20:40.494+08:00,0.48382455110549927,-2.34059739112854,0.9399999380111694,-0.3853970468044281,-2.6201677322387695,-81.00601959228516
1791627640727168064,1791627640721477856,2026-10-10T18:20:40.727+08:00,0.482207328081131,-2.3262875080108643,0.9199999570846558,-0.5186753869056702,-2.728322744369507,-80.81446075439453
1791627640927169632,1791627640889735360,2026-10-10T18:20:40.927+08:00,0.48099443316459656,-2.3155548572540283,0.9099999666213989,-0.6093832850456238,-2.817995071411133,-80.67672729492188
1791627641127192256,1791627641105235392,2026-10-10T18:20:41.127+08:00,0.47951197624206543,-2.3024373054504395,0.8999999761581421,-0.6848294138908386,-2.907028913497925,-80.51258850097656
1791627641327608864,1791627641268365984,2026-10-10T18:20:41.327+08:00,0.47843384742736816,-2.2928972244262695,0.8899999856948853,-0.7092724442481995,-2.949976921081543,-80.391845703125
1791627641527941120,1791627641496260288,2026-10-10T18:20:41.527+08:00,0.47407588362693787,-2.2990593910217285,0.8799999952316284,-0.7146520018577576,-2.975851535797119,-80.23944854736328
1791627641761062944,1791627641730139744,2026-10-10T18:20:41.761+08:00,0.4686785042285919,-2.305267333984375,0.8700000047683716,-0.7083525061607361,-2.966005325317383,-80.07356262207031
1791627641993876032,1791627641964064800,2026-10-10T18:20:41.993+08:00,0.47039154171943665,-2.2981746196746826,0.8500000238418579,-0.73313307762146,-2.9447038173675537,-79.90546417236328
1791627642194035264,1791627642177467520,2026-10-10T18:20:42.194+08:00,0.4705307185649872,-2.298396587371826,0.8400000333786011,-0.956693172454834,-2.943696975708008,-79.724609375
1791627642394274496,1791627642367564032,2026-10-10T18:20:42.394+08:00,0.46707552671432495,-2.297510862350464,0.8199999332427979,-1.1941287517547607,-2.957186460494995,-79.66559600830078
1791627642594280736,1791627642570213536,2026-10-10T18:20:42.594+08:00,0.47251853346824646,-2.292841911315918,0.809999942779541,-1.3478217124938965,-2.983628273010254,-79.60890197753906
1791627642829844352,1791627642814641024,2026-10-10T18:20:42.829+08:00,0.4740580916404724,-2.2874016761779785,0.7999999523162842,-1.797770619392395,-3.0284600257873535,-79.42913055419922
1791627643060439104,1791627643055431424,2026-10-10T18:20:43.060+08:00,0.46128034591674805,-2.290858030319214,0.7899999618530273,-2.0041065216064453,-3.057372570037842,-79.25233459472656
1791627643261002304,1791627643256227136,2026-10-10T18:20:43.261+08:00,0.45827239751815796,-2.2910103797912598,0.7799999713897705,-1.5224478244781494,-3.031832456588745,-79.09355926513672
1791627643493981664,1791627643476585536,2026-10-10T18:20:43.493+08:00,0.46348080039024353,-2.2944846153259277,0.7699999809265137,-0.9334242343902588,-3.0008625984191895,-78.99225616455078
1791627643727705920,1791627643716143872,2026-10-10T18:20:43.727+08:00,0.4647065997123718,-2.2928433418273926,0.75,-0.666977047920227,-3.069797992706299,-78.96959686279297
1791627643960901536,1791627643952181920,2026-10-10T18:20:43.960+08:00,0.4650137424468994,-2.2919516563415527,0.7400000095367432,-0.8345952033996582,-3.209506034851074,-78.91651153564453
1791627644161608736,1791627644129572704,2026-10-10T18:20:44.161+08:00,0.46528443694114685,-2.2916488647460938,0.7300000190734863,-1.125612497329712,-3.32505464553833,-78.84788513183594
1791627644395351712,1791627644379000288,2026-10-10T18:20:44.395+08:00,0.4658275842666626,-2.291269063949585,0.7200000286102295,-1.5175271034240723,-3.4720232486724854,-78.74855041503906
1791627644627235936,1791627644616769120,2026-10-10T18:20:44.627+08:00,0.4659213125705719,-2.29093074798584,0.7000000476837158,-1.7489784955978394,-3.5835325717926025,-78.6441650390625
1791627644827435744,1791627644818325056,2026-10-10T18:20:44.827+08:00,0.4658253788948059,-2.291006088256836,0.6899999380111694,-1.7468820810317993,-3.625443935394287,-78.55780792236328
1791627645060632416,1791627645049717856,2026-10-10T18:20:45.060+08:00,0.4658421576023102,-2.2915163040161133,0.6799999475479126,-1.5521005392074585,-3.6131482124328613,-78.52379608154297
1791627645293819968,1791627645284800672,2026-10-10T18:20:45.293+08:00,0.4656532108783722,-2.289856195449829,0.6599999666213989,-1.304623007774353,-3.5134451389312744,-78.3251953125
1791627645494196096,1791627645475380960,2026-10-10T18:20:45.494+08:00,0.4663359522819519,-2.2900285720825195,0.6499999761581421,-1.213707685470581,-3.408576250076294,-78.16340637207031
1791627645727177664,1791627645719762400,2026-10-10T18:20:45.727+08:00,0.46694427728652954,-2.290452480316162,0.6499999761581421,-1.2374924421310425,-3.2688000202178955,-77.97584533691406
1791627645927771104,1791627645923435264,2026-10-10T18:20:45.927+08:00,0.4672727584838867,-2.2909796237945557,0.6399999856948853,-1.336778163909912,-3.169253349304199,-77.79576873779297
1791627646161305408,1791627646128866112,2026-10-10T18:20:46.161+08:00,0.4681313931941986,-2.2918498516082764,0.6299999952316284,-1.5103840827941895,-3.1036550998687744,-77.6214599609375
1791627646361391936,1791627646359939392,2026-10-10T18:20:46.361+08:00,0.4684443771839142,-2.292388677597046,0.6200000047683716,-1.7120410203933716,-3.0897955894470215,-77.49207305908203
1791627646595060384,1791627646593661344,2026-10-10T18:20:46.595+08:00,0.46827858686447144,-2.2933173179626465,0.6100000143051147,-1.824054479598999,-3.134334087371826,-77.40385437011719
1791627646827029952,1791627646804958848,2026-10-10T18:20:46.827+08:00,0.46823275089263916,-2.294182300567627,0.6000000238418579,-1.7766309976577759,-3.208012104034424,-77.34516143798828
1791627647027961792,1791627647004834784,2026-10-10T18:20:47.027+08:00,0.46833375096321106,-2.294943332672119,0.5800000429153442,-1.6602215766906738,-3.282270669937134,-77.28265380859375
1791627647261087936,1791627647242262912,2026-10-10T18:20:47.261+08:00,0.4687509536743164,-2.295175790786743,0.5699999332427979,-1.5342963933944702,-3.347846746444702,-77.19727325439453
1791627647493914464,1791627647472414720,2026-10-10T18:20:47.493+08:00,0.4689992368221283,-2.2955708503723145,0.559999942779541,-1.4838571548461914,-3.3882222175598145,-77.1279525756836
1791627647694044992,1791627647674253216,2026-10-10T18:20:47.694+08:00,0.4688336253166199,-2.2963919639587402,0.5499999523162842,-1.5138319730758667,-3.3975958824157715,-77.08765411376953
1791627647927689600,1791627647915713344,2026-10-10T18:20:47.927+08:00,0.4688817858695984,-2.297534942626953,0.5399999618530273,-1.6023613214492798,-3.376791000366211,-77.00508117675781
1791627648127839456,1791627648117652128,2026-10-10T18:20:48.127+08:00,0.46879148483276367,-2.298311710357666,0.5399999618530273,-1.6810674667358398,-3.3405582904815674,-76.92401885986328
1791627648327911552,1791627648283374560,2026-10-10T18:20:48.327+08:00,0.4687541723251343,-2.2987279891967773,0.5299999713897705,-1.7226340770721436,-3.301525354385376,-76.8012466430664
1791627648561116512,1791627648543252256,2026-10-10T18:20:48.561+08:00,0.46935299038887024,-2.2993831634521484,0.5199999809265137,-1.7466001510620117,-3.236924409866333,-76.50529479980469
1791627648793981824,1791627648790257920,2026-10-10T18:20:48.793+08:00,0.46966251730918884,-2.3002140522003174,0.5099999904632568,-1.6735949516296387,-3.1957643032073975,-76.50267791748047
1791627648994053792,1791627648992190400,2026-10-10T18:20:48.994+08:00,0.4702107012271881,-2.3009469509124756,0.5,-1.600398063659668,-3.1704468727111816,-76.4978256225586
1791627649194131072,1791627649158056672,2026-10-10T18:20:49.194+08:00,0.47075581550598145,-2.3016204833984375,0.49000000953674316,-1.5678991079330444,-3.1581244468688965,-76.43370056152344
1791627649394156896,1791627649375446336,2026-10-10T18:20:49.394+08:00,0.4714363217353821,-2.30261492729187,0.48000001907348633,-1.568180799484253,-3.1675963401794434,-76.36761474609375
1791627649594318400,1791627649590872800,2026-10-10T18:20:49.594+08:00,0.4719197154045105,-2.3036296367645264,0.48000001907348633,-1.6136606931686401,-3.202925205230713,-76.1980972290039
1791627649794321280,1791627649762873600,2026-10-10T18:20:49.794+08:00,0.4724048972129822,-2.304243326187134,0.4700000286102295,-1.707589864730835,-3.2341225147247314,-75.99824523925781
1791627650027883392,1791627650012509472,2026-10-10T18:20:50.027+08:00,0.4723735749721527,-2.305589199066162,0.4700000286102295,-1.796430230140686,-3.2918882369995117,-75.72135925292969
1791627650260484864,1791627650247630272,2026-10-10T18:20:50.260+08:00,0.47305047512054443,-2.30676531791687,0.46000003814697266,-1.7879925966262817,-3.3329524993896484,-75.55171203613281
1791627650493844384,1791627650468913792,2026-10-10T18:20:50.493+08:00,0.48548293113708496,-2.5830533504486084,0.4500000476837158,-1.733296275138855,-3.3528811931610107,-75.40751647949219
1791627650694338144,1791627650671389440,2026-10-10T18:20:50.694+08:00,0.48569440841674805,-2.5836703777313232,0.43999993801116943,-1.6366328001022339,-3.3603286743164062,-75.35216522216797
1791627650894623264,1791627650878672000,2026-10-10T18:20:50.894+08:00,0.4865899384021759,-2.584162473678589,0.4299999475479126,-1.6266874074935913,-3.372265338897705,-75.09951782226562
1791627651127293376,1791627651111483168,2026-10-10T18:20:51.127+08:00,0.4800773859024048,-2.5851759910583496,0.4299999475479126,-2.3622024059295654,-3.3888580799102783,-75.59042358398438
1791627651327620320,1791627651283149920,2026-10-10T18:20:51.327+08:00,0.46753859519958496,-2.586304187774658,0.4299999475479126,-3.0118231773376465,-3.3425519466400146,-76.45841217041016
1791627651561132928,1791627651540091648,2026-10-10T18:20:51.561+08:00,0.4505835175514221,-2.583514451980591,0.4299999475479126,-2.996389150619507,-3.3896844387054443,-78.3775863647461
1791627651794346144,1791627651775979840,2026-10-10T18:20:51.794+08:00,0.4441106915473938,-2.5761473178863525,0.4299999475479126,-1.883183240890503,-3.5489397048950195,-80.03772735595703
1791627652026977760,1791627652013040800,2026-10-10T18:20:52.026+08:00,0.4395451247692108,-2.5681068897247314,0.43999993801116943,-0.6921350359916687,-3.7151942253112793,-81.54537200927734
1791627652260617888,1791627652253112544,2026-10-10T18:20:52.260+08:00,0.43462300300598145,-2.5584380626678467,0.43999993801116943,-0.0029862115625292063,-3.8053207397460938,-82.77115631103516
1791627652493814656,1791627652479765184,2026-10-10T18:20:52.493+08:00,0.4326571226119995,-2.547240734100342,0.43999993801116943,0.06863564997911453,-3.808767557144165,-83.68486785888672
1791627652693929856,1791627652684681920,2026-10-10T18:20:52.693+08:00,0.4316070079803467,-2.535227060317993,0.4299999475479126,-0.39202937483787537,-3.7412126064300537,-84.35150909423828
1791627652894318432,1791627652881193984,2026-10-10T18:20:52.894+08:00,0.43077272176742554,-2.5249106884002686,0.43999993801116943,-0.9818942546844482,-3.663806915283203,-84.75747680664062
1791627653128569120,1791627653123045216,2026-10-10T18:20:53.128+08:00,0.42929980158805847,-2.51043963432312,0.4299999475479126,-1.6453205347061157,-3.5709919929504395,-85.16394805908203
1791627653360446848,1791627653342269440,2026-10-10T18:20:53.360+08:00,0.4291841387748718,-2.496729850769043,0.41999995708465576,-1.8744845390319824,-3.502946615219116,-85.43524932861328
1791627653560925600,1791627653540308288,2026-10-10T18:20:53.560+08:00,0.4288824498653412,-2.4836266040802,0.43999993801116943,-1.7876242399215698,-3.4778780937194824,-85.61521911621094
1791627653794404288,1791627653775374368,2026-10-10T18:20:53.794+08:00,0.4292244613170624,-2.46734619140625,0.43999993801116943,-1.4381569623947144,-3.513714075088501,-85.8036880493164
1791627654026983328,1791627654013298944,2026-10-10T18:20:54.026+08:00,0.4293440580368042,-2.4502787590026855,0.43999993801116943,-1.1228982210159302,-3.600517988204956,-85.94157409667969
1791627654227256800,1791627654214401504,2026-10-10T18:20:54.227+08:00,0.4295867085456848,-2.4353978633880615,0.4500000476837158,-1.0407733917236328,-3.69132661819458,-86.03511810302734
1791627654461213056,1791627654431404736,2026-10-10T18:20:54.461+08:00,0.428337424993515,-2.419184446334839,0.4500000476837158,-1.154024600982666,-3.788344383239746,-86.11363220214844
1791627654662695296,1791627654638234368,2026-10-10T18:20:54.662+08:00,0.4282570779323578,-2.4036905765533447,0.4500000476837158,-1.2844560146331787,-3.8534650802612305,-86.18219757080078
1791627654894128416,1791627654873563456,2026-10-10T18:20:54.894+08:00,0.428711473941803,-2.3841679096221924,0.4500000476837158,-1.4487982988357544,-3.89152455329895,-86.22295379638672
1791627655127589056,1791627655100756960,2026-10-10T18:20:55.127+08:00,0.4283047616481781,-2.3669192790985107,0.46000003814697266,-1.5611333847045898,-3.8949520587921143,-86.24878692626953
1791627655360835072,1791627655332319200,2026-10-10T18:20:55.360+08:00,0.42766687273979187,-2.348208427429199,0.4700000286102295,-1.5376105308532715,-3.8580844402313232,-86.24225616455078
1791627655561447424,1791627655559921344,2026-10-10T18:20:55.561+08:00,0.4290919899940491,-2.3300843238830566,0.4700000286102295,-1.4763461351394653,-3.78987979888916,-86.1885757446289
1791627655794286176,1791627655760200576,2026-10-10T18:20:55.794+08:00,0.4302065670490265,-2.314549207687378,0.4700000286102295,-1.4795905351638794,-3.7353873252868652,-86.06395721435547
1791627656026985856,1791627655994782816,2026-10-10T18:20:56.026+08:00,0.4287227988243103,-2.3021669387817383,0.4700000286102295,-1.629212737083435,-3.723662853240967,-85.9433364868164
1791627656227869888,1791627656195068672,2026-10-10T18:20:56.227+08:00,0.42653241753578186,-2.2964484691619873,0.4700000286102295,-1.709046483039856,-3.7376317977905273,-85.82594299316406
1791627656429010304,1791627656410143744,2026-10-10T18:20:56.429+08:00,0.4247451424598694,-2.2934317588806152,0.48000001907348633,-1.664798617362976,-3.780776023864746,-85.75212860107422
1791627656660830144,1791627656647250592,2026-10-10T18:20:56.660+08:00,0.41894564032554626,-2.296576499938965,0.4700000286102295,-2.281534194946289,-3.9628663063049316,-85.45696258544922
1791627656860865664,1791627656842230272,2026-10-10T18:20:56.860+08:00,0.4056481122970581,-2.3007655143737793,0.4700000286102295,-3.134592056274414,-4.236666679382324,-85.12174987792969
1791627657094380000,1791627657078697664,2026-10-10T18:20:57.094+08:00,0.3875297009944916,-2.3092212677001953,0.46000003814697266,-3.482539653778076,-4.568532943725586,-84.86160278320312
1791627657294428896,1791627657279040768,2026-10-10T18:20:57.294+08:00,0.3783441483974457,-2.317509651184082,0.48000001907348633,-2.6771554946899414,-4.719905853271484,-84.87410736083984
1791627657527408864,1791627657504779360,2026-10-10T18:20:57.527+08:00,0.3729017972946167,-2.328134775161743,0.48000001907348633,-1.1105023622512817,-4.732460021972656,-85.11958312988281
1791627657727626112,1791627657705290656,2026-10-10T18:20:57.727+08:00,0.37038490176200867,-2.3384954929351807,0.49000000953674316,3.065765486098826e-05,-4.599767208099365,-85.25325012207031
1791627657960193536,1791627657945714336,2026-10-10T18:20:57.960+08:00,0.36949974298477173,-2.3496592044830322,0.48000001907348633,0.6753807067871094,-4.308193206787109,-85.41187286376953
1791627658160613024,1791627658147820192,2026-10-10T18:20:58.160+08:00,0.36990827322006226,-2.3574750423431396,0.49000000953674316,0.535246729850769,-4.0225067138671875,-85.51306915283203
1791627658361584608,1791627658359622336,2026-10-10T18:20:58.361+08:00,0.37001585960388184,-2.364682197570801,0.48000001907348633,-0.07509829849004745,-3.739427089691162,-85.58976745605469
1791627658593771104,1791627658560544672,2026-10-10T18:20:58.593+08:00,0.3709661662578583,-2.370619773864746,0.48000001907348633,-0.8729632496833801,-3.4834702014923096,-85.66819763183594
1791627658794003776,1791627658764967680,2026-10-10T18:20:58.794+08:00,0.3697027564048767,-2.376694679260254,0.48000001907348633,-2.0849645137786865,-3.303206205368042,-85.87020874023438
1791627658994463552,1791627658965066688,2026-10-10T18:20:58.994+08:00,0.358127623796463,-2.383554458618164,0.48000001907348633,-3.3244214057922363,-3.2181484699249268,-85.83201599121094
1791627659228171296,1791627659197513216,2026-10-10T18:20:59.228+08:00,0.34327471256256104,-2.391131639480591,0.4700000286102295,-3.6319589614868164,-3.2852580547332764,-85.92951202392578
1791627659428229184,1791627659415764320,2026-10-10T18:20:59.428+08:00,0.33663952350616455,-2.396761894226074,0.4700000286102295,-2.563969135284424,-3.517998456954956,-85.95624542236328
1791627659660611424,1791627659648799840,2026-10-10T18:20:59.660+08:00,0.33617299795150757,-2.4005038738250732,0.48000001907348633,-0.8550693392753601,-3.8328092098236084,-85.89909362792969
1791627659862667520,1791627659845229632,2026-10-10T18:20:59.862+08:00,0.33574119210243225,-2.4024174213409424,0.49000000953674316,0.17328742146492004,-4.016605854034424,-85.81581115722656
1791627660093569024,1791627660078596608,2026-10-10T18:21:00.093+08:00,0.33444562554359436,-2.40478777885437,0.48000001907348633,0.5345866084098816,-4.0852885246276855,-85.80565643310547
1791627660294665248,1791627660279190496,2026-10-10T18:21:00.294+08:00,0.3339034616947174,-2.4062013626098633,0.48000001907348633,0.22773440182209015,-4.034823417663574,-85.79988861083984
1791627660527811456,1791627660505177664,2026-10-10T18:21:00.527+08:00,0.33421289920806885,-2.4064815044403076,0.4700000286102295,-0.6611613631248474,-3.8804497718811035,-85.7479019165039
1791627660760890432,1791627660738913408,2026-10-10T18:21:00.760+08:00,0.3346903324127197,-2.406187057495117,0.4700000286102295,-1.5792615413665771,-3.685253858566284,-85.67771911621094
1791627660961426944,1791627660940732608,2026-10-10T18:21:00.961+08:00,0.33489465713500977,-2.4056217670440674,0.4700000286102295,-2.1643729209899902,-3.500356674194336,-85.6255874633789
1791627661193652512,1791627661178975776,2026-10-10T18:21:01.193+08:00,0.3351961076259613,-2.403729200363159,0.4700000286102295,-2.076742172241211,-3.300365447998047,-85.5846939086914
1791627661393825664,1791627661360083296,2026-10-10T18:21:01.393+08:00,0.3386954069137573,-2.3964641094207764,0.4700000286102295,-1.247729778289795,-3.114881753921509,-85.7525405883789
1791627661594378880,1791627661561379584,2026-10-10T18:21:01.594+08:00,0.34809935092926025,-2.385514736175537,0.48000001907348633,0.015917498618364334,-2.9429421424865723,-86.36385345458984
1791627661794489120,1791627661766796000,2026-10-10T18:21:01.794+08:00,0.36208418011665344,-2.373377799987793,0.4700000286102295,0.9468424320220947,-2.9494664669036865,-87.08076477050781
1791627662027966432,1791627662011006432,2026-10-10T18:21:02.027+08:00,0.3763715922832489,-2.3627851009368896,0.4700000286102295,0.8357263207435608,-3.193333148956299,-87.63704681396484
1791627662229005792,1791627662211055200,2026-10-10T18:21:02.229+08:00,0.38512566685676575,-2.357234477996826,0.46000003814697266,-0.18262887001037598,-3.5259110927581787,-87.68411254882812
1791627662461362496,1791627662428672288,2026-10-10T18:21:02.461+08:00,0.39101433753967285,-2.354876756668091,0.4500000476837158,-1.7250392436981201,-3.9190356731414795,-87.46595764160156
1791627662693929792,1791627662664947872,2026-10-10T18:21:02.693+08:00,0.3955085277557373,-2.3563148975372314,0.43999993801116943,-3.0649638175964355,-4.276052474975586,-87.05768585205078
1791627662894207904,1791627662869399552,2026-10-10T18:21:02.894+08:00,0.3977537751197815,-2.360412359237671,0.4500000476837158,-3.4865198135375977,-4.491366386413574,-86.66348266601562
1791627663094330272,1791627663071394208,2026-10-10T18:21:03.094+08:00,0.39923396706581116,-2.3663837909698486,0.43999993801116943,-3.2605392932891846,-4.640130996704102,-86.28499603271484
1791627663327046176,1791627663268354048,2026-10-10T18:21:03.327+08:00,0.398837149143219,-2.3751220703125,0.4500000476837158,-2.5191638469696045,-4.714657783508301,-85.96097564697266
1791627663527431488,1791627663492862016,2026-10-10T18:21:03.527+08:00,0.3987056016921997,-2.3855578899383545,0.46000003814697266,-1.495793104171753,-4.705345630645752,-85.78295135498047
1791627663727880224,1791627663700842688,2026-10-10T18:21:03.727+08:00,0.39909249544143677,-2.3966097831726074,0.46000003814697266,-0.7901251316070557,-4.594468593597412,-85.69760131835938
1791627663961811968,1791627663939900128,2026-10-10T18:21:03.961+08:00,0.3986806273460388,-2.4113168716430664,0.46000003814697266,-0.5453009009361267,-4.368393898010254,-85.64337921142578
1791627664194466720,1791627664177848704,2026-10-10T18:21:04.194+08:00,0.3980724513530731,-2.4276671409606934,0.46000003814697266,-0.9066625833511353,-4.1147780418396,-85.64852905273438
1791627664427659008,1791627664396366528,2026-10-10T18:21:04.427+08:00,0.396138995885849,-2.443263292312622,0.4500000476837158,-1.4840985536575317,-3.898263931274414,-85.72327423095703
1791627664660776224,1791627664631631008,2026-10-10T18:21:04.660+08:00,0.39468371868133545,-2.459726095199585,0.4500000476837158,-1.941394567489624,-3.7052555084228516,-85.93311309814453
1791627664861293088,1791627664828477600,2026-10-10T18:21:04.861+08:00,0.3948512077331543,-2.472898006439209,0.4500000476837158,-2.050278663635254,-3.573777437210083,-86.13742065429688
1791627665093786912,1791627665062465408,2026-10-10T18:21:05.093+08:00,0.39523398876190186,-2.487520694732666,0.46000003814697266,-1.9461370706558228,-3.4603617191314697,-86.33009338378906
1791627665294428384,1791627665262216960,2026-10-10T18:21:05.294+08:00,0.39593490958213806,-2.5018551349639893,0.46000003814697266,-1.7179182767868042,-3.3916208744049072,-86.42310333251953
1791627665526985568,1791627665511800192,2026-10-10T18:21:05.526+08:00,0.39603567123413086,-2.520864725112915,0.46000003814697266,-1.4171704053878784,-3.361876964569092,-86.42234802246094
1791627665760792896,1791627665757218176,2026-10-10T18:21:05.760+08:00,0.3944477140903473,-2.5403313636779785,0.4700000286102295,-1.211100459098816,-3.3935375213623047,-86.43977355957031
1791627665960969728,1791627665955742528,2026-10-10T18:21:05.960+08:00,0.3936521112918854,-2.5563671588897705,0.46000003814697266,-1.118797779083252,-3.430675983428955,-86.51685333251953
1791627666194409632,1791627666189190784,2026-10-10T18:21:06.194+08:00,0.39383065700531006,-2.5746326446533203,0.46000003814697266,-1.1715483665466309,-3.455216884613037,-86.686279296875
1791627666427221088,1791627666414851616,2026-10-10T18:21:06.427+08:00,0.39419615268707275,-2.5914158821105957,0.46000003814697266,-1.3365585803985596,-3.442950487136841,-86.75890350341797
1791627666627819264,1791627666619297728,2026-10-10T18:21:06.627+08:00,0.3941822052001953,-2.607020616531372,0.46000003814697266,-1.5154716968536377,-3.4179019927978516,-86.7791748046875
1791627666860332768,1791627666848586464,2026-10-10T18:21:06.860+08:00,0.39363157749176025,-2.6261134147644043,0.46000003814697266,-1.6390408277511597,-3.380153179168701,-86.8044662475586
1791627667061774624,1791627667057076896,2026-10-10T18:21:07.061+08:00,0.39308229088783264,-2.641573905944824,0.46000003814697266,-1.587319016456604,-3.3443470001220703,-86.8573989868164
1791627667262437728,1791627667260106816,2026-10-10T18:21:07.262+08:00,0.3930550515651703,-2.6564767360687256,0.4700000286102295,-1.4478663206100464,-3.314476728439331,-86.94462585449219
1791627667494086944,1791627667485368032,2026-10-10T18:21:07.494+08:00,0.3932967185974121,-2.6750926971435547,0.46000003814697266,-1.2972338199615479,-3.2880966663360596,-87.08997344970703
1791627667694274912,1791627667685724160,2026-10-10T18:21:07.694+08:00,0.3932141661643982,-2.69002628326416,0.4700000286102295,-1.1477980613708496,-3.2649989128112793,-87.06033325195312
1791627667927353504,1791627667897854272,2026-10-10T18:21:07.927+08:00,0.39604416489601135,-2.704334020614624,0.4700000286102295,-1.0188407897949219,-3.2482194900512695,-86.94694519042969
1791627668127578656,1791627668099743872,2026-10-10T18:21:08.127+08:00,0.39790597558021545,-2.7167835235595703,0.4700000286102295,-1.1124716997146606,-3.2290477752685547,-86.79476928710938
1791627668360634208,1791627668331524736,2026-10-10T18:21:08.360+08:00,0.3986285328865051,-2.7290639877319336,0.46000003814697266,-1.4457651376724243,-3.1976001262664795,-86.6058120727539
1791627668594247904,1791627668564400960,2026-10-10T18:21:08.594+08:00,0.3989937901496887,-2.738646984100342,0.46000003814697266,-1.6501796245574951,-3.170191764831543,-86.45838928222656
1791627668827669984,1791627668808762528,2026-10-10T18:21:08.827+08:00,0.399859219789505,-2.7455670833587646,0.4700000286102295,-1.6838425397872925,-3.161442995071411,-86.3255615234375
1791627669027936736,1791627669005832768,2026-10-10T18:21:09.027+08:00,0.39984649419784546,-2.7494277954101562,0.4700000286102295,-1.5483976602554321,-3.18166184425354,-86.22665405273438
1791627669261056064,1791627669244824224,2026-10-10T18:21:09.261+08:00,0.40000802278518677,-2.751626491546631,0.4700000286102295,-1.223747730255127,-3.2323520183563232,-86.1749267578125
1791627669494235264,1791627669461960352,2026-10-10T18:21:09.494+08:00,0.4013468623161316,-2.7528276443481445,0.48000001907348633,-0.9232679605484009,-3.297839641571045,-86.13330841064453
1791627669728128896,1791627669697860736,2026-10-10T18:21:09.728+08:00,0.4018005430698395,-2.752127170562744,0.48000001907348633,-0.9108234643936157,-3.3488950729370117,-86.03227996826172
1791627669929057536,1791627669898069792,2026-10-10T18:21:09.929+08:00,0.4008975923061371,-2.7499895095825195,0.4700000286102295,-1.0790081024169922,-3.3622567653656006,-85.96590423583984
1791627670160892544,1791627670132575584,2026-10-10T18:21:10.160+08:00,0.4004969000816345,-2.7461228370666504,0.4700000286102295,-1.2935343980789185,-3.3600165843963623,-85.92485046386719
1791627670395533600,1791627670377868064,2026-10-10T18:21:10.395+08:00,0.40088334679603577,-2.7414817810058594,0.4700000286102295,-1.41444993019104,-3.3754215240478516,-85.97306823730469
1791627670628616096,1791627670625640352,2026-10-10T18:21:10.628+08:00,0.40048331022262573,-2.736274480819702,0.4700000286102295,-1.4843955039978027,-3.401418924331665,-85.97418975830078
1791627670829291936,1791627670825160064,2026-10-10T18:21:10.829+08:00,0.39994820952415466,-2.731886386871338,0.4700000286102295,-1.4197534322738647,-3.4078986644744873,-85.9720458984375
1791627671060862176,1791627671029604032,2026-10-10T18:21:11.060+08:00,0.39976024627685547,-2.727349042892456,0.48000001907348633,-1.268649935722351,-3.406493663787842,-85.9622573852539
1791627671261157568,1791627671230469568,2026-10-10T18:21:11.261+08:00,0.39945799112319946,-2.7231335639953613,0.48000001907348633,-1.108553409576416,-3.4088549613952637,-85.95547485351562
1791627671494216224,1791627671466645280,2026-10-10T18:21:11.494+08:00,0.3990986943244934,-2.7183609008789062,0.48000001907348633,-0.9618197679519653,-3.418297052383423,-85.95696258544922
1791627671727754976,1791627671701794976,2026-10-10T18:21:11.727+08:00,0.39903971552848816,-2.714280605316162,0.48000001907348633,-0.9178773164749146,-3.4284143447875977,-85.95963287353516
1791627671960557664,1791627671939137024,2026-10-10T18:21:11.960+08:00,0.398481547832489,-2.7106478214263916,0.48000001907348633,-0.9664198756217957,-3.4426164627075195,-85.9356918334961
1791627672162456096,1791627672145091968,2026-10-10T18:21:12.162+08:00,0.3980325758457184,-2.708799123764038,0.5,-0.7800483107566833,-3.6210217475891113,-85.9430923461914
1791627672393895040,1791627672385827872,2026-10-10T18:21:12.393+08:00,0.39815443754196167,-2.7077231407165527,0.5199999809265137,-0.22015027701854706,-4.0264177322387695,-85.93020629882812
1791627672594196224,1791627672591990176,2026-10-10T18:21:12.594+08:00,0.3982243239879608,-2.7072198390960693,0.5399999618530273,0.30600762367248535,-4.521905422210693,-85.82942199707031
1791627672794534720,1791627672765979808,2026-10-10T18:21:12.794+08:00,0.3982471823692322,-2.706120729446411,0.559999942779541,0.7375619411468506,-5.067346572875977,-85.91445922851562
1791627673027028640,1791627673004507264,2026-10-10T18:21:13.027+08:00,0.39898765087127686,-2.705230474472046,0.6000000238418579,1.0397610664367676,-5.827259540557861,-85.95633697509766
1791627673227911648,1791627673205449504,2026-10-10T18:21:13.227+08:00,0.39934641122817993,-2.7039356231689453,0.6299999952316284,1.0241012573242188,-6.398824691772461,-85.9463119506836
1791627673460813440,1791627673433681792,2026-10-10T18:21:13.460+08:00,0.39980193972587585,-2.702822685241699,0.6599999666213989,0.820155143737793,-6.898670673370361,-85.89875030517578
1791627673694037856,1791627673665645280,2026-10-10T18:21:13.694+08:00,0.4001446068286896,-2.7009007930755615,0.7100000381469727,0.548868715763092,-7.268310070037842,-85.85739135742188
1791627673894150208,1791627673870689088,2026-10-10T18:21:13.894+08:00,0.4006158709526062,-2.697977066040039,0.75,0.39273786544799805,-7.453546524047852,-85.81940460205078
1791627674094630304,1791627674072640672,2026-10-10T18:21:14.094+08:00,0.4009144902229309,-2.6948556900024414,0.7899999618530273,0.3110816180706024,-7.551112174987793,-85.70956420898438
1791627674327802048,1791627674275153408,2026-10-10T18:21:14.327+08:00,0.40160518884658813,-2.691892385482788,0.8400000333786011,0.2735484540462494,-7.593463897705078,-85.54873657226562
1791627674560588640,1791627674549023328,2026-10-10T18:21:14.560+08:00,0.4011671841144562,-2.6858174800872803,0.8999999761581421,0.3225741684436798,-7.595156669616699,-85.27053833007812
1791627674793812416,1791627674786204256,2026-10-10T18:21:14.793+08:00,0.40058788657188416,-2.6828222274780273,0.9500000476837158,0.4383866488933563,-7.593736171722412,-85.02947235107422
1791627675028085056,1791627675022788832,2026-10-10T18:21:15.028+08:00,0.4009248912334442,-2.6785988807678223,1.0,0.4124922752380371,-7.4293975830078125,-84.63309478759766
1791627675260591584,1791627675234464128,2026-10-10T18:21:15.260+08:00,0.4020039141178131,-2.678337574005127,1.0399999618530273,0.414876252412796,-6.833845138549805,-84.2496109008789
1791627675460678816,1791627675449796800,2026-10-10T18:21:15.460+08:00,0.4041846692562103,-2.6879823207855225,1.0799999237060547,1.015341877937317,-2.6439573764801025,-84.02645874023438
1791627675694970304,1791627675684655104,2026-10-10T18:21:15.694+08:00,0.40498125553131104,-2.682507038116455,1.0999999046325684,1.5402387380599976,1.3473058938980103,-83.62313079833984
1791627675927458848,1791627675895056896,2026-10-10T18:21:15.927+08:00,0.4041716158390045,-2.6798336505889893,1.0899999141693115,1.515920877456665,2.2611260414123535,-83.32868957519531
1791627676160679776,1791627676132746592,2026-10-10T18:21:16.160+08:00,0.40371593832969666,-2.6803619861602783,1.0799999237060547,0.9288762807846069,2.20243501663208,-83.07041931152344
1791627676360788064,1791627676340831840,2026-10-10T18:21:16.360+08:00,0.4039279818534851,-2.6796257495880127,1.0699999332427979,0.36163759231567383,1.6288855075836182,-82.88777160644531
1791627676593832992,1791627676574941344,2026-10-10T18:21:16.593+08:00,0.40417706966400146,-2.6772966384887695,1.059999942779541,-0.07220842689275742,0.6301925182342529,-82.68876647949219
1791627676827246688,1791627676815013376,2026-10-10T18:21:16.827+08:00,0.4042930603027344,-2.6742753982543945,1.0499999523162842,-0.129014253616333,-0.5161287188529968,-82.50469970703125
1791627677061665824,1791627677017581600,2026-10-10T18:21:17.061+08:00,0.40576884150505066,-2.6725950241088867,1.0499999523162842,0.004371821414679289,-1.4496451616287231,-82.36656951904297
1791627677294497984,1791627677289986208,2026-10-10T18:21:17.294+08:00,0.40784770250320435,-2.6704518795013428,1.0499999523162842,0.2725728154182434,-2.5771920680999756,-82.20323944091797
1791627677527377568,1791627677519763744,2026-10-10T18:21:17.527+08:00,0.410820871591568,-2.6683876514434814,1.0399999618530273,0.4247409999370575,-3.2369399070739746,-82.1048812866211
1791627677727431456,1791627677719737440,2026-10-10T18:21:17.727+08:00,0.41059789061546326,-2.6657538414001465,1.0399999618530273,0.46160611510276794,-3.622714042663574,-82.03907012939453
1791627677960786880,1791627677955327232,2026-10-10T18:21:17.960+08:00,0.41067126393318176,-2.660992383956909,1.0299999713897705,0.3814331889152527,-3.8078036308288574,-81.97784423828125
1791627678160849248,1791627678129169184,2026-10-10T18:21:18.160+08:00,0.41001591086387634,-2.6560099124908447,1.0299999713897705,0.2802998423576355,-3.7779598236083984,-81.94035339355469
1791627678393978848,1791627678379676896,2026-10-10T18:21:18.393+08:00,0.4102417230606079,-2.6511828899383545,1.0099999904632568,0.1677274852991104,-3.5764434337615967,-81.91313171386719
1791627678593987264,1791627678585732832,2026-10-10T18:21:18.593+08:00,0.4102734327316284,-2.646439552307129,1.0199999809265137,0.1267826110124588,-3.3003196716308594,-81.88984680175781
1791627678827038176,1791627678817921632,2026-10-10T18:21:18.827+08:00,0.40864047408103943,-2.637890577316284,1.0099999904632568,0.15691475570201874,-3.0056042671203613,-81.87641143798828
1791627679027099520,1791627679020921120,2026-10-10T18:21:19.027+08:00,0.4085606336593628,-2.636258125305176,1.0,0.2101401835680008,-2.767648458480835,-81.87397766113281
1791627679228260704,1791627679190461152,2026-10-10T18:21:19.228+08:00,0.4082256257534027,-2.6348371505737305,1.0,0.2531321942806244,-2.5950958728790283,-81.88553619384766
1791627679461339968,1791627679449748512,2026-10-10T18:21:19.461+08:00,0.4060339629650116,-2.631580352783203,0.9900000095367432,0.2875171899795532,-2.4264957904815674,-81.91027069091797
1791627679693654784,1791627679689350048,2026-10-10T18:21:19.693+08:00,0.4030293822288513,-2.6281020641326904,0.9800000190734863,0.2625094950199127,-2.3447563648223877,-81.92920684814453
1791627679894053632,1791627679852779968,2026-10-10T18:21:19.894+08:00,0.40231195092201233,-2.626540184020996,0.9800000190734863,0.21677355468273163,-2.318737030029297,-81.9328842163086
1791627680094224672,1791627680061167264,2026-10-10T18:21:20.094+08:00,0.40033990144729614,-2.6242456436157227,0.9600000381469727,0.1477774977684021,-2.30607271194458,-81.9260482788086
1791627680294777632,1791627680292970080,2026-10-10T18:21:20.294+08:00,0.39771777391433716,-2.621931314468384,0.9600000381469727,0.07561863958835602,-2.2999188899993896,-81.89575958251953
1791627680527613696,1791627680515101504,2026-10-10T18:21:20.527+08:00,0.40023088455200195,-2.6174654960632324,0.9500000476837158,0.03147829324007034,-2.2889318466186523,-81.84425354003906
1791627680760204864,1791627680751172384,2026-10-10T18:21:20.760+08:00,0.39968204498291016,-2.6162006855010986,0.9299999475479126,-0.012086533941328526,-2.261977195739746,-81.7616195678711
1791627680963033216,1791627680952640160,2026-10-10T18:21:20.963+08:00,0.3996429145336151,-2.615130662918091,0.9199999570846558,-0.04705483466386795,-2.2303173542022705,-81.67967987060547
1791627681193765824,1791627681183796832,2026-10-10T18:21:21.193+08:00,0.3999631404876709,-2.614135503768921,0.8999999761581421,-0.0861223116517067,-2.186753034591675,-81.56551361083984
1791627681394347744,1791627681371704320,2026-10-10T18:21:21.394+08:00,0.40023699402809143,-2.613570213317871,0.8899999856948853,-0.1037757396697998,-2.1521801948547363,-81.47247314453125
1791627681627006080,1791627681610463008,2026-10-10T18:21:21.627+08:00,0.40008744597435,-2.612733840942383,0.8799999952316284,-0.11445461213588715,-2.107346534729004,-81.33355712890625
1791627681827027232,1791627681818516096,2026-10-10T18:21:21.827+08:00,0.39984917640686035,-2.6126277446746826,0.8700000047683716,-0.12257536500692368,-2.074582576751709,-81.20301818847656
1791627682027090752,1791627681994314464,2026-10-10T18:21:22.027+08:00,0.39976805448532104,-2.6121702194213867,0.8600000143051147,-0.14902277290821075,-2.0528624057769775,-81.0813980102539
1791627682227230880,1791627682205542560,2026-10-10T18:21:22.227+08:00,0.39999595284461975,-2.6120529174804688,0.8400000333786011,-0.20383352041244507,-2.0417845249176025,-80.9439926147461
1791627682427349952,1791627682402235328,2026-10-10T18:21:22.427+08:00,0.39984026551246643,-2.6124680042266846,0.8199999332427979,-0.3450828492641449,-2.063256025314331,-80.87991333007812
1791627682627964576,1791627682615043264,2026-10-10T18:21:22.627+08:00,0.3995774984359741,-2.6131553649902344,0.8199999332427979,-0.5570756196975708,-2.133089065551758,-80.89466094970703
1791627682862085152,1791627682849830944,2026-10-10T18:21:22.862+08:00,0.3997619152069092,-2.6136035919189453,0.7999999523162842,-0.7748596668243408,-2.2373745441436768,-80.94602966308594
1791627683094093536,1791627683086601888,2026-10-10T18:21:23.094+08:00,0.3998682200908661,-2.613950490951538,0.7899999618530273,-0.929645299911499,-2.3343288898468018,-80.8551254272461
1791627683294359264,1791627683289503520,2026-10-10T18:21:23.294+08:00,0.40018609166145325,-2.614406108856201,0.7699999809265137,-1.0043824911117554,-2.4019341468811035,-80.61328125
1791627683527028800,1791627683515577760,2026-10-10T18:21:23.527+08:00,0.4002278447151184,-2.6150383949279785,0.7699999809265137,-0.9921005368232727,-2.4694249629974365,-80.3828125
1791627683727326432,1791627683709889472,2026-10-10T18:21:23.727+08:00,0.39983677864074707,-2.615673303604126,0.7400000095367432,-0.940241277217865,-2.5197091102600098,-80.11944580078125
1791627683927699456,1791627683912545664,2026-10-10T18:21:23.927+08:00,0.39942046999931335,-2.616356611251831,0.7400000095367432,-0.8598989248275757,-2.5586280822753906,-79.90864562988281
1791627684160696736,1791627684151290720,2026-10-10T18:21:24.160+08:00,0.3993871212005615,-2.617234706878662,0.7300000190734863,-0.7819312214851379,-2.5885212421417236,-79.7280044555664
1791627684394078144,1791627684365128896,2026-10-10T18:21:24.394+08:00,0.399619996547699,-2.617692232131958,0.7200000286102295,-0.8080794811248779,-2.6073660850524902,-79.65860748291016
1791627684627475296,1791627684617451232,2026-10-10T18:21:24.627+08:00,0.39913132786750793,-2.6186723709106445,0.7100000381469727,-0.8836303949356079,-2.631924867630005,-79.60770416259766
1791627684827669248,1791627684790784672,2026-10-10T18:21:24.827+08:00,0.3992202579975128,-2.6190872192382812,0.7000000476837158,-0.9652105569839478,-2.6487932205200195,-79.54888916015625
1791627685027842720,1791627684998570016,2026-10-10T18:21:25.027+08:00,0.3994303345680237,-2.6196484565734863,0.6899999380111694,-1.0127795934677124,-2.6581482887268066,-79.4250259399414
1791627685260642176,1791627685237303840,2026-10-10T18:21:25.260+08:00,0.4002736806869507,-2.620396137237549,0.6699999570846558,-1.069989562034607,-2.6693923473358154,-79.35904693603516
1791627685460771328,1791627685434802464,2026-10-10T18:21:25.460+08:00,0.4000314176082611,-2.621070146560669,0.6599999666213989,-1.0926175117492676,-2.690229892730713,-79.51513671875
1791627685661149536,1791627685642118304,2026-10-10T18:21:25.661+08:00,0.3995095193386078,-2.621859312057495,0.6599999666213989,-1.1158370971679688,-2.7137303352355957,-79.55120849609375
1791627685894447616,1791627685879481792,2026-10-10T18:21:25.894+08:00,0.39974379539489746,-2.6226096153259277,0.6499999761581421,-1.1210967302322388,-2.747504472732544,-79.53459167480469
1791627686127329792,1791627686113504640,2026-10-10T18:21:26.127+08:00,0.3995470106601715,-2.6233253479003906,0.6299999952316284,-1.171736717224121,-2.7854959964752197,-79.47356414794922
1791627686327886944,1791627686291641312,2026-10-10T18:21:26.327+08:00,0.3991028666496277,-2.623898983001709,0.6200000047683716,-1.2152317762374878,-2.8113930225372314,-79.41390228271484
1791627686560628416,1791627686547623104,2026-10-10T18:21:26.560+08:00,0.39865297079086304,-2.6247520446777344,0.6200000047683716,-1.2378408908843994,-2.8395776748657227,-79.3521957397461
1791627686761835392,1791627686750877984,2026-10-10T18:21:26.761+08:00,0.39865002036094666,-2.6257383823394775,0.6000000238418579,-1.2148994207382202,-2.855214834213257,-79.3145751953125
1791627686994439648,1791627686992828672,2026-10-10T18:21:26.994+08:00,0.3988533318042755,-2.627065420150757,0.6000000238418579,-1.2023833990097046,-2.858840227127075,-79.08399200439453
1791627687227607392,1791627687205765312,2026-10-10T18:21:27.227+08:00,0.3992345333099365,-2.6280744075775146,0.5800000429153442,-1.2045941352844238,-2.8646128177642822,-78.93345642089844
1791627687427646656,1791627687406285024,2026-10-10T18:21:27.427+08:00,0.39917877316474915,-2.629063367843628,0.5800000429153442,-1.217682957649231,-2.870636224746704,-78.88113403320312
1791627687661037280,1791627687647554144,2026-10-10T18:21:27.661+08:00,0.39906200766563416,-2.6300745010375977,0.5699999332427979,-1.2434309720993042,-2.875905752182007,-78.80976867675781
1791627687893732640,1791627687883944704,2026-10-10T18:21:27.893+08:00,0.3991753160953522,-2.6313843727111816,0.559999942779541,-1.2396841049194336,-2.887929916381836,-78.82466888427734
1791627688094696608,1791627688089335712,2026-10-10T18:21:28.094+08:00,0.39943641424179077,-2.6321237087249756,0.559999942779541,-1.246797800064087,-2.8954272270202637,-78.78887176513672
1791627688327794976,1791627688274585248,2026-10-10T18:21:28.327+08:00,0.39972129464149475,-2.633051872253418,0.5399999618530273,-1.2557116746902466,-2.9027040004730225,-78.65615844726562
1791627688561355840,1791627688551036000,2026-10-10T18:21:28.561+08:00,0.400052547454834,-2.6346595287323,0.5299999713897705,-1.3093701601028442,-2.9233973026275635,-78.43991088867188
1791627688793686880,1791627688781477184,2026-10-10T18:21:28.793+08:00,0.40029677748680115,-2.63613224029541,0.5299999713897705,-1.3461297750473022,-2.943298101425171,-78.28081512451172
1791627688994413568,1791627688990180096,2026-10-10T18:21:28.994+08:00,0.39900121092796326,-2.716280698776245,0.5199999809265137,-1.3670800924301147,-2.96848726272583,-78.18257904052734
1791627689227518784,1791627689190308288,2026-10-10T18:21:29.227+08:00,0.398968368768692,-2.716947317123413,0.5199999809265137,-1.40464186668396,-2.9949159622192383,-78.32872009277344
1791627689460725568,1791627689441096320,2026-10-10T18:21:29.460+08:00,0.39355891942977905,-2.724648952484131,0.5099999904632568,-2.0726876258850098,-3.103656530380249,-78.55290985107422
1791627689661319040,1791627689649445856,2026-10-10T18:21:29.661+08:00,0.37766748666763306,-2.730609893798828,0.5,-3.0128109455108643,-3.237396001815796,-79.1596450805664
1791627689895236224,1791627689884860992,2026-10-10T18:21:29.895+08:00,0.36007970571517944,-2.7321319580078125,0.5,-3.094184637069702,-3.4024810791015625,-80.25154113769531
1791627690127351072,1791627690119714752,2026-10-10T18:21:30.127+08:00,0.351407915353775,-2.72992205619812,0.5099999904632568,-2.1073269844055176,-3.630223274230957,-81.31778717041016
1791627690327778432,1791627690289014496,2026-10-10T18:21:30.327+08:00,0.34757962822914124,-2.7260050773620605,0.5,-1.126268982887268,-3.7962472438812256,-82.07331085205078
1791627690560743456,1791627690542027776,2026-10-10T18:21:30.560+08:00,0.34211498498916626,-2.7198469638824463,0.5,-0.1778005212545395,-3.8956377506256104,-82.9256362915039
1791627690760895872,1791627690739318912,2026-10-10T18:21:30.760+08:00,0.3382077217102051,-2.713111162185669,0.5099999904632568,0.29076069593429565,-3.8554372787475586,-83.49124145507812
1791627690961226944,1791627690944128064,2026-10-10T18:21:30.961+08:00,0.33676207065582275,-2.7044382095336914,0.5,0.3540482521057129,-3.6731579303741455,-83.876220703125
1791627691193867840,1791627691178640768,2026-10-10T18:21:31.193+08:00,0.33595940470695496,-2.693916082382202,0.5,-0.04956262558698654,-3.4136390686035156,-84.19295501708984
1791627691393867776,1791627691364423232,2026-10-10T18:21:31.393+08:00,0.3360006511211395,-2.683387041091919,0.5,-0.5971450209617615,-3.185182571411133,-84.42140197753906
1791627691594900672,1791627691574649152,2026-10-10T18:21:31.594+08:00,0.33595582842826843,-2.671640157699585,0.5,-1.1647323369979858,-2.9989326000213623,-84.60025024414062
1791627691798326336,1791627691781569888,2026-10-10T18:21:31.798+08:00,0.3358166813850403,-2.659475564956665,0.5,-1.5373287200927734,-2.877065896987915,-84.7618179321289
1791627692027552576,1791627692008612256,2026-10-10T18:21:32.027+08:00,0.33592480421066284,-2.644266366958618,0.5,-1.6087210178375244,-2.820651054382324,-84.97309112548828
1791627692260163584,1791627692240229856,2026-10-10T18:21:32.260+08:00,0.33572739362716675,-2.6303486824035645,0.5099999904632568,-1.380458950996399,-2.8533825874328613,-85.1298828125
1791627692461188864,1791627692439526976,2026-10-10T18:21:32.461+08:00,0.33552566170692444,-2.6168465614318848,0.5199999809265137,-1.1004862785339355,-2.9343795776367188,-85.2247085571289
1791627692662502048,1791627692641350432,2026-10-10T18:21:32.662+08:00,0.33552438020706177,-2.6029467582702637,0.5199999809265137,-0.8901059031486511,-3.0451197624206543,-85.28325653076172
1791627692893578208,1791627692878230848,2026-10-10T18:21:32.893+08:00,0.3364708125591278,-2.585230588912964,0.5199999809265137,-0.8768079876899719,-3.1946194171905518,-85.32130432128906
1791627693094169344,1791627693084073600,2026-10-10T18:21:33.094+08:00,0.3360251188278198,-2.5685312747955322,0.5199999809265137,-1.1325994729995728,-3.3159148693084717,-85.35372161865234
1791627693294810336,1791627693287373376,2026-10-10T18:21:33.294+08:00,0.3362412452697754,-2.5525450706481934,0.5199999809265137,-1.3831819295883179,-3.384768009185791,-85.39659118652344
1791627693527640032,1791627693498293024,2026-10-10T18:21:33.527+08:00,0.33655187487602234,-2.537081718444824,0.5299999713897705,-1.569671869277954,-3.4074888229370117,-85.41297149658203
1791627693727861440,1791627693705442112,2026-10-10T18:21:33.727+08:00,0.3362255096435547,-2.5193209648132324,0.5199999809265137,-1.6255922317504883,-3.3842263221740723,-85.43443298339844
1791627693928224832,1791627693904858656,2026-10-10T18:21:33.928+08:00,0.33615511655807495,-2.502849578857422,0.5299999713897705,-1.506191372871399,-3.323037624359131,-85.45167541503906
1791627694160369408,1791627694142032192,2026-10-10T18:21:34.160+08:00,0.3367035388946533,-2.484750509262085,0.5299999713897705,-1.3316398859024048,-3.2209393978118896,-85.4498062133789
1791627694360578816,1791627694334300736,2026-10-10T18:21:34.360+08:00,0.3362810015678406,-2.4683542251586914,0.5399999618530273,-1.241192102432251,-3.113935947418213,-85.45458221435547
1791627694594235232,1791627694570242816,2026-10-10T18:21:34.594+08:00,0.33559536933898926,-2.4484200477600098,0.5399999618530273,-1.166704535484314,-2.988739013671875,-85.42350769042969
1791627694827152672,1791627694809798432,2026-10-10T18:21:34.827+08:00,0.33641812205314636,-2.429349184036255,0.5399999618530273,-1.1003262996673584,-2.8982479572296143,-85.39554595947266
1791627695061352096,1791627695044188960,2026-10-10T18:21:35.061+08:00,0.33575353026390076,-2.411576509475708,0.5399999618530273,-1.2835114002227783,-2.8866002559661865,-85.354736328125
1791627695294159168,1791627695284128576,2026-10-10T18:21:35.294+08:00,0.33383896946907043,-2.3953495025634766,0.5399999618530273,-1.4628697633743286,-2.951098918914795,-85.35491180419922
1791627695527670400,1791627695504359040,2026-10-10T18:21:35.527+08:00,0.33249086141586304,-2.3806209564208984,0.5499999523162842,-1.4262351989746094,-3.0403172969818115,-85.45419311523438
1791627695760285408,1791627695746928224,2026-10-10T18:21:35.760+08:00,0.3330794870853424,-2.3693392276763916,0.5399999618530273,-1.3458213806152344,-3.1603353023529053,-85.47476196289062
1791627695960457888,1791627695944004832,2026-10-10T18:21:35.960+08:00,0.33233189582824707,-2.3625688552856445,0.5399999618530273,-1.399939775466919,-3.2757656574249268,-85.44273376464844
1791627696194035616,1791627696182118208,2026-10-10T18:21:36.194+08:00,0.3306875228881836,-2.3575663566589355,0.5399999618530273,-1.4011036157608032,-3.4060938358306885,-85.41647338867188
1791627696427566144,1791627696400236736,2026-10-10T18:21:36.427+08:00,0.3304663896560669,-2.3550100326538086,0.5299999713897705,-1.2731876373291016,-3.504331111907959,-85.38513946533203
1791627696660639552,1791627696630939008,2026-10-10T18:21:36.660+08:00,0.33089619874954224,-2.3547775745391846,0.5399999618530273,-1.1407183408737183,-3.542842388153076,-85.34734344482422
1791627696860972576,1791627696829420800,2026-10-10T18:21:36.860+08:00,0.3309570550918579,-2.3562307357788086,0.5399999618530273,-1.0692520141601562,-3.5185177326202393,-85.3273696899414
1791627697093908960,1791627697078978208,2026-10-10T18:21:37.093+08:00,0.33094003796577454,-2.359464168548584,0.5399999618530273,-0.999698281288147,-3.4510512351989746,-85.30106353759766
1791627697294147584,1791627697280418208,2026-10-10T18:21:37.294+08:00,0.3311561048030853,-2.3632190227508545,0.5399999618530273,-0.9479960203170776,-3.374112844467163,-85.28897857666016
1791627697527610848,1791627697498925792,2026-10-10T18:21:37.527+08:00,0.33132338523864746,-2.368112564086914,0.5399999618530273,-0.9042395949363708,-3.257133960723877,-85.33659362792969
1791627697727809056,1791627697703385344,2026-10-10T18:21:37.727+08:00,0.3313484489917755,-2.372612237930298,0.5399999618530273,-0.8637678623199463,-3.1127638816833496,-85.46305084228516
1791627697961193056,1791627697942645408,2026-10-10T18:21:37.961+08:00,0.3315463364124298,-2.376218795776367,0.5399999618530273,-0.8676343560218811,-2.9206626415252686,-85.66856384277344
1791627698194326240,1791627698174485504,2026-10-10T18:21:38.194+08:00,0.33176127076148987,-2.378342390060425,0.5399999618530273,-0.9806071519851685,-2.7455289363861084,-85.77973937988281
1791627698427651456,1791627698398488960,2026-10-10T18:21:38.427+08:00,0.33243367075920105,-2.3809971809387207,0.5299999713897705,-1.1139404773712158,-2.643350124359131,-85.85648345947266
1791627698660801344,1791627698638211744,2026-10-10T18:21:38.660+08:00,0.33339810371398926,-2.3846421241760254,0.5299999713897705,-1.394423246383667,-2.6317026615142822,-85.85530090332031
1791627698894601504,1791627698867665248,2026-10-10T18:21:38.894+08:00,0.3328545391559601,-2.3889973163604736,0.5299999713897705,-1.656802773475647,-2.6949191093444824,-85.7762222290039
1791627699127232736,1791627699101023392,2026-10-10T18:21:39.127+08:00,0.3323385715484619,-2.3921937942504883,0.5299999713897705,-1.6840357780456543,-2.8059346675872803,-85.68780517578125
1791627699361994240,1791627699359555200,2026-10-10T18:21:39.361+08:00,0.33276093006134033,-2.3956711292266846,0.5299999713897705,-1.4438790082931519,-2.975862503051758,-85.619873046875
1791627699593850752,1791627699559492512,2026-10-10T18:21:39.593+08:00,0.3330109417438507,-2.3980767726898193,0.5299999713897705,-1.249726414680481,-3.1052138805389404,-85.59598541259766
1791627699794386368,1791627699766157088,2026-10-10T18:21:39.794+08:00,0.3327704966068268,-2.400489568710327,0.5299999713897705,-1.152304768562317,-3.219952344894409,-85.67621612548828
1791627700027371872,1791627700004294048,2026-10-10T18:21:40.027+08:00,0.3324894309043884,-2.40282940864563,0.5399999618530273,-1.1929439306259155,-3.27201247215271,-85.62385559082031
1791627700260883520,1791627700237000704,2026-10-10T18:21:40.260+08:00,0.332482248544693,-2.403864622116089,0.5299999713897705,-1.319069743156433,-3.268308162689209,-85.56126403808594
1791627700461192544,1791627700439151424,2026-10-10T18:21:40.461+08:00,0.33257970213890076,-2.4047839641571045,0.5299999713897705,-1.4698172807693481,-3.2386817932128906,-85.58905029296875
1791627700661202720,1791627700647520672,2026-10-10T18:21:40.661+08:00,0.3324679434299469,-2.4060146808624268,0.5299999713897705,-1.5668364763259888,-3.1946680545806885,-85.640380859375
1791627700893721888,1791627700879439040,2026-10-10T18:21:40.893+08:00,0.3324710428714752,-2.40763258934021,0.5299999713897705,-1.5941579341888428,-3.138242244720459,-85.67681121826172
1791627701093851232,1791627701079885312,2026-10-10T18:21:41.093+08:00,0.33269789814949036,-2.4087319374084473,0.5299999713897705,-1.5351914167404175,-3.095442056655884,-85.63700103759766
1791627701327061952,1791627701278725824,2026-10-10T18:21:41.327+08:00,0.33287355303764343,-2.409825563430786,0.5299999713897705,-1.4843366146087646,-3.0711829662323,-85.60875701904297
1791627701560357472,1791627701558665920,2026-10-10T18:21:41.560+08:00,0.332538366317749,-2.411848783493042,0.5399999618530273,-1.4049144983291626,-3.0690877437591553,-85.55194091796875
1791627701760976128,1791627701729966496,2026-10-10T18:21:41.760+08:00,0.3327115774154663,-2.4123799800872803,0.5299999713897705,-1.3193317651748657,-3.08514404296875,-85.58795928955078
1791627701994474080,1791627701967607520,2026-10-10T18:21:41.994+08:00,0.3333166241645813,-2.412203073501587,0.5399999618530273,-1.2784433364868164,-3.1143546104431152,-85.59030151367188
1791627702197246304,1791627702169304096,2026-10-10T18:21:42.197+08:00,0.3340218663215637,-2.4119956493377686,0.5299999713897705,-1.3357350826263428,-3.1448276042938232,-85.58154296875
1791627702427732672,1791627702398848352,2026-10-10T18:21:42.427+08:00,0.33439525961875916,-2.4115166664123535,0.5299999713897705,-1.4990638494491577,-3.1762359142303467,-85.56550598144531
1791627702662390336,1791627702628651360,2026-10-10T18:21:42.662+08:00,0.3341064453125,-2.411033868789673,0.5299999713897705,-1.6899335384368896,-3.211469888687134,-85.53929138183594
1791627702894033408,1791627702864239808,2026-10-10T18:21:42.894+08:00,0.3341054320335388,-2.410294771194458,0.5299999713897705,-1.7131259441375732,-3.246263027191162,-85.54376983642578
1791627703094387808,1791627703063890912,2026-10-10T18:21:43.094+08:00,0.33424171805381775,-2.4092319011688232,0.5299999713897705,-1.6163430213928223,-3.268082857131958,-85.56233978271484
1791627703327719488,1791627703273170304,2026-10-10T18:21:43.327+08:00,0.33439284563064575,-2.408461332321167,0.5299999713897705,-1.4650083780288696,-3.278191566467285,-85.48652648925781
1791627703560323328,1791627703538190592,2026-10-10T18:21:43.560+08:00,0.33486300706863403,-2.4075722694396973,0.5299999713897705,-1.3174937963485718,-3.2875659465789795,-85.44161224365234
1791627703761441728,1791627703738974784,2026-10-10T18:21:43.761+08:00,0.33417749404907227,-2.4067091941833496,0.5399999618530273,-1.3417303562164307,-3.2865946292877197,-85.40656280517578
1791627703994215328,1791627703971012512,2026-10-10T18:21:43.994+08:00,0.3332209885120392,-2.406080484390259,0.5299999713897705,-1.4190140962600708,-3.276825189590454,-85.37588500976562
1791627704194367904,1791627704169919040,2026-10-10T18:21:44.194+08:00,0.3334391713142395,-2.4059805870056152,0.5399999618530273,-1.3838948011398315,-3.257178544998169,-85.3883056640625
1791627704394488640,1791627704367042368,2026-10-10T18:21:44.394+08:00,0.33434486389160156,-2.4059181213378906,0.5299999713897705,-1.3281689882278442,-3.231126308441162,-85.39510345458984
1791627704627208192,1791627704607761088,2026-10-10T18:21:44.627+08:00,0.3344729244709015,-2.4060020446777344,0.5399999618530273,-1.3868861198425293,-3.212200403213501,-85.39077758789062
1791627704861191360,1791627704839795648,2026-10-10T18:21:44.861+08:00,0.3337126076221466,-2.40582013130188,0.5299999713897705,-1.4865691661834717,-3.2146153450012207,-85.3427734375
1791627705094838016,1791627705077065408,2026-10-10T18:21:45.094+08:00,0.3330295979976654,-2.4055864810943604,0.5299999713897705,-1.5319414138793945,-3.2363154888153076,-85.33179473876953
1791627705328199808,1791627705278999904,2026-10-10T18:21:45.328+08:00,0.33282268047332764,-2.405186176300049,0.5299999713897705,-1.4670488834381104,-3.274550437927246,-85.41424560546875
1791627705560701632,1791627705529616448,2026-10-10T18:21:45.560+08:00,0.33305925130844116,-2.404909133911133,0.5299999713897705,-1.3642866611480713,-3.325040340423584,-85.39847564697266
1791627705760901536,1791627705741978560,2026-10-10T18:21:45.760+08:00,0.3330802023410797,-2.4052319526672363,0.5299999713897705,-1.3511282205581665,-3.353804111480713,-85.39928436279297
1791627705993654688,1791627705980883104,2026-10-10T18:21:45.993+08:00,0.3336637020111084,-2.4061193466186523,0.5299999713897705,-1.4021354913711548,-3.369668483734131,-85.33297729492188
1791627706194336384,1791627706182020128,2026-10-10T18:21:46.194+08:00,0.33374887704849243,-2.406402826309204,0.5299999713897705,-1.4649099111557007,-3.3550798892974854,-85.24443054199219
1791627706427466688,1791627706402406240,2026-10-10T18:21:46.427+08:00,0.3341461420059204,-2.406715154647827,0.5299999713897705,-1.5211061239242554,-3.3238415718078613,-85.21638488769531
1791627706660815456,1791627706636171072,2026-10-10T18:21:46.660+08:00,0.3340662121772766,-2.408048391342163,0.5399999618530273,-1.556837797164917,-3.2862491607666016,-85.27242279052734
1791627706860869632,1791627706837921728,2026-10-10T18:21:46.860+08:00,0.3341929614543915,-2.4090936183929443,0.5299999713897705,-1.5384070873260498,-3.2580626010894775,-85.26380920410156
1791627707094132896,1791627707071906304,2026-10-10T18:21:47.094+08:00,0.3344871699810028,-2.4097390174865723,0.5299999713897705,-1.5122514963150024,-3.225846290588379,-85.31085205078125
1791627707327501056,1791627707276557120,2026-10-10T18:21:47.327+08:00,0.334404319524765,-2.409754753112793,0.5399999618530273,-1.5165164470672607,-3.205611228942871,-85.36898040771484
1791627707528918592,1791627707507019968,2026-10-10T18:21:47.528+08:00,0.33415770530700684,-2.4096648693084717,0.5299999713897705,-1.528729796409607,-3.1985182762145996,-85.42970275878906
1791627707760902464,1791627707740034784,2026-10-10T18:21:47.760+08:00,0.33414438366889954,-2.409317970275879,0.5399999618530273,-1.52289879322052,-3.2133889198303223,-85.49581909179688
1791627707993834848,1791627707980449632,2026-10-10T18:21:47.993+08:00,0.33420976996421814,-2.408820629119873,0.5399999618530273,-1.5220175981521606,-3.248077869415283,-85.5545654296875
1791627708193905856,1791627708181064704,2026-10-10T18:21:48.193+08:00,0.33405056595802307,-2.408421754837036,0.5399999618530273,-1.5359506607055664,-3.285177230834961,-85.59276580810547
1791627708427875200,1791627708415052864,2026-10-10T18:21:48.427+08:00,0.33382126688957214,-2.407996892929077,0.5299999713897705,-1.5265544652938843,-3.3227405548095703,-85.62226104736328
1791627708660792000,1791627708648002560,2026-10-10T18:21:48.660+08:00,0.3338829278945923,-2.4078238010406494,0.5299999713897705,-1.4735770225524902,-3.341874837875366,-85.6529541015625
1791627708893817728,1791627708884291328,2026-10-10T18:21:48.893+08:00,0.3340187072753906,-2.407831907272339,0.5299999713897705,-1.421399474143982,-3.3377838134765625,-85.68110656738281
1791627709094015392,1791627709091065632,2026-10-10T18:21:49.094+08:00,0.33412137627601624,-2.407928705215454,0.5299999713897705,-1.4173051118850708,-3.3229727745056152,-85.68780517578125
1791627709294265152,1791627709289320000,2026-10-10T18:21:49.294+08:00,0.3342428505420685,-2.407956123352051,0.5299999713897705,-1.4466392993927002,-3.303485631942749,-85.67701721191406
1791627709494603776,1791627709478863328,2026-10-10T18:21:49.494+08:00,0.3341984152793884,-2.4080190658569336,0.5299999713897705,-1.4840378761291504,-3.284775495529175,-85.6781997680664
1791627709726986816,1791627709710121248,2026-10-10T18:21:49.726+08:00,0.3339567482471466,-2.4081292152404785,0.5299999713897705,-1.5314152240753174,-3.2576615810394287,-85.65364074707031
1791627709927155168,1791627709914025184,2026-10-10T18:21:49.927+08:00,0.33367249369621277,-2.4084231853485107,0.5299999713897705,-1.527030110359192,-3.2400643825531006,-85.65079498291016
1791627710160567872,1791627710147836640,2026-10-10T18:21:50.160+08:00,0.33361586928367615,-2.408398389816284,0.5299999713897705,-1.4640381336212158,-3.2252984046936035,-85.64910125732422
1791627710360728640,1791627710336488768,2026-10-10T18:21:50.360+08:00,0.3338310718536377,-2.408419370651245,0.5299999713897705,-1.4081238508224487,-3.223797082901001,-85.65570068359375
1791627710593619840,1791627710574781152,2026-10-10T18:21:50.593+08:00,0.3342383801937103,-2.408438205718994,0.5299999713897705,-1.3919053077697754,-3.237490177154541,-85.66073608398438
1791627710794175488,1791627710773911872,2026-10-10T18:21:50.794+08:00,0.33441367745399475,-2.4081108570098877,0.5299999713897705,-1.43588387966156,-3.259291172027588,-85.6741714477539
1791627711028448864,1791627711008927424,2026-10-10T18:21:51.028+08:00,0.3346426784992218,-2.4079818725585938,0.5299999713897705,-1.5162938833236694,-3.290987491607666,-85.68586730957031
1791627711229466624,1791627711216791648,2026-10-10T18:21:51.229+08:00,0.334387868642807,-2.407831907272339,0.5299999713897705,-1.5923261642456055,-3.314696788787842,-85.67267608642578
1791627891307972128,1791627890903928224,2026-10-10T18:24:51.307+08:00,0.0,0.0,0.0,0.0,0.0,0.0
1791627891508600800,1791627891503271392,2026-10-10T18:24:51.508+08:00,-0.2186385840177536,-0.10862286388874054,-0.009999990463256836,3.7812156677246094,0.08632712811231613,-2.2505130767822266
1791627891740622624,1791627891735001536,2026-10-10T18:24:51.740+08:00,-0.2201780378818512,-0.10779859870672226,-0.009999990463256836,4.130374908447266,-0.11594448983669281,-2.1206166744232178
1791627891944400256,1791627891910438592,2026-10-10T18:24:51.944+08:00,-0.0008200343581847847,0.000370840571122244,0.0,4.205456256866455,-0.23876617848873138,0.09130597114562988
1791627892174440768,1791627892157105344,2026-10-10T18:24:52.174+08:00,-0.0016078194603323936,0.0006008638301864266,-0.009999990463256836,3.935321807861328,-0.27981191873550415,0.2671423554420471
1791627892407272576,1791627892369179456,2026-10-10T18:24:52.407+08:00,-0.0016544891986995935,0.0012991342227905989,0.0,3.6971049308776855,-0.27479875087738037,0.46736252307891846
1791627892607726016,1791627892576884832,2026-10-10T18:24:52.607+08:00,-0.0011299769394099712,0.0024387266021221876,-0.009999990463256836,3.5862174034118652,-0.2498413771390915,0.7183514833450317
1791627892840744992,1791627892820754208,2026-10-10T18:24:52.840+08:00,-0.000647553417365998,0.003782325889915228,-0.009999990463256836,3.6470961570739746,-0.30334189534187317,1.0966620445251465
1791627893074251328,1791627893054205568,2026-10-10T18:24:53.074+08:00,-0.0003385850868653506,0.004023801069706678,0.0,3.8131160736083984,-0.4853987693786621,1.31037175655365
1791627893308724576,1791627893292527872,2026-10-10T18:24:53.308+08:00,0.0002540122368372977,0.003372435225173831,0.0,3.797464370727539,-0.5767220258712769,0.3071877658367157
1791627893541470368,1791627893521568064,2026-10-10T18:24:53.541+08:00,0.0004970284062437713,-0.0022132094018161297,0.0,3.4062271118164062,-0.19575831294059753,-6.760418891906738
1791627893741512832,1791627893723372352,2026-10-10T18:24:53.741+08:00,-0.00026781007181853056,-0.008811358362436295,-0.009999990463256836,3.021113634109497,-0.07197146117687225,-15.649995803833008
1791627893974422752,1791627893952035232,2026-10-10T18:24:53.974+08:00,-0.0010775428963825107,-0.01118761207908392,-0.019999980926513672,2.462662935256958,-0.34805557131767273,-26.006900787353516
1791627894208112768,1791627894185743712,2026-10-10T18:24:54.208+08:00,-0.0023018557112663984,-0.010166389867663383,-0.009999990463256836,1.6528964042663574,-0.9548823237419128,-36.580543518066406
1791627894440591168,1791627894403197568,2026-10-10T18:24:54.440+08:00,-0.0034358499106019735,-0.005624239798635244,-0.019999980926513672,0.9384804964065552,-1.7241278886795044,-45.0398063659668
1791627894641101760,1791627894610692928,2026-10-10T18:24:54.641+08:00,-0.0050343796610832214,-0.0004911774885840714,-0.019999980926513672,0.3720215857028961,-2.4864442348480225,-51.56354522705078
1791627894841183808,1791627894813575744,2026-10-10T18:24:54.841+08:00,-0.005322062410414219,0.004518662113696337,-0.009999990463256836,-0.042520225048065186,-3.1482176780700684,-57.01005172729492
1791627895075542240,1791627895048275488,2026-10-10T18:24:55.075+08:00,-0.00415854062885046,0.010045010596513748,-0.019999980926513672,-0.36565038561820984,-3.643629789352417,-62.19742965698242
1791627895307500512,1791627895288687328,2026-10-10T18:24:55.307+08:00,-0.0037834784016013145,0.013939786702394485,-0.019999980926513672,-0.5118507146835327,-3.9156744480133057,-66.2718734741211
1791627895540433920,1791627895534922848,2026-10-10T18:24:55.540+08:00,-0.003610605373978615,0.016122303903102875,-0.019999980926513672,-0.33935990929603577,-4.053879261016846,-69.43112182617188
1791627895740912416,1791627895730913728,2026-10-10T18:24:55.740+08:00,-0.002908378141000867,0.0175759457051754,-0.009999990463256836,-0.26175668835639954,-4.075083255767822,-71.48665618896484
1791627895974640032,1791627895966692960,2026-10-10T18:24:55.974+08:00,-0.0030664268415421247,0.019149601459503174,-0.009999990463256836,-0.37967926263809204,-4.146438121795654,-73.38284301757812
1791627896207012608,1791627896205273120,2026-10-10T18:24:56.207+08:00,-0.004128354601562023,0.019732769578695297,-0.009999990463256836,-0.4509117901325226,-4.286091327667236,-74.85002899169922
1791627896407039136,1791627896400940512,2026-10-10T18:24:56.407+08:00,-0.004341674502938986,0.01977744698524475,0.0,-0.38387826085090637,-4.347835063934326,-75.89096069335938
1791627896607337728,1791627896569901632,2026-10-10T18:24:56.607+08:00,-0.0002468253660481423,0.017722083255648613,0.0,0.03075510449707508,-4.409989833831787,-76.6650619506836
1791627896842231552,1791627896804798848,2026-10-10T18:24:56.842+08:00,0.007993042469024658,0.01332325953990221,0.009999990463256836,1.1841083765029907,-4.719654083251953,-77.61639404296875
1791627897042362304,1791627897004926304,2026-10-10T18:24:57.042+08:00,0.03026321716606617,0.009353835135698318,0.009999990463256836,2.1205368041992188,-5.268930912017822,-78.04322814941406
1791627897273809312,1791627897241825696,2026-10-10T18:24:57.273+08:00,0.05583237111568451,0.004323326051235199,0.009999990463256836,1.759708285331726,-6.057153701782227,-78.04974365234375
1791627897474412256,1791627897442107968,2026-10-10T18:24:57.474+08:00,0.06309341639280319,-0.0032640898134559393,0.009999990463256836,0.3180285394191742,-6.589025497436523,-77.9731674194336
1791627897674689984,1791627897645032032,2026-10-10T18:24:57.674+08:00,0.06387589126825333,-0.017335765063762665,0.009999990463256836,-0.8946669697761536,-6.886052131652832,-78.03849029541016
1791627897875310464,1791627897843679232,2026-10-10T18:24:57.875+08:00,0.06660062074661255,-0.03393685817718506,0.009999990463256836,-1.335321307182312,-7.035449028015137,-78.21220397949219
1791627898107916192,1791627898092878272,2026-10-10T18:24:58.107+08:00,0.0730322077870369,-0.05390581116080284,0.019999980926513672,-1.2398005723953247,-7.123941421508789,-78.36724853515625
1791627898340474720,1791627898292441920,2026-10-10T18:24:58.340+08:00,0.07445581257343292,-0.07155677676200867,0.039999961853027344,-0.9996176362037659,-7.226494789123535,-78.47342681884766
1791627898541710080,1791627898509361344,2026-10-10T18:24:58.541+08:00,0.07310569286346436,-0.09239402413368225,0.019999980926513672,-0.6792206168174744,-7.2542243003845215,-78.67080688476562
1791627898774772224,1791627898747870656,2026-10-10T18:24:58.774+08:00,0.07281854748725891,-0.11588902026414871,0.029999971389770508,-0.3736608922481537,-7.143144607543945,-78.93468475341797
1791627899007488608,1791627898991325664,2026-10-10T18:24:59.007+08:00,0.07390804588794708,-0.1423182338476181,0.039999961853027344,-0.22520886361598969,-7.049676895141602,-79.15597534179688
1791627899207815040,1791627899193080256,2026-10-10T18:24:59.207+08:00,0.07390287518501282,-0.1645934134721756,0.029999971389770508,-0.32412564754486084,-7.0021562576293945,-79.3425064086914
1791627899440793184,1791627899405777088,2026-10-10T18:24:59.440+08:00,0.07278594374656677,-0.18923704326152802,0.029999971389770508,-0.40392187237739563,-6.973090171813965,-79.5053482055664
1791627899640807776,1791627899605448512,2026-10-10T18:24:59.640+08:00,0.07284519076347351,-0.2126125544309616,0.039999961853027344,-0.5098517537117004,-6.950754165649414,-79.62522888183594
1791627899841020096,1791627899813930208,2026-10-10T18:24:59.841+08:00,0.07283376157283783,-0.23682516813278198,0.04999995231628418,-0.6389631032943726,-6.901463508605957,-79.73358917236328
1791627900041036448,1791627900014763072,2026-10-10T18:25:00.041+08:00,0.07279618084430695,-0.2607230246067047,0.039999961853027344,-0.6620028018951416,-6.873647212982178,-79.80924224853516
1791627900274155488,1791627900247495360,2026-10-10T18:25:00.274+08:00,0.072476327419281,-0.28907355666160583,0.04999995231628418,-0.5748162865638733,-6.862948894500732,-79.83657836914062
1791627900474518432,1791627900465972992,2026-10-10T18:25:00.474+08:00,0.07312509417533875,-0.3168381452560425,0.04999995231628418,-0.48404818773269653,-6.758613586425781,-79.82829284667969
1791627900674980544,1791627900643789600,2026-10-10T18:25:00.674+08:00,0.07368931919336319,-0.3407118022441864,0.04999995231628418,-0.5097121000289917,-6.5762763023376465,-79.81472778320312
1791627900875025568,1791627900843359104,2026-10-10T18:25:00.875+08:00,0.07414044439792633,-0.3674944043159485,0.039999961853027344,-0.6766542196273804,-6.319224834442139,-79.79701232910156
1791627901107736544,1791627901081781824,2026-10-10T18:25:01.107+08:00,0.0740906149148941,-0.4003511369228363,0.04999995231628418,-0.9345282316207886,-6.040207862854004,-79.7588119506836
1791627901309028224,1791627901288949056,2026-10-10T18:25:01.309+08:00,0.07460220903158188,-0.4277017414569855,0.04999995231628418,-1.112259030342102,-5.861233711242676,-79.69187927246094
1791627901541093920,1791627901510708224,2026-10-10T18:25:01.541+08:00,0.07387150824069977,-0.4584389925003052,0.059999942779541016,-1.0294530391693115,-5.640834808349609,-79.59272766113281
1791627901741160000,1791627901713473984,2026-10-10T18:25:01.741+08:00,0.08000637590885162,-0.48533350229263306,0.06999993324279785,-0.14907780289649963,-5.507065773010254,-79.42523193359375
1791627901974053344,1791627901945437568,2026-10-10T18:25:01.974+08:00,0.10263796895742416,-0.5155633091926575,0.08000004291534424,1.539897084236145,-5.82348108291626,-79.16913604736328
1791627902174262944,1791627902151840352,2026-10-10T18:25:02.174+08:00,0.12936708331108093,-0.5400962829589844,0.08000004291534424,2.8286292552948,-6.496639251708984,-78.8952865600586
1791627902375091232,1791627902369838688,2026-10-10T18:25:02.375+08:00,0.15393364429473877,-0.5701965689659119,0.09000003337860107,3.1639597415924072,-7.45622444152832,-78.64173126220703
1791627902607288192,1791627902604964960,2026-10-10T18:25:02.607+08:00,0.1765592247247696,-0.6004988551139832,0.08000004291534424,1.856033205986023,-8.360339164733887,-78.248291015625
1791627902807630912,1791627902776335776,2026-10-10T18:25:02.807+08:00,0.18692754209041595,-0.6227672100067139,0.08000004291534424,0.3164466917514801,-8.684929847717285,-77.7920913696289
1791627903041287616,1791627903014142304,2026-10-10T18:25:03.041+08:00,0.2010076344013214,-0.6576748490333557,0.09000003337860107,-1.8813269138336182,-8.852921485900879,-77.05461120605469
1791627903274195104,1791627903252954976,2026-10-10T18:25:03.274+08:00,0.2049046754837036,-0.698731005191803,0.08000004291534424,-3.134486675262451,-8.970999717712402,-76.2877197265625
1791627903474240704,1791627903443180800,2026-10-10T18:25:03.474+08:00,0.20603862404823303,-0.7380329966545105,0.10000002384185791,-3.1434004306793213,-9.153302192687988,-76.05044555664062
1791627903674564064,1791627903643831072,2026-10-10T18:25:03.674+08:00,0.20693552494049072,-0.7779788374900818,0.11000001430511475,-2.537440061569214,-9.221755027770996,-76.066162109375
1791627903874917792,1791627903848439328,2026-10-10T18:25:03.874+08:00,0.2078431248664856,-0.8188604712486267,0.12000000476837158,-1.698394536972046,-9.11694049835205,-76.13813018798828
1791627904113363040,1791627904092960352,2026-10-10T18:25:04.113+08:00,0.20723645389080048,-0.8683789968490601,0.12999999523162842,-0.7673742175102234,-8.726516723632812,-76.28215789794922
1791627904341508512,1791627904294245984,2026-10-10T18:25:04.341+08:00,0.2056959718465805,-0.9112764000892639,0.13999998569488525,-0.28452321887016296,-8.122976303100586,-76.45991516113281
1791627904574261440,1791627904555740032,2026-10-10T18:25:04.574+08:00,0.2019655853509903,-0.9651256799697876,0.13999998569488525,0.0053544603288173676,-6.994820594787598,-76.88672637939453
1791627904807304320,1791627904791702944,2026-10-10T18:25:04.807+08:00,0.19995467364788055,-1.0101039409637451,0.1499999761581421,0.08489009737968445,-5.7766523361206055,-77.34520721435547
1791627905007656832,1791627904987638688,2026-10-10T18:25:05.007+08:00,0.1972270905971527,-1.045305848121643,0.13999998569488525,0.0979250967502594,-4.807784557342529,-77.76834106445312
1791627905240713376,1791627905222507008,2026-10-10T18:25:05.240+08:00,0.19615337252616882,-1.0816510915756226,0.1499999761581421,0.6419176459312439,-3.8718297481536865,-79.11846923828125
1791627905441114368,1791627905413687936,2026-10-10T18:25:05.441+08:00,0.20279721915721893,-1.1008449792861938,0.15999996662139893,1.3793474435806274,-3.346372365951538,-80.35945892333984
1791627905641396416,1791627905620405408,2026-10-10T18:25:05.641+08:00,0.21604377031326294,-1.1196441650390625,0.1499999761581421,2.306703805923462,-2.996579885482788,-81.80490112304688
1791627905844743584,1791627905824684864,2026-10-10T18:25:05.844+08:00,0.23183076083660126,-1.131396770477295,0.15999996662139893,2.8295669555664062,-3.007444381713867,-82.8482666015625
1791627906074309248,1791627906052781856,2026-10-10T18:25:06.074+08:00,0.2508218586444855,-1.1405916213989258,0.1499999761581421,2.555633783340454,-3.2579691410064697,-83.3975830078125
1791627906307984480,1791627906293026976,2026-10-10T18:25:06.307+08:00,0.2673419415950775,-1.1537425518035889,0.13999998569488525,1.0848833322525024,-3.679316997528076,-83.30255126953125
1791627906508243232,1791627906483680704,2026-10-10T18:25:06.508+08:00,0.2769654393196106,-1.1679315567016602,0.1499999761581421,-0.49946990609169006,-4.1116251945495605,-82.85906982421875
1791627906740881696,1791627906720820928,2026-10-10T18:25:06.740+08:00,0.28364622592926025,-1.1885627508163452,0.1499999761581421,-1.8184481859207153,-4.754215240478516,-82.1396713256836
1791627906940914432,1791627906921004448,2026-10-10T18:25:06.940+08:00,0.2881087064743042,-1.2069331407546997,0.1499999761581421,-2.1118030548095703,-5.403165817260742,-81.4948501586914
1791627907141132896,1791627907121479840,2026-10-10T18:25:07.141+08:00,0.28848791122436523,-1.2306729555130005,0.1499999761581421,-1.8325700759887695,-6.073569297790527,-80.93070983886719
1791627907373838560,1791627907343471360,2026-10-10T18:25:07.373+08:00,0.2877251207828522,-1.2590655088424683,0.1499999761581421,-1.0733516216278076,-6.664945602416992,-80.60646057128906
1791627907574558240,1791627907544456832,2026-10-10T18:25:07.574+08:00,0.28823843598365784,-1.2847468852996826,0.16999995708465576,-0.37368494272232056,-6.929474830627441,-80.4908218383789
1791627907808085408,1791627907785378560,2026-10-10T18:25:07.808+08:00,0.28675368428230286,-1.3153494596481323,0.15999996662139893,0.031145615503191948,-6.8813886642456055,-80.4047622680664
1791627908008627744,1791627907982708896,2026-10-10T18:25:08.008+08:00,0.28539037704467773,-1.3403971195220947,0.16999995708465576,0.07775239646434784,-6.607388019561768,-80.43690490722656
1791627908240630080,1791627908225307488,2026-10-10T18:25:08.240+08:00,0.28426212072372437,-1.3696130514144897,0.16999995708465576,-0.18562999367713928,-6.042636871337891,-80.52821350097656
1791627908474095552,1791627908438586784,2026-10-10T18:25:08.474+08:00,0.28386855125427246,-1.393996000289917,0.16999995708465576,-0.523892343044281,-5.444126605987549,-80.66699981689453
1791627908674393632,1791627908643468448,2026-10-10T18:25:08.674+08:00,0.28157636523246765,-1.4212472438812256,0.16999995708465576,-0.7452187538146973,-4.775108337402344,-80.76789093017578
1791627908874446528,1791627908851207968,2026-10-10T18:25:08.874+08:00,0.28021255135536194,-1.4454189538955688,0.16999995708465576,-0.717644453048706,-4.252379417419434,-80.90858459472656
1791627909107407136,1791627909085428992,2026-10-10T18:25:09.107+08:00,0.27903246879577637,-1.4743762016296387,0.1799999475479126,-0.591687023639679,-3.7867746353149414,-81.06330108642578
1791627909307903200,1791627909293010208,2026-10-10T18:25:09.307+08:00,0.2792496979236603,-1.4969393014907837,0.1799999475479126,-0.5429025888442993,-3.5183024406433105,-81.16655731201172
1791627909541035232,1791627909511623008,2026-10-10T18:25:09.541+08:00,0.27914100885391235,-1.5217527151107788,0.16999995708465576,-0.6697959303855896,-3.3202550411224365,-81.23857879638672
1791627909744852832,1791627909722178656,2026-10-10T18:25:09.744+08:00,0.27987635135650635,-1.5437977313995361,0.16999995708465576,-0.9124171137809753,-3.2428722381591797,-81.27580261230469
1791627909974096448,1791627909957634656,2026-10-10T18:25:09.974+08:00,0.27970924973487854,-1.5713539123535156,0.16999995708465576,-1.4112693071365356,-3.2859838008880615,-81.22185516357422
1791627910207713376,1791627910198172928,2026-10-10T18:25:10.207+08:00,0.2787018418312073,-1.5991969108581543,0.16999995708465576,-1.738060712814331,-3.439241886138916,-81.21963500976562
1791627910441749056,1791627910435771680,2026-10-10T18:25:10.441+08:00,0.27846670150756836,-1.62611722946167,0.1799999475479126,-1.62052321434021,-3.6387248039245605,-81.54067993164062
1791627910674556032,1791627910635592544,2026-10-10T18:25:10.674+08:00,0.27908608317375183,-1.649005651473999,0.1799999475479126,-1.038491129875183,-3.8850436210632324,-82.83572387695312
1791627910874591776,1791627910842975488,2026-10-10T18:25:10.874+08:00,0.28502362966537476,-1.6691009998321533,0.1799999475479126,-0.031258370727300644,-4.172102451324463,-83.94774627685547
1791627911107777312,1791627911076048000,2026-10-10T18:25:11.107+08:00,0.2999669313430786,-1.6819956302642822,0.18999993801116943,1.022938847541809,-4.37780237197876,-85.26113891601562
1791627911307968768,1791627911286688736,2026-10-10T18:25:11.307+08:00,0.3178054392337799,-1.692617416381836,0.1799999475479126,1.561729907989502,-4.6179633140563965,-86.52460479736328
1791627911508974080,1791627911487523232,2026-10-10T18:25:11.508+08:00,0.3310368061065674,-1.7035547494888306,0.1799999475479126,0.9286512136459351,-4.737598896026611,-86.76180267333984
1791627911741459968,1791627911716171392,2026-10-10T18:25:11.741+08:00,0.3375580906867981,-1.718849539756775,0.16999995708465576,-1.1142164468765259,-4.761806011199951,-85.58673095703125
1791627911974043552,1791627911957681280,2026-10-10T18:25:11.974+08:00,0.33960625529289246,-1.7390156984329224,0.16999995708465576,-3.5305397510528564,-4.922640800476074,-83.70771789550781
1791627912208393856,1791627912199929440,2026-10-10T18:25:12.208+08:00,0.33200398087501526,-1.7691493034362793,0.16999995708465576,-4.588227272033691,-5.4690141677856445,-82.15496063232422
1791627912440865568,1791627912425754240,2026-10-10T18:25:12.440+08:00,0.32824021577835083,-1.7904928922653198,0.18999993801116943,-3.7582621574401855,-5.940675258636475,-81.58047485351562
1791627912674654464,1791627912667178432,2026-10-10T18:25:12.674+08:00,0.3253558278083801,-1.809964656829834,0.20000004768371582,-1.9929862022399902,-6.139640808105469,-81.28816223144531
1791627912907696800,1791627912904340960,2026-10-10T18:25:12.907+08:00,0.3221275508403778,-1.8271578550338745,0.21000003814697266,-0.35254278779029846,-5.913135051727295,-81.24982452392578
1791627913107870112,1791627913103836544,2026-10-10T18:25:13.107+08:00,0.3200697600841522,-1.8396849632263184,0.21000003814697266,0.38122642040252686,-5.423119068145752,-81.31404876708984
1791627913307970240,1791627913272644256,2026-10-10T18:25:13.307+08:00,0.31849178671836853,-1.8490172624588013,0.21000003814697266,0.4065486788749695,-4.898492336273193,-81.39936828613281
1791627913540726432,1791627913532521824,2026-10-10T18:25:13.540+08:00,0.315903902053833,-1.8615753650665283,0.21000003814697266,-0.3844202756881714,-3.962238073348999,-81.62654876708984
1791627913774487552,1791627913769465568,2026-10-10T18:25:13.774+08:00,0.31354889273643494,-1.8706361055374146,0.21000003814697266,-1.3995516300201416,-3.185554265975952,-81.9521484375
1791627913974924608,1791627913936696032,2026-10-10T18:25:13.974+08:00,0.3125247359275818,-1.8752802610397339,0.21000003814697266,-1.8956681489944458,-2.7913060188293457,-82.20006561279297
1791627914207951264,1791627914206533728,2026-10-10T18:25:14.207+08:00,0.3110557794570923,-1.8813225030899048,0.21000003814697266,-2.080467939376831,-2.380720376968384,-82.6165542602539
1791627914441164544,1791627914438099488,2026-10-10T18:25:14.441+08:00,0.3103453516960144,-1.884764552116394,0.2200000286102295,-1.6871305704116821,-2.296010732650757,-82.90392303466797
1791627914677799936,1791627914672048224,2026-10-10T18:25:14.677+08:00,0.3101363480091095,-1.8867403268814087,0.2200000286102295,-1.092896819114685,-2.386404514312744,-83.1394271850586
1791627914908224032,1791627914875743040,2026-10-10T18:25:14.908+08:00,0.3099479079246521,-1.8880207538604736,0.2200000286102295,-0.7494339942932129,-2.5493173599243164,-83.28245544433594
1791627915141689600,1791627915117826048,2026-10-10T18:25:15.141+08:00,0.30922645330429077,-1.8893234729766846,0.2200000286102295,-0.6709853410720825,-2.8016815185546875,-83.40799713134766
1791627915373996672,1791627915369171840,2026-10-10T18:25:15.373+08:00,0.3084864616394043,-1.8902463912963867,0.2200000286102295,-0.9012864828109741,-3.090169906616211,-83.55213928222656
1791627915574430016,1791627915535291584,2026-10-10T18:25:15.574+08:00,0.3082246780395508,-1.8905441761016846,0.2200000286102295,-1.1061445474624634,-3.2376670837402344,-83.62895965576172
1791627915807575040,1791627915776693184,2026-10-10T18:25:15.807+08:00,0.3080675005912781,-1.8905285596847534,0.21000003814697266,-1.3469277620315552,-3.3790740966796875,-83.71870422363281
1791627916007748800,1791627915975775456,2026-10-10T18:25:16.007+08:00,0.3081813454627991,-1.8900232315063477,0.2200000286102295,-1.4309313297271729,-3.430436372756958,-83.76604461669922
1791627916207826080,1791627916174241600,2026-10-10T18:25:16.207+08:00,0.30838286876678467,-1.888795018196106,0.2200000286102295,-1.4204237461090088,-3.44525146484375,-83.78366088867188
1791627916440498144,1791627916429465312,2026-10-10T18:25:16.440+08:00,0.30862945318222046,-1.8865753412246704,0.2200000286102295,-1.309165120124817,-3.407757043838501,-83.77069854736328
1791627916641714752,1791627916625588544,2026-10-10T18:25:16.641+08:00,0.30865538120269775,-1.88473379611969,0.2200000286102295,-1.2055089473724365,-3.3411312103271484,-83.73493194580078
1791627916874379552,1791627916866889696,2026-10-10T18:25:16.874+08:00,0.3086589574813843,-1.8825397491455078,0.2200000286102295,-1.10795259475708,-3.26377010345459,-83.69668579101562
1791627917107135616,1791627917104632000,2026-10-10T18:25:17.107+08:00,0.30833399295806885,-1.879651427268982,0.2200000286102295,-1.0517195463180542,-3.1962997913360596,-83.67086791992188
1791627917308390720,1791627917265454272,2026-10-10T18:25:17.308+08:00,0.30793920159339905,-1.877477765083313,0.2200000286102295,-1.0313152074813843,-3.150611162185669,-83.66729736328125
1791627917542260672,1791627917533771136,2026-10-10T18:25:17.542+08:00,0.30770954489707947,-1.8737183809280396,0.2200000286102295,-1.0324647426605225,-3.115248203277588,-83.68684387207031
1791627917773848320,1791627917770605984,2026-10-10T18:25:17.773+08:00,0.3085481524467468,-1.8684619665145874,0.2200000286102295,-1.0952681303024292,-3.140315532684326,-83.64543151855469
1791627917974028096,1791627917941001952,2026-10-10T18:25:17.974+08:00,0.3090478479862213,-1.8642815351486206,0.2200000286102295,-1.2001457214355469,-3.1686782836914062,-83.57439422607422
1791627918174985984,1791627918144362720,2026-10-10T18:25:18.174+08:00,0.3090568780899048,-1.859671711921692,0.2200000286102295,-1.3293166160583496,-3.2037243843078613,-83.48715209960938
1791627918408495936,1791627918406696992,2026-10-10T18:25:18.408+08:00,0.30849140882492065,-1.8536113500595093,0.2200000286102295,-1.3780245780944824,-3.279702663421631,-83.43148040771484
1791627918640956448,1791627918617569312,2026-10-10T18:25:18.640+08:00,0.3080904483795166,-1.8484987020492554,0.2200000286102295,-1.3003268241882324,-3.343329429626465,-83.42908477783203
1791627918874058656,1791627918856288096,2026-10-10T18:25:18.874+08:00,0.3079020082950592,-1.841995120048523,0.2200000286102295,-1.1378765106201172,-3.405500650405884,-83.4533462524414
1791627919074198944,1791627919053019648,2026-10-10T18:25:19.074+08:00,0.30856865644454956,-1.8366177082061768,0.2200000286102295,-1.033862590789795,-3.4415650367736816,-83.43455505371094
1791627919307904512,1791627919287524608,2026-10-10T18:25:19.307+08:00,0.3090471029281616,-1.8302944898605347,0.2200000286102295,-1.0431116819381714,-3.4566025733947754,-83.3676986694336
1791627919508111008,1791627919471541216,2026-10-10T18:25:19.508+08:00,0.3089366555213928,-1.8254202604293823,0.2200000286102295,-1.1347949504852295,-3.464693069458008,-83.31391143798828
1791627919741480672,1791627919710303712,2026-10-10T18:25:19.741+08:00,0.3085753321647644,-1.818329930305481,0.2200000286102295,-1.2751762866973877,-3.499936580657959,-83.27479553222656
1791627919974487648,1791627919946334496,2026-10-10T18:25:19.974+08:00,0.30790045857429504,-1.8111646175384521,0.2200000286102295,-1.3438725471496582,-3.550292730331421,-83.28426361083984
1791627920207779296,1791627920182110528,2026-10-10T18:25:20.207+08:00,0.30762213468551636,-1.8038619756698608,0.21000003814697266,-1.2995740175247192,-3.5759472846984863,-83.31989288330078
1791627920440636960,1791627920438723168,2026-10-10T18:25:20.440+08:00,0.307334840297699,-1.7967082262039185,0.2200000286102295,-1.1891610622406006,-3.5767662525177,-83.36400604248047
1791627920641619360,1791627920639643296,2026-10-10T18:25:20.641+08:00,0.3075948655605316,-1.7889089584350586,0.2200000286102295,-1.0936552286148071,-3.5950746536254883,-83.39738464355469
1791627920874061344,1791627920852007328,2026-10-10T18:25:20.874+08:00,0.30777913331985474,-1.7810351848602295,0.2200000286102295,-1.0558335781097412,-3.6304516792297363,-83.41143035888672
1791627921107172672,1791627921085437920,2026-10-10T18:25:21.107+08:00,0.30765876173973083,-1.7711151838302612,0.2200000286102295,-1.0981916189193726,-3.6590449810028076,-83.41451263427734
1791627921307543040,1791627921290443168,2026-10-10T18:25:21.307+08:00,0.30718690156936646,-1.7628928422927856,0.21000003814697266,-1.1830896139144897,-3.669501543045044,-83.43651580810547
1791627921540726688,1791627921537528672,2026-10-10T18:25:21.540+08:00,0.30748000741004944,-1.7525054216384888,0.2200000286102295,-1.2874979972839355,-3.6864728927612305,-83.46302032470703
1791627921742471296,1791627921712483104,2026-10-10T18:25:21.742+08:00,0.3070279657840729,-1.7444939613342285,0.21000003814697266,-1.3553446531295776,-3.706528425216675,-83.46858215332031
1791627921978282976,1791627921941617536,2026-10-10T18:25:21.978+08:00,0.3066847324371338,-1.7335017919540405,0.21000003814697266,-1.3772122859954834,-3.739779472351074,-83.54969024658203
1791627922208184704,1791627922177705856,2026-10-10T18:25:22.208+08:00,0.30680346488952637,-1.7230643033981323,0.21000003814697266,-1.3563584089279175,-3.763896942138672,-83.59087371826172
1791627922440741568,1791627922429639328,2026-10-10T18:25:22.440+08:00,0.3066236972808838,-1.7114226818084717,0.2200000286102295,-1.3894164562225342,-3.770059585571289,-83.60400390625
1791627922640925920,1791627922634744032,2026-10-10T18:25:22.640+08:00,0.30615001916885376,-1.7037477493286133,0.21000003814697266,-1.435819387435913,-3.771385431289673,-83.60869598388672
1791627922874128288,1791627922864245664,2026-10-10T18:25:22.874+08:00,0.30437833070755005,-1.6957237720489502,0.21000003814697266,-1.4603886604309082,-3.7855477333068848,-83.64828491210938
1791627923107267136,1791627923105357344,2026-10-10T18:25:23.107+08:00,0.30312415957450867,-1.6882555484771729,0.21000003814697266,-1.3989970684051514,-3.7985332012176514,-83.7809066772461
1791627923309083040,1791627923277809696,2026-10-10T18:25:23.309+08:00,0.30238640308380127,-1.6837719678878784,0.21000003814697266,-1.329846978187561,-3.7966182231903076,-83.88037872314453
1791627923542630016,1791627923531993888,2026-10-10T18:25:23.542+08:00,0.30130088329315186,-1.6778010129928589,0.21000003814697266,-1.2261600494384766,-3.7740883827209473,-84.0494613647461
1791627923775543712,1791627923766547936,2026-10-10T18:25:23.775+08:00,0.3029361367225647,-1.671684980392456,0.21000003814697266,-0.7523939609527588,-3.688201904296875,-84.68976593017578
1791627924007658144,1791627923969886400,2026-10-10T18:25:24.007+08:00,0.31211236119270325,-1.6627002954483032,0.21000003814697266,-0.03233307972550392,-3.552607774734497,-85.59073638916016
1791627924240621312,1791627924235013792,2026-10-10T18:25:24.240+08:00,0.328212708234787,-1.6506001949310303,0.20000004768371582,0.45814967155456543,-3.602984666824341,-86.36968994140625
1791627924440743168,1791627924435424576,2026-10-10T18:25:24.440+08:00,0.33868497610092163,-1.644822359085083,0.20000004768371582,0.08698835968971252,-3.807718276977539,-86.54875946044922
1791627924640763968,1791627924635399904,2026-10-10T18:25:24.640+08:00,0.34597817063331604,-1.643311858177185,0.1799999475479126,-0.8510806560516357,-4.0605669021606445,-86.43003845214844
1791627924840951424,1791627924804754560,2026-10-10T18:25:24.840+08:00,0.35018378496170044,-1.644687294960022,0.1799999475479126,-1.8796396255493164,-4.260791301727295,-86.1603012084961
1791627925074348352,1791627925043737312,2026-10-10T18:25:25.074+08:00,0.3536536395549774,-1.649722933769226,0.16999995708465576,-2.9338109493255615,-4.452080726623535,-85.73030090332031
1791627925308475680,1791627925277051040,2026-10-10T18:25:25.308+08:00,0.35497790575027466,-1.6567308902740479,0.1799999475479126,-3.1507277488708496,-4.616645336151123,-85.32057189941406
1791627925541437632,1791627925503334080,2026-10-10T18:25:25.541+08:00,0.35526880621910095,-1.6668610572814941,0.1799999475479126,-2.62532377243042,-4.745441436767578,-84.99227905273438
1791627925773952096,1791627925737471104,2026-10-10T18:25:25.773+08:00,0.35552889108657837,-1.677936315536499,0.1799999475479126,-1.8081380128860474,-4.743748664855957,-84.80488586425781
1791627925974433184,1791627925946714016,2026-10-10T18:25:25.974+08:00,0.3556281626224518,-1.6906381845474243,0.18999993801116943,-1.1049575805664062,-4.622218608856201,-84.67808532714844
1791627926208039104,1791627926177149696,2026-10-10T18:25:26.208+08:00,0.3554912209510803,-1.7054609060287476,0.1799999475479126,-0.7672845125198364,-4.427117824554443,-84.6192626953125
1791627926440488672,1791627926438535072,2026-10-10T18:25:26.440+08:00,0.35495156049728394,-1.720396876335144,0.1799999475479126,-0.9287837147712708,-4.2200236320495605,-84.62464141845703
1791627926640696992,1791627926607666528,2026-10-10T18:25:26.640+08:00,0.3547137975692749,-1.7302358150482178,0.1799999475479126,-1.2362622022628784,-4.082178592681885,-84.69570922851562
1791627926841474528,1791627926814661216,2026-10-10T18:25:26.841+08:00,0.3552807867527008,-1.7400081157684326,0.1799999475479126,-1.5922883749008179,-3.940946102142334,-84.77127075195312
1791627927074918016,1791627927052220128,2026-10-10T18:25:27.074+08:00,0.3561796545982361,-1.7513129711151123,0.18999993801116943,-1.9831887483596802,-3.7723331451416016,-84.82978057861328
1791627927307547808,1791627927289012832,2026-10-10T18:25:27.307+08:00,0.35831838846206665,-1.7609574794769287,0.18999993801116943,-2.121208667755127,-3.6257290840148926,-84.81839752197266
1791627927541082528,1791627927523851776,2026-10-10T18:25:27.541+08:00,0.35997483134269714,-1.7698627710342407,0.18999993801116943,-1.8252060413360596,-3.551497459411621,-85.11415100097656
1791627927773908768,1791627927764289728,2026-10-10T18:25:27.773+08:00,0.36473432183265686,-1.7764965295791626,0.20000004768371582,-0.8485822081565857,-3.583850145339966,-86.10125732421875
1791627927975248480,1791627927934753280,2026-10-10T18:25:27.975+08:00,0.372497022151947,-1.7776236534118652,0.20000004768371582,-0.1755642294883728,-3.613950729370117,-86.53919982910156
1791627928207389888,1791627928176082944,2026-10-10T18:25:28.207+08:00,0.3853132128715515,-1.7788957357406616,0.18999993801116943,0.14002184569835663,-3.7443745136260986,-86.60385131835938
1791627928440423520,1791627928438355456,2026-10-10T18:25:28.440+08:00,0.39520540833473206,-1.784163236618042,0.18999993801116943,-0.7342663407325745,-4.011197566986084,-86.01251983642578
1791627928641292960,1791627928608826816,2026-10-10T18:25:28.641+08:00,0.39920029044151306,-1.7909265756607056,0.1799999475479126,-1.7466777563095093,-4.209848403930664,-85.478759765625
1791627928841578080,1791627928809519264,2026-10-10T18:25:28.841+08:00,0.40123453736305237,-1.800426959991455,0.18999993801116943,-2.7495319843292236,-4.377262592315674,-84.93640899658203
1791627929047842400,1791627929009123616,2026-10-10T18:25:29.047+08:00,0.4025386869907379,-1.8104444742202759,0.18999993801116943,-3.216184616088867,-4.4600701332092285,-84.49845886230469
1791627929274479872,1791627929243933376,2026-10-10T18:25:29.274+08:00,0.40330207347869873,-1.8220163583755493,0.18999993801116943,-2.9331629276275635,-4.483641624450684,-84.13419342041016
1791627929507164544,1791627929504697952,2026-10-10T18:25:29.507+08:00,0.40454283356666565,-1.832735300064087,0.18999993801116943,-1.6983873844146729,-4.467733383178711,-84.14160919189453
1791627929707583040,1791627929669912896,2026-10-10T18:25:29.707+08:00,0.4075002670288086,-1.8376185894012451,0.20000004768371582,-0.7566798329353333,-4.3946075439453125,-84.33014678955078
1791627929940811296,1791627929905343808,2026-10-10T18:25:29.940+08:00,0.41403988003730774,-1.843536138534546,0.20000004768371582,0.06365423649549484,-4.1603546142578125,-84.47852325439453
1791627930174164896,1791627930145934560,2026-10-10T18:25:30.174+08:00,0.41923201084136963,-1.8507510423660278,0.20000004768371582,-0.30381038784980774,-3.850917339324951,-84.3594970703125
1791627930374227904,1791627930364109344,2026-10-10T18:25:30.374+08:00,0.42162343859672546,-1.8592772483825684,0.20000004768371582,-1.3687217235565186,-3.585686206817627,-84.17160034179688
1791627930575222720,1791627930568742208,2026-10-10T18:25:30.575+08:00,0.4227440059185028,-1.8673086166381836,0.20000004768371582,-2.381965160369873,-3.401078462600708,-84.0636978149414
1791627930810316736,1791627930775054400,2026-10-10T18:25:30.810+08:00,0.4237513542175293,-1.8751591444015503,0.18999993801116943,-2.898472547531128,-3.3127219676971436,-84.09603118896484
1791627931040627584,1791627931013210880,2026-10-10T18:25:31.040+08:00,0.4302282929420471,-1.8814350366592407,0.20000004768371582,-2.4592621326446533,-3.3427228927612305,-84.38249969482422
1791627931241189472,1791627931214185056,2026-10-10T18:25:31.241+08:00,0.4388851225376129,-1.8834686279296875,0.18999993801116943,-1.7129477262496948,-3.380044460296631,-84.45610046386719
1791627931441353088,1791627931432416960,2026-10-10T18:25:31.441+08:00,0.44632527232170105,-1.886125922203064,0.20000004768371582,-1.1431447267532349,-3.495516300201416,-84.1235122680664
1791627931674371136,1791627931666909696,2026-10-10T18:25:31.674+08:00,0.45141908526420593,-1.8908462524414062,0.20000004768371582,-1.1050872802734375,-3.7592716217041016,-83.65232849121094
1791627931907528224,1791627931866139680,2026-10-10T18:25:31.907+08:00,0.4536184072494507,-1.8962839841842651,0.20000004768371582,-1.4807145595550537,-3.9726176261901855,-83.30426025390625
1791627932107878752,1791627932077768000,2026-10-10T18:25:32.107+08:00,0.45475587248802185,-1.9023246765136719,0.20000004768371582,-1.97780442237854,-4.101841926574707,-83.0361557006836
1791627932309347872,1791627932287712864,2026-10-10T18:25:32.309+08:00,0.4550558030605316,-1.9083774089813232,0.20000004768371582,-2.3530187606811523,-4.1634697914123535,-82.88085174560547
1791627932540606528,1791627932535661888,2026-10-10T18:25:32.540+08:00,0.45582664012908936,-1.913254976272583,0.20000004768371582,-2.360565423965454,-4.145298480987549,-82.81354522705078
1791627932741914112,1791627932740189440,2026-10-10T18:25:32.741+08:00,0.4565410912036896,-1.9163813591003418,0.21000003814697266,-2.087043523788452,-4.035393714904785,-82.76050567626953
1791627932974495904,1791627932947978880,2026-10-10T18:25:32.974+08:00,0.457088440656662,-1.9182449579238892,0.20000004768371582,-1.7410712242126465,-3.8891348838806152,-82.70712280273438
1791627933207465728,1791627933180595904,2026-10-10T18:25:33.207+08:00,0.4570525586605072,-1.9197479486465454,0.20000004768371582,-1.3780826330184937,-3.713243007659912,-82.6607666015625
1791627933407838848,1791627933406003392,2026-10-10T18:25:33.407+08:00,0.4569540321826935,-1.9205424785614014,0.21000003814697266,-1.2121540307998657,-3.5806422233581543,-82.63545989990234
1791627933641166144,1791627933605536992,2026-10-10T18:25:33.641+08:00,0.45679184794425964,-1.9207391738891602,0.21000003814697266,-1.2292819023132324,-3.504732131958008,-82.6211166381836
1791627933841405792,1791627933809835808,2026-10-10T18:25:33.841+08:00,0.45643603801727295,-1.9205796718597412,0.21000003814697266,-1.3666391372680664,-3.496753692626953,-82.621826171875
1791627934041585696,1791627934016389248,2026-10-10T18:25:34.041+08:00,0.4556834101676941,-1.9200654029846191,0.21000003814697266,-1.5394400358200073,-3.5649993419647217,-82.64655303955078
1791627934274434784,1791627934248237984,2026-10-10T18:25:34.274+08:00,0.45490002632141113,-1.9186210632324219,0.21000003814697266,-1.6689919233322144,-3.714350700378418,-82.71732330322266
1791627934474428448,1791627934451045152,2026-10-10T18:25:34.474+08:00,0.4541335105895996,-1.9169316291809082,0.21000003814697266,-1.667067050933838,-3.859467029571533,-82.79579162597656
1791627934708029184,1791627934682708448,2026-10-10T18:25:34.708+08:00,0.4534861445426941,-1.9140727519989014,0.21000003814697266,-1.534798502922058,-4.010855674743652,-82.89788818359375
1791627935694913376,1791627935513739936,2026-10-10T18:25:35.694+08:00,0.4513365626335144,-1.9002208709716797,0.21000003814697266,-1.218336582183838,-4.115010738372803,-83.25298309326172
1791627935907806368,1791627935896137696,2026-10-10T18:25:35.907+08:00,0.44954392313957214,-1.8945075273513794,0.21000003814697266,-1.3290220499038696,-3.948457717895508,-83.42034149169922
1791627936140919744,1791627936126399968,2026-10-10T18:25:36.140+08:00,0.4486337900161743,-1.8904672861099243,0.21000003814697266,-1.3414947986602783,-3.871159553527832,-83.58981323242188
1791627936341160352,1791627936326797024,2026-10-10T18:25:36.341+08:00,0.4482189118862152,-1.8867053985595703,0.21000003814697266,-1.325913429260254,-3.8474276065826416,-83.72770690917969
1791627936573879040,1791627936546999008,2026-10-10T18:25:36.573+08:00,0.4477181136608124,-1.8829292058944702,0.21000003814697266,-1.3190475702285767,-3.8468334674835205,-83.84712982177734
1791627936773883616,1791627936750069280,2026-10-10T18:25:36.773+08:00,0.44750505685806274,-1.8798668384552002,0.2200000286102295,-1.3215287923812866,-3.8514368534088135,-83.93448638916016
1791627936974497536,1791627936954314816,2026-10-10T18:25:36.974+08:00,0.44721221923828125,-1.8771066665649414,0.2200000286102295,-1.3270012140274048,-3.878082275390625,-83.99858856201172
1791627937174663808,1791627937157274336,2026-10-10T18:25:37.174+08:00,0.44687920808792114,-1.874401569366455,0.21000003814697266,-1.3151639699935913,-3.934431314468384,-84.05653381347656
1791627937375676032,1791627937370157696,2026-10-10T18:25:37.375+08:00,0.44564685225486755,-1.8725556135177612,0.21000003814697266,-1.2885822057724,-3.9862558841705322,-84.12779235839844
1791627937607817248,1791627937577268352,2026-10-10T18:25:37.607+08:00,0.44462189078330994,-1.8712739944458008,0.20000004768371582,-1.257630467414856,-3.990177631378174,-84.22779846191406
1791627937841150464,1791627937808804320,2026-10-10T18:25:37.841+08:00,0.44407203793525696,-1.869983434677124,0.21000003814697266,-1.2248839139938354,-3.942066192626953,-84.35867309570312
1791627938041173536,1791627938011982656,2026-10-10T18:25:38.041+08:00,0.44408392906188965,-1.8688819408416748,0.21000003814697266,-1.231557846069336,-3.8801565170288086,-84.44186401367188
1791627938273915296,1791627938254974624,2026-10-10T18:25:38.273+08:00,0.4441891014575958,-1.8678257465362549,0.20000004768371582,-1.3127861022949219,-3.81374192237854,-84.4989242553711
1791627938474833568,1791627938442541344,2026-10-10T18:25:38.474+08:00,0.44413745403289795,-1.8671575784683228,0.20000004768371582,-1.4204394817352295,-3.772185802459717,-84.51480865478516
1791627938707566432,1791627938674832736,2026-10-10T18:25:38.707+08:00,0.44406071305274963,-1.8668007850646973,0.20000004768371582,-1.533497929573059,-3.7429022789001465,-84.52021026611328
1791627938907867584,1791627938884964384,2026-10-10T18:25:38.907+08:00,0.4438594579696655,-1.8669217824935913,0.20000004768371582,-1.5915629863739014,-3.72493577003479,-84.5333480834961
1791627939142591712,1791627939114476416,2026-10-10T18:25:39.142+08:00,0.44357171654701233,-1.867326021194458,0.18999993801116943,-1.510765790939331,-3.724853992462158,-84.76683807373047
1791627939374310304,1791627939366000448,2026-10-10T18:25:39.374+08:00,0.44532540440559387,-1.866342544555664,0.20000004768371582,-0.7670841813087463,-3.751328229904175,-86.19007110595703
1791627941481311072,1791627941323289824,2026-10-10T18:25:41.481+08:00,0.512470543384552,-1.8851398229599,0.16999995708465576,-2.542243719100952,-5.236741542816162,-84.79300689697266
1791627941707827968,1791627941679278848,2026-10-10T18:25:41.707+08:00,0.5109193921089172,-1.9127566814422607,0.1799999475479126,-1.0053954124450684,-5.164273738861084,-84.48188781738281
1791627941908196864,1791627941882206080,2026-10-10T18:25:41.908+08:00,0.5098228454589844,-1.9294688701629639,0.16999995708465576,-0.6673194766044617,-4.99656343460083,-84.46772003173828
1791627942140537760,1791627942116679232,2026-10-10T18:25:42.140+08:00,0.5094238519668579,-1.9468600749969482,0.1799999475479126,-0.7987760305404663,-4.738937854766846,-84.52985382080078
1791627942341172896,1791627942292766752,2026-10-10T18:25:42.341+08:00,0.509088933467865,-1.9616904258728027,0.1799999475479126,-1.218196988105774,-4.488381862640381,-84.5539321899414
1791627942541281344,1791627942513802272,2026-10-10T18:25:42.541+08:00,0.5076417922973633,-1.980879545211792,0.16999995708465576,-1.856188416481018,-4.189755916595459,-84.6018295288086
1791627942774283488,1791627942748879232,2026-10-10T18:25:42.774+08:00,0.5059409141540527,-2.0013668537139893,0.16999995708465576,-2.2774248123168945,-3.9555752277374268,-84.79521179199219
1791627943008100672,1791627942985206112,2026-10-10T18:25:43.008+08:00,0.5059830546379089,-2.0201056003570557,0.1799999475479126,-2.2396984100341797,-3.839545965194702,-84.94320678710938
1791627943240651840,1791627943231507136,2026-10-10T18:25:43.240+08:00,0.5064725279808044,-2.038357973098755,0.1799999475479126,-1.8795207738876343,-3.8003180027008057,-85.07703399658203
1791627943441075232,1791627943410586784,2026-10-10T18:25:43.441+08:00,0.5057485699653625,-2.052813768386841,0.1799999475479126,-1.5569050312042236,-3.8057498931884766,-85.15586853027344
1791627943641082656,1791627943615908288,2026-10-10T18:25:43.641+08:00,0.505344808101654,-2.069002151489258,0.1799999475479126,-1.255344033241272,-3.849764347076416,-85.26493835449219
1791627943874628992,1791627943847640672,2026-10-10T18:25:43.874+08:00,0.5053722262382507,-2.087345600128174,0.1799999475479126,-1.1132413148880005,-3.9168074131011963,-85.3647232055664
1791627944107241152,1791627944094987808,2026-10-10T18:25:44.107+08:00,0.5060500502586365,-2.1046109199523926,0.1799999475479126,-1.1955076456069946,-3.9635720252990723,-85.4326400756836
1791627944308747744,1791627944258062304,2026-10-10T18:25:44.308+08:00,0.5067836046218872,-2.1153786182403564,0.1799999475479126,-1.3518184423446655,-3.9711015224456787,-85.44883728027344
1791627944508863968,1791627944484988352,2026-10-10T18:25:44.508+08:00,0.5076603889465332,-2.130319356918335,0.1799999475479126,-1.5941834449768066,-3.952693223953247,-85.43022918701172
1791627944741107072,1791627944723125504,2026-10-10T18:25:44.741+08:00,0.509856641292572,-2.142935276031494,0.1799999475479126,-1.6904561519622803,-3.921696186065674,-85.33991241455078
1791627944981681792,1791627944961679392,2026-10-10T18:25:44.981+08:00,0.5118680596351624,-2.153843879699707,0.18999993801116943,-1.689146876335144,-3.9045557975769043,-85.10383605957031
1791627945207457888,1791627945193908736,2026-10-10T18:25:45.207+08:00,0.5130658745765686,-2.162367343902588,0.18999993801116943,-1.6027064323425293,-3.890970468521118,-84.85909271240234
1791627945407779520,1791627945378125600,2026-10-10T18:25:45.407+08:00,0.5140079259872437,-2.16908860206604,0.18999993801116943,-1.4205011129379272,-3.871237277984619,-84.64179229736328
1791627945640505696,1791627945618867104,2026-10-10T18:25:45.640+08:00,0.5153535604476929,-2.1753523349761963,0.20000004768371582,-1.2002253532409668,-3.871781587600708,-84.39503479003906
1791627945840765792,1791627945823202624,2026-10-10T18:25:45.840+08:00,0.5162493586540222,-2.178931951522827,0.20000004768371582,-1.1270928382873535,-3.905597686767578,-84.19702911376953
1791627946041320096,1791627946029025088,2026-10-10T18:25:46.041+08:00,0.5172188878059387,-2.181394338607788,0.18999993801116943,-1.1754107475280762,-3.963914394378662,-84.00965118408203
1791627946274256864,1791627946264228416,2026-10-10T18:25:46.274+08:00,0.5182878971099854,-2.1828815937042236,0.20000004768371582,-1.3955157995224,-4.038749694824219,-83.78182983398438
1791627946507888320,1791627946494691008,2026-10-10T18:25:46.507+08:00,0.5185537934303284,-2.1834421157836914,0.20000004768371582,-1.6756850481033325,-4.076818466186523,-83.60247039794922
1791627946741258624,1791627946732981792,2026-10-10T18:25:46.741+08:00,0.5183840990066528,-2.183091640472412,0.20000004768371582,-1.8162354230880737,-4.077316761016846,-83.47991943359375
1791627946941375872,1791627946933768000,2026-10-10T18:25:46.941+08:00,0.518179714679718,-2.181722640991211,0.20000004768371582,-1.694109559059143,-4.059089660644531,-83.4323501586914
1791627947173690496,1791627947168509376,2026-10-10T18:25:47.173+08:00,0.5177854895591736,-2.179896354675293,0.21000003814697266,-1.351250171661377,-4.026006698608398,-83.41985321044922
1791627947373925984,1791627947365629184,2026-10-10T18:25:47.373+08:00,0.5174237489700317,-2.17681622505188,0.21000003814697266,-1.033911943435669,-3.9781289100646973,-83.44108581542969
1791627947574561440,1791627947536846592,2026-10-10T18:25:47.574+08:00,0.5172119736671448,-2.1738193035125732,0.21000003814697266,-0.853565514087677,-3.9161205291748047,-83.46851348876953
1791627947774591360,1791627947771960064,2026-10-10T18:25:47.774+08:00,0.5171501636505127,-2.169252395629883,0.21000003814697266,-0.8138852715492249,-3.7862789630889893,-83.50712585449219
1791627948007153248,1791627947974572416,2026-10-10T18:25:48.007+08:00,0.5171812772750854,-2.1654419898986816,0.21000003814697266,-1.0026746988296509,-3.668294906616211,-83.52391052246094
1791627948207278688,1791627948181335168,2026-10-10T18:25:48.207+08:00,0.5168845057487488,-2.1613681316375732,0.21000003814697266,-1.3305599689483643,-3.576303243637085,-83.5413589477539
1791627948407901536,1791627948375421696,2026-10-10T18:25:48.407+08:00,0.5164055228233337,-2.158024787902832,0.21000003814697266,-1.6050596237182617,-3.559943437576294,-83.54759979248047
1791627948608037792,1791627948585802208,2026-10-10T18:25:48.608+08:00,0.5157852172851562,-2.1550967693328857,0.2200000286102295,-1.5711320638656616,-3.7572944164276123,-83.55074310302734
1791627948808173120,1791627948796394048,2026-10-10T18:25:48.808+08:00,0.5155518054962158,-2.1535940170288086,0.25,-1.0594817399978638,-4.14653205871582,-83.63508605957031
1791627949040470464,1791627949038634944,2026-10-10T18:25:49.040+08:00,0.5152403116226196,-2.1531710624694824,0.25999999046325684,-0.08235656470060349,-4.913644790649414,-83.66173553466797
1791627949241337216,1791627949213880032,2026-10-10T18:25:49.241+08:00,0.5155359506607056,-2.153501033782959,0.2999999523162842,0.4739053547382355,-5.492671966552734,-83.81097412109375
1791627949474207040,1791627949435231712,2026-10-10T18:25:49.474+08:00,0.5166692733764648,-2.153230667114258,0.33000004291534424,0.8755303621292114,-6.296116352081299,-83.82874298095703
1791627949674644288,1791627949647708896,2026-10-10T18:25:49.674+08:00,0.5177058577537537,-2.1517677307128906,0.36000001430511475,0.908292293548584,-7.007911205291748,-83.7459945678711
1791627949875473824,1791627949846081792,2026-10-10T18:25:49.875+08:00,0.5182998776435852,-2.149583578109741,0.3999999761581421,0.7705644965171814,-7.5271196365356445,-83.584228515625
1791627950075749920,1791627950065030016,2026-10-10T18:25:50.075+08:00,0.5194895267486572,-2.1469366550445557,0.43999993801116943,0.5796850323677063,-7.938689708709717,-83.43122863769531
1791627950280902336,1791627950263914304,2026-10-10T18:25:50.280+08:00,0.5197461247444153,-2.14445424079895,0.48000001907348633,0.47375985980033875,-8.180303573608398,-83.22929382324219
1791627950507561280,1791627950489723648,2026-10-10T18:25:50.507+08:00,0.520662248134613,-2.140836000442505,0.5299999713897705,0.517524778842926,-8.329957008361816,-83.15143585205078
1791627950707775680,1791627950689575616,2026-10-10T18:25:50.707+08:00,0.5213354825973511,-2.1361429691314697,0.559999942779541,0.5749663710594177,-8.371939659118652,-82.92546844482422
1791627950940549856,1791627950934133216,2026-10-10T18:25:50.940+08:00,0.5215871334075928,-2.129626750946045,0.6200000047683716,0.6375235319137573,-8.327280044555664,-82.68641662597656
1791627951174351808,1791627951167171872,2026-10-10T18:25:51.174+08:00,0.5217931270599365,-2.121851682662964,0.6699999570846558,0.6900982856750488,-8.236820220947266,-82.43650817871094
1791627951407799264,1791627951399179360,2026-10-10T18:25:51.407+08:00,0.5202938318252563,-2.1148622035980225,0.7300000190734863,0.8523167371749878,-8.13072395324707,-82.2818832397461
1791627951609285216,1791627951576726784,2026-10-10T18:25:51.609+08:00,0.5190770030021667,-2.109557867050171,0.7699999809265137,0.9808169007301331,-8.03501033782959,-82.20416259765625
1791627951841410880,1791627951811961792,2026-10-10T18:25:51.841+08:00,0.5186168551445007,-2.1024410724639893,0.8300000429153442,1.0836585760116577,-7.868432521820068,-81.96222686767578
1791627952074511008,1791627952048457440,2026-10-10T18:25:52.074+08:00,0.5161905288696289,-2.0965163707733154,0.8899999856948853,1.2083274126052856,-7.729244232177734,-81.78582000732422
1791627952307733088,1791627952291811008,2026-10-10T18:25:52.307+08:00,0.5135238170623779,-2.0906260013580322,0.9500000476837158,1.337159276008606,-7.640229225158691,-81.64198303222656
1791627952507926208,1791627952482698272,2026-10-10T18:25:52.507+08:00,0.5120890736579895,-2.0855119228363037,1.0,1.2889273166656494,-7.522164821624756,-81.45619201660156
1791627952741313120,1791627952714246528,2026-10-10T18:25:52.741+08:00,0.5117208957672119,-2.0795066356658936,1.0399999618530273,0.9560929536819458,-7.024011135101318,-81.1860580444336
1791627952974097504,1791627952959204832,2026-10-10T18:25:52.974+08:00,0.5103096961975098,-2.0741066932678223,1.0799999237060547,0.6574023365974426,-1.7343339920043945,-80.94575500488281
1791627953174403040,1791627953160969184,2026-10-10T18:25:53.174+08:00,0.5027401447296143,-2.070117473602295,1.0899999141693115,0.27728360891342163,2.0405116081237793,-80.77102661132812
1791627953407798464,1791627953404653184,2026-10-10T18:25:53.407+08:00,0.4955824613571167,-2.0594706535339355,1.0899999141693115,-0.7517551183700562,3.311929941177368,-80.86062622070312
1791627953607906496,1791627953582496640,2026-10-10T18:25:53.607+08:00,0.49377116560935974,-2.057429313659668,1.0899999141693115,-1.47775137424469,3.509887933731079,-80.81817626953125
1791627953841584128,1791627953818962976,2026-10-10T18:25:53.841+08:00,0.4948444962501526,-2.0580620765686035,1.0799999237060547,-1.5094846487045288,3.204211711883545,-80.62950897216797
1791627954074144352,1791627954052534080,2026-10-10T18:25:54.074+08:00,0.4958287179470062,-2.0586421489715576,1.0699999332427979,-0.8262080550193787,2.450484037399292,-80.42633056640625
1791627954307820384,1791627954293742304,2026-10-10T18:25:54.307+08:00,0.4969024062156677,-2.059274673461914,1.0699999332427979,0.15230220556259155,1.2707240581512451,-80.23467254638672
1791627954508060064,1791627954478447040,2026-10-10T18:25:54.508+08:00,0.4977971315383911,-2.0598018169403076,1.0799999237060547,0.7654717564582825,0.14108699560165405,-80.10884857177734
1791627954708059616,1791627954679080832,2026-10-10T18:25:54.708+08:00,0.4986918568611145,-2.0603291988372803,1.0699999332427979,1.0222049951553345,-0.9304885268211365,-80.0027084350586
1791627954908421120,1791627954880246816,2026-10-10T18:25:54.908+08:00,0.4995866119861603,-2.060856342315674,1.059999942779541,0.9819625020027161,-1.4850751161575317,-79.9124526977539
1791627955141064576,1791627955131504064,2026-10-10T18:25:55.141+08:00,0.5006603002548218,-2.061488628387451,1.059999942779541,0.7091303467750549,-1.8767966032028198,-79.78266143798828
1791627955374328832,1791627955360801568,2026-10-10T18:25:55.374+08:00,0.5017339587211609,-2.0621213912963867,1.0499999523162842,0.41247987747192383,-2.2655856609344482,-79.59575653076172
1791627955574855616,1791627955534866688,2026-10-10T18:25:55.574+08:00,0.5024497509002686,-2.0625431537628174,1.0399999618530273,0.2839905619621277,-2.535491466522217,-79.4278564453125
1791627955807672384,1791627955776193568,2026-10-10T18:25:55.807+08:00,0.501270592212677,-2.0648250579833984,1.0399999618530273,0.20443524420261383,-2.896238327026367,-79.11951446533203
1791627956040388768,1791627956013528000,2026-10-10T18:25:56.040+08:00,0.49577635526657104,-2.0703182220458984,1.0299999713897705,0.2084118276834488,-3.1517984867095947,-78.76571655273438
1791627956241834784,1791627956214568928,2026-10-10T18:25:56.241+08:00,0.4878331124782562,-2.072300910949707,1.0199999809265137,0.24587851762771606,-3.2694318294525146,-78.43858337402344
1791627956474106464,1791627956464444992,2026-10-10T18:25:56.474+08:00,0.4711891710758209,-2.070054531097412,1.0199999809265137,0.2968253791332245,-3.300658702850342,-77.99574279785156
1791627956674375232,1791627956664991072,2026-10-10T18:25:56.674+08:00,0.4583841860294342,-2.068333387374878,1.0199999809265137,0.2875332832336426,-3.2559144496917725,-77.64254760742188
1791627956907526016,1791627956901978848,2026-10-10T18:25:56.907+08:00,0.44301822781562805,-2.0662682056427,1.0099999904632568,0.23407165706157684,-3.162432909011841,-77.21456146240234
1791627957108653248,1791627957077832736,2026-10-10T18:25:57.108+08:00,0.4389300048351288,-2.063864231109619,1.0,0.19885456562042236,-3.091885566711426,-76.92420959472656
1791627957340782688,1791627957277186080,2026-10-10T18:25:57.340+08:00,0.43809449672698975,-2.0595970153808594,0.9900000095367432,0.17811305820941925,-3.0061283111572266,-76.56182861328125
1791627957541562176,1791627957503706112,2026-10-10T18:25:57.541+08:00,0.4345546066761017,-2.0479836463928223,0.9800000190734863,0.18424414098262787,-2.9149296283721924,-76.11965942382812
1791627957773936512,1791627957759030720,2026-10-10T18:25:57.773+08:00,0.4303185045719147,-2.0366718769073486,0.9700000286102295,0.19738589227199554,-2.8400120735168457,-75.66483306884766
1791627957974180864,1791627957964258272,2026-10-10T18:25:57.974+08:00,0.42805200815200806,-2.030339002609253,0.9700000286102295,0.17827999591827393,-2.8057360649108887,-75.32341766357422
1791627958174801216,1791627958162416032,2026-10-10T18:25:58.174+08:00,0.4253007471561432,-2.02541446685791,0.9600000381469727,0.14494019746780396,-2.7920918464660645,-74.9827880859375
1791627958407988320,1791627958378555840,2026-10-10T18:25:58.407+08:00,0.42442113161087036,-2.021364212036133,0.9500000476837158,0.11700315773487091,-2.8008322715759277,-74.6123275756836
1791627958640425888,1791627958621696352,2026-10-10T18:25:58.640+08:00,0.4207628667354584,-2.015410900115967,0.9399999380111694,0.10953284800052643,-2.8301146030426025,-74.21195220947266
1791627958841729056,1791627958824526912,2026-10-10T18:25:58.841+08:00,0.41997480392456055,-2.011918783187866,0.9299999475479126,0.11958053708076477,-2.8636703491210938,-73.89012145996094
1791627959074172832,1791627959065923840,2026-10-10T18:25:59.074+08:00,0.41933494806289673,-2.007735252380371,0.9199999570846558,0.11714564263820648,-2.905587673187256,-73.49188995361328
1791627959308643584,1791627959290041024,2026-10-10T18:25:59.308+08:00,0.4185394048690796,-2.0042765140533447,0.9099999666213989,0.08791610598564148,-2.9441335201263428,-73.1198959350586
1791627959540735232,1791627959510799360,2026-10-10T18:25:59.540+08:00,0.4182325601577759,-2.0006327629089355,0.8999999761581421,0.04169345647096634,-2.9817750453948975,-72.74456787109375
1791627959774206080,1791627959755994688,2026-10-10T18:25:59.774+08:00,0.4176363945007324,-1.997301697731018,0.8799999952316284,-0.01618252694606781,-3.0207061767578125,-72.33938598632812
1791627960007248992,1791627959992344640,2026-10-10T18:26:00.007+08:00,0.4175656735897064,-1.9940659999847412,0.8700000047683716,-0.08965644985437393,-3.058408498764038,-71.92032623291016
1791627960208170592,1791627960198823776,2026-10-10T18:26:00.208+08:00,0.41796427965164185,-1.9919211864471436,0.8500000238418579,-0.14450350403785706,-3.0868382453918457,-71.54997253417969
1791627960408309984,1791627960380199840,2026-10-10T18:26:00.408+08:00,0.41761964559555054,-1.9904043674468994,0.8400000333786011,-0.23944692313671112,-3.1210246086120605,-71.37666320800781
1791627960640860832,1791627960622816960,2026-10-10T18:26:00.640+08:00,0.4166533052921295,-1.9885717630386353,0.8300000429153442,-0.43392324447631836,-3.1818833351135254,-71.23774719238281
1791627960841050784,1791627960824772672,2026-10-10T18:26:00.841+08:00,0.41616499423980713,-1.9869332313537598,0.809999942779541,-0.5811237096786499,-3.2341012954711914,-71.14999389648438
1791627961073908768,1791627961065188384,2026-10-10T18:26:01.073+08:00,0.4156847894191742,-1.9850713014602661,0.7999999523162842,-0.696636974811554,-3.301574468612671,-71.04938507080078
1791627961273911584,1791627961267668672,2026-10-10T18:26:01.273+08:00,0.41534754633903503,-1.9835752248764038,0.7899999618530273,-0.7140451669692993,-3.362842559814453,-70.97624206542969
1791627961474867392,1791627961442671552,2026-10-10T18:26:01.474+08:00,0.4149176776409149,-1.9823071956634521,0.7799999713897705,-0.6811965107917786,-3.417767286300659,-70.9211654663086
1791627961707482752,1791627961675202336,2026-10-10T18:26:01.707+08:00,0.4146752655506134,-1.9806674718856812,0.7599999904632568,-0.6084985733032227,-3.475301742553711,-70.84888458251953
1791627961908027712,1791627961879369504,2026-10-10T18:26:01.908+08:00,0.4144989848136902,-1.979016661643982,0.75,-0.5334050059318542,-3.515164613723755,-70.77439880371094
1791627962140538048,1791627962124392512,2026-10-10T18:26:02.140+08:00,0.4144963324069977,-1.9774523973464966,0.7400000095367432,-0.5015230774879456,-3.5396766662597656,-70.68627166748047
1791627962341031136,1791627962330309888,2026-10-10T18:26:02.341+08:00,0.41452768445014954,-1.9761579036712646,0.7200000286102295,-0.5195029973983765,-3.5535569190979004,-70.61674499511719
1791627962575403808,1791627962536603328,2026-10-10T18:26:02.575+08:00,0.41456571221351624,-1.9750103950500488,0.7100000381469727,-0.5775198936462402,-3.5662221908569336,-70.53254699707031
1791627962807530016,1791627962776207360,2026-10-10T18:26:02.807+08:00,0.41454067826271057,-1.9738200902938843,0.7000000476837158,-0.6766171455383301,-3.586158275604248,-70.43930053710938
1791627963040756736,1791627963026539936,2026-10-10T18:26:03.040+08:00,0.4145428538322449,-1.9728413820266724,0.6799999475479126,-0.7582256197929382,-3.61234712600708,-70.34375
1791627963240794368,1791627963224513120,2026-10-10T18:26:03.240+08:00,0.41456177830696106,-1.9725298881530762,0.6599999666213989,-0.7759892344474792,-3.636590003967285,-70.2813491821289
1791627963441147936,1791627963408969504,2026-10-10T18:26:03.441+08:00,0.41477346420288086,-1.9720180034637451,0.6599999666213989,-0.7677276134490967,-3.6594338417053223,-70.226806640625
1791627963674310720,1791627963648752544,2026-10-10T18:26:03.674+08:00,0.4148241877555847,-1.9714863300323486,0.6399999856948853,-0.7473484873771667,-3.6849217414855957,-70.14968872070312
1791627963907530176,1791627963888675392,2026-10-10T18:26:03.907+08:00,0.41495969891548157,-1.9711271524429321,0.6200000047683716,-0.7457827925682068,-3.709934949874878,-70.07283020019531
1791627964108462944,1791627964096363136,2026-10-10T18:26:04.108+08:00,0.4151128828525543,-1.971164345741272,0.6100000143051147,-0.752719521522522,-3.7313852310180664,-70.00541687011719
1791627964309280288,1791627964260675552,2026-10-10T18:26:04.309+08:00,0.4153558909893036,-1.971504807472229,0.6000000238418579,-0.7631750702857971,-3.750408172607422,-69.94457244873047
1791627964541187232,1791627964510913472,2026-10-10T18:26:04.541+08:00,0.41577523946762085,-1.9719431400299072,0.5800000429153442,-0.7806649208068848,-3.773221015930176,-69.86417388916016
1791627964774255904,1791627964748348032,2026-10-10T18:26:04.774+08:00,0.41605067253112793,-1.972435712814331,0.5699999332427979,-0.7930576205253601,-3.7911994457244873,-69.79873657226562
1791627964974401664,1791627964949273408,2026-10-10T18:26:04.974+08:00,0.4162133038043976,-1.9726516008377075,0.5499999523162842,-0.8190436363220215,-3.798914909362793,-69.75582885742188
1791627965207333920,1791627965184389696,2026-10-10T18:26:05.207+08:00,0.41688334941864014,-1.9730528593063354,0.5399999618530273,-0.8475061655044556,-3.7944812774658203,-69.6740493774414
1791627965407615712,1791627965404680384,2026-10-10T18:26:05.407+08:00,0.4177776873111725,-1.9737077951431274,0.5199999809265137,-0.8543449640274048,-3.7885236740112305,-69.5925064086914
1791627965607757600,1791627965583833056,2026-10-10T18:26:05.607+08:00,0.41818511486053467,-1.9739731550216675,0.5199999809265137,-0.8787172436714172,-3.792038679122925,-69.54424285888672
1791627965815322624,1791627965795744448,2026-10-10T18:26:05.815+08:00,0.41843852400779724,-1.9738625288009644,0.5,-0.9117093682289124,-3.806039571762085,-69.49530029296875
1791627966041353856,1791627966026701856,2026-10-10T18:26:06.041+08:00,0.4181385934352875,-1.9740283489227295,0.48000001907348633,-0.9292630553245544,-3.829773187637329,-69.44487762451172
1791627966274294208,1791627966251538272,2026-10-10T18:26:06.274+08:00,0.41809332370758057,-1.9739928245544434,0.4700000286102295,-0.9169758558273315,-3.8401129245758057,-69.39807891845703
1791627966475903968,1791627966473384640,2026-10-10T18:26:06.475+08:00,0.41842061281204224,-1.9739060401916504,0.4500000476837158,-0.9097710847854614,-3.8356518745422363,-69.34088897705078
1791627966707705504,1791627966706123488,2026-10-10T18:26:06.707+08:00,0.4186672270298004,-1.9743667840957642,0.43999993801116943,-0.9364975690841675,-3.8330163955688477,-69.29440307617188
1791627966907825920,1791627966878437440,2026-10-10T18:26:06.907+08:00,0.4189618229866028,-1.97475266456604,0.43999993801116943,-0.9607576727867126,-3.842690944671631,-69.2665023803711
1791627967107889024,1791627967084901792,2026-10-10T18:26:07.107+08:00,0.41950270533561707,-1.9752153158187866,0.4099999666213989,-0.9903534054756165,-3.8586087226867676,-69.23123168945312
1791627967340958112,1791627967294691936,2026-10-10T18:26:07.340+08:00,0.41989606618881226,-1.9757403135299683,0.4099999666213989,-1.0170782804489136,-3.874173402786255,-69.22049713134766
1791627967541238336,1791627967518994848,2026-10-10T18:26:07.541+08:00,0.4199802577495575,-1.9768904447555542,0.38999998569488525,-1.0342010259628296,-3.8857924938201904,-69.19374084472656
1791627967774134976,1791627967751741376,2026-10-10T18:26:07.774+08:00,0.41993194818496704,-1.9781075716018677,0.3799999952316284,-1.0041583776474,-3.8984627723693848,-69.16736602783203
1791627968007793792,1791627967984453952,2026-10-10T18:26:08.007+08:00,0.42037323117256165,-1.9796065092086792,0.3700000047683716,-0.9446021318435669,-3.9180312156677246,-69.12586212158203
1791627968208604928,1791627968191445120,2026-10-10T18:26:08.208+08:00,0.421100914478302,-1.980631709098816,0.3500000238418579,-0.9196667075157166,-3.9257004261016846,-69.10791015625
1791627968440708896,1791627968438250432,2026-10-10T18:26:08.440+08:00,0.42188045382499695,-1.9821463823318481,0.33000004291534424,-0.9459141492843628,-3.9066414833068848,-69.08941650390625
1791627968674319104,1791627968643184416,2026-10-10T18:26:08.674+08:00,0.42269107699394226,-1.9834046363830566,0.33000004291534424,-1.008257269859314,-3.882164239883423,-69.05826568603516
1791627968874658848,1791627968852919808,2026-10-10T18:26:08.874+08:00,0.4228610396385193,-1.9843389987945557,0.309999942779541,-1.0886707305908203,-3.8763551712036133,-69.01477813720703
1791627969107680928,1791627969091734240,2026-10-10T18:26:09.107+08:00,0.42272189259529114,-1.985236644744873,0.2999999523162842,-1.1502588987350464,-3.89316725730896,-68.9507827758789
1791627969340596736,1791627969294648224,2026-10-10T18:26:09.340+08:00,0.4227832853794098,-1.9859927892684937,0.2799999713897705,-1.1508898735046387,-3.9009156227111816,-68.90629577636719
1791627969541684032,1791627969511619808,2026-10-10T18:26:09.541+08:00,0.42312875390052795,-1.9869362115859985,0.28999996185302734,-1.109262466430664,-3.8970720767974854,-68.8614273071289
1791627969774170496,1791627969758299360,2026-10-10T18:26:09.774+08:00,0.4242704212665558,-1.9880890846252441,0.25999999046325684,-1.0655156373977661,-3.900517463684082,-68.81603240966797
1791627969975827008,1791627969957594304,2026-10-10T18:26:09.975+08:00,0.5172968506813049,-2.1649587154388428,0.25,-1.0758874416351318,-3.9144697189331055,-68.8102798461914
1791627970207643328,1791627970194345984,2026-10-10T18:26:10.207+08:00,0.5176932215690613,-2.165933609008789,0.25999999046325684,-1.1438891887664795,-3.917283058166504,-68.70862579345703
1791627970440436224,1791627970438499808,2026-10-10T18:26:10.440+08:00,0.514988124370575,-2.1697142124176025,0.23000001907348633,-1.5403510332107544,-4.003823757171631,-69.50971221923828
1791627970642842208,1791627970612032832,2026-10-10T18:26:10.642+08:00,0.505472719669342,-2.172447919845581,0.23000001907348633,-2.0838682651519775,-4.040733337402344,-70.82282257080078
1791627970874465088,1791627970848073888,2026-10-10T18:26:10.874+08:00,0.48673006892204285,-2.1730122566223145,0.2200000286102295,-2.6593079566955566,-4.030998706817627,-73.17279815673828
1791627971075507456,1791627971045844704,2026-10-10T18:26:11.075+08:00,0.4718397259712219,-2.1722841262817383,0.2200000286102295,-2.3888964653015137,-4.0940775871276855,-75.22360229492188
1791627971308782336,1791627971282519808,2026-10-10T18:26:11.308+08:00,0.46445682644844055,-2.1641318798065186,0.23000001907348633,-1.243942141532898,-4.182318210601807,-77.3842544555664
1791627971541502752,1791627971511613376,2026-10-10T18:26:11.541+08:00,0.46106231212615967,-2.1543824672698975,0.23000001907348633,-0.25308936834335327,-4.204063415527344,-79.10440063476562
1791627971773870016,1791627971747334080,2026-10-10T18:26:11.773+08:00,0.4557047486305237,-2.1447665691375732,0.23000001907348633,0.19249272346496582,-4.193348407745361,-80.49066925048828
1791627971974568864,1791627971948294432,2026-10-10T18:26:11.974+08:00,0.45156392455101013,-2.1347577571868896,0.23000001907348633,0.19019442796707153,-4.143131732940674,-81.36521911621094
1791627972207754912,1791627972181175552,2026-10-10T18:26:12.207+08:00,0.4497852325439453,-2.1226308345794678,0.2200000286102295,-0.08024807274341583,-4.047079563140869,-82.13374328613281
1791627972408236128,1791627972371301152,2026-10-10T18:26:12.408+08:00,0.4489120841026306,-2.1122334003448486,0.23000001907348633,-0.44295617938041687,-4.011411190032959,-82.54080963134766
1791627972608247744,1791627972578067584,2026-10-10T18:26:12.608+08:00,0.4479868710041046,-2.097933292388916,0.2200000286102295,-0.9099934697151184,-4.041165351867676,-82.89321899414062
1791627972840928544,1791627972816504960,2026-10-10T18:26:12.840+08:00,0.44735080003738403,-2.083138942718506,0.23000001907348633,-1.1973185539245605,-4.142655372619629,-83.1573257446289
1791627973041130048,1791627973016285472,2026-10-10T18:26:13.041+08:00,0.44742047786712646,-2.069161891937256,0.23000001907348633,-1.2375081777572632,-4.273984909057617,-83.33988189697266
1791627973241127648,1791627973211639712,2026-10-10T18:26:13.241+08:00,0.4466422498226166,-2.0545144081115723,0.24000000953674316,-1.1156084537506104,-4.4133782386779785,-83.49458312988281
1791627973474835360,1791627973463343680,2026-10-10T18:26:13.474+08:00,0.44555479288101196,-2.0347530841827393,0.25,-0.7728710770606995,-4.560342788696289,-83.62867736816406
1791627973707087584,1791627973701979616,2026-10-10T18:26:13.707+08:00,0.44515520334243774,-2.0160017013549805,0.25,-0.4941704273223877,-4.6459856033325195,-83.72977447509766
1791627973907521600,1791627973903713984,2026-10-10T18:26:13.907+08:00,0.4448702037334442,-1.9997886419296265,0.24000000953674316,-0.4008807837963104,-4.674522876739502,-83.81256103515625
1791627974140549536,1791627974103893792,2026-10-10T18:26:14.140+08:00,0.44600826501846313,-1.9825332164764404,0.25,-0.46942824125289917,-4.660953521728516,-83.85803985595703
1791627974341163680,1791627974329715200,2026-10-10T18:26:14.341+08:00,0.4478136897087097,-1.9636156558990479,0.25,-0.7782289981842041,-4.613005638122559,-83.8740005493164
1791627974573816736,1791627974568651392,2026-10-10T18:26:14.573+08:00,0.44724997878074646,-1.9433761835098267,0.25999999046325684,-1.2407759428024292,-4.532050609588623,-83.87090301513672
1791627974773855360,1791627974765616032,2026-10-10T18:26:14.773+08:00,0.44581344723701477,-1.9268733263015747,0.25999999046325684,-1.3979082107543945,-4.45364236831665,-83.90586853027344
1791627974974228416,1791627974965422912,2026-10-10T18:26:14.974+08:00,0.44602468609809875,-1.909712553024292,0.25,-1.276505470275879,-4.366733551025391,-83.93020629882812
1791627975207426464,1791627975204280160,2026-10-10T18:26:15.207+08:00,0.44602859020233154,-1.889145016670227,0.2799999713897705,-1.0373321771621704,-4.27117919921875,-83.93982696533203
1791627975407778720,1791627975391576480,2026-10-10T18:26:15.407+08:00,0.4452645778656006,-1.8757466077804565,0.2799999713897705,-0.8991960883140564,-4.244293212890625,-83.89579772949219
1791627975642061312,1791627975623948352,2026-10-10T18:26:15.642+08:00,0.4428906738758087,-1.8621270656585693,0.2799999713897705,-0.9261483550071716,-4.255583763122559,-83.78620147705078
1791627975843827072,1791627975834887328,2026-10-10T18:26:15.843+08:00,0.44077786803245544,-1.8556437492370605,0.2799999713897705,-0.9915687441825867,-4.279885292053223,-83.69625854492188
1791627976074109504,1791627976061252032,2026-10-10T18:26:16.074+08:00,0.44061529636383057,-1.851978063583374,0.2799999713897705,-0.892251193523407,-4.332594871520996,-83.5528335571289
1791627976308092960,1791627976263268768,2026-10-10T18:26:16.308+08:00,0.44769495725631714,-1.853858232498169,0.2799999713897705,-0.25449541211128235,-4.461246013641357,-83.53729248046875
1791627976541595552,1791627976512294784,2026-10-10T18:26:16.541+08:00,0.46847566962242126,-1.8556257486343384,0.26999998092651367,0.8594114184379578,-4.88486909866333,-83.60356903076172
1791627976774406400,1791627976744321760,2026-10-10T18:26:16.774+08:00,0.48572733998298645,-1.8621896505355835,0.26999998092651367,0.9929343461990356,-5.408332824707031,-83.5825424194336
1791627976974513760,1791627976944104640,2026-10-10T18:26:16.974+08:00,0.4939887225627899,-1.8679429292678833,0.25,0.1009170338511467,-5.677140235900879,-83.50677490234375
1791627977207864992,1791627977185226496,2026-10-10T18:26:17.207+08:00,0.4997498095035553,-1.875852346420288,0.25,-1.4797072410583496,-5.6573896408081055,-83.40300750732422
1791627977440518656,1791627977431536224,2026-10-10T18:26:17.440+08:00,0.5046044588088989,-1.8839387893676758,0.25,-2.7404208183288574,-5.342553615570068,-83.3292465209961
1791627977641174016,1791627977633060832,2026-10-10T18:26:17.641+08:00,0.5052562952041626,-1.8907132148742676,0.25,-3.220764398574829,-4.982882976531982,-83.31211853027344
1791627977874164000,1791627977838351008,2026-10-10T18:26:17.874+08:00,0.5051857829093933,-1.8983185291290283,0.25999999046325684,-2.9295833110809326,-4.53898811340332,-83.36348724365234
1791627978074508224,1791627978043979392,2026-10-10T18:26:18.074+08:00,0.5059989094734192,-1.90444016456604,0.25999999046325684,-2.110722303390503,-4.129612922668457,-83.46076202392578
1791627978307743456,1791627978280280800,2026-10-10T18:26:18.307+08:00,0.5073447823524475,-1.9107056856155396,0.25,-0.9562410116195679,-3.714808464050293,-83.55792999267578
1791627978540581280,1791627978535211456,2026-10-10T18:26:18.540+08:00,0.5127390027046204,-1.9209461212158203,0.26999998092651367,0.31519371271133423,-3.546010732650757,-83.64224243164062
1791627978741492960,1791627978739297248,2026-10-10T18:26:18.741+08:00,0.5316532254219055,-1.9330403804779053,0.2799999713897705,1.263600468635559,-3.6860499382019043,-83.73515319824219
1791627978974401472,1791627978945376960,2026-10-10T18:26:18.974+08:00,0.5510777235031128,-1.943588376045227,0.25999999046325684,1.1859641075134277,-3.9807026386260986,-83.70887756347656
1791627979174495520,1791627979148585376,2026-10-10T18:26:19.174+08:00,0.5617899894714355,-1.9548530578613281,0.25999999046325684,-0.11475984007120132,-4.3330841064453125,-83.50918579101562
1791627979407259104,1791627979370334720,2026-10-10T18:26:19.407+08:00,0.5655699372291565,-1.9662652015686035,0.24000000953674316,-2.0979950428009033,-4.647374629974365,-83.39533233642578
1791627979607852448,1791627979587122464,2026-10-10T18:26:19.607+08:00,0.5689952969551086,-1.9758645296096802,0.23000001907348633,-3.4867794513702393,-4.702342510223389,-83.42251586914062
1791627979841026688,1791627979827393408,2026-10-10T18:26:19.841+08:00,0.5723056793212891,-1.9826807975769043,0.23000001907348633,-3.808988571166992,-4.520925998687744,-83.51184844970703
1791627980041296640,1791627980024382272,2026-10-10T18:26:20.041+08:00,0.5738846659660339,-1.9866801500320435,0.24000000953674316,-2.868885040283203,-4.330349922180176,-83.72486114501953
1791627980274015136,1791627980270457536,2026-10-10T18:26:20.274+08:00,0.5904996395111084,-1.9931896924972534,0.25999999046325684,-0.9026162028312683,-4.245850086212158,-83.8453369140625
1791627980508044736,1791627980506082464,2026-10-10T18:26:20.508+08:00,0.6083073616027832,-2.004162073135376,0.25999999046325684,0.11832713335752487,-4.395837783813477,-83.90746307373047
1791627980740822464,1791627980703317024,2026-10-10T18:26:20.740+08:00,0.6149640679359436,-2.0141403675079346,0.24000000953674316,-0.3965197801589966,-4.650527000427246,-83.82427215576172
1791627980974606752,1791627980973024960,2026-10-10T18:26:20.974+08:00,0.6163897514343262,-2.0273468494415283,0.24000000953674316,-1.9036074876785278,-4.867722511291504,-83.75103759765625
1791627981207868768,1791627981184656032,2026-10-10T18:26:21.207+08:00,0.6184781789779663,-2.037609815597534,0.24000000953674316,-2.882702589035034,-4.884079933166504,-83.78897857666016
1791627981440978976,1791627981432207200,2026-10-10T18:26:21.440+08:00,0.6213067770004272,-2.0471928119659424,0.24000000953674316,-3.153883695602417,-4.768460750579834,-83.76095581054688
1791627981641072896,1791627981636232416,2026-10-10T18:26:21.641+08:00,0.6219888925552368,-2.052987575531006,0.24000000953674316,-2.7639212608337402,-4.602295398712158,-83.8022689819336
1791627981874336320,1791627981863840320,2026-10-10T18:26:21.874+08:00,0.6264449954032898,-2.0595526695251465,0.24000000953674316,-1.311041235923767,-4.373148441314697,-83.94169616699219
1791627982107158592,1791627982105087456,2026-10-10T18:26:22.107+08:00,0.6438954472541809,-2.0673294067382812,0.25,0.0544804148375988,-4.2702555656433105,-83.9748306274414
1791627982307954592,1791627982274920544,2026-10-10T18:26:22.307+08:00,0.6530970335006714,-2.072580575942993,0.25,0.11038771271705627,-4.34821891784668,-83.86488342285156
1791627982541540832,1791627982539863104,2026-10-10T18:26:22.541+08:00,0.6574119329452515,-2.082223892211914,0.24000000953674316,-1.2607941627502441,-4.571098327636719,-83.68111419677734
1791627982773917632,1791627982742746912,2026-10-10T18:26:22.773+08:00,0.6572615504264832,-2.088329553604126,0.24000000953674316,-2.2855889797210693,-4.596438407897949,-83.65962219238281
1791627982974955200,1791627982944745984,2026-10-10T18:26:22.974+08:00,0.6585912108421326,-2.0930533409118652,0.23000001907348633,-2.7161247730255127,-4.52089786529541,-83.69143676757812
1791627983174999168,1791627983150038560,2026-10-10T18:26:23.174+08:00,0.6605424284934998,-2.0967602729797363,0.24000000953674316,-2.509230136871338,-4.443655967712402,-83.76144409179688
1791627983407841024,1791627983368364672,2026-10-10T18:26:23.407+08:00,0.6663246154785156,-2.1028764247894287,0.25,-1.587717890739441,-4.393058776855469,-83.82640075683594
1791627983641075040,1791627983617086016,2026-10-10T18:26:23.641+08:00,0.6777327060699463,-2.108297109603882,0.25,-0.7612432837486267,-4.31817626953125,-83.83219909667969
1791627983875436032,1791627983846965856,2026-10-10T18:26:23.875+08:00,0.6843640208244324,-2.113861083984375,0.24000000953674316,-1.0028553009033203,-4.1837310791015625,-83.71522521972656
1791627984107242240,1791627984092423744,2026-10-10T18:26:24.107+08:00,0.6834915280342102,-2.1176698207855225,0.24000000953674316,-1.7884416580200195,-3.981116533279419,-83.66323852539062
1791627984307274304,1791627984292037536,2026-10-10T18:26:24.307+08:00,0.6830853223800659,-2.1191964149475098,0.25,-2.099973440170288,-3.8158116340637207,-83.67401123046875
1791627984540616992,1791627984504338496,2026-10-10T18:26:24.540+08:00,0.6843239665031433,-2.1192383766174316,0.25,-2.0667922496795654,-3.7017571926116943,-83.69615173339844
1791627984741241024,1791627984708320800,2026-10-10T18:26:24.741+08:00,0.6846752166748047,-2.118525266647339,0.24000000953674316,-1.9428037405014038,-3.677847385406494,-83.69327545166016
1791627984975204192,1791627984945841920,2026-10-10T18:26:24.975+08:00,0.6834938526153564,-2.1170575618743896,0.25,-1.8415720462799072,-3.6734516620635986,-82.13079071044922
1791627985208367360,1791627985181900544,2026-10-10T18:26:25.208+08:00,0.6825754046440125,-2.115363359451294,0.25,-1.4698024988174438,-3.8048806190490723,-83.47759246826172
1791627985440938976,1791627985439026560,2026-10-10T18:26:25.440+08:00,0.6834318041801453,-2.113011598587036,0.25999999046325684,-1.314907193183899,-3.920283079147339,-83.91480255126953
1791627985641070304,1791627985638947104,2026-10-10T18:26:25.641+08:00,0.6837472319602966,-2.1106667518615723,0.25,-1.4836081266403198,-3.9940154552459717,-84.06124877929688
1791627985841151712,1791627985811951296,2026-10-10T18:26:25.841+08:00,0.6831849217414856,-2.1081268787384033,0.25,-1.7444636821746826,-4.03682804107666,-84.0818099975586
1791627986074580992,1791627986045232864,2026-10-10T18:26:26.074+08:00,0.6822559833526611,-2.1048367023468018,0.25,-2.1360108852386475,-4.057573318481445,-84.05406188964844
1791627986307680448,1791627986294387040,2026-10-10T18:26:26.307+08:00,0.6813467144966125,-2.1021018028259277,0.25999999046325684,-2.2081260681152344,-4.012619972229004,-84.04094696044922
1791627986508091072,1791627986475042016,2026-10-10T18:26:26.508+08:00,0.6807357668876648,-2.1004297733306885,0.25,-1.9736453294754028,-3.938223123550415,-84.02631378173828
1791627986741884192,1791627986710221088,2026-10-10T18:26:26.741+08:00,0.6802418828010559,-2.0984046459198,0.26999998092651367,-1.4817306995391846,-3.7831778526306152,-84.01119995117188
1791627986974708480,1791627986944343840,2026-10-10T18:26:26.974+08:00,0.6803773045539856,-2.0963234901428223,0.26999998092651367,-1.0263011455535889,-3.6081702709198,-83.8117904663086
1791627987209069952,1791627987182245568,2026-10-10T18:26:27.209+08:00,0.6850432753562927,-2.0910942554473877,0.2799999713897705,-0.5011598467826843,-3.4195516109466553,-83.42188262939453
1791627987440728224,1791627987435639136,2026-10-10T18:26:27.440+08:00,0.6915979385375977,-2.0850019454956055,0.26999998092651367,-0.22890231013298035,-3.2599594593048096,-83.24742126464844
1791627987673682272,1791627987668975456,2026-10-10T18:26:27.673+08:00,0.7016362547874451,-2.083547592163086,0.25999999046325684,-0.6404370069503784,-3.2648227214813232,-83.25257873535156
1791627987873952384,1791627987846856320,2026-10-10T18:26:27.873+08:00,0.7055477499961853,-2.0829625129699707,0.26999998092651367,-1.5282272100448608,-3.406332015991211,-83.21886444091797
1791627988074414496,1791627988044772096,2026-10-10T18:26:28.074+08:00,0.7052143812179565,-2.0830068588256836,0.25999999046325684,-2.6494228839874268,-3.6222033500671387,-83.20970153808594
1791627988307859744,1791627988280838112,2026-10-10T18:26:28.307+08:00,0.7038007378578186,-2.0845470428466797,0.25,-3.236860990524292,-3.853111743927002,-83.25743103027344
1791627988508190592,1791627988497994528,2026-10-10T18:26:28.508+08:00,0.7043901681900024,-2.0866055488586426,0.25,-2.825277805328369,-3.977956771850586,-83.29998779296875
1791627988708489920,1791627988702068096,2026-10-10T18:26:28.708+08:00,0.7056334614753723,-2.0881717205047607,0.25,-2.0422003269195557,-4.021431922912598,-83.30333709716797
1791627988940714592,1791627988938013376,2026-10-10T18:26:28.940+08:00,0.7056728601455688,-2.0898513793945312,0.26999998092651367,-1.1935056447982788,-4.036947727203369,-83.32234954833984
1791627989142080480,1791627989139477440,2026-10-10T18:26:29.142+08:00,0.7050614953041077,-2.0911355018615723,0.25999999046325684,-0.7869950532913208,-4.014679908752441,-83.36650848388672
1791627989373872384,1791627989360472768,2026-10-10T18:26:29.373+08:00,0.7049912214279175,-2.092841386795044,0.25999999046325684,-0.7172452211380005,-3.9243719577789307,-83.41008758544922
1791627989574215776,1791627989567507968,2026-10-10T18:26:29.574+08:00,0.7067387700080872,-2.0945966243743896,0.26999998092651367,-0.801760733127594,-3.788181781768799,-83.36035919189453
1791627989807944288,1791627989802711008,2026-10-10T18:26:29.807+08:00,0.7165036797523499,-2.0959584712982178,0.25999999046325684,-0.8137331604957581,-3.6429800987243652,-83.32896423339844
1791627990040749824,1791627990038852544,2026-10-10T18:26:30.040+08:00,0.723975658416748,-2.097429037094116,0.26999998092651367,-1.3053730726242065,-3.572573661804199,-83.23873138427734
1791627990274514784,1791627990233921280,2026-10-10T18:26:30.274+08:00,0.7254602313041687,-2.0987112522125244,0.25,-1.8843437433242798,-3.592677354812622,-83.21430969238281
1791627990474599616,1791627990435870016,2026-10-10T18:26:30.474+08:00,0.724726676940918,-2.099600076675415,0.25999999046325684,-2.302152395248413,-3.6408610343933105,-83.23271942138672
1791627990707253952,1791627990678827232,2026-10-10T18:26:30.707+08:00,0.7251534461975098,-2.0999813079833984,0.25999999046325684,-2.247300863265991,-3.69897723197937,-83.31249237060547
1791627990907467520,1791627990883038816,2026-10-10T18:26:30.907+08:00,0.7258162498474121,-2.0997040271759033,0.25999999046325684,-1.918031930923462,-3.7317891120910645,-83.3629379272461
1791627991141168000,1791627991120255200,2026-10-10T18:26:31.141+08:00,0.7253636717796326,-2.0991687774658203,0.25999999046325684,-1.515784502029419,-3.7799594402313232,-83.40690612792969
1791627991373848896,1791627991370834208,2026-10-10T18:26:31.373+08:00,0.7248903512954712,-2.0984129905700684,0.25,-1.1513292789459229,-3.8499603271484375,-83.46098327636719
1791627991574376320,1791627991572903712,2026-10-10T18:26:31.574+08:00,0.7251428961753845,-2.0972745418548584,0.25,-0.9636206030845642,-3.9124693870544434,-83.48641967773438
1791627991774624640,1791627991746989248,2026-10-10T18:26:31.774+08:00,0.7255319356918335,-2.095858335494995,0.26999998092651367,-1.0441786050796509,-3.9690310955047607,-83.5151596069336
1791627992007915360,1791627991980749056,2026-10-10T18:26:32.007+08:00,0.7260297536849976,-2.093360185623169,0.26999998092651367,-1.1512202024459839,-4.0147175788879395,-83.94195556640625
1791627992241497312,1791627992225123136,2026-10-10T18:26:32.241+08:00,0.7372049689292908,-2.093803644180298,0.25,-0.462578684091568,-4.072056770324707,-84.16877746582031
1791627992482247232,1791627992442171424,2026-10-10T18:26:32.482+08:00,0.7590336799621582,-2.098240613937378,0.26999998092651367,0.4550761878490448,-4.254774570465088,-84.18695831298828
1791627992707344128,1791627992681397152,2026-10-10T18:26:32.707+08:00,0.7786061763763428,-2.1076736450195312,0.25,0.454929381608963,-4.668323516845703,-84.03446960449219
1791627992907765632,1791627992880693824,2026-10-10T18:26:32.907+08:00,0.7865553498268127,-2.1171414852142334,0.25,-0.5704713463783264,-4.929182052612305,-83.80548858642578
1791627993141060384,1791627993114675584,2026-10-10T18:26:33.141+08:00,0.7896086573600769,-2.1297409534454346,0.25,-1.9307410717010498,-4.98831033706665,-83.62689971923828
1791627993373953888,1791627993364073056,2026-10-10T18:26:33.373+08:00,0.7926569581031799,-2.1473872661590576,0.24000000953674316,-2.8270041942596436,-4.7825927734375,-83.51127624511719
1791627993574431040,1791627993569006880,2026-10-10T18:26:33.574+08:00,0.7941739559173584,-2.1623032093048096,0.25,-2.882387399673462,-4.561092853546143,-83.4396743774414
1791627993807467072,1791627993801835904,2026-10-10T18:26:33.807+08:00,0.7939844131469727,-2.180734634399414,0.25,-2.339405059814453,-4.313096523284912,-83.39640808105469
1791627994008225920,1791627993971050464,2026-10-10T18:26:34.008+08:00,0.7944523692131042,-2.1934754848480225,0.25,-1.7485439777374268,-4.147634029388428,-83.38750457763672
1791627994241136480,1791627994209277696,2026-10-10T18:26:34.241+08:00,0.7951884269714355,-2.213887929916382,0.25,-0.9931179285049438,-3.887267589569092,-83.35974884033203
1791627994474557984,1791627994469868736,2026-10-10T18:26:34.474+08:00,0.7940611839294434,-2.237593173980713,0.25,-0.7308233380317688,-3.6737594604492188,-83.35204315185547
1791627994707194240,1791627994705524096,2026-10-10T18:26:34.707+08:00,0.7935517430305481,-2.2590041160583496,0.24000000953674316,-0.8835069537162781,-3.6002583503723145,-83.37153625488281
1791627994907572096,1791627994874398048,2026-10-10T18:26:34.907+08:00,0.7939688563346863,-2.273181676864624,0.25,-1.1251273155212402,-3.595865249633789,-83.37700653076172
1791627995107726848,1791627995077879104,2026-10-10T18:26:35.107+08:00,0.7943141460418701,-2.2935380935668945,0.24000000953674316,-1.5353432893753052,-3.652247190475464,-83.36661529541016
1791627995308123360,1791627995282079040,2026-10-10T18:26:35.308+08:00,0.7928828597068787,-2.3121278285980225,0.24000000953674316,-1.7990787029266357,-3.7789480686187744,-83.37593841552734
1791627995541070400,1791627995502711808,2026-10-10T18:26:35.541+08:00,0.7923805117607117,-2.3319923877716064,0.25,-1.737144947052002,-3.9444692134857178,-83.33536529541016
1791627995742365824,1791627995738846048,2026-10-10T18:26:35.742+08:00,0.7945727109909058,-2.353348731994629,0.25,-1.3669720888137817,-4.08201265335083,-83.30065155029297
1791627995975492448,1791627995942155712,2026-10-10T18:26:35.975+08:00,0.796605110168457,-2.3694159984588623,0.24000000953674316,-1.1793887615203857,-4.17221212387085,-83.29436492919922
1791627996207950912,1791627996177690912,2026-10-10T18:26:36.207+08:00,0.797736644744873,-2.387075424194336,0.25999999046325684,-1.095127820968628,-4.254765033721924,-83.43000793457031
1791627996440849600,1791627996432136448,2026-10-10T18:26:36.440+08:00,0.7999184727668762,-2.400386333465576,0.25,-1.1133878231048584,-4.2609686851501465,-83.4614486694336
1791627996673803776,1791627996667878976,2026-10-10T18:26:36.673+08:00,0.8010525107383728,-2.408743143081665,0.25,-1.2422200441360474,-4.179134845733643,-83.45287322998047
1791627996907335040,1791627996905422208,2026-10-10T18:26:36.907+08:00,0.8010354042053223,-2.4132845401763916,0.25999999046325684,-1.3150261640548706,-4.023510932922363,-83.43602752685547
1791627997111113408,1791627997101802336,2026-10-10T18:26:37.111+08:00,0.8013493418693542,-2.41485857963562,0.26999998092651367,-1.3299102783203125,-3.890645742416382,-83.40995025634766
1791627997340949376,1791627997333317568,2026-10-10T18:26:37.340+08:00,0.8016145825386047,-2.41502046585083,0.25999999046325684,-1.3272486925125122,-3.788367509841919,-83.38823699951172
1791627997542795584,1791627997532830752,2026-10-10T18:26:37.542+08:00,0.8016951680183411,-2.4145150184631348,0.26999998092651367,-1.293768048286438,-3.7501683235168457,-83.37735748291016
1791627997773907552,1791627997768171776,2026-10-10T18:26:37.773+08:00,0.8008061051368713,-2.410118341445923,0.25999999046325684,-1.2273452281951904,-3.782994270324707,-83.38483428955078
1791627997973981248,1791627997972142688,2026-10-10T18:26:37.973+08:00,0.8003108501434326,-2.4052908420562744,0.26999998092651367,-1.1090360879898071,-3.8574721813201904,-83.38970947265625
1791627998174084608,1791627998170807968,2026-10-10T18:26:38.174+08:00,0.8003748059272766,-2.399264097213745,0.25999999046325684,-1.0000159740447998,-3.9469494819641113,-83.38667297363281
1791627998407310496,1791627998402035072,2026-10-10T18:26:38.407+08:00,0.7996015548706055,-2.391042709350586,0.25999999046325684,-0.9906879663467407,-4.016812801361084,-83.38729858398438
1791627998640626400,1791627998634102144,2026-10-10T18:26:38.640+08:00,0.7987145185470581,-2.3833372592926025,0.2799999713897705,-1.0849660634994507,-4.029964923858643,-83.40436553955078
1791627998873803520,1791627998871683104,2026-10-10T18:26:38.873+08:00,0.7979267835617065,-2.374208450317383,0.25999999046325684,-1.3774347305297852,-4.00946569442749,-83.43568420410156
1791627999075321216,1791627999073001280,2026-10-10T18:26:39.075+08:00,0.7965831756591797,-2.367466926574707,0.26999998092651367,-1.5791176557540894,-3.968766689300537,-83.46751403808594
1791627999308070112,1791627999270878432,2026-10-10T18:26:39.308+08:00,0.7956027388572693,-2.3611865043640137,0.26999998092651367,-1.6844850778579712,-3.910670518875122,-83.51720428466797
1791627999508757664,1791627999503609344,2026-10-10T18:26:39.508+08:00,0.7954481244087219,-2.354644775390625,0.25999999046325684,-1.5860844850540161,-3.831731081008911,-83.57764434814453
1791627999741096064,1791627999710765088,2026-10-10T18:26:39.741+08:00,0.7954485416412354,-2.350242853164673,0.25999999046325684,-1.3882910013198853,-3.775378942489624,-83.60706329345703
1791627999941249056,1791627999913542336,2026-10-10T18:26:39.941+08:00,0.7948765158653259,-2.3468682765960693,0.25999999046325684,-1.228915810585022,-3.7481157779693604,-83.61837005615234
1791628000174134112,1791628000154589600,2026-10-10T18:26:40.174+08:00,0.7943415641784668,-2.343736410140991,0.26999998092651367,-1.2833837270736694,-3.7962348461151123,-83.59461975097656
1791628000374297440,1791628000368343456,2026-10-10T18:26:40.374+08:00,0.7944856882095337,-2.3414347171783447,0.28999996185302734,-1.1197689771652222,-4.086222171783447,-83.59412384033203
1791628000575108352,1791628000572821600,2026-10-10T18:26:40.575+08:00,0.7946616411209106,-2.339845895767212,0.309999942779541,-0.6348965764045715,-4.50851583480835,-83.57324981689453
1791628000808237312,1791628000776355616,2026-10-10T18:26:40.808+08:00,0.7952117919921875,-2.3382294178009033,0.33000004291534424,-0.011049328371882439,-5.090975761413574,-83.57136535644531
1791628001041549344,1791628001021813664,2026-10-10T18:26:41.041+08:00,0.7950816750526428,-2.3354132175445557,0.3700000047683716,0.6482834219932556,-5.985584735870361,-83.4814682006836
1791628001275053536,1791628001259669472,2026-10-10T18:26:41.275+08:00,0.79465252161026,-2.3330328464508057,0.3999999761581421,0.9826987981796265,-6.787946701049805,-83.2113265991211
1791628001507377280,1791628001484462976,2026-10-10T18:26:41.507+08:00,0.7945340275764465,-2.331402063369751,0.43999993801116943,1.0736315250396729,-7.431269645690918,-83.05899047851562
1791628001741017952,1791628001727124384,2026-10-10T18:26:41.741+08:00,0.7947861552238464,-2.328045129776001,0.48000001907348633,0.9624826312065125,-7.958835124969482,-82.8249740600586
1791628001973900192,1791628001960209056,2026-10-10T18:26:41.973+08:00,0.7939772009849548,-2.3237171173095703,0.5299999713897705,0.7593251466751099,-8.305218696594238,-82.50550842285156
1791628002175229120,1791628002163679328,2026-10-10T18:26:42.175+08:00,0.7937054634094238,-2.3197295665740967,0.5699999332427979,0.6358360648155212,-8.47205924987793,-82.25878143310547
1791628002407457568,1791628002398749408,2026-10-10T18:26:42.407+08:00,0.7930799126625061,-2.3147377967834473,0.6200000047683716,0.5729053020477295,-8.567127227783203,-82.02790832519531
1791628002607751584,1791628002600042112,2026-10-10T18:26:42.607+08:00,0.7925381064414978,-2.310635805130005,0.6599999666213989,0.5972367525100708,-8.565253257751465,-81.84516143798828
1791628002841312192,1791628002836514784,2026-10-10T18:26:42.841+08:00,0.7938733100891113,-2.3054652214050293,0.7100000381469727,0.6316075325012207,-8.493252754211426,-81.7310791015625
1791628003075245824,1791628003043442112,2026-10-10T18:26:43.075+08:00,0.7936073541641235,-2.300304889678955,0.7699999809265137,0.6384822130203247,-8.368203163146973,-81.62202453613281
1791628003307880704,1791628003260957664,2026-10-10T18:26:43.307+08:00,0.79300457239151,-2.293734550476074,0.8199999332427979,0.656217098236084,-8.20897102355957,-81.40342712402344
1791628003508509600,1791628003506277440,2026-10-10T18:26:43.508+08:00,0.7934540510177612,-2.287010431289673,0.8799999952316284,0.6997311115264893,-8.051877975463867,-81.21492004394531
1791628003741635200,1791628003712865856,2026-10-10T18:26:43.741+08:00,0.7941187024116516,-2.2799909114837646,0.9299999475479126,0.744581401348114,-7.933862209320068,-81.0820541381836
1791628003974705760,1791628003945271488,2026-10-10T18:26:43.974+08:00,0.7947752475738525,-2.2718238830566406,0.9800000190734863,0.8448047637939453,-7.804035663604736,-80.97087860107422
1791628004175500256,1791628004153889728,2026-10-10T18:26:44.175+08:00,0.794327437877655,-2.268894672393799,1.0299999713897705,0.7869699597358704,-7.546201229095459,-80.81970977783203
1791628004408901728,1791628004406882080,2026-10-10T18:26:44.408+08:00,0.7959579229354858,-2.267139196395874,1.0699999332427979,0.7164982557296753,-3.5554401874542236,-80.62049102783203
1791628004640568832,1791628004633716032,2026-10-10T18:26:44.640+08:00,0.7943344712257385,-2.263112783432007,1.0899999141693115,0.5434331893920898,1.0716763734817505,-80.45356750488281
1791628004840998176,1791628004835801472,2026-10-10T18:26:44.840+08:00,0.7936448454856873,-2.2562925815582275,1.0999999046325684,0.3125430643558502,2.7613937854766846,-80.38141632080078
1791628005074743872,1791628005042366624,2026-10-10T18:26:45.074+08:00,0.7930144667625427,-2.252634048461914,1.0899999141693115,0.33443570137023926,3.52398681640625,-80.23281860351562
1791628005307857824,1791628005286644288,2026-10-10T18:26:45.307+08:00,0.7952577471733093,-2.244731903076172,1.0799999237060547,0.3404827117919922,3.5410940647125244,-80.01338958740234
1791628005540863744,1791628005503629184,2026-10-10T18:26:45.540+08:00,0.796037495136261,-2.2371699810028076,1.0799999237060547,0.26947325468063354,3.0524542331695557,-79.77340698242188
1791628005773908000,1791628005770626720,2026-10-10T18:26:45.773+08:00,0.7965187430381775,-2.228878974914551,1.059999942779541,0.14940616488456726,1.9338457584381104,-79.46643829345703
1791628005977233664,1791628005947558944,2026-10-10T18:26:45.977+08:00,0.7963773012161255,-2.223881721496582,1.059999942779541,0.040880851447582245,0.9312170147895813,-79.24749755859375
1791628006207787904,1791628006176456320,2026-10-10T18:26:46.207+08:00,0.7960326671600342,-2.216614246368408,1.0499999523162842,-0.08620059490203857,-0.4015178978443146,-78.9832534790039
1791628006440938048,1791628006400784160,2026-10-10T18:26:46.440+08:00,0.7953744530677795,-2.2096405029296875,1.0499999523162842,-0.18635137379169464,-1.839572548866272,-78.67691040039062
1791628006641028512,1791628006614619776,2026-10-10T18:26:46.641+08:00,0.7962998747825623,-2.2029082775115967,1.0499999523162842,-0.21094205975532532,-2.887054443359375,-78.39976501464844
1791628006841199552,1791628006818446912,2026-10-10T18:26:46.841+08:00,0.7969934344291687,-2.196286916732788,1.0399999618530273,-0.1653587967157364,-3.683164119720459,-78.06159210205078
1791628007074555616,1791628007050508992,2026-10-10T18:26:47.074+08:00,0.7971855401992798,-2.1911723613739014,1.0399999618530273,0.06515955179929733,-3.617281913757324,-77.76667022705078
1791628007307171648,1791628007293334208,2026-10-10T18:26:47.307+08:00,0.7995992302894592,-2.185973644256592,1.0299999713897705,0.27246856689453125,-3.072092294692993,-77.44103240966797
1791628007507880160,1791628007482931264,2026-10-10T18:26:47.507+08:00,0.8028827905654907,-2.1812965869903564,1.0199999809265137,0.2898145020008087,-2.6952202320098877,-77.12229919433594
1791628007741434080,1791628007723690464,2026-10-10T18:26:47.741+08:00,0.8068981766700745,-2.1750218868255615,1.0199999809265137,0.13425569236278534,-2.508057117462158,-76.68303680419922
1791628007973951008,1791628007962887520,2026-10-10T18:26:47.973+08:00,0.8080110549926758,-2.1710798740386963,1.0099999904632568,-0.09167059510946274,-2.597811222076416,-76.21361541748047
1791628008173996608,1791628008168279456,2026-10-10T18:26:48.173+08:00,0.8074700236320496,-2.1671640872955322,1.0099999904632568,-0.2467217743396759,-2.805614471435547,-75.80511474609375
1791628008374400672,1791628008364392384,2026-10-10T18:26:48.374+08:00,0.8061780333518982,-2.161684274673462,1.0,-0.3018646538257599,-3.0619664192199707,-75.38729095458984
1791628008608022688,1791628008575489728,2026-10-10T18:26:48.608+08:00,0.8054629564285278,-2.1528375148773193,0.9900000095367432,-0.24569441378116608,-3.3103177547454834,-74.97491455078125
1791628008840977280,1791628008821203616,2026-10-10T18:26:48.840+08:00,0.8040403127670288,-2.1430413722991943,0.9900000095367432,-0.08821423351764679,-3.54498028755188,-74.4681396484375
1791628009073943584,1791628009052419328,2026-10-10T18:26:49.073+08:00,0.8040235042572021,-2.1382317543029785,0.9700000286102295,0.015635112300515175,-3.6261146068573,-74.06214904785156
1791628009273965696,1791628009265641632,2026-10-10T18:26:49.273+08:00,0.8012809753417969,-2.1331562995910645,0.9700000286102295,0.028322292491793633,-3.595978021621704,-73.67387390136719
1791628009474297920,1791628009469477920,2026-10-10T18:26:49.474+08:00,0.7993000745773315,-2.128251314163208,0.9600000381469727,-0.04426335170865059,-3.4884815216064453,-73.33056640625
1791628009674588128,1791628009670781280,2026-10-10T18:26:49.674+08:00,0.7940549254417419,-2.122964859008789,0.9500000476837158,-0.14908261597156525,-3.3322691917419434,-72.99393463134766
1791628009907742208,1791628009875063680,2026-10-10T18:26:49.907+08:00,0.7932286858558655,-2.1194958686828613,0.9399999380111694,-0.24063405394554138,-3.157160758972168,-72.67340087890625
1791628010109815584,1791628010078477344,2026-10-10T18:26:50.109+08:00,0.7940092086791992,-2.1163806915283203,0.9299999475479126,-0.29476669430732727,-2.9768688678741455,-72.34457397460938
1791628010340979136,1791628010337269312,2026-10-10T18:26:50.340+08:00,0.7948706150054932,-2.1132822036743164,0.9199999570846558,-0.27522602677345276,-2.818201780319214,-71.99263000488281
1791628010574035488,1791628010569425504,2026-10-10T18:26:50.574+08:00,0.795211136341095,-2.1104917526245117,0.9099999666213989,-0.2106810361146927,-2.750641107559204,-71.7197265625
1791628010807268960,1791628010804420064,2026-10-10T18:26:50.807+08:00,0.7958629727363586,-2.107419967651367,0.8999999761581421,-0.14388525485992432,-2.750351905822754,-71.43083190917969
1791628011007563584,1791628010982549152,2026-10-10T18:26:51.007+08:00,0.7966353297233582,-2.1053388118743896,0.8799999952316284,-0.12639616429805756,-2.7901360988616943,-71.21903228759766
1791628011241763488,1791628011216451712,2026-10-10T18:26:51.241+08:00,0.7972903847694397,-2.1029529571533203,0.8700000047683716,-0.1545032262802124,-2.8743531703948975,-70.93257141113281
1791628011442141792,1791628011439193472,2026-10-10T18:26:51.442+08:00,0.798210084438324,-2.101022243499756,0.8600000143051147,-0.2072012722492218,-2.9631547927856445,-70.6643295288086
1791628011673957984,1791628011642792640,2026-10-10T18:26:51.673+08:00,0.7992432117462158,-2.0995023250579834,0.8400000333786011,-0.3130166530609131,-3.0502071380615234,-70.48358917236328
1791628011874696512,1791628011850127936,2026-10-10T18:26:51.874+08:00,0.7996314764022827,-2.0985612869262695,0.8199999332427979,-0.5357633829116821,-3.1510415077209473,-70.35828399658203
1791628012107225888,1791628012090672704,2026-10-10T18:26:52.107+08:00,0.7993985414505005,-2.0976669788360596,0.8199999332427979,-0.8155021071434021,-3.2771050930023193,-70.26371002197266
1791628012307439520,1791628012294202752,2026-10-10T18:26:52.307+08:00,0.7992190718650818,-2.0967605113983154,0.7999999523162842,-0.9559041857719421,-3.372715711593628,-70.23597717285156
1791628012508297600,1791628012477431040,2026-10-10T18:26:52.508+08:00,0.7993977665901184,-2.0960772037506104,0.7899999618530273,-0.9884456396102905,-3.449887752532959,-70.19615936279297
1791628012741216352,1791628012715396096,2026-10-10T18:26:52.741+08:00,0.7996262907981873,-2.0953595638275146,0.7799999713897705,-0.9335454702377319,-3.505056858062744,-70.14400482177734
1791628012941424544,1791628012927152960,2026-10-10T18:26:52.941+08:00,0.7998254895210266,-2.0944888591766357,0.7699999809265137,-0.8289448618888855,-3.5272090435028076,-70.08101654052734
1791628013174407648,1791628013157459168,2026-10-10T18:26:53.174+08:00,0.8001375198364258,-2.0937366485595703,0.75,-0.7207117676734924,-3.520160436630249,-70.01132202148438
1791628013408801632,1791628013406475200,2026-10-10T18:26:53.408+08:00,0.8005748987197876,-2.092993974685669,0.7400000095367432,-0.6755769848823547,-3.4901199340820312,-69.94361114501953
1791628013641316608,1791628013639609408,2026-10-10T18:26:53.641+08:00,0.800765872001648,-2.092374324798584,0.7300000190734863,-0.6791040897369385,-3.450805187225342,-69.87939453125
1791628013874411232,1791628013858076384,2026-10-10T18:26:53.874+08:00,0.8007681965827942,-2.0918142795562744,0.7100000381469727,-0.6963960528373718,-3.419015645980835,-69.81333923339844
1791628014107250656,1791628014091734784,2026-10-10T18:26:54.107+08:00,0.8012588620185852,-2.0912435054779053,0.7000000476837158,-0.7270718216896057,-3.40090012550354,-69.74735260009766
1791628014307714752,1791628014259398528,2026-10-10T18:26:54.307+08:00,0.8017364144325256,-2.0910351276397705,0.6799999475479126,-0.7689193487167358,-3.397857189178467,-69.69331359863281
1791628014507791904,1791628014483423776,2026-10-10T18:26:54.507+08:00,0.8020657300949097,-2.0912532806396484,0.6699999570846558,-0.8361560702323914,-3.411214828491211,-69.64176940917969
1791628014740829600,1791628014719367360,2026-10-10T18:26:54.740+08:00,0.8024216294288635,-2.091674327850342,0.6499999761581421,-0.8869292736053467,-3.4425787925720215,-69.58427429199219
1791628014973773440,1791628014971545760,2026-10-10T18:26:54.973+08:00,0.802593469619751,-2.0923314094543457,0.6299999952316284,-0.8774469494819641,-3.486143112182617,-69.54159545898438
1791628015174211424,1791628015138028480,2026-10-10T18:26:55.174+08:00,0.8028030395507812,-2.0932486057281494,0.6200000047683716,-0.8499245047569275,-3.5193591117858887,-69.50175476074219
1791628015407559072,1791628015393436192,2026-10-10T18:26:55.407+08:00,0.8035821318626404,-2.0944933891296387,0.6100000143051147,-0.7995311617851257,-3.5488364696502686,-69.44198608398438
1791628015640536448,1791628015628397728,2026-10-10T18:26:55.640+08:00,0.8042057156562805,-2.095895767211914,0.6000000238418579,-0.7820677161216736,-3.5572938919067383,-69.38249969482422
1791628015840729184,1791628015832469056,2026-10-10T18:26:55.840+08:00,0.8048190474510193,-2.096942186355591,0.5800000429153442,-0.8037563562393188,-3.5518970489501953,-69.32821655273438
1791628016041004992,1791628016007659168,2026-10-10T18:26:56.041+08:00,0.8054240345954895,-2.0979490280151367,0.5699999332427979,-0.839011549949646,-3.540900468826294,-69.28575134277344
1791628016241041184,1791628016216415264,2026-10-10T18:26:56.241+08:00,0.8062209486961365,-2.0987443923950195,0.559999942779541,-0.8753461837768555,-3.5227582454681396,-69.2310562133789
1791628016474400096,1791628016437371200,2026-10-10T18:26:56.474+08:00,0.8071047067642212,-2.0996925830841064,0.5399999618530273,-0.9136608242988586,-3.499286413192749,-69.1410140991211
1791628016707573056,1791628016686482208,2026-10-10T18:26:56.707+08:00,0.8076602816581726,-2.1006853580474854,0.5299999713897705,-0.9128183126449585,-3.4894628524780273,-69.10164642333984
1791628016907712832,1791628016887436320,2026-10-10T18:26:56.907+08:00,0.8079423904418945,-2.101383686065674,0.5199999809265137,-0.878028392791748,-3.4889323711395264,-69.05353546142578
1791628017107862464,1791628017087243968,2026-10-10T18:26:57.107+08:00,0.8085262179374695,-2.1023237705230713,0.5099999904632568,-0.828071653842926,-3.4978811740875244,-68.97537231445312
1791628017340664448,1791628017289933952,2026-10-10T18:26:57.340+08:00,0.809572160243988,-2.1034371852874756,0.5,-0.8015570044517517,-3.51400089263916,-68.90515899658203
1791628017540735392,1791628017508459072,2026-10-10T18:26:57.540+08:00,0.8106709122657776,-2.1043848991394043,0.48000001907348633,-0.8269473314285278,-3.531731128692627,-68.83970642089844
1791628017741558272,1791628017710460224,2026-10-10T18:26:57.741+08:00,0.8114317059516907,-2.1053109169006348,0.4700000286102295,-0.8807892203330994,-3.5514719486236572,-68.77865600585938
1791628017974414848,1791628017955239616,2026-10-10T18:26:57.974+08:00,0.8117727041244507,-2.10654354095459,0.4500000476837158,-0.952867865562439,-3.581634759902954,-68.72024536132812
1791628018174581856,1791628018162173792,2026-10-10T18:26:58.174+08:00,0.8120253086090088,-2.1080751419067383,0.4299999475479126,-0.9721072912216187,-3.6038835048675537,-68.68389892578125
1791628018378489472,1791628018350393088,2026-10-10T18:26:58.378+08:00,0.8126185536384583,-2.109454870223999,0.43999993801116943,-0.9498589038848877,-3.607581377029419,-68.65274047851562
1791628018610511648,1791628018576800736,2026-10-10T18:26:58.610+08:00,0.8136296272277832,-2.1113369464874268,0.4099999666213989,-0.9233300685882568,-3.5943024158477783,-68.61054992675781
1791628018844736256,1791628018821627328,2026-10-10T18:26:58.844+08:00,0.8146477341651917,-2.1130993366241455,0.3999999761581421,-0.9355348348617554,-3.5748038291931152,-68.57835388183594
1791628019073808384,1791628019060664672,2026-10-10T18:26:59.073+08:00,0.8153679370880127,-2.114877700805664,0.38999998569488525,-0.9713744521141052,-3.5536000728607178,-68.54729461669922
1791628019274241024,1791628019263059808,2026-10-10T18:26:59.274+08:00,0.8157476782798767,-2.1166162490844727,0.3799999952316284,-0.9992800354957581,-3.5224387645721436,-68.51161193847656
1791628019507107808,1791628019495920224,2026-10-10T18:26:59.507+08:00,0.8163646459579468,-2.1188530921936035,0.3700000047683716,-1.013169527053833,-3.471648931503296,-68.47052001953125
1791628019707445504,1791628019702464992,2026-10-10T18:26:59.707+08:00,0.8172924518585205,-2.12033748626709,0.36000001430511475,-1.00873601436615,-3.4360525608062744,-68.45014953613281
1791628019910365728,1791628019903646784,2026-10-10T18:26:59.910+08:00,0.8180803060531616,-2.1219658851623535,0.3500000238418579,-1.0186030864715576,-3.4164814949035645,-68.41915893554688
1791628020140862752,1791628020108651840,2026-10-10T18:27:00.140+08:00,0.8186846375465393,-2.1236863136291504,0.3400000333786011,-1.0383301973342896,-3.4050514698028564,-68.36846923828125
1791628020374966016,1791628020373176768,2026-10-10T18:27:00.374+08:00,0.8194237351417542,-2.1258060932159424,0.31999993324279785,-1.060590386390686,-3.387833595275879,-68.32357025146484
1791628020608107200,1791628020606468896,2026-10-10T18:27:00.608+08:00,0.8204979300498962,-2.1273787021636963,0.309999942779541,-1.0719658136367798,-3.3796627521514893,-68.27861022949219
1791628020808879456,1791628020781794560,2026-10-10T18:27:00.808+08:00,0.7957351207733154,-2.3527350425720215,0.2999999523162842,-1.0897756814956665,-3.3893535137176514,-68.25057220458984
1791628021041110528,1791628021016035936,2026-10-10T18:27:01.041+08:00,0.7962766289710999,-2.3538427352905273,0.2999999523162842,-1.151490330696106,-3.418849229812622,-68.2153549194336
1791628021241321056,1791628021221696640,2026-10-10T18:27:01.241+08:00,0.7941673994064331,-2.35514497756958,0.2799999713897705,-1.5979171991348267,-3.479229688644409,-68.91954803466797
1791628021473753696,1791628021470766784,2026-10-10T18:27:01.473+08:00,0.7770265340805054,-2.358527183532715,0.26999998092651367,-2.6330318450927734,-3.35689640045166,-70.76283264160156
1791628021674424384,1791628021671547840,2026-10-10T18:27:01.674+08:00,0.7617701292037964,-2.358919143676758,0.26999998092651367,-2.8334877490997314,-3.3189990520477295,-72.77784729003906
1791628021907791744,1791628021875760704,2026-10-10T18:27:01.907+08:00,0.7527098059654236,-2.354670763015747,0.26999998092651367,-2.1590218544006348,-3.3987534046173096,-74.80961608886719
1791628022108866656,1791628022081951808,2026-10-10T18:27:02.108+08:00,0.7465733885765076,-2.3470795154571533,0.2799999713897705,-0.9995062947273254,-3.523131847381592,-76.77801513671875
1791628022341244704,1791628022285283616,2026-10-10T18:27:02.341+08:00,0.7416852116584778,-2.3392438888549805,0.2799999713897705,-0.16701152920722961,-3.604335308074951,-78.19357299804688
1791628022574578336,1791628022543355136,2026-10-10T18:27:02.574+08:00,0.7355920672416687,-2.3274333477020264,0.26999998092651367,0.3588953912258148,-3.6705048084259033,-79.63937377929688
1791628022807839232,1791628022777284000,2026-10-10T18:27:02.807+08:00,0.7328419089317322,-2.3159008026123047,0.2799999713897705,0.34997543692588806,-3.6762685775756836,-80.60134887695312
1791628023040802560,1791628023015067008,2026-10-10T18:27:03.040+08:00,0.7318828701972961,-2.305133104324341,0.25999999046325684,-0.10965979099273682,-3.6691110134124756,-81.22393798828125
1791628023273705600,1791628023252671328,2026-10-10T18:27:03.273+08:00,0.7306816577911377,-2.292175531387329,0.25999999046325684,-0.861973226070404,-3.722881317138672,-81.69388580322266
1791628023475176448,1791628023470243872,2026-10-10T18:27:03.475+08:00,0.7298835515975952,-2.278740406036377,0.25999999046325684,-1.3255921602249146,-3.801856279373169,-82.01451873779297
1791628023707647520,1791628023704467232,2026-10-10T18:27:03.707+08:00,0.7295262217521667,-2.2629504203796387,0.28999996185302734,-1.425418496131897,-3.915452003479004,-82.29083251953125
1791628023941315968,1791628023911151328,2026-10-10T18:27:03.941+08:00,0.7293302416801453,-2.2487409114837646,0.2799999713897705,-1.2833507061004639,-4.0067901611328125,-82.44935607910156
1791628024174732736,1791628024143444448,2026-10-10T18:27:04.174+08:00,0.728590190410614,-2.231825828552246,0.2799999713897705,-1.0138846635818481,-4.0860395431518555,-82.59886169433594
1791628024407973088,1791628024396760352,2026-10-10T18:27:04.407+08:00,0.727351188659668,-2.2135770320892334,0.2999999523162842,-0.7401127815246582,-4.136393070220947,-82.72892761230469
1791628024640672960,1791628024633388416,2026-10-10T18:27:04.640+08:00,0.7280520796775818,-2.1962785720825195,0.2999999523162842,-0.6293084025382996,-4.127456188201904,-82.78679656982422
1791628024841265664,1791628024839632608,2026-10-10T18:27:04.841+08:00,0.7299219369888306,-2.179734706878662,0.2999999523162842,-0.7964184284210205,-4.065203666687012,-82.81672668457031
1791628025073779808,1791628025072096736,2026-10-10T18:27:05.073+08:00,0.7299296855926514,-2.1622815132141113,0.309999942779541,-1.2657601833343506,-3.9696452617645264,-82.85739135742188
1791628025274124864,1791628025251319680,2026-10-10T18:27:05.274+08:00,0.7285400032997131,-2.1488513946533203,0.309999942779541,-1.6004482507705688,-3.877129554748535,-82.9942855834961
1791628025474482560,1791628025472362080,2026-10-10T18:27:05.474+08:00,0.7279306650161743,-2.1329281330108643,0.31999993324279785,-1.7903984785079956,-3.7359490394592285,-83.0501937866211
1791628025675064960,1791628025644278144,2026-10-10T18:27:05.675+08:00,0.7274799942970276,-2.1232728958129883,0.31999993324279785,-1.8464943170547485,-3.630269765853882,-83.0240478515625
1791628025907558784,1791628025882668800,2026-10-10T18:27:05.907+08:00,0.7250958681106567,-2.1143951416015625,0.31999993324279785,-1.774919867515564,-3.5184106826782227,-82.92887878417969
1791628026140453664,1791628026121842624,2026-10-10T18:27:06.140+08:00,0.7237415313720703,-2.1092581748962402,0.31999993324279785,-1.4820984601974487,-3.4892122745513916,-82.8149185180664
1791628026340612928,1791628026338094240,2026-10-10T18:27:06.340+08:00,0.7222561836242676,-2.107541799545288,0.33000004291534424,-1.4780642986297607,-3.5386850833892822,-82.64989471435547
1791628026540617728,1791628026533159136,2026-10-10T18:27:06.540+08:00,0.7180310487747192,-2.106736183166504,0.31999993324279785,-1.6729793548583984,-3.6450462341308594,-82.52133178710938
1791628026741967104,1791628026740277632,2026-10-10T18:27:06.741+08:00,0.7135584354400635,-2.106471538543701,0.33000004291534424,-1.6863657236099243,-3.8205132484436035,-82.4177017211914
1791628026943663904,1791628026907766240,2026-10-10T18:27:06.943+08:00,0.7128477096557617,-2.106874465942383,0.33000004291534424,-1.4715192317962646,-3.9339332580566406,-82.36504364013672
1791628027174209696,1791628027142877536,2026-10-10T18:27:07.174+08:00,0.7138816118240356,-2.107968330383301,0.33000004291534424,-1.069618582725525,-4.035489559173584,-82.42326354980469
1791628027374579232,1791628027360181152,2026-10-10T18:27:07.374+08:00,0.7141228914260864,-2.1088027954101562,0.3400000333786011,-0.8869292736053467,-4.023602485656738,-82.41144561767578
1791628027574653248,1791628027565426976,2026-10-10T18:27:07.574+08:00,0.7140584588050842,-2.109774589538574,0.33000004291534424,-0.8966928720474243,-3.9426746368408203,-82.40837097167969
1791628027807572096,1791628027801230144,2026-10-10T18:27:07.807+08:00,0.7132425308227539,-2.1123316287994385,0.33000004291534424,-1.0173702239990234,-3.7843127250671387,-82.40711212158203
1791628028041055808,1791628028031282560,2026-10-10T18:27:08.041+08:00,0.7121829390525818,-2.1146340370178223,0.33000004291534424,-1.1346020698547363,-3.612637758255005,-82.46011352539062
1791628028273696544,1791628028270176448,2026-10-10T18:27:08.273+08:00,0.7127323746681213,-2.1164979934692383,0.33000004291534424,-1.135424017906189,-3.415848731994629,-82.4923095703125
1791628028474093184,1791628028460093920,2026-10-10T18:27:08.474+08:00,0.7137928009033203,-2.118285655975342,0.33000004291534424,-1.1605098247528076,-3.2792282104492188,-82.5024185180664
1791628028707626368,1791628028692963904,2026-10-10T18:27:08.707+08:00,0.7136796116828918,-2.120556116104126,0.33000004291534424,-1.2523425817489624,-3.1825664043426514,-82.50135803222656
1791628028907756032,1791628028897263584,2026-10-10T18:27:08.907+08:00,0.7130604386329651,-2.122776746749878,0.33000004291534424,-1.2612990140914917,-3.148433208465576,-82.49901580810547
1791628029107764288,1791628029102110400,2026-10-10T18:27:09.107+08:00,0.7135397791862488,-2.124570846557617,0.33000004291534424,-1.1519094705581665,-3.1651487350463867,-82.50121307373047
1791628029307847200,1791628029265272000,2026-10-10T18:27:09.307+08:00,0.7143190503120422,-2.1257870197296143,0.33000004291534424,-1.0615342855453491,-3.2044029235839844,-82.51085662841797
1791628029540974144,1791628029502159680,2026-10-10T18:27:09.540+08:00,0.7149628400802612,-2.1277074813842773,0.33000004291534424,-1.0577220916748047,-3.303147554397583,-82.509033203125
1791628029741444032,1791628029705825984,2026-10-10T18:27:09.741+08:00,0.7147557139396667,-2.1290338039398193,0.31999993324279785,-1.125580072402954,-3.402336597442627,-82.4869613647461
1791628029973990592,1791628029948097728,2026-10-10T18:27:09.973+08:00,0.7149190306663513,-2.1307897567749023,0.31999993324279785,-1.1890292167663574,-3.4992594718933105,-82.48529052734375
1791628030207406752,1791628030186552672,2026-10-10T18:27:10.207+08:00,0.7153926491737366,-2.1327390670776367,0.33000004291534424,-1.2680152654647827,-3.5390961170196533,-82.50521087646484
1791628030407592128,1791628030370787680,2026-10-10T18:27:10.407+08:00,0.7154873609542847,-2.1339824199676514,0.31999993324279785,-1.350498080253601,-3.538618564605713,-82.50605773925781
1791628030641257216,1791628030610852768,2026-10-10T18:27:10.641+08:00,0.7153685688972473,-2.1351027488708496,0.33000004291534424,-1.4251645803451538,-3.5178756713867188,-82.5232925415039
1791628030874121504,1791628030853171392,2026-10-10T18:27:10.874+08:00,0.715297281742096,-2.135521650314331,0.31999993324279785,-1.411699891090393,-3.4711458683013916,-82.54786682128906
1791628031108074176,1791628031086243136,2026-10-10T18:27:11.108+08:00,0.7158918380737305,-2.1347434520721436,0.31999993324279785,-1.1930742263793945,-3.3927114009857178,-82.59293365478516
1791628031309075872,1791628031292251904,2026-10-10T18:27:11.309+08:00,0.7219055891036987,-2.130216360092163,0.31999993324279785,-0.45902520418167114,-3.246558666229248,-82.78816223144531
1791628031541260320,1791628031509727232,2026-10-10T18:27:11.541+08:00,0.7405954599380493,-2.1283717155456543,0.33000004291534424,0.7037135362625122,-3.2073006629943848,-82.79734802246094
1791628031773830592,1791628031742606880,2026-10-10T18:27:11.773+08:00,0.7649220824241638,-2.132521152496338,0.31999993324279785,1.2452195882797241,-3.5851926803588867,-82.76923370361328
1791628031974655808,1791628031947285408,2026-10-10T18:27:11.974+08:00,0.776282548904419,-2.1391100883483887,0.31999993324279785,0.4035796821117401,-3.9876577854156494,-82.6372299194336
1791628032207364096,1791628032182296512,2026-10-10T18:27:12.207+08:00,0.7810775637626648,-2.149932861328125,0.309999942779541,-1.4874626398086548,-4.347738265991211,-82.47294616699219
1791628032441260096,1791628032432469344,2026-10-10T18:27:12.441+08:00,0.7837218046188354,-2.1628689765930176,0.2999999523162842,-2.9857428073883057,-4.483281135559082,-82.42271423339844
1791628032642819680,1791628032605141984,2026-10-10T18:27:12.642+08:00,0.7852795124053955,-2.1733109951019287,0.2999999523162842,-3.407217025756836,-4.4692158699035645,-82.41410827636719
1791628032846785856,1791628032808849600,2026-10-10T18:27:12.846+08:00,0.7867876887321472,-2.1863021850585938,0.2999999523162842,-3.153459072113037,-4.361067771911621,-82.4133529663086
1791628033074737152,1791628033046262816,2026-10-10T18:27:13.074+08:00,0.7879883050918579,-2.2033042907714844,0.2999999523162842,-2.2701218128204346,-4.1557207107543945,-82.41191864013672
1791628033307813312,1791628033276945664,2026-10-10T18:27:13.307+08:00,0.787926197052002,-2.22218656539917,0.309999942779541,-1.3438540697097778,-3.952936887741089,-82.41631317138672
1791628033540420800,1791628033528910880,2026-10-10T18:27:13.540+08:00,0.7869411110877991,-2.241267442703247,0.2999999523162842,-0.7900627255439758,-3.802476406097412,-82.3718032836914
1791628033741337440,1791628033729971584,2026-10-10T18:27:13.741+08:00,0.7865051031112671,-2.2576825618743896,0.2999999523162842,-0.6932646036148071,-3.7292349338531494,-82.3819580078125
1791628033977475488,1791628033962870176,2026-10-10T18:27:13.977+08:00,0.7873902916908264,-2.2777528762817383,0.2999999523162842,-1.0321180820465088,-3.718086004257202,-82.4231948852539
1791628034207686400,1791628034204110592,2026-10-10T18:27:14.207+08:00,0.787848711013794,-2.2982378005981445,0.309999942779541,-1.6564419269561768,-3.8012304306030273,-82.4793701171875
1791628034408116000,1791628034398171264,2026-10-10T18:27:14.408+08:00,0.7868898510932922,-2.315883159637451,0.2999999523162842,-2.0806643962860107,-3.9205291271209717,-82.49608612060547
1791628034640888480,1791628034637194944,2026-10-10T18:27:14.640+08:00,0.7865607738494873,-2.3377461433410645,0.2999999523162842,-2.176790714263916,-4.060144901275635,-82.49214935302734
1791628034874256416,1791628034871059104,2026-10-10T18:27:14.874+08:00,0.7873285412788391,-2.3575074672698975,0.2999999523162842,-1.9495280981063843,-4.127319812774658,-82.48963928222656
1791628035107520768,1791628035104038912,2026-10-10T18:27:15.107+08:00,0.7878850698471069,-2.3788585662841797,0.309999942779541,-1.5166090726852417,-4.11754035949707,-82.49557495117188
1791628035308039200,1791628035270947616,2026-10-10T18:27:15.308+08:00,0.7888581156730652,-2.3913352489471436,0.309999942779541,-1.1734002828598022,-4.062203407287598,-82.51123046875
1791628035541823168,1791628035531130816,2026-10-10T18:27:15.541+08:00,0.7904821038246155,-2.408583402633667,0.31999993324279785,-0.8394655585289001,-3.89322829246521,-82.51617431640625
1791628035773953792,1791628035762999968,2026-10-10T18:27:15.773+08:00,0.7921804785728455,-2.421443462371826,0.309999942779541,-0.8879160284996033,-3.680455207824707,-82.50452423095703
1791628036014101440,1791628036001982880,2026-10-10T18:27:16.014+08:00,0.7934213280677795,-2.430680274963379,0.31999993324279785,-1.1743974685668945,-3.4785826206207275,-82.48137664794922
1791628036240949472,1791628036231957184,2026-10-10T18:27:16.240+08:00,0.794436514377594,-2.436131000518799,0.309999942779541,-1.4768381118774414,-3.3504586219787598,-82.4696044921875
1791628036441467616,1791628036422974720,2026-10-10T18:27:16.441+08:00,0.7950166463851929,-2.4389736652374268,0.309999942779541,-1.670453429222107,-3.292316198348999,-82.44120025634766
1791628036674150976,1791628036664921760,2026-10-10T18:27:16.674+08:00,0.7949519157409668,-2.440359115600586,0.31999993324279785,-1.6770989894866943,-3.3020126819610596,-82.42909240722656
1791628036875209504,1791628036865932384,2026-10-10T18:27:16.875+08:00,0.7946268320083618,-2.4401090145111084,0.309999942779541,-1.4864779710769653,-3.3616018295288086,-82.40824127197266
1791628037107444896,1791628037102260160,2026-10-10T18:27:17.107+08:00,0.7945019602775574,-2.438326120376587,0.31999993324279785,-1.169782280921936,-3.457825183868408,-82.36483764648438
1791628037307851808,1791628037264912576,2026-10-10T18:27:17.307+08:00,0.7947652339935303,-2.436108350753784,0.31999993324279785,-1.0419402122497559,-3.5277814865112305,-82.32447052001953
1791628037540614464,1791628037532646784,2026-10-10T18:27:17.540+08:00,0.7952591180801392,-2.431800127029419,0.309999942779541,-1.1119036674499512,-3.638634204864502,-82.27583312988281
1791628037774191808,1791628037770429632,2026-10-10T18:27:17.774+08:00,0.7950812578201294,-2.4273555278778076,0.309999942779541,-1.459715723991394,-3.7048068046569824,-82.26420593261719
1791628038007201632,1791628038001870464,2026-10-10T18:27:18.007+08:00,0.7932052612304688,-2.421753168106079,0.31999993324279785,-1.7611037492752075,-3.7068235874176025,-82.31218719482422
1791628038207764992,1791628038205807840,2026-10-10T18:27:18.207+08:00,0.7923829555511475,-2.4163637161254883,0.31999993324279785,-1.7677561044692993,-3.654771566390991,-82.35297393798828
1791628038440894848,1791628038432225408,2026-10-10T18:27:18.440+08:00,0.7921890616416931,-2.410623073577881,0.31999993324279785,-1.6130952835083008,-3.563847064971924,-82.38378143310547
1791628038641117376,1791628038603012416,2026-10-10T18:27:18.641+08:00,0.7915482521057129,-2.4062790870666504,0.31999993324279785,-1.4772398471832275,-3.4826488494873047,-82.4040298461914
1791628038873791520,1791628038871687744,2026-10-10T18:27:18.873+08:00,0.7901636958122253,-2.4003283977508545,0.31999993324279785,-1.2649887800216675,-3.3796441555023193,-82.45594787597656
1791628039073899456,1791628039043977920,2026-10-10T18:27:19.073+08:00,0.7897635698318481,-2.396703004837036,0.31999993324279785,-1.1440379619598389,-3.3202967643737793,-82.48296356201172
1791628039274544416,1791628039245969760,2026-10-10T18:27:19.274+08:00,0.7896777391433716,-2.3932647705078125,0.31999993324279785,-1.132472038269043,-3.2785816192626953,-82.49176025390625
1791628039507235584,1791628039489451488,2026-10-10T18:27:19.507+08:00,0.7894867658615112,-2.3893849849700928,0.33000004291534424,-1.290624976158142,-3.2987279891967773,-82.52544403076172
1791628039707645920,1791628039691002304,2026-10-10T18:27:19.707+08:00,0.7895623445510864,-2.3862686157226562,0.3400000333786011,-1.2838486433029175,-3.5095181465148926,-82.4400405883789
1791628039940767264,1791628039924743008,2026-10-10T18:27:19.940+08:00,0.7897319793701172,-2.3838000297546387,0.36000001430511475,-0.8582665920257568,-4.002983570098877,-82.3641128540039
1791628040173684864,1791628040166639232,2026-10-10T18:27:20.173+08:00,0.7897006869316101,-2.3821237087249756,0.38999998569488525,-0.18238596618175507,-4.710427761077881,-82.3192138671875
1791628040374786016,1791628040358219968,2026-10-10T18:27:20.374+08:00,0.7898692488670349,-2.3812882900238037,0.4099999666213989,0.29457560181617737,-5.3986406326293945,-82.14341735839844
1791628040607242752,1791628040599412288,2026-10-10T18:27:20.607+08:00,0.7906515598297119,-2.38096284866333,0.4500000476837158,0.5609071254730225,-6.223384380340576,-81.9860610961914
1791628040807325888,1791628040803262560,2026-10-10T18:27:20.807+08:00,0.791584849357605,-2.3793551921844482,0.48000001907348633,0.5519236922264099,-6.850800037384033,-81.90860748291016
1791628041008230112,1791628040976038528,2026-10-10T18:27:21.008+08:00,0.7915618419647217,-2.3776416778564453,0.5,0.44033288955688477,-7.280178070068359,-81.80278778076172
1791628041241369472,1791628041218888064,2026-10-10T18:27:21.241+08:00,0.7923265695571899,-2.3743040561676025,0.559999942779541,0.33539748191833496,-7.774963855743408,-81.60221862792969
1791628041474500768,1791628041463088608,2026-10-10T18:27:21.474+08:00,0.7938562631607056,-2.3702356815338135,0.6100000143051147,0.3445993661880493,-8.029342651367188,-81.50981903076172
1791628041707413088,1791628041704063904,2026-10-10T18:27:21.707+08:00,0.7932319641113281,-2.367464542388916,0.6599999666213989,0.3643759787082672,-8.130885124206543,-81.33281707763672
1791628041940681024,1791628041932419264,2026-10-10T18:27:21.940+08:00,0.7941854000091553,-2.362420082092285,0.7000000476837158,0.4133358597755432,-8.103147506713867,-81.01835632324219
1791628042174072640,1791628042166894400,2026-10-10T18:27:22.174+08:00,0.7952615022659302,-2.3568227291107178,0.7599999904632568,0.385082870721817,-7.995224952697754,-80.74840545654297
1791628042374534432,1791628042364864288,2026-10-10T18:27:22.374+08:00,0.7952890396118164,-2.351632595062256,0.7999999523162842,0.40153196454048157,-7.890525817871094,-80.6322250366211
1791628042608177248,1791628042606626272,2026-10-10T18:27:22.608+08:00,0.7965813875198364,-2.3447296619415283,0.8600000143051147,0.4727250635623932,-7.755422115325928,-80.42394256591797
1791628042808454368,1791628042802824864,2026-10-10T18:27:22.808+08:00,0.810429036617279,-2.337416887283325,0.9099999666213989,0.6375390291213989,-7.664698123931885,-80.30697631835938
1791628043008513792,1791628042982903040,2026-10-10T18:27:23.008+08:00,0.8204748034477234,-2.3312785625457764,0.9500000476837158,0.8987651467323303,-7.595438480377197,-80.71234130859375
1791628043242266784,1791628043217343616,2026-10-10T18:27:23.242+08:00,0.815613865852356,-2.3385355472564697,1.0099999904632568,1.225898265838623,-7.244341850280762,-81.18838500976562
1791628043473745248,1791628043453926400,2026-10-10T18:27:23.473+08:00,0.8173726797103882,-2.3599367141723633,1.0499999523162842,1.1858950853347778,-5.220793724060059,-81.30901336669922
1791628043673975712,1791628043657637408,2026-10-10T18:27:23.673+08:00,0.8160005211830139,-2.3579561710357666,1.0699999332427979,0.9037295579910278,0.04321032017469406,-81.3753890991211
1791628043874199392,1791628043854296896,2026-10-10T18:27:23.874+08:00,0.8142717480659485,-2.349911689758301,1.0899999141693115,0.502953827381134,3.086052656173706,-81.35824584960938
1791628044108112224,1791628044093794528,2026-10-10T18:27:24.108+08:00,0.8117092251777649,-2.338761329650879,1.0899999141693115,0.13116487860679626,4.391637802124023,-81.2188720703125
1791628044340704928,1791628044332176768,2026-10-10T18:27:24.340+08:00,0.8103302121162415,-2.327934980392456,1.0899999141693115,0.16169898211956024,5.110422134399414,-81.03279113769531
1791628044541708128,1791628044520969376,2026-10-10T18:27:24.541+08:00,0.8096984624862671,-2.3193464279174805,1.0799999237060547,0.23652783036231995,5.06795597076416,-80.87061309814453
1791628044742354304,1791628044718199072,2026-10-10T18:27:24.742+08:00,0.8095645904541016,-2.3110790252685547,1.0699999332427979,0.2624639570713043,4.407671928405762,-80.66690063476562
1791628044973896928,1791628044956705184,2026-10-10T18:27:24.973+08:00,0.8120872974395752,-2.301384210586548,1.0699999332427979,0.21244196593761444,2.9625916481018066,-80.33442687988281
1791628045174155968,1791628045156898848,2026-10-10T18:27:25.174+08:00,0.8155933022499084,-2.292649269104004,1.059999942779541,0.14173218607902527,1.4072028398513794,-79.96910095214844
1791628045375002272,1791628045372201632,2026-10-10T18:27:25.375+08:00,0.8157473802566528,-2.2910192012786865,1.0499999523162842,0.07209710031747818,-0.27482447028160095,-79.5274887084961
1791628045608504288,1791628045584706368,2026-10-10T18:27:25.608+08:00,0.8153281807899475,-2.2845640182495117,1.0499999523162842,0.010232602246105671,-2.048762083053589,-78.97350311279297
1791628045841012160,1791628045818929696,2026-10-10T18:27:25.841+08:00,0.8173099160194397,-2.274608612060547,1.0399999618530273,-0.024915799498558044,-3.6955313682556152,-78.28448486328125
1791628046074355776,1791628046053127424,2026-10-10T18:27:26.074+08:00,0.8167539238929749,-2.266528844833374,1.0299999713897705,-0.10604818165302277,-4.741876602172852,-77.61444091796875
1791628046308309760,1791628046289752512,2026-10-10T18:27:26.308+08:00,0.8164392709732056,-2.257530927658081,1.0199999809265137,-0.20982062816619873,-5.351688861846924,-76.85070037841797
1791628046508617600,1791628046483961344,2026-10-10T18:27:26.508+08:00,0.8161168694496155,-2.248764991760254,1.0199999809265137,-0.2805615961551666,-5.478434085845947,-76.18846130371094
1791628046741404000,1791628046715624864,2026-10-10T18:27:26.741+08:00,0.8151808977127075,-2.2384531497955322,1.0199999809265137,-0.32165011763572693,-5.2830634117126465,-75.43247985839844
1791628046974218880,1791628046932553952,2026-10-10T18:27:26.974+08:00,0.814150869846344,-2.2278504371643066,1.0199999809265137,-0.3354054391384125,-4.838456153869629,-74.65465545654297
1791628047174257344,1791628047172638816,2026-10-10T18:27:27.174+08:00,0.8151882290840149,-2.221863269805908,1.0099999904632568,-0.3722772002220154,-4.216337203979492,-73.79844665527344
1791628047407790816,1791628047397984960,2026-10-10T18:27:27.407+08:00,0.8169071674346924,-2.2142891883850098,1.0099999904632568,-0.4339175820350647,-3.6003377437591553,-72.97386932373047
1791628047641314464,1791628047602150816,2026-10-10T18:27:27.641+08:00,0.814216673374176,-2.203402280807495,1.0,-0.48857975006103516,-3.1596641540527344,-72.32754516601562
1791628047874489888,1791628047839053120,2026-10-10T18:27:27.874+08:00,0.8116987347602844,-2.1952836513519287,0.9900000095367432,-0.5180028080940247,-2.7891666889190674,-71.59647369384766
1791628048074924032,1791628048043681760,2026-10-10T18:27:28.074+08:00,0.8120543956756592,-2.1914918422698975,0.9900000095367432,-0.5087167620658875,-2.635655164718628,-71.01761627197266
1791628048276029888,1791628048254947520,2026-10-10T18:27:28.276+08:00,0.8120858073234558,-2.187695264816284,0.9800000190734863,-0.4912915527820587,-2.604780435562134,-70.4452896118164
1791628048507757120,1791628048483722304,2026-10-10T18:27:28.507+08:00,0.811526894569397,-2.1797022819519043,0.9600000381469727,-0.48832783102989197,-2.6863510608673096,-69.7532958984375
1791628048741440736,1791628048725806400,2026-10-10T18:27:28.741+08:00,0.8104228973388672,-2.1757102012634277,0.9500000476837158,-0.49128687381744385,-2.8326451778411865,-69.06719207763672
1791628048974112672,1791628048957986112,2026-10-10T18:27:28.974+08:00,0.8108229637145996,-2.1723759174346924,0.9399999380111694,-0.49644967913627625,-2.99316143989563,-68.38874816894531
1791628049174504288,1791628049159851520,2026-10-10T18:27:29.174+08:00,0.8112331032752991,-2.169952630996704,0.9399999380111694,-0.5145845413208008,-3.111555814743042,-67.83686828613281
1791628049407697600,1791628049376153184,2026-10-10T18:27:29.407+08:00,0.8122890591621399,-2.1677632331848145,0.9199999570846558,-0.5207101702690125,-3.195249557495117,-67.3017349243164
1791628049641113248,1791628049615406528,2026-10-10T18:27:29.641+08:00,0.8133253455162048,-2.164564847946167,0.9099999666213989,-0.5083511471748352,-3.2402169704437256,-66.67859649658203
1791628049841269536,1791628049818395808,2026-10-10T18:27:29.841+08:00,0.8140974640846252,-2.1620447635650635,0.8999999761581421,-0.5033128261566162,-3.2294673919677734,-66.12406921386719
1791628050075001152,1791628050060384640,2026-10-10T18:27:30.075+08:00,0.8154623508453369,-2.1598100662231445,0.8899999856948853,-0.5184487104415894,-3.1839027404785156,-65.58463287353516
1791628050307941568,1791628050286992704,2026-10-10T18:27:30.307+08:00,0.8171710968017578,-2.1577677726745605,0.8700000047683716,-0.5660190582275391,-3.1213347911834717,-65.00458526611328
1791628050541158880,1791628050511016160,2026-10-10T18:27:30.541+08:00,0.8186533451080322,-2.1561570167541504,0.8700000047683716,-0.6170233488082886,-3.067369222640991,-64.48394775390625
1791628050741238272,1791628050720433408,2026-10-10T18:27:30.741+08:00,0.819890022277832,-2.154411554336548,0.8500000238418579,-0.6709403395652771,-3.0287692546844482,-63.98502731323242
1791628050974410752,1791628050956510976,2026-10-10T18:27:30.974+08:00,0.8208521008491516,-2.1530520915985107,0.8400000333786011,-0.7880223393440247,-3.0322744846343994,-63.741004943847656
1791628051207430144,1791628051190688992,2026-10-10T18:27:31.207+08:00,0.8215653896331787,-2.1521098613739014,0.8300000429153442,-0.9771548509597778,-3.0683536529541016,-63.448421478271484
1791628051407857792,1791628051373572160,2026-10-10T18:27:31.407+08:00,0.8227468729019165,-2.1510074138641357,0.809999942779541,-1.128031611442566,-3.1207737922668457,-63.261558532714844
1791628051608255136,1791628051584533856,2026-10-10T18:27:31.608+08:00,0.823319137096405,-2.150073528289795,0.7999999523162842,-1.351776361465454,-3.203356981277466,-63.041969299316406
1791628051842003936,1791628051823320896,2026-10-10T18:27:31.842+08:00,0.8230196833610535,-2.14985728263855,0.7799999713897705,-1.4983282089233398,-3.3140909671783447,-62.87550354003906
1791628052074270944,1791628052051163680,2026-10-10T18:27:32.074+08:00,0.8232290148735046,-2.1497445106506348,0.7699999809265137,-1.4982450008392334,-3.4087088108062744,-62.76499938964844
1791628052307950304,1791628052266235904,2026-10-10T18:27:32.307+08:00,0.8237448930740356,-2.1499860286712646,0.7599999904632568,-1.4221582412719727,-3.474374294281006,-62.651432037353516
1791628052541206176,1791628052520785088,2026-10-10T18:27:32.541+08:00,0.8242096304893494,-2.1505651473999023,0.7400000095367432,-1.3119014501571655,-3.506303310394287,-62.513484954833984
1791628052774591072,1791628052756848640,2026-10-10T18:27:32.774+08:00,0.8247310519218445,-2.1510684490203857,0.7400000095367432,-1.2655014991760254,-3.4948248863220215,-62.37353515625
1791628053007820608,1791628052988885696,2026-10-10T18:27:33.007+08:00,0.8251196146011353,-2.151216983795166,0.7200000286102295,-1.261247992515564,-3.4637269973754883,-62.25515365600586
1791628053240987712,1791628053226395968,2026-10-10T18:27:33.240+08:00,0.8255761861801147,-2.151193857192993,0.7000000476837158,-1.2960909605026245,-3.4210007190704346,-62.14748764038086
1791628053441206752,1791628053412792768,2026-10-10T18:27:33.441+08:00,0.8259025812149048,-2.15116548538208,0.6899999380111694,-1.3477412462234497,-3.393216133117676,-62.06644821166992
1791628053641270816,1791628053614859104,2026-10-10T18:27:33.641+08:00,0.8263302445411682,-2.151042938232422,0.6799999475479126,-1.4012272357940674,-3.376317024230957,-61.97468566894531
1791628053848253120,1791628053820691840,2026-10-10T18:27:33.848+08:00,0.8267562985420227,-2.151099443435669,0.6699999570846558,-1.4409904479980469,-3.376483201980591,-61.87682342529297
1791628054074046176,1791628054061548960,2026-10-10T18:27:34.074+08:00,0.8271259069442749,-2.1512086391448975,0.6499999761581421,-1.4465031623840332,-3.3919694423675537,-61.782325744628906
1791628054307749472,1791628054266893408,2026-10-10T18:27:34.307+08:00,0.8276668787002563,-2.1510937213897705,0.6499999761581421,-1.4251377582550049,-3.4113943576812744,-61.69209289550781
1791628054540752512,1791628054520236256,2026-10-10T18:27:34.540+08:00,0.828525960445404,-2.151120662689209,0.6299999952316284,-1.3971014022827148,-3.4434986114501953,-61.568603515625
1791628054741062304,1791628054726984064,2026-10-10T18:27:34.741+08:00,0.8291221857070923,-2.151007890701294,0.6200000047683716,-1.377539873123169,-3.4708986282348633,-61.50800323486328
1791628054973950368,1791628054966811616,2026-10-10T18:27:34.973+08:00,0.8300229907035828,-2.150745391845703,0.6100000143051147,-1.4025113582611084,-3.4958951473236084,-61.40909194946289
1791628055207468384,1791628055202678688,2026-10-10T18:27:35.207+08:00,0.830168604850769,-2.1512575149536133,0.6000000238418579,-1.4847705364227295,-3.5258541107177734,-61.280845642089844
1791628055408078432,1791628055374041376,2026-10-10T18:27:35.408+08:00,0.8306074738502502,-2.151825189590454,0.5900000333786011,-1.5431784391403198,-3.544363260269165,-61.16731643676758
1791628055640791520,1791628055616473408,2026-10-10T18:27:35.640+08:00,0.8312798738479614,-2.153116226196289,0.5699999332427979,-1.5962028503417969,-3.5641746520996094,-61.0310173034668
1791628055875405312,1791628055864866752,2026-10-10T18:27:35.875+08:00,0.8319166302680969,-2.1544744968414307,0.559999942779541,-1.5548125505447388,-3.5696964263916016,-60.93778610229492
1791628056107784480,1791628056100031424,2026-10-10T18:27:36.107+08:00,0.8326418995857239,-2.155897378921509,0.5499999523162842,-1.4741722345352173,-3.568615674972534,-60.8570671081543
1791628056307927360,1791628056269825664,2026-10-10T18:27:36.307+08:00,0.8334932327270508,-2.1565849781036377,0.5399999618530273,-1.4346003532409668,-3.564023971557617,-60.790740966796875
1791628056540875200,1791628056532512736,2026-10-10T18:27:36.540+08:00,0.8347797989845276,-2.157757520675659,0.5299999713897705,-1.4409656524658203,-3.5478885173797607,-60.67988586425781
1791628056773862208,1791628056767710368,2026-10-10T18:27:36.773+08:00,0.8356803059577942,-2.1590213775634766,0.5199999809265137,-1.5144962072372437,-3.5287845134735107,-60.58009719848633
1791628056975435968,1791628056973580192,2026-10-10T18:27:36.975+08:00,0.836283802986145,-2.160088539123535,0.5099999904632568,-1.5635747909545898,-3.518312931060791,-60.50913619995117
1791628057208564704,1791628057173999584,2026-10-10T18:27:37.208+08:00,0.8369613289833069,-2.1611502170562744,0.5,-1.5751932859420776,-3.5239851474761963,-60.446449279785156
1791628057440664960,1791628057433460832,2026-10-10T18:27:37.440+08:00,0.8379577994346619,-2.1621665954589844,0.49000000953674316,-1.5302869081497192,-3.547053337097168,-60.37730026245117
1791628057641387136,1791628057602631520,2026-10-10T18:27:37.641+08:00,0.838671863079071,-2.1627602577209473,0.4700000286102295,-1.5009558200836182,-3.5513827800750732,-60.316158294677734
1791628057874948480,1791628057873266016,2026-10-10T18:27:37.874+08:00,0.8395993709564209,-2.1636807918548584,0.46000003814697266,-1.46659255027771,-3.544292449951172,-60.23360061645508
1791628058107177856,1791628058074682784,2026-10-10T18:27:38.107+08:00,0.8402439951896667,-2.1646134853363037,0.4500000476837158,-1.459733486175537,-3.5384774208068848,-60.16236114501953
1791628058307907296,1791628058284111680,2026-10-10T18:27:38.307+08:00,0.8410958647727966,-2.1653013229370117,0.4500000476837158,-1.4708822965621948,-3.541520118713379,-60.09105682373047
1791628058540709760,1791628058502494400,2026-10-10T18:27:38.540+08:00,0.8417200446128845,-2.1659862995147705,0.43999993801116943,-1.4985185861587524,-3.553274393081665,-60.00898361206055
1791628058740801760,1791628058737419072,2026-10-10T18:27:38.740+08:00,0.842399537563324,-2.1670405864715576,0.4299999475479126,-1.5312923192977905,-3.564486265182495,-59.92629623413086
1791628058941218752,1791628058910736736,2026-10-10T18:27:38.941+08:00,0.8427960276603699,-2.1679575443267822,0.41999995708465576,-1.5439695119857788,-3.563053607940674,-59.87270736694336
1791628059174480768,1791628059149422048,2026-10-10T18:27:39.174+08:00,0.843635082244873,-2.169685125350952,0.4099999666213989,-1.530279278755188,-3.548607349395752,-59.80174255371094
1791628059407424704,1791628059401159744,2026-10-10T18:27:39.407+08:00,0.8445096611976624,-2.1716949939727783,0.3999999761581421,-1.4788023233413696,-3.5329911708831787,-59.73898696899414
1791628059640682208,1791628059631297664,2026-10-10T18:27:39.640+08:00,0.8454498648643494,-2.173158884048462,0.3999999761581421,-1.4402974843978882,-3.5250587463378906,-59.6815299987793
1791628059840736608,1791628059834104608,2026-10-10T18:27:39.840+08:00,0.8463686108589172,-2.1742889881134033,0.38999998569488525,-1.434702754020691,-3.511674165725708,-59.621726989746094
1791628060042245280,1791628060037493280,2026-10-10T18:27:40.042+08:00,0.7898744940757751,-2.395141363143921,0.38999998569488525,-1.4698001146316528,-3.492818593978882,-59.54718017578125
1791628060274015872,1791628060239654880,2026-10-10T18:27:40.274+08:00,0.7906272411346436,-2.3963305950164795,0.3799999952316284,-1.5241656303405762,-3.4833269119262695,-59.52616500854492
1791628060507228256,1791628060501412000,2026-10-10T18:27:40.507+08:00,0.7869864702224731,-2.3973398208618164,0.3700000047683716,-1.9018789529800415,-3.5136518478393555,-61.3442497253418
1791628060707822912,1791628060705671616,2026-10-10T18:27:40.707+08:00,0.7729066610336304,-2.3992741107940674,0.36000001430511475,-2.4256222248077393,-3.4166643619537354,-63.969879150390625
1791628060908102528,1791628060902293024,2026-10-10T18:27:40.908+08:00,0.7579081654548645,-2.399369478225708,0.36000001430511475,-2.534985303878784,-3.384028434753418,-67.0115737915039
1791628061141808768,1791628061103436896,2026-10-10T18:27:41.141+08:00,0.7489813566207886,-2.3944385051727295,0.3700000047683716,-1.9458585977554321,-3.4293317794799805,-69.89863586425781
1791628061373661856,1791628061367367872,2026-10-10T18:27:41.373+08:00,0.7415979504585266,-2.3837454319000244,0.3700000047683716,-0.872189998626709,-3.5164315700531006,-73.05139923095703
1791628061573776288,1791628061571798848,2026-10-10T18:27:41.573+08:00,0.7354374527931213,-2.374652862548828,0.3700000047683716,-0.31121915578842163,-3.542891263961792,-75.00687408447266
1791628061773862752,1791628061736623648,2026-10-10T18:27:41.773+08:00,0.7299100160598755,-2.36580228805542,0.3700000047683716,-0.035335928201675415,-3.511991024017334,-76.49259948730469
1791628061974308576,1791628061936682624,2026-10-10T18:27:41.974+08:00,0.7265146970748901,-2.3552050590515137,0.3799999952316284,0.05578123778104782,-3.425309419631958,-77.81050872802734
1791628062175181696,1791628062137524544,2026-10-10T18:27:42.175+08:00,0.7249898910522461,-2.344526767730713,0.3700000047683716,-0.14515681564807892,-3.3377532958984375,-78.88357543945312
1791628062411123776,1791628062400987872,2026-10-10T18:27:42.411+08:00,0.7230901122093201,-2.3298933506011963,0.3700000047683716,-0.7327835559844971,-3.305229663848877,-79.91500091552734
1791628062641726240,1791628062607805888,2026-10-10T18:27:42.641+08:00,0.7219048142433167,-2.3173904418945312,0.3799999952316284,-1.177398443222046,-3.3580026626586914,-80.50418090820312
1791628062874352160,1791628062849469696,2026-10-10T18:27:42.874+08:00,0.7205843329429626,-2.301848888397217,0.3700000047683716,-1.4634045362472534,-3.4867007732391357,-81.0340576171875
1791628063074409344,1791628063050881888,2026-10-10T18:27:43.074+08:00,0.720700204372406,-2.2884345054626465,0.3799999952316284,-1.4112581014633179,-3.6122214794158936,-81.27318572998047
1791628063307677152,1791628063286957856,2026-10-10T18:27:43.307+08:00,0.721023678779602,-2.2726595401763916,0.3799999952316284,-1.1815732717514038,-3.7669286727905273,-81.49479675292969
1791628063541123392,1791628063536394720,2026-10-10T18:27:43.541+08:00,0.7190486192703247,-2.253786087036133,0.38999998569488525,-0.9397650957107544,-3.933298110961914,-81.68360137939453
1791628063741391936,1791628063739291520,2026-10-10T18:27:43.741+08:00,0.7185288667678833,-2.239626169204712,0.38999998569488525,-0.7555225491523743,-4.015106201171875,-81.7979507446289
1791628063973879136,1791628063942090048,2026-10-10T18:27:43.973+08:00,0.7189496755599976,-2.225539445877075,0.3999999761581421,-0.6909120082855225,-4.021236419677734,-81.87043762207031
1791628064174580768,1791628064146051264,2026-10-10T18:27:44.174+08:00,0.7192630767822266,-2.2105607986450195,0.3999999761581421,-0.8322671055793762,-3.965543270111084,-81.90472412109375
1791628064408349088,1791628064405056672,2026-10-10T18:27:44.408+08:00,0.7189947962760925,-2.190051317214966,0.4099999666213989,-1.1632646322250366,-3.844529390335083,-81.94627380371094
1791628064640622752,1791628064606292832,2026-10-10T18:27:44.640+08:00,0.7193223834037781,-2.1735384464263916,0.3999999761581421,-1.3824667930603027,-3.7286951541900635,-81.94801330566406
1791628064841858144,1791628064811008224,2026-10-10T18:27:44.841+08:00,0.719353437423706,-2.1567165851593018,0.4099999666213989,-1.634819507598877,-3.6178042888641357,-81.9185562133789
1791628065073899328,1791628065052574912,2026-10-10T18:27:45.073+08:00,0.7166091203689575,-2.1422009468078613,0.4099999666213989,-1.8913557529449463,-3.5421886444091797,-81.81609344482422
1791628065274601664,1791628065250199392,2026-10-10T18:27:45.274+08:00,0.7133125066757202,-2.1342289447784424,0.4099999666213989,-1.9037481546401978,-3.542546510696411,-81.80645751953125
1791628065507225056,1791628065501460736,2026-10-10T18:27:45.507+08:00,0.7105507850646973,-2.1278412342071533,0.41999995708465576,-1.2822617292404175,-3.6084249019622803,-81.73452758789062
1791628065707266240,1791628065672600448,2026-10-10T18:27:45.707+08:00,0.7103495001792908,-2.1264963150024414,0.4099999666213989,-0.7794886827468872,-3.700199604034424,-81.6812515258789
1791628065908173536,1791628065879946688,2026-10-10T18:27:45.908+08:00,0.7109474539756775,-2.1270360946655273,0.4299999475479126,-0.3750440776348114,-3.882838249206543,-81.65036010742188
1791628066141601792,1791628066109927040,2026-10-10T18:27:46.141+08:00,0.7118827700614929,-2.1300501823425293,0.41999995708465576,-0.4091535210609436,-4.049427509307861,-81.64360809326172
1791628066373749344,1791628066367043712,2026-10-10T18:27:46.373+08:00,0.7122759222984314,-2.1362321376800537,0.4299999475479126,-0.8608644604682922,-4.153378009796143,-81.60450744628906
1791628066573761376,1791628066572113312,2026-10-10T18:27:46.573+08:00,0.712125837802887,-2.142515182495117,0.4299999475479126,-1.2551698684692383,-4.1437296867370605,-81.57628631591797
1791628066774198816,1791628066772435520,2026-10-10T18:27:46.774+08:00,0.7123854756355286,-2.149313449859619,0.41999995708465576,-1.4135081768035889,-4.036437511444092,-81.5750503540039
1791628067008066496,1791628067006141248,2026-10-10T18:27:47.008+08:00,0.7138485908508301,-2.1577374935150146,0.41999995708465576,-1.2575602531433105,-3.796152114868164,-81.59219360351562
1791628067208747808,1791628067206512224,2026-10-10T18:27:47.208+08:00,0.7150794267654419,-2.1646697521209717,0.41999995708465576,-1.000089406967163,-3.5464706420898438,-81.63160705566406
1791628067441345376,1791628067432408896,2026-10-10T18:27:47.441+08:00,0.7165659666061401,-2.1717302799224854,0.43999993801116943,-0.7319546937942505,-3.2690844535827637,-81.67561340332031
1791628067674301920,1791628067660342400,2026-10-10T18:27:47.674+08:00,0.7179486751556396,-2.1794886589050293,0.43999993801116943,-0.5802651643753052,-3.0140936374664307,-81.69046020507812
1791628067914829056,1791628067892307264,2026-10-10T18:27:47.914+08:00,0.7188811898231506,-2.1860764026641846,0.4299999475479126,-0.599602460861206,-2.8715643882751465,-81.74594116210938
1791628068140468384,1791628068127324960,2026-10-10T18:27:48.140+08:00,0.718666672706604,-2.191070079803467,0.4299999475479126,-0.7306644916534424,-2.832277297973633,-81.99870300292969
1791628068340672160,1791628068294225632,2026-10-10T18:27:48.340+08:00,0.7167603373527527,-2.1927196979522705,0.43999993801116943,-0.917405903339386,-2.883559465408325,-82.81290435791016
1791628068541117312,1791628068510416704,2026-10-10T18:27:48.541+08:00,0.7070656418800354,-2.1971614360809326,0.41999995708465576,-1.7426998615264893,-2.864164352416992,-83.15137481689453
1791628068741414688,1791628068712400000,2026-10-10T18:27:48.741+08:00,0.6900321245193481,-2.204681873321533,0.41999995708465576,-2.810119152069092,-2.9570674896240234,-82.94367980957031
1791628068974146656,1791628068947315456,2026-10-10T18:27:48.974+08:00,0.6721891164779663,-2.2145164012908936,0.41999995708465576,-3.1740975379943848,-3.352405548095703,-82.66742706298828
1791628069175160864,1791628069151262112,2026-10-10T18:27:49.175+08:00,0.6628050804138184,-2.2222087383270264,0.41999995708465576,-2.3630564212799072,-3.739945650100708,-82.45553588867188
1791628069407604256,1791628069376271776,2026-10-10T18:27:49.407+08:00,0.6588534116744995,-2.2306413650512695,0.43999993801116943,-0.6818835139274597,-4.078171730041504,-82.2423095703125
1791628069641206208,1791628069615229920,2026-10-10T18:27:49.641+08:00,0.6574153900146484,-2.237414836883545,0.43999993801116943,0.5485344529151917,-4.193780899047852,-82.0685806274414
1791628069874491200,1791628069854283040,2026-10-10T18:27:49.874+08:00,0.656111478805542,-2.2438783645629883,0.4299999475479126,1.131402850151062,-4.126178741455078,-81.89857482910156
1791628070107244992,1791628070094136256,2026-10-10T18:27:50.107+08:00,0.6551058888435364,-2.248905897140503,0.41999995708465576,0.7873968482017517,-3.915402412414551,-81.7260513305664
1791628070307691872,1791628070293481728,2026-10-10T18:27:50.307+08:00,0.649085283279419,-2.254624843597412,0.4099999666213989,-0.6008892059326172,-3.701568841934204,-81.39908599853516
1791628070542867616,1791628070540258496,2026-10-10T18:27:50.542+08:00,0.6264078617095947,-2.2673773765563965,0.41999995708465576,-2.866272211074829,-3.4752087593078613,-80.94963073730469
1791628070773790336,1791628070741394464,2026-10-10T18:27:50.773+08:00,0.6030593514442444,-2.274121046066284,0.41999995708465576,-3.4520514011383057,-3.579221248626709,-80.9171371459961
1791628070974467776,1791628070942052832,2026-10-10T18:27:50.974+08:00,0.59496009349823,-2.2845606803894043,0.4299999475479126,-2.4680259227752686,-3.832597494125366,-81.03099822998047
1791628071174530464,1791628071151260512,2026-10-10T18:27:51.174+08:00,0.5957844853401184,-2.2933685779571533,0.4299999475479126,-0.7451213002204895,-4.082664966583252,-81.10274505615234
1791628071407157632,1791628071405303840,2026-10-10T18:27:51.407+08:00,0.5957084894180298,-2.3032100200653076,0.43999993801116943,1.0199638605117798,-4.263075351715088,-81.12735748291016
1791628071607834560,1791628071578239328,2026-10-10T18:27:51.607+08:00,0.5942920446395874,-2.309328079223633,0.4299999475479126,1.5068358182907104,-4.279280662536621,-81.11299133300781
1791628071841219840,1791628071822558720,2026-10-10T18:27:51.841+08:00,0.5934941172599792,-2.316340684890747,0.4099999666213989,1.1417094469070435,-4.092787742614746,-81.01116180419922
1791628072074205280,1791628072059454560,2026-10-10T18:27:52.074+08:00,0.5844724178314209,-2.3251633644104004,0.4099999666213989,-0.8309882283210754,-3.781881809234619,-80.65687561035156
1791628072307785760,1791628072290493792,2026-10-10T18:27:52.307+08:00,0.5646489262580872,-2.3381433486938477,0.3999999761581421,-2.885511875152588,-3.5888895988464355,-80.4122085571289
1791628072508578720,1791628072478913952,2026-10-10T18:27:52.508+08:00,0.5469725728034973,-2.3500125408172607,0.3999999761581421,-3.663482189178467,-3.6885838508605957,-80.45833587646484
1791628072741956128,1791628072709610656,2026-10-10T18:27:52.741+08:00,0.5357661843299866,-2.360278606414795,0.4099999666213989,-2.8686740398406982,-3.9165496826171875,-80.6162338256836
1791628072949312064,1791628072911129184,2026-10-10T18:27:52.949+08:00,0.5334325432777405,-2.36712646484375,0.4099999666213989,-1.2701212167739868,-4.091699600219727,-80.74089050292969
1791628073174384896,1791628073165422688,2026-10-10T18:27:53.174+08:00,0.5323468446731567,-2.373947858810425,0.4099999666213989,0.6710764765739441,-4.146648406982422,-80.91282653808594
1791628073374956160,1791628073358178592,2026-10-10T18:27:53.374+08:00,0.5315889716148376,-2.3777997493743896,0.4099999666213989,1.3751293420791626,-4.079488754272461,-81.00080871582031
1791628073607624320,1791628073596369344,2026-10-10T18:27:53.607+08:00,0.5287382006645203,-2.3815629482269287,0.4099999666213989,0.6750500798225403,-3.9346563816070557,-80.89252471923828
1791628073842000128,1791628073831652544,2026-10-10T18:27:53.842+08:00,0.5129522085189819,-2.3885762691497803,0.3999999761581421,-1.3992822170257568,-3.7745931148529053,-80.56033325195312
1791628074042020000,1791628074039935136,2026-10-10T18:27:54.042+08:00,0.4906485974788666,-2.3998923301696777,0.3999999761581421,-3.2394309043884277,-3.755676507949829,-80.323974609375
1791628074273930336,1791628074271328736,2026-10-10T18:27:54.273+08:00,0.47299760580062866,-2.409899950027466,0.3999999761581421,-3.370309352874756,-3.908220052719116,-80.31686401367188
1791628074474664960,1791628074461554336,2026-10-10T18:27:54.474+08:00,0.46048691868782043,-2.4183759689331055,0.41999995708465576,-2.0114967823028564,-4.056967735290527,-80.40263366699219
1791628074707226816,1791628074697889760,2026-10-10T18:27:54.707+08:00,0.4622626006603241,-2.425954580307007,0.4099999666213989,0.3530898690223694,-4.253783226013184,-80.56376647949219
1791628074914330816,1791628074904431456,2026-10-10T18:27:54.914+08:00,0.4640859067440033,-2.4312222003936768,0.4099999666213989,1.4537649154663086,-4.432639122009277,-80.69363403320312
1791628075141001408,1791628075139544064,2026-10-10T18:27:55.141+08:00,0.4622313678264618,-2.4363420009613037,0.4099999666213989,1.160280466079712,-4.548181056976318,-80.56526184082031
1791628075375368608,1791628075363119232,2026-10-10T18:27:55.375+08:00,0.4581690728664398,-2.4386048316955566,0.4099999666213989,-0.5268189907073975,-4.3738017082214355,-79.71735382080078
1791628075607797568,1791628075597841120,2026-10-10T18:27:55.607+08:00,0.44208940863609314,-2.4482288360595703,0.38999998569488525,-2.952108144760132,-4.053545951843262,-79.21533966064453
1791628075808557280,1791628075798874752,2026-10-10T18:27:55.808+08:00,0.42161938548088074,-2.459230422973633,0.38999998569488525,-3.965277910232544,-3.8235769271850586,-79.17208862304688
1791628076040715200,1791628076032073152,2026-10-10T18:27:56.040+08:00,0.4059978127479553,-2.469099760055542,0.3999999761581421,-3.089115619659424,-3.7307651042938232,-79.48138427734375
1791628076240997504,1791628076237367040,2026-10-10T18:27:56.240+08:00,0.40089157223701477,-2.4762473106384277,0.41999995708465576,-1.0092188119888306,-3.7023041248321533,-79.84843444824219
1791628076473853824,1791628076468817760,2026-10-10T18:27:56.473+08:00,0.39880841970443726,-2.481353282928467,0.41999995708465576,0.8741843700408936,-3.6987977027893066,-80.20311737060547
1791628076673896928,1791628076671336896,2026-10-10T18:27:56.673+08:00,0.3975204527378082,-2.484720468521118,0.4299999475479126,1.8031597137451172,-3.7032504081726074,-80.47025299072266
1791628076875016288,1791628076873067392,2026-10-10T18:27:56.875+08:00,0.39699435234069824,-2.4867589473724365,0.4099999666213989,1.6217405796051025,-3.7023818492889404,-80.64041900634766
1791628077108178688,1791628077075942688,2026-10-10T18:27:57.108+08:00,0.39166828989982605,-2.4902544021606445,0.4099999666213989,-0.11861953884363174,-3.651258707046509,-80.60708618164062
1791628077340800384,1791628077333153728,2026-10-10T18:27:57.340+08:00,0.3755964934825897,-2.496774911880493,0.3999999761581421,-2.182945728302002,-3.5034542083740234,-80.69078063964844
1791628077574236352,1791628077572150464,2026-10-10T18:27:57.574+08:00,0.3677336573600769,-2.502429246902466,0.3999999761581421,-2.4517581462860107,-3.3869307041168213,-80.85459899902344
1791628077807370464,1791628077802826368,2026-10-10T18:27:57.807+08:00,0.3652420938014984,-2.506741523742676,0.4099999666213989,-1.37606942653656,-3.428058385848999,-80.99287414550781
1791628078007918048,1791628078006158880,2026-10-10T18:27:58.007+08:00,0.3657158613204956,-2.5086870193481445,0.4099999666213989,-0.2323501706123352,-3.514643907546997,-81.09685516357422
1791628078240905728,1791628078210610880,2026-10-10T18:27:58.240+08:00,0.36806243658065796,-2.509229898452759,0.4099999666213989,0.43918371200561523,-3.6446304321289062,-81.16080474853516
1791628078440908096,1791628078433560640,2026-10-10T18:27:58.440+08:00,0.3680451512336731,-2.5083844661712646,0.4099999666213989,0.047425441443920135,-3.789463996887207,-81.05152893066406
1791628078641156000,1791628078615332384,2026-10-10T18:27:58.641+08:00,0.36085379123687744,-2.504033327102661,0.3999999761581421,-1.005793571472168,-3.729804515838623,-80.94847106933594
1791628078874211840,1791628078850953376,2026-10-10T18:27:58.874+08:00,0.3457236588001251,-2.502312660217285,0.3999999761581421,-2.0377652645111084,-3.471280574798584,-81.01765441894531
1791628079107381376,1791628079091909984,2026-10-10T18:27:59.107+08:00,0.33801648020744324,-2.501178026199341,0.4099999666213989,-1.7065081596374512,-3.263761520385742,-81.15293884277344
1791628079308041312,1791628079261975872,2026-10-10T18:27:59.308+08:00,0.3365478217601776,-2.4999465942382812,0.4099999666213989,-0.9885429739952087,-3.213005542755127,-81.24732208251953
1791628079541277568,1791628079519875776,2026-10-10T18:27:59.541+08:00,0.3351442515850067,-2.4982967376708984,0.4099999666213989,-0.15745443105697632,-3.269688606262207,-81.35812377929688
1791628079742496096,1791628079721045216,2026-10-10T18:27:59.742+08:00,0.3338489234447479,-2.497201919555664,0.4099999666213989,0.07087931036949158,-3.37467885017395,-81.4332504272461
1791628079974813888,1791628079959573728,2026-10-10T18:27:59.974+08:00,0.3330063223838806,-2.496025323867798,0.41999995708465576,-0.25039711594581604,-3.5485472679138184,-81.49234771728516
1791628080207670400,1791628080186555712,2026-10-10T18:28:00.207+08:00,0.3276807963848114,-2.4952147006988525,0.4099999666213989,-1.2489361763000488,-3.7271628379821777,-81.4417953491211
1791628080407773216,1791628080375502880,2026-10-10T18:28:00.407+08:00,0.31921127438545227,-2.4951071739196777,0.3999999761581421,-1.9140433073043823,-3.847400665283203,-81.46168518066406
1791628080641170208,1791628080609198208,2026-10-10T18:28:00.641+08:00,0.31511667370796204,-2.494910717010498,0.4099999666213989,-1.689131498336792,-3.8873236179351807,-81.5001220703125
1791628080874166112,1791628080853295744,2026-10-10T18:28:00.874+08:00,0.31537723541259766,-2.494866132736206,0.41999995708465576,-0.8974969983100891,-3.8666763305664062,-81.54081726074219
1791628081107329152,1791628081090713888,2026-10-10T18:28:01.107+08:00,0.3148534595966339,-2.4947824478149414,0.41999995708465576,-0.2940727770328522,-3.8529775142669678,-81.59596252441406
1791628081307790272,1791628081290401280,2026-10-10T18:28:01.307+08:00,0.3137361705303192,-2.4947261810302734,0.41999995708465576,-0.14444632828235626,-3.833970785140991,-81.67530059814453
1791628081541242016,1791628081508154080,2026-10-10T18:28:01.541+08:00,0.31312787532806396,-2.494612455368042,0.41999995708465576,-0.3049522638320923,-3.788255453109741,-81.71104431152344
1791628081741256384,1791628081712090496,2026-10-10T18:28:01.741+08:00,0.31357845664024353,-2.4948532581329346,0.41999995708465576,-0.6396452784538269,-3.7230613231658936,-81.7258071899414
1791628081974326784,1791628081961872320,2026-10-10T18:28:01.974+08:00,0.3140503168106079,-2.4953038692474365,0.3999999761581421,-1.2027353048324585,-3.6344187259674072,-81.74561309814453
1791628082174446208,1791628082162093152,2026-10-10T18:28:02.174+08:00,0.31416580080986023,-2.4956676959991455,0.4099999666213989,-1.5273131132125854,-3.5862925052642822,-81.76456451416016
1791628082407589248,1791628082372124576,2026-10-10T18:28:02.407+08:00,0.3144310712814331,-2.495999574661255,0.41999995708465576,-1.6310443878173828,-3.5571043491363525,-81.78213500976562
1791628082607778624,1791628082584257824,2026-10-10T18:28:02.607+08:00,0.3145968019962311,-2.4962728023529053,0.4099999666213989,-1.458817481994629,-3.5326087474823,-81.74916076660156
1791628082807851840,1791628082780220384,2026-10-10T18:28:02.807+08:00,0.3168123662471771,-2.4938759803771973,0.41999995708465576,-0.7155774235725403,-3.462891101837158,-81.37490844726562
1791628083007902112,1791628082980742592,2026-10-10T18:28:03.007+08:00,0.32978731393814087,-2.491236925125122,0.41999995708465576,0.6500120759010315,-3.459702491760254,-81.09632873535156
1791628083241009312,1791628083223129568,2026-10-10T18:28:03.241+08:00,0.3530057966709137,-2.49188494682312,0.41999995708465576,1.975489616394043,-3.8247663974761963,-80.93733215332031
1791628083441416800,1791628083437035616,2026-10-10T18:28:03.441+08:00,0.371566504240036,-2.4970667362213135,0.41999995708465576,1.747520089149475,-4.316124439239502,-80.87554168701172
1791628083674640736,1791628083642938912,2026-10-10T18:28:03.674+08:00,0.38137221336364746,-2.5064077377319336,0.41999995708465576,0.2592393457889557,-4.668425559997559,-80.77611541748047
1791628083907534304,1791628083888962912,2026-10-10T18:28:03.907+08:00,0.38520166277885437,-2.5207359790802,0.4099999666213989,-1.8762551546096802,-4.876990795135498,-80.72557067871094
1791628084107551648,1791628084090753344,2026-10-10T18:28:04.107+08:00,0.38626885414123535,-2.534471035003662,0.3999999761581421,-2.9423158168792725,-4.888619899749756,-80.77670288085938
1791628084308220928,1791628084293205824,2026-10-10T18:28:04.308+08:00,0.3879484236240387,-2.5493836402893066,0.3999999761581421,-3.078990936279297,-4.809698104858398,-80.88873291015625
1791628084540760224,1791628084507576224,2026-10-10T18:28:04.540+08:00,0.38974833488464355,-2.5667784214019775,0.4099999666213989,-2.412754774093628,-4.610240936279297,-81.00994110107422
1791628084741335328,1791628084710749216,2026-10-10T18:28:04.741+08:00,0.3904407024383545,-2.583489418029785,0.41999995708465576,-1.5206102132797241,-4.37122106552124,-81.10890197753906
1791628084941521504,1791628084914779040,2026-10-10T18:28:04.941+08:00,0.3906457722187042,-2.5998597145080566,0.41999995708465576,-0.7246742844581604,-4.133932113647461,-81.18650817871094
1791628085174308128,1791628085156685952,2026-10-10T18:28:05.174+08:00,0.3915344476699829,-2.623725414276123,0.41999995708465576,-0.1811506301164627,-3.884672164916992,-81.30816650390625
1791628085376488704,1791628085373544576,2026-10-10T18:28:05.376+08:00,0.39135825634002686,-2.6429531574249268,0.41999995708465576,-0.21929916739463806,-3.7713823318481445,-81.37496948242188
1791628085608054464,1791628085579800192,2026-10-10T18:28:05.608+08:00,0.39081010222435,-2.6648001670837402,0.4099999666213989,-0.5495461225509644,-3.762451648712158,-81.37984466552734
1791628085840951424,1791628085816802048,2026-10-10T18:28:05.840+08:00,0.3896493911743164,-2.689595937728882,0.41999995708465576,-0.9610275626182556,-3.8598034381866455,-81.36045837402344
1791628086041176032,1791628086018977312,2026-10-10T18:28:06.041+08:00,0.3895585536956787,-2.7099928855895996,0.41999995708465576,-1.1366039514541626,-3.966071844100952,-81.34894561767578
1791628086273886400,1791628086257745472,2026-10-10T18:28:06.273+08:00,0.3905056416988373,-2.7341437339782715,0.4299999475479126,-1.0864990949630737,-4.067244052886963,-81.35491943359375
1791628086475423136,1791628086470114688,2026-10-10T18:28:06.475+08:00,0.39299964904785156,-2.751760482788086,0.4099999666213989,-0.9104337096214294,-4.095418453216553,-81.33853149414062
1791628086707317344,1791628086705847232,2026-10-10T18:28:06.707+08:00,0.3950108587741852,-2.7700552940368652,0.4299999475479126,-0.8295833468437195,-4.053565979003906,-81.32743835449219
1791628086908040512,1791628086874914912,2026-10-10T18:28:06.908+08:00,0.3956475555896759,-2.7801876068115234,0.4299999475479126,-0.8806408643722534,-3.9884629249572754,-81.35794067382812
1791628087141397024,1791628087110366752,2026-10-10T18:28:07.141+08:00,0.39619749784469604,-2.7925846576690674,0.4299999475479126,-0.9583317041397095,-3.8204355239868164,-81.41667938232422
1791628087375492352,1791628087368946240,2026-10-10T18:28:07.375+08:00,0.3982273042201996,-2.8010201454162598,0.4299999475479126,-1.011991024017334,-3.5896098613739014,-81.40714263916016
1791628087607936320,1791628087603219488,2026-10-10T18:28:07.607+08:00,0.3997141718864441,-2.8055453300476074,0.4299999475479126,-1.1756399869918823,-3.4442009925842285,-81.3603744506836
1791628087841334080,1791628087811683712,2026-10-10T18:28:07.841+08:00,0.4003380239009857,-2.808236837387085,0.41999995708465576,-1.3303124904632568,-3.4043195247650146,-81.3492431640625
1791628088074395584,1791628088053626112,2026-10-10T18:28:08.074+08:00,0.4006429612636566,-2.8094584941864014,0.41999995708465576,-1.441042423248291,-3.443352460861206,-81.35145568847656
1791628088307818624,1791628088290081824,2026-10-10T18:28:08.307+08:00,0.4000859260559082,-2.8071177005767822,0.41999995708465576,-1.4293675422668457,-3.5460433959960938,-81.37669372558594
1791628088508569344,1791628088474523520,2026-10-10T18:28:08.508+08:00,0.39963972568511963,-2.804104804992676,0.4299999475479126,-1.3398077487945557,-3.6370437145233154,-81.4048843383789
1791628088743605408,1791628088715472128,2026-10-10T18:28:08.743+08:00,0.39924412965774536,-2.7988812923431396,0.43999993801116943,-1.137265920639038,-3.7392609119415283,-81.43994140625
1791628088974510016,1791628088958271616,2026-10-10T18:28:08.974+08:00,0.39828020334243774,-2.791841745376587,0.4299999475479126,-0.923697829246521,-3.7947475910186768,-81.46585083007812
1791628089208588032,1791628089192070400,2026-10-10T18:28:09.208+08:00,0.397368848323822,-2.7855772972106934,0.43999993801116943,-0.8674826622009277,-3.7941837310791016,-81.50936126708984
1791628089440515712,1791628089438530144,2026-10-10T18:28:09.440+08:00,0.3966847360134125,-2.778275728225708,0.43999993801116943,-0.9474459290504456,-3.754410743713379,-81.55155944824219
1791628089640810656,1791628089611616352,2026-10-10T18:28:09.640+08:00,0.3961235582828522,-2.773982048034668,0.4299999475479126,-1.0636075735092163,-3.7235829830169678,-81.56910705566406
1791628089841316448,1791628089821023872,2026-10-10T18:28:09.841+08:00,0.39503100514411926,-2.768617868423462,0.4299999475479126,-1.2283117771148682,-3.693708658218384,-81.60185241699219
1791628090074519168,1791628090058782176,2026-10-10T18:28:10.074+08:00,0.39414066076278687,-2.7632899284362793,0.43999993801116943,-1.2874414920806885,-3.691755771636963,-81.65271759033203
1791628090307706752,1791628090296714976,2026-10-10T18:28:10.307+08:00,0.3934114873409271,-2.758394241333008,0.43999993801116943,-1.211946725845337,-3.7269182205200195,-81.71268463134766
1791628090507804064,1791628090481862112,2026-10-10T18:28:10.507+08:00,0.39309626817703247,-2.754894733428955,0.43999993801116943,-1.113253116607666,-3.772733211517334,-81.74129486083984
1791628090708112224,1791628090680148640,2026-10-10T18:28:10.708+08:00,0.39264121651649475,-2.751709461212158,0.43999993801116943,-1.0443134307861328,-3.839909315109253,-81.75944519042969
1791628090909047392,1791628090881979936,2026-10-10T18:28:10.909+08:00,0.39219382405281067,-2.748936176300049,0.4500000476837158,-0.9777820110321045,-4.009690284729004,-81.76789855957031
1791628091141134272,1791628091114898176,2026-10-10T18:28:11.141+08:00,0.3918260931968689,-2.7467875480651855,0.4700000286102295,-0.6223398447036743,-4.413022518157959,-81.8974838256836
1791628091341147872,1791628091286783904,2026-10-10T18:28:11.341+08:00,0.3914571702480316,-2.743981122970581,0.49000000953674316,-0.17230527102947235,-4.855973243713379,-81.84687042236328
1791628091541354464,1791628091539689920,2026-10-10T18:28:11.541+08:00,0.39096003770828247,-2.7403712272644043,0.5099999904632568,0.5153017044067383,-5.701728820800781,-81.86190032958984
1791628091773926720,1791628091751842048,2026-10-10T18:28:11.773+08:00,0.3909711539745331,-2.736992120742798,0.5499999523162842,0.8660597205162048,-6.44105863571167,-81.8155288696289
1791628092007417920,1791628091984842880,2026-10-10T18:28:12.007+08:00,0.3907337188720703,-2.7334723472595215,0.5800000429153442,1.0129021406173706,-7.291922092437744,-81.75550842285156
1791628092207694944,1791628092197848960,2026-10-10T18:28:12.207+08:00,0.39017027616500854,-2.7302753925323486,0.6200000047683716,0.9499627947807312,-7.944770336151123,-81.67572784423828
1791628092440682976,1791628092430532608,2026-10-10T18:28:12.440+08:00,0.3892422020435333,-2.7268834114074707,0.6599999666213989,0.7797778844833374,-8.4323091506958,-81.60173034667969
1791628092640768768,1791628092628589856,2026-10-10T18:28:12.640+08:00,0.38844311237335205,-2.722072124481201,0.7000000476837158,0.65123450756073,-8.713119506835938,-81.54360961914062
1791628092874750848,1791628092860761504,2026-10-10T18:28:12.874+08:00,0.3886268734931946,-2.716975688934326,0.7599999904632568,0.4916045665740967,-8.857844352722168,-81.48338317871094
1791628093107837312,1791628093079534656,2026-10-10T18:28:13.107+08:00,0.38854506611824036,-2.7115674018859863,0.7899999618530273,0.2861196994781494,-8.850444793701172,-81.33555603027344
1791628093308144768,1791628093284160512,2026-10-10T18:28:13.308+08:00,0.3887496590614319,-2.706758975982666,0.8400000333786011,0.11815720051527023,-8.757182121276855,-81.240478515625
1791628093541545280,1791628093532547744,2026-10-10T18:28:13.541+08:00,0.3893290162086487,-2.700904369354248,0.8999999761581421,-0.05375416576862335,-8.61623477935791,-81.08534240722656
1791628093773820736,1791628093763869184,2026-10-10T18:28:13.773+08:00,0.3890863358974457,-2.6944901943206787,0.9600000381469727,-0.1492023915052414,-8.485273361206055,-80.94932556152344
1791628093974462784,1791628093969535008,2026-10-10T18:28:13.974+08:00,0.38929110765457153,-2.6895697116851807,0.9900000095367432,-0.23209314048290253,-8.273561477661133,-80.92597198486328
1791628094208296576,1791628094205967808,2026-10-10T18:28:14.208+08:00,0.3923976421356201,-2.697336196899414,1.0399999618530273,-0.40787526965141296,-7.394991397857666,-80.86564636230469
1791628094413304256,1791628094403880064,2026-10-10T18:28:14.413+08:00,0.39319732785224915,-2.7002179622650146,1.0799999237060547,-0.2925319969654083,-3.361302137374878,-80.87137603759766
1791628094640521792,1791628094633684576,2026-10-10T18:28:14.640+08:00,0.390870064496994,-2.6956608295440674,1.0999999046325684,-0.1717856228351593,1.0774314403533936,-80.88992309570312
1791628094841383744,1791628094802716032,2026-10-10T18:28:14.841+08:00,0.3898838758468628,-2.689199924468994,1.0999999046325684,-0.37042346596717834,2.470445156097412,-80.87992858886719
1791628095074466656,1791628095072705632,2026-10-10T18:28:15.074+08:00,0.38953033089637756,-2.68581485748291,1.0899999141693115,-1.1317641735076904,3.006295919418335,-80.90447235107422
1791628095307488064,1791628095274477760,2026-10-10T18:28:15.307+08:00,0.3900729715824127,-2.682607412338257,1.0799999237060547,-1.4856230020523071,2.7282841205596924,-80.90850830078125
1791628095508075776,1791628095506558304,2026-10-10T18:28:15.508+08:00,0.38754069805145264,-2.677450656890869,1.0799999237060547,-1.422611951828003,2.239872694015503,-80.90743255615234
1791628095709274624,1791628095675400800,2026-10-10T18:28:15.709+08:00,0.3858366906642914,-2.6752452850341797,1.059999942779541,-1.0688683986663818,2.063338041305542,-80.93280792236328
1791628095941123168,1791628095913158624,2026-10-10T18:28:15.941+08:00,0.38379478454589844,-2.6727592945098877,1.059999942779541,-0.5367743372917175,1.5699061155319214,-80.98307800292969
1791628096141215968,1791628096117456800,2026-10-10T18:28:16.141+08:00,0.38246941566467285,-2.6700477600097656,1.059999942779541,-0.13838081061840057,0.6291605830192566,-81.0422134399414
1791628096375532192,1791628096352233280,2026-10-10T18:28:16.375+08:00,0.38069257140159607,-2.6663951873779297,1.0499999523162842,0.03842189535498619,-0.5303977131843567,-81.09502410888672
1791628096607733184,1791628096578570272,2026-10-10T18:28:16.607+08:00,0.3801376521587372,-2.6628870964050293,1.0499999523162842,0.029356416314840317,-1.5091361999511719,-81.14859008789062
1791628096840811104,1791628096826700384,2026-10-10T18:28:16.840+08:00,0.38204485177993774,-2.6592938899993896,1.0399999618530273,-0.11360810697078705,-2.2041118144989014,-81.2007064819336
1791628097074141632,1791628097069483392,2026-10-10T18:28:17.074+08:00,0.3814179003238678,-2.653860092163086,1.0299999713897705,-0.2851763367652893,-2.819099187850952,-81.23426818847656
1791628097274883168,1791628097269517728,2026-10-10T18:28:17.274+08:00,0.38089513778686523,-2.6493337154388428,1.0299999713897705,-0.40528604388237,-3.265568256378174,-81.22645568847656
1791628097508853216,1791628097494801408,2026-10-10T18:28:17.508+08:00,0.38025903701782227,-2.6442060470581055,1.0199999809265137,-0.46968191862106323,-3.646427631378174,-81.20601654052734
1791628097740930432,1791628097733662240,2026-10-10T18:28:17.740+08:00,0.3796831965446472,-2.6361196041107178,1.0099999904632568,-0.4739968180656433,-3.900596857070923,-81.1756820678711
1791628097941095104,1791628097918641792,2026-10-10T18:28:17.941+08:00,0.3775109350681305,-2.628862142562866,1.0099999904632568,-0.45302334427833557,-3.9656214714050293,-81.14429473876953
1791628098174099168,1791628098147528896,2026-10-10T18:28:18.174+08:00,0.3767583966255188,-2.6213269233703613,1.0,-0.4342673420906067,-3.889347553253174,-81.09968566894531
1791628098407220608,1791628098398814144,2026-10-10T18:28:18.407+08:00,0.37336432933807373,-2.6180155277252197,1.0,-0.4468702971935272,-3.642040967941284,-81.05825805664062
1791628098607380160,1791628098604569088,2026-10-10T18:28:18.607+08:00,0.3689631223678589,-2.6135776042938232,0.9800000190734863,-0.4845676124095917,-3.386180877685547,-81.03055572509766
1791628098807603392,1791628098770710176,2026-10-10T18:28:18.807+08:00,0.3677085041999817,-2.6065638065338135,0.9800000190734863,-0.5184592008590698,-3.1681387424468994,-81.02225494384766
1791628099041265344,1791628099024944352,2026-10-10T18:28:19.041+08:00,0.3665875792503357,-2.5992777347564697,0.9700000286102295,-0.5497385859489441,-2.8319897651672363,-81.0271224975586
1791628099273978656,1791628099252491040,2026-10-10T18:28:19.273+08:00,0.3641703128814697,-2.597318649291992,0.9600000381469727,-0.5426921844482422,-2.5882070064544678,-81.05218505859375
1791628099474738464,1791628099445139392,2026-10-10T18:28:19.474+08:00,0.36077189445495605,-2.5950217247009277,0.9500000476837158,-0.526418149471283,-2.4122202396392822,-81.0769271850586
1791628099676597856,1791628099659777152,2026-10-10T18:28:19.676+08:00,0.35852670669555664,-2.5934295654296875,0.9500000476837158,-0.522315263748169,-2.276672601699829,-81.1179428100586
1791628099907755392,1791628099896740032,2026-10-10T18:28:19.907+08:00,0.3569525182247162,-2.592268466949463,0.9299999475479126,-0.5494135022163391,-2.1949636936187744,-81.16738891601562
1791628100140618944,1791628100137849216,2026-10-10T18:28:20.140+08:00,0.35518014430999756,-2.5910277366638184,0.9099999666213989,-0.5726243853569031,-2.1682050228118896,-81.22926330566406
1791628100374938848,1791628100358802752,2026-10-10T18:28:20.374+08:00,0.353611558675766,-2.590001106262207,0.9099999666213989,-0.5945243239402771,-2.1762876510620117,-81.30116271972656
1791628100607408768,1791628100597619392,2026-10-10T18:28:20.607+08:00,0.3519567549228668,-2.589136838912964,0.8899999856948853,-0.6194162964820862,-2.2083351612091064,-81.4070053100586
1791628100807824480,1791628100805910880,2026-10-10T18:28:20.807+08:00,0.35058194398880005,-2.5881898403167725,0.8799999952316284,-0.6304447650909424,-2.2434983253479004,-81.50305938720703
1791628101041175840,1791628101013562976,2026-10-10T18:28:21.041+08:00,0.34931978583335876,-2.587451934814453,0.8600000143051147,-0.628115177154541,-2.2809479236602783,-81.60105895996094
1791628101273990304,1791628101253721376,2026-10-10T18:28:21.273+08:00,0.34770163893699646,-2.5865917205810547,0.8400000333786011,-0.6233189702033997,-2.3258044719696045,-81.72577667236328
1791628101474452128,1791628101442516448,2026-10-10T18:28:21.474+08:00,0.3470015525817871,-2.5856595039367676,0.8400000333786011,-0.7190026044845581,-2.3900485038757324,-81.7547378540039
1791628101707832000,1791628101680722656,2026-10-10T18:28:21.707+08:00,0.34677571058273315,-2.584273099899292,0.8300000429153442,-0.9743589162826538,-2.4945895671844482,-81.78458404541016
1791628101940617856,1791628101920715520,2026-10-10T18:28:21.940+08:00,0.34568867087364197,-2.5823981761932373,0.809999942779541,-1.299094796180725,-2.6146082878112793,-81.85942840576172
1791628102141063552,1791628102122666624,2026-10-10T18:28:22.141+08:00,0.3446391224861145,-2.580904960632324,0.7899999618530273,-1.4671781063079834,-2.7086076736450195,-81.93408966064453
1791628102341448832,1791628102329406240,2026-10-10T18:28:22.341+08:00,0.3443492352962494,-2.5801360607147217,0.7899999618530273,-1.4619957208633423,-2.7952346801757812,-81.9894027709961
1791628102576568832,1791628102550371008,2026-10-10T18:28:22.576+08:00,0.3443397581577301,-2.579113483428955,0.7699999809265137,-1.3445539474487305,-2.8805131912231445,-82.08824920654297
1791628102813149792,1791628102785896544,2026-10-10T18:28:22.813+08:00,0.3436356782913208,-2.578847646713257,0.7599999904632568,-1.198906660079956,-2.948369264602661,-82.1555404663086
1791628103041103488,1791628103030526112,2026-10-10T18:28:23.041+08:00,0.3433057367801666,-2.5785629749298096,0.75,-1.0887439250946045,-2.9782135486602783,-82.23189544677734
1791628103241508032,1791628103239464768,2026-10-10T18:28:23.241+08:00,0.34299662709236145,-2.578444480895996,0.7300000190734863,-1.0509321689605713,-2.9781928062438965,-82.2456283569336
1791628103474351520,1791628103464828864,2026-10-10T18:28:23.474+08:00,0.34284111857414246,-2.578374147415161,0.7300000190734863,-1.0810314416885376,-2.966510057449341,-82.24446868896484
1791628103707260864,1791628103700450112,2026-10-10T18:28:23.707+08:00,0.34215423464775085,-2.578592300415039,0.7100000381469727,-1.1803330183029175,-2.9557480812072754,-82.35757446289062
1791628103907881696,1791628103878460256,2026-10-10T18:28:23.907+08:00,0.34183698892593384,-2.5787532329559326,0.7000000476837158,-1.2376837730407715,-2.949812650680542,-82.42888641357422
1791628104140916128,1791628104114479808,2026-10-10T18:28:24.140+08:00,0.34205690026283264,-2.5790586471557617,0.6899999380111694,-1.2875490188598633,-2.9473395347595215,-82.42851257324219
1791628104342007264,1791628104286294784,2026-10-10T18:28:24.342+08:00,0.34221187233924866,-2.5793800354003906,0.6799999475479126,-1.3149126768112183,-2.9594032764434814,-82.46569061279297
1791628104574151360,1791628104569396704,2026-10-10T18:28:24.574+08:00,0.34185007214546204,-2.5800621509552,0.6699999570846558,-1.312955379486084,-3.0017426013946533,-82.59749603271484
1791628104774601664,1791628104769453216,2026-10-10T18:28:24.774+08:00,0.34148499369621277,-2.5803442001342773,0.6699999570846558,-1.2880932092666626,-3.034461736679077,-82.70926666259766
1791628105008309248,1791628105006455968,2026-10-10T18:28:25.008+08:00,0.3411342203617096,-2.580110788345337,0.6399999856948853,-1.2676962614059448,-3.0651957988739014,-82.76603698730469
1791628105209043168,1791628105207155648,2026-10-10T18:28:25.209+08:00,0.34072574973106384,-2.5801711082458496,0.6399999856948853,-1.2589346170425415,-3.0879569053649902,-82.77125549316406
1791628105440838176,1791628105430401408,2026-10-10T18:28:25.440+08:00,0.34071940183639526,-2.580064296722412,0.6299999952316284,-1.2445714473724365,-3.1134984493255615,-82.70117950439453
1791628105640966112,1791628105632613696,2026-10-10T18:28:25.640+08:00,0.3406081795692444,-2.5801444053649902,0.6200000047683716,-1.2437406778335571,-3.149458169937134,-82.72638702392578
1791628105874663296,1791628105869634080,2026-10-10T18:28:25.874+08:00,0.3404863178730011,-2.580200672149658,0.6000000238418579,-1.2544987201690674,-3.203178882598877,-82.78688049316406
1791628106075108256,1791628106038658880,2026-10-10T18:28:26.075+08:00,0.340708464384079,-2.580437183380127,0.6000000238418579,-1.2560521364212036,-3.248110055923462,-82.8710708618164
1791628106308664576,1791628106281649440,2026-10-10T18:28:26.308+08:00,0.3409963548183441,-2.5807669162750244,0.5900000333786011,-1.2866581678390503,-3.3020381927490234,-82.92845153808594
1791628106508891872,1791628106507210784,2026-10-10T18:28:26.508+08:00,0.34080928564071655,-2.5813510417938232,0.5800000429153442,-1.3723974227905273,-3.3430187702178955,-82.9436264038086
1791628106741634912,1791628106718417536,2026-10-10T18:28:26.741+08:00,0.3401932418346405,-2.582207679748535,0.5699999332427979,-1.4269767999649048,-3.373805046081543,-83.05091857910156
1791628106975631168,1791628106957368480,2026-10-10T18:28:26.975+08:00,0.34017708897590637,-2.583164930343628,0.559999942779541,-1.4443771839141846,-3.389561653137207,-83.15258026123047
1791628107207246528,1791628107192959808,2026-10-10T18:28:27.207+08:00,0.34007832407951355,-2.584170341491699,0.5499999523162842,-1.4253681898117065,-3.395376443862915,-83.17601776123047
1791628107407640672,1791628107375702816,2026-10-10T18:28:27.407+08:00,0.34023237228393555,-2.585109233856201,0.5499999523162842,-1.3819037675857544,-3.398083448410034,-83.17964935302734
1791628107641737536,1791628107612323712,2026-10-10T18:28:27.641+08:00,0.3407738208770752,-2.586434841156006,0.5399999618530273,-1.3396600484848022,-3.3979814052581787,-83.1505355834961
1791628107874708832,1791628107848772864,2026-10-10T18:28:27.874+08:00,0.3410758972167969,-2.5882441997528076,0.5299999713897705,-1.3698339462280273,-3.3978688716888428,-83.08055114746094
1791628108109327328,1791628108087463936,2026-10-10T18:28:28.109+08:00,0.3412376642227173,-2.590026617050171,0.5199999809265137,-1.3999742269515991,-3.3965137004852295,-83.08660888671875
1791628108340990944,1791628108288517728,2026-10-10T18:28:28.340+08:00,0.34165099263191223,-2.5909876823425293,0.5099999904632568,-1.418396234512329,-3.3986270427703857,-83.10380554199219
1791628108574353312,1791628108546152960,2026-10-10T18:28:28.574+08:00,0.34218961000442505,-2.592118501663208,0.5099999904632568,-1.4275190830230713,-3.403719663619995,-83.07527160644531
1791628108807706848,1791628108777732256,2026-10-10T18:28:28.807+08:00,0.34246954321861267,-2.5929007530212402,0.5,-1.4317514896392822,-3.414599895477295,-83.04609680175781
1791628109040804928,1791628109024061312,2026-10-10T18:28:29.040+08:00,0.34286755323410034,-2.593318462371826,0.49000000953674316,-1.38835608959198,-3.4278268814086914,-83.02110290527344
1791628109273928704,1791628109258210784,2026-10-10T18:28:29.273+08:00,0.3433223068714142,-2.5943117141723633,0.49000000953674316,-1.3503206968307495,-3.446193218231201,-83.00013732910156
1791628109474082880,1791628109441785536,2026-10-10T18:28:29.474+08:00,0.3433123528957367,-2.595139265060425,0.49000000953674316,-1.3569691181182861,-3.4613595008850098,-82.965087890625
1791628109674385088,1791628109648079264,2026-10-10T18:28:29.674+08:00,0.3432547152042389,-2.5962252616882324,0.48000001907348633,-1.3896002769470215,-3.474745035171509,-82.95552062988281
1791628109908069600,1791628109898521056,2026-10-10T18:28:29.908+08:00,0.3426261842250824,-2.5978455543518066,0.4700000286102295,-1.4613969326019287,-3.49014949798584,-82.96446990966797
1791628110141139296,1791628110110052512,2026-10-10T18:28:30.141+08:00,0.34218528866767883,-2.5989413261413574,0.4700000286102295,-1.4558790922164917,-3.496382236480713,-83.01094055175781
1791628110341689792,1791628110284483456,2026-10-10T18:28:30.341+08:00,0.3418077230453491,-2.5998640060424805,0.4700000286102295,-1.4170582294464111,-3.501897096633911,-83.03276062011719
1791628110574288352,1791628110545710464,2026-10-10T18:28:30.574+08:00,0.3932298421859741,-2.7575838565826416,0.46000003814697266,-1.338311791419983,-3.5065667629241943,-83.08260345458984
1791628110807388384,1791628110787151584,2026-10-10T18:28:30.807+08:00,0.3932930827140808,-2.7589187622070312,0.46000003814697266,-1.5410078763961792,-3.50968599319458,-83.07331085205078
1791628111040684352,1791628111019492352,2026-10-10T18:28:31.040+08:00,0.38615578413009644,-2.7640442848205566,0.43999993801116943,-2.680926561355591,-3.5461935997009277,-82.3722152709961
1791628111273979072,1791628111255642464,2026-10-10T18:28:31.273+08:00,0.3642897605895996,-2.766488790512085,0.4299999475479126,-3.9556212425231934,-3.6246604919433594,-81.75007629394531
1791628111474362912,1791628111444195776,2026-10-10T18:28:31.474+08:00,0.34709617495536804,-2.766601800918579,0.43999993801116943,-4.143800258636475,-3.7659337520599365,-81.46977233886719
1791628111674450656,1791628111648234592,2026-10-10T18:28:31.674+08:00,0.33352386951446533,-2.7638039588928223,0.4500000476837158,-3.2829787731170654,-4.015699863433838,-81.38900756835938
1791628111907560320,1791628111896492800,2026-10-10T18:28:31.907+08:00,0.3241300582885742,-2.7556586265563965,0.46000003814697266,-1.2787659168243408,-4.214693069458008,-81.35132598876953
1791628112108038688,1791628112095633408,2026-10-10T18:28:32.108+08:00,0.319405734539032,-2.747382879257202,0.4700000286102295,0.15831056237220764,-4.1911420822143555,-81.31111907958984
1791628112340905664,1791628112329516896,2026-10-10T18:28:32.340+08:00,0.3155706524848938,-2.7370107173919678,0.4700000286102295,1.045871615409851,-4.047262668609619,-81.24883270263672
1791628112540920032,1791628112519437760,2026-10-10T18:28:32.540+08:00,0.3149609863758087,-2.7261288166046143,0.4700000286102295,1.0300766229629517,-3.8502838611602783,-81.17491912841797
1791628112741178432,1791628112714438272,2026-10-10T18:28:32.741+08:00,0.3146289885044098,-2.715528964996338,0.4700000286102295,0.38739079236984253,-3.6614367961883545,-81.12300872802734
1791628112974330144,1791628112960926752,2026-10-10T18:28:32.974+08:00,0.31403031945228577,-2.6988513469696045,0.46000003814697266,-0.9537765979766846,-3.433117628097534,-81.09748840332031
1791628113207113120,1791628113193592576,2026-10-10T18:28:33.207+08:00,0.31382760405540466,-2.684131145477295,0.46000003814697266,-1.811771035194397,-3.311769723892212,-81.10321807861328
1791628113407275616,1791628113405314976,2026-10-10T18:28:33.407+08:00,0.314153254032135,-2.6677746772766113,0.4700000286102295,-2.115935802459717,-3.2499794960021973,-81.1241683959961
1791628113607607136,1791628113571640928,2026-10-10T18:28:33.607+08:00,0.314853698015213,-2.6552650928497314,0.4700000286102295,-2.0105140209198,-3.239017963409424,-81.15040588378906
1791628113841082112,1791628113839299072,2026-10-10T18:28:33.841+08:00,0.31622010469436646,-2.633110761642456,0.4700000286102295,-1.4965131282806396,-3.293982744216919,-81.2263412475586
1791628114041288352,1791628114039531712,2026-10-10T18:28:34.041+08:00,0.3161638379096985,-2.6169419288635254,0.4700000286102295,-1.1490005254745483,-3.379976511001587,-81.24805450439453
1791628114273879712,1791628114242027872,2026-10-10T18:28:34.273+08:00,0.3163902759552002,-2.600067138671875,0.48000001907348633,-0.9287129640579224,-3.4745187759399414,-81.27021789550781
1791628114507136384,1791628114504928096,2026-10-10T18:28:34.507+08:00,0.31578344106674194,-2.578944206237793,0.48000001907348633,-0.949816882610321,-3.5328564643859863,-81.27091217041016
1791628114740493568,1791628114735850304,2026-10-10T18:28:34.740+08:00,0.3151194453239441,-2.559103012084961,0.4700000286102295,-1.1697267293930054,-3.494333505630493,-81.271728515625
1791628114940978272,1791628114908297312,2026-10-10T18:28:34.940+08:00,0.31609055399894714,-2.545149564743042,0.48000001907348633,-1.3463586568832397,-3.425755739212036,-81.27547454833984
1791628115174618624,1791628115147333344,2026-10-10T18:28:35.174+08:00,0.3177221119403839,-2.524278402328491,0.48000001907348633,-1.8185011148452759,-3.2940690517425537,-81.22734832763672
1791628115409762912,1791628115371159648,2026-10-10T18:28:35.409+08:00,0.3162539303302765,-2.5089828968048096,0.48000001907348633,-2.2359907627105713,-3.1905906200408936,-81.13323211669922
1791628115641130176,1791628115615524640,2026-10-10T18:28:35.641+08:00,0.3133764863014221,-2.494638204574585,0.48000001907348633,-2.1086502075195312,-3.1109540462493896,-81.10700988769531
1791628115841190176,1791628115819484992,2026-10-10T18:28:35.841+08:00,0.3117300570011139,-2.484416961669922,0.48000001907348633,-1.6100295782089233,-3.0976130962371826,-81.04489135742188
1791628116074386240,1791628116054729728,2026-10-10T18:28:36.074+08:00,0.3103468716144562,-2.4736273288726807,0.48000001907348633,-0.9648609161376953,-3.1469874382019043,-80.93938446044922
1791628116307561568,1791628116289398080,2026-10-10T18:28:36.307+08:00,0.3092343807220459,-2.4642224311828613,0.48000001907348633,-0.6494166851043701,-3.234740734100342,-80.84029388427734
1791628116507583424,1791628116506101472,2026-10-10T18:28:36.507+08:00,0.30828332901000977,-2.45558762550354,0.48000001907348633,-0.6950831413269043,-3.3349666595458984,-80.72978210449219
1791628116707797312,1791628116677968992,2026-10-10T18:28:36.707+08:00,0.30748844146728516,-2.4488418102264404,0.49000000953674316,-0.9392645359039307,-3.4141650199890137,-80.64453887939453
1791628116908704960,1791628116881331264,2026-10-10T18:28:36.908+08:00,0.3064340651035309,-2.4417412281036377,0.48000001907348633,-1.2943536043167114,-3.4916980266571045,-80.56185150146484
1791628117141095488,1791628117129996512,2026-10-10T18:28:37.141+08:00,0.30527156591415405,-2.433828830718994,0.48000001907348633,-1.6099759340286255,-3.5587873458862305,-80.45745849609375
1791628117374066336,1791628117362232768,2026-10-10T18:28:37.374+08:00,0.30458253622055054,-2.4266724586486816,0.4700000286102295,-1.6455278396606445,-3.593280076980591,-80.34342956542969
1791628117574168832,1791628117568680736,2026-10-10T18:28:37.574+08:00,0.30375707149505615,-2.421149730682373,0.4700000286102295,-1.4781436920166016,-3.5976624488830566,-80.26268768310547
1791628117774302944,1791628117767384416,2026-10-10T18:28:37.774+08:00,0.302820086479187,-2.4158999919891357,0.4700000286102295,-1.2154686450958252,-3.5770132541656494,-80.18903350830078
1791628118007816288,1791628117972174272,2026-10-10T18:28:38.007+08:00,0.30192241072654724,-2.41086745262146,0.4700000286102295,-0.9677006602287292,-3.531934976577759,-80.12398529052734
1791628118240811136,1791628118210742464,2026-10-10T18:28:38.240+08:00,0.3010244071483612,-2.4052557945251465,0.4700000286102295,-0.8237878084182739,-3.456733226776123,-80.03685760498047
1791628118474114080,1791628118432604160,2026-10-10T18:28:38.474+08:00,0.30042412877082825,-2.400782585144043,0.4700000286102295,-0.8842923045158386,-3.391104221343994,-79.94815826416016
1791628118675332000,1791628118644941888,2026-10-10T18:28:38.675+08:00,0.2999580204486847,-2.3965113162994385,0.4700000286102295,-1.0758693218231201,-3.3530728816986084,-79.8630599975586
1791628118908730752,1791628118877687584,2026-10-10T18:28:38.908+08:00,0.29948174953460693,-2.3920347690582275,0.46000003814697266,-1.3039231300354004,-3.349093437194824,-79.74713134765625
1791628119140568640,1791628119119587648,2026-10-10T18:28:39.140+08:00,0.2989518344402313,-2.3878135681152344,0.46000003814697266,-1.4603317975997925,-3.3768320083618164,-79.65653228759766
1791628119341044800,1791628119289447168,2026-10-10T18:28:39.341+08:00,0.2984251379966736,-2.385033130645752,0.46000003814697266,-1.4755223989486694,-3.4008517265319824,-79.60077667236328
1791628119574021024,1791628119554652000,2026-10-10T18:28:39.574+08:00,0.29748865962028503,-2.3803863525390625,0.4500000476837158,-1.310707926750183,-3.4387195110321045,-79.5145263671875
1791628119775553248,1791628119763829344,2026-10-10T18:28:39.775+08:00,0.29707902669906616,-2.3774352073669434,0.46000003814697266,-1.1230247020721436,-3.454754114151001,-79.44148254394531
1791628120007362720,1791628119995089376,2026-10-10T18:28:40.007+08:00,0.29658007621765137,-2.373744487762451,0.4500000476837158,-0.9241151213645935,-3.4587111473083496,-79.42972564697266
1791628120207536416,1791628120201043136,2026-10-10T18:28:40.207+08:00,0.29669395089149475,-2.3703184127807617,0.4500000476837158,-0.8983176946640015,-3.4461941719055176,-79.38497161865234
1791628120441858336,1791628120440469824,2026-10-10T18:28:40.441+08:00,0.2962758243083954,-2.366895914077759,0.43999993801116943,-1.0606663227081299,-3.4231951236724854,-79.31092834472656
1791628120674824960,1791628120653593440,2026-10-10T18:28:40.674+08:00,0.2958392798900604,-2.363893747329712,0.43999993801116943,-1.2611238956451416,-3.3924782276153564,-79.24088287353516
1791628120907708032,1791628120886283872,2026-10-10T18:28:40.907+08:00,0.29529404640197754,-2.3609142303466797,0.4299999475479126,-1.4827580451965332,-3.345360517501831,-79.15003204345703
1791628121108035424,1791628121091732672,2026-10-10T18:28:41.108+08:00,0.2948091924190521,-2.3588571548461914,0.43999993801116943,-1.5695254802703857,-3.3121180534362793,-79.067138671875
1791628121340592224,1791628121290077440,2026-10-10T18:28:41.340+08:00,0.2944619059562683,-2.3569648265838623,0.41999995708465576,-1.5260727405548096,-3.2924489974975586,-78.98382568359375
1791628121574139808,1791628121546834624,2026-10-10T18:28:41.574+08:00,0.29442086815834045,-2.3551383018493652,0.41999995708465576,-1.3360848426818848,-3.251055955886841,-78.8736801147461
1791628121775005632,1791628121748251296,2026-10-10T18:28:41.775+08:00,0.2945544421672821,-2.3542327880859375,0.41999995708465576,-1.1871281862258911,-3.2131731510162354,-78.78567504882812
1791628121975093472,1791628121963176608,2026-10-10T18:28:41.975+08:00,0.2947433590888977,-2.353666067123413,0.4299999475479126,-1.1101609468460083,-3.1499204635620117,-78.69517517089844
1791628122207728896,1791628122195188096,2026-10-10T18:28:42.207+08:00,0.2952934801578522,-2.3534791469573975,0.41999995708465576,-1.1444603204727173,-3.0557618141174316,-78.61367797851562
1791628122408478208,1791628122378419328,2026-10-10T18:28:42.408+08:00,0.2958028018474579,-2.353534460067749,0.4099999666213989,-1.1990383863449097,-3.0034077167510986,-78.55470275878906
1791628122641160128,1791628122611984800,2026-10-10T18:28:42.641+08:00,0.2963070571422577,-2.3538084030151367,0.4099999666213989,-1.2538658380508423,-2.987489938735962,-78.46758270263672
1791628122874365152,1791628122850601920,2026-10-10T18:28:42.874+08:00,0.29687246680259705,-2.3541040420532227,0.4099999666213989,-1.2507729530334473,-3.027271032333374,-78.37608337402344
1791628123107841600,1791628123094015360,2026-10-10T18:28:43.107+08:00,0.2976956367492676,-2.3543500900268555,0.3999999761581421,-1.199933648109436,-3.111908197402954,-78.27721405029297
1791628123307874208,1791628123268199136,2026-10-10T18:28:43.307+08:00,0.2981243133544922,-2.354408025741577,0.3999999761581421,-1.1510417461395264,-3.198256492614746,-78.18783569335938
1791628123509544064,1791628123474661792,2026-10-10T18:28:43.509+08:00,0.2984631359577179,-2.354339838027954,0.38999998569488525,-1.0891207456588745,-3.315389394760132,-78.080078125
1791628123741056192,1791628123713898144,2026-10-10T18:28:43.741+08:00,0.2986864149570465,-2.3542706966400146,0.38999998569488525,-0.9936445951461792,-3.470693588256836,-77.96119689941406
1791628123941134400,1791628123912996288,2026-10-10T18:28:43.941+08:00,0.29897409677505493,-2.3544561862945557,0.38999998569488525,-0.9071066379547119,-3.5849993228912354,-77.88014221191406
1791628124142227200,1791628124114170592,2026-10-10T18:28:44.142+08:00,0.29981938004493713,-2.3551478385925293,0.38999998569488525,-0.8266843557357788,-3.6442806720733643,-77.80793762207031
1791628124374596544,1791628124369519168,2026-10-10T18:28:44.374+08:00,0.3016833961009979,-2.356745719909668,0.38999998569488525,-0.7553061842918396,-3.6658060550689697,-77.69679260253906
1791628124575190592,1791628124552056320,2026-10-10T18:28:44.575+08:00,0.30288028717041016,-2.3581271171569824,0.38999998569488525,-0.7052174806594849,-3.707594394683838,-77.60655975341797
1791628124807612928,1791628124787833376,2026-10-10T18:28:44.807+08:00,0.30435073375701904,-2.3603670597076416,0.38999998569488525,-0.6218371987342834,-3.8156399726867676,-77.49340057373047
1791628125040625760,1791628125027431520,2026-10-10T18:28:45.040+08:00,0.3057696521282196,-2.36313796043396,0.3700000047683716,-0.5757941007614136,-3.904910087585449,-77.40022277832031
1791628125242485568,1791628125225184448,2026-10-10T18:28:45.242+08:00,0.30685800313949585,-2.3659937381744385,0.3700000047683716,-0.5567825436592102,-3.941157817840576,-77.32459259033203
1791628125474673664,1791628125445024896,2026-10-10T18:28:45.474+08:00,0.30810075998306274,-2.3692736625671387,0.3700000047683716,-0.5554957389831543,-3.913884162902832,-77.2585678100586
1791628125674888736,1791628125651513472,2026-10-10T18:28:45.674+08:00,0.3095244765281677,-2.372123956680298,0.36000001430511475,-0.6532653570175171,-3.785015821456909,-77.19151306152344
1791628125907588448,1791628125894997376,2026-10-10T18:28:45.907+08:00,0.311225026845932,-2.3752546310424805,0.36000001430511475,-0.9104954600334167,-3.487710475921631,-77.1026382446289
1791628126107656672,1791628126093429280,2026-10-10T18:28:46.107+08:00,0.3122389316558838,-2.3773796558380127,0.36000001430511475,-1.09429132938385,-3.2415058612823486,-77.04852294921875
1791628126308217152,1791628126276012416,2026-10-10T18:28:46.308+08:00,0.31332117319107056,-2.3797829151153564,0.3500000238418579,-1.2273344993591309,-2.97589111328125,-76.99474334716797
1791628126541397632,1791628126530709184,2026-10-10T18:28:46.541+08:00,0.31471309065818787,-2.3825855255126953,0.36000001430511475,-1.2336409091949463,-2.7224059104919434,-76.93115997314453
1791628126742132960,1791628126710428448,2026-10-10T18:28:46.742+08:00,0.31554266810417175,-2.3845691680908203,0.3500000238418579,-1.1476690769195557,-2.6140286922454834,-76.88219451904297
1791628126974230336,1791628126956018560,2026-10-10T18:28:46.974+08:00,0.3166280686855316,-2.387207508087158,0.3500000238418579,-0.943550169467926,-2.6037654876708984,-76.8070297241211
1791628127208156448,1791628127191483328,2026-10-10T18:28:47.208+08:00,0.3174671232700348,-2.389028310775757,0.3400000333786011,-0.7870512008666992,-2.7118349075317383,-76.73572540283203
1791628127441253856,1791628127408727136,2026-10-10T18:28:47.441+08:00,0.31850582361221313,-2.390576124191284,0.3400000333786011,-0.7376636862754822,-2.88303804397583,-76.6550064086914
1791628127641535104,1791628127614373952,2026-10-10T18:28:47.641+08:00,0.31958627700805664,-2.3918492794036865,0.3400000333786011,-0.8197494745254517,-3.0544486045837402,-76.58000946044922
1791628127873837856,1791628127868001920,2026-10-10T18:28:47.873+08:00,0.3207792043685913,-2.3936121463775635,0.33000004291534424,-1.0390821695327759,-3.231403112411499,-76.49307250976562
1791628128074845856,1791628128036138336,2026-10-10T18:28:48.074+08:00,0.3215777575969696,-2.3948659896850586,0.33000004291534424,-1.188746690750122,-3.2930691242218018,-76.44303894042969
1791628128308216768,1791628128283038976,2026-10-10T18:28:48.308+08:00,0.32247528433799744,-2.396815776824951,0.309999942779541,-1.2794053554534912,-3.299315929412842,-76.3787612915039
1791628128540532416,1791628128535120064,2026-10-10T18:28:48.540+08:00,0.32328078150749207,-2.399362087249756,0.31999993324279785,-1.187172532081604,-3.2251040935516357,-76.31621551513672
1791628128741020864,1791628128709521632,2026-10-10T18:28:48.741+08:00,0.3238008916378021,-2.401017904281616,0.31999993324279785,-1.0540635585784912,-3.1488301753997803,-76.28659057617188
1791628128941091712,1791628128912613152,2026-10-10T18:28:48.941+08:00,0.32453447580337524,-2.402998447418213,0.31999993324279785,-0.8648849129676819,-3.0368640422821045,-76.2457275390625
1791628129141151808,1791628129115213728,2026-10-10T18:28:49.141+08:00,0.32564666867256165,-2.4049172401428223,0.309999942779541,-0.7218399047851562,-2.923938274383545,-76.20182800292969
1791628129341478688,1791628129290420672,2026-10-10T18:28:49.341+08:00,0.3265298306941986,-2.406190872192383,0.309999942779541,-0.7123398184776306,-2.860600709915161,-76.15679168701172
1791628129575832000,1791628129547889312,2026-10-10T18:28:49.575+08:00,0.3274889588356018,-2.4088351726531982,0.309999942779541,-0.8454431891441345,-2.8027496337890625,-76.08525085449219
1791628129807528960,1791628129797844000,2026-10-10T18:28:49.807+08:00,0.328265517950058,-2.4118471145629883,0.2999999523162842,-1.0392192602157593,-2.7821905612945557,-76.02595520019531
1791628130040937632,1791628130025344288,2026-10-10T18:28:50.040+08:00,0.3290426731109619,-2.414289712905884,0.2999999523162842,-1.1501901149749756,-2.800633430480957,-76.00272369384766
1791628130273763456,1791628130271920512,2026-10-10T18:28:50.273+08:00,0.3299332559108734,-2.416661500930786,0.2999999523162842,-1.1979795694351196,-2.83127760887146,-75.95882415771484
1791628130474753952,1791628130435320448,2026-10-10T18:28:50.474+08:00,0.33055129647254944,-2.4181909561157227,0.28999996185302734,-1.153656244277954,-2.8633852005004883,-75.9202880859375
1791628130674837920,1791628130642462208,2026-10-10T18:28:50.674+08:00,0.3313301205635071,-2.419475793838501,0.28999996185302734,-1.0267419815063477,-2.920548439025879,-75.87803649902344
1791628130875975872,1791628130843817888,2026-10-10T18:28:50.875+08:00,0.332187682390213,-2.420527696609497,0.28999996185302734,-0.8819197416305542,-2.987304925918579,-75.83191680908203
1791628131107765152,1791628131084422496,2026-10-10T18:28:51.107+08:00,0.333263099193573,-2.4219579696655273,0.28999996185302734,-0.7722091674804688,-3.049947500228882,-75.78577423095703
1791628131308344800,1791628131291348640,2026-10-10T18:28:51.308+08:00,0.33427977561950684,-2.422853469848633,0.28999996185302734,-0.7806472778320312,-3.0790350437164307,-75.73211669921875
1791628131540960096,1791628131519042624,2026-10-10T18:28:51.540+08:00,0.3349723815917969,-2.4245057106018066,0.2799999713897705,-0.8909670114517212,-3.093385934829712,-75.66522216796875
1791628131773849120,1791628131766049248,2026-10-10T18:28:51.773+08:00,0.3356192708015442,-2.4261977672576904,0.28999996185302734,-1.002398133277893,-3.0776212215423584,-75.62244415283203
1791628131973982464,1791628131965917888,2026-10-10T18:28:51.973+08:00,0.3361566662788391,-2.427603006362915,0.2799999713897705,-1.0587517023086548,-3.0404839515686035,-75.58865356445312
1791628132207893376,1791628132176688896,2026-10-10T18:28:52.207+08:00,0.33668461441993713,-2.429441452026367,0.2799999713897705,-1.0673717260360718,-2.983149766921997,-75.54802703857422
1791628132440843072,1791628132429705408,2026-10-10T18:28:52.440+08:00,0.3373805582523346,-2.4316067695617676,0.2799999713897705,-1.0110801458358765,-2.9122328758239746,-75.4987564086914
1791628132641470592,1791628132635617504,2026-10-10T18:28:52.641+08:00,0.3382604122161865,-2.433521270751953,0.2799999713897705,-0.9301102757453918,-2.8548014163970947,-75.45124816894531
1791628132874516736,1791628132862815392,2026-10-10T18:28:52.874+08:00,0.3391541540622711,-2.4356184005737305,0.2799999713897705,-0.886109471321106,-2.814908027648926,-75.40608978271484
1791628133074573920,1791628133069614240,2026-10-10T18:28:53.074+08:00,0.3398728370666504,-2.437642812728882,0.2799999713897705,-0.9000996947288513,-2.7945168018341064,-75.3680648803711
1791628133307863744,1791628133272326528,2026-10-10T18:28:53.307+08:00,0.34055304527282715,-2.439811944961548,0.26999998092651367,-0.9550043940544128,-2.792325973510742,-75.3310317993164
1791628133508242816,1791628133496788640,2026-10-10T18:28:53.508+08:00,0.34118497371673584,-2.442377805709839,0.26999998092651367,-1.0323269367218018,-2.8110597133636475,-75.28700256347656
1791628133741559776,1791628133739765984,2026-10-10T18:28:53.741+08:00,0.34189748764038086,-2.444772481918335,0.25999999046325684,-1.0775208473205566,-2.8309850692749023,-75.25948333740234
1791628133974503456,1791628133946532320,2026-10-10T18:28:53.974+08:00,0.34267422556877136,-2.4465701580047607,0.25999999046325684,-1.079402208328247,-2.842301607131958,-75.22991180419922
1791628134207205408,1791628134186657344,2026-10-10T18:28:54.207+08:00,0.3437804579734802,-2.4484353065490723,0.26999998092651367,-1.0627955198287964,-2.8580808639526367,-75.17362976074219
1791628134407209440,1791628134370562976,2026-10-10T18:28:54.407+08:00,0.34458041191101074,-2.4497616291046143,0.26999998092651367,-1.0551258325576782,-2.865278959274292,-75.12923431396484
1791628134607329536,1791628134594673824,2026-10-10T18:28:54.607+08:00,0.3453030288219452,-2.451641321182251,0.25999999046325684,-1.061912178993225,-2.8446226119995117,-75.05536651611328
1791628134808185408,1791628134796791520,2026-10-10T18:28:54.808+08:00,0.34587180614471436,-2.453397274017334,0.25,-1.071955680847168,-2.808365821838379,-75.00035858154297
1791628135040443392,1791628135034920384,2026-10-10T18:28:55.040+08:00,0.3464997410774231,-2.4552690982818604,0.26999998092651367,-1.0997480154037476,-2.7711374759674072,-74.92951202392578
1791628135247830528,1791628135237944928,2026-10-10T18:28:55.247+08:00,0.3466070592403412,-2.456853151321411,0.26999998092651367,-1.4194419384002686,-2.7127439975738525,-73.78179168701172
1791628135475602720,1791628135459868384,2026-10-10T18:28:55.475+08:00,0.34824714064598083,-2.4562437534332275,0.23000001907348633,-2.3486838340759277,-2.4539172649383545,-67.20384216308594
1791628135707128960,1791628135701739680,2026-10-10T18:28:55.707+08:00,0.3579671382904053,-2.4497032165527344,0.23000001907348633,-3.6745097637176514,-1.995507836341858,-54.704444885253906
1791628135907551680,1791628135903568704,2026-10-10T18:28:55.907+08:00,0.3619806468486786,-2.4433419704437256,0.24000000953674316,-4.636528968811035,-1.5282036066055298,-42.67753601074219
1791628136140558336,1791628136137933696,2026-10-10T18:28:56.140+08:00,0.35967761278152466,-2.4364590644836426,0.24000000953674316,-5.086637496948242,-0.9310064315795898,-27.620052337646484
1791628136340575552,1791628136334883168,2026-10-10T18:28:56.340+08:00,0.35522735118865967,-2.431508779525757,0.24000000953674316,-4.877600193023682,-0.474630206823349,-14.920835494995117
1791628136541254496,1791628136514789184,2026-10-10T18:28:56.541+08:00,0.3487642705440521,-2.4299070835113525,0.25,-4.374555587768555,-0.14807996153831482,-3.3112072944641113
1791628136742047040,1791628136719832672,2026-10-10T18:28:56.742+08:00,0.34047406911849976,-2.4320878982543945,0.25,-3.630145311355591,0.050070907920598984,9.791997909545898
1791628136973737728,1791628136959993248,2026-10-10T18:28:56.973+08:00,0.3312968313694,-2.436490058898926,0.25999999046325684,-2.963121175765991,-0.033194489777088165,25.287736892700195
1791628137174512832,1791628137161125504,2026-10-10T18:28:57.174+08:00,0.32544004917144775,-2.4432129859924316,0.26999998092651367,-2.8337948322296143,-0.407869428396225,37.017311096191406
1791628137408216192,1791628137370920320,2026-10-10T18:28:57.408+08:00,0.32078221440315247,-2.4509501457214355,0.2799999713897705,-2.9570133686065674,-0.9679951071739197,47.34148406982422
1791628137640742272,1791628137618715776,2026-10-10T18:28:57.640+08:00,0.32176443934440613,-2.4611356258392334,0.2799999713897705,-2.951505422592163,-1.765589952468872,58.63071823120117
1791628137874180896,1791628137847062752,2026-10-10T18:28:57.874+08:00,0.3276328146457672,-2.469789981842041,0.28999996185302734,-2.3611929416656494,-2.40212345123291,66.33293151855469
1791628138107391552,1791628138084998880,2026-10-10T18:28:58.107+08:00,0.328838974237442,-2.4758787155151367,0.2799999713897705,-1.2642637491226196,-3.0785136222839355,73.05315399169922
1791628138307838304,1791628138287043712,2026-10-10T18:28:58.307+08:00,0.32961177825927734,-2.4803123474121094,0.28999996185302734,-0.5810573101043701,-3.5583038330078125,77.50419616699219
1791628138541276320,1791628138539504352,2026-10-10T18:28:58.541+08:00,0.33232274651527405,-2.4832711219787598,0.28999996185302734,-0.3369543254375458,-3.9405157566070557,81.9874267578125
1791628138774149408,1791628138737545280,2026-10-10T18:28:58.774+08:00,0.33564674854278564,-2.4829037189483643,0.28999996185302734,-0.5237613916397095,-4.017506122589111,84.62659454345703
1791628138974175744,1791628138940907520,2026-10-10T18:28:58.974+08:00,0.33840084075927734,-2.48083233833313,0.2799999713897705,-0.8240457773208618,-3.9266374111175537,86.68152618408203
1791628139207430912,1791628139177617952,2026-10-10T18:28:59.207+08:00,0.3413950502872467,-2.476916551589966,0.2799999713897705,-1.072287917137146,-3.6963586807250977,88.40504455566406
1791628139441498976,1791628139433714048,2026-10-10T18:28:59.441+08:00,0.33996936678886414,-2.470540761947632,0.28999996185302734,-0.4934536814689636,-3.4813337326049805,89.51528930664062
1791628139641896448,1791628139640009184,2026-10-10T18:28:59.641+08:00,0.32753482460975647,-2.463771343231201,0.28999996185302734,0.8897818922996521,-3.4829137325286865,90.43743133544922
1791628139842493280,1791628139837884960,2026-10-10T18:28:59.842+08:00,0.3121702969074249,-2.4564499855041504,0.28999996185302734,2.1221649646759033,-3.6287412643432617,91.10494995117188
1791628140074458112,1791628140045189120,2026-10-10T18:29:00.074+08:00,0.29736247658729553,-2.4479851722717285,0.2799999713897705,2.329878091812134,-3.8036067485809326,91.69526672363281
1791628140307771840,1791628140279896192,2026-10-10T18:29:00.307+08:00,0.29054081439971924,-2.4374282360076904,0.2799999713897705,0.7437759041786194,-3.9006190299987793,92.27960205078125
1791628140540724864,1791628140537439392,2026-10-10T18:29:00.540+08:00,0.2920415699481964,-2.423633337020874,0.26999998092651367,-1.600509762763977,-3.712184429168701,92.72682189941406
1791628140774165184,1791628140772695680,2026-10-10T18:29:00.774+08:00,0.2926478087902069,-2.4109549522399902,0.25999999046325684,-2.7525975704193115,-3.411278009414673,92.87201690673828
1791628140974361792,1791628140969908832,2026-10-10T18:29:00.974+08:00,0.29156526923179626,-2.397796630859375,0.25999999046325684,-2.8941309452056885,-3.150620460510254,92.8568115234375
1791628141174708576,1791628141136846752,2026-10-10T18:29:01.174+08:00,0.29061609506607056,-2.385733127593994,0.25999999046325684,-2.5059449672698975,-2.955690383911133,92.80643463134766
1791628141407380896,1791628141398707808,2026-10-10T18:29:01.407+08:00,0.2909735143184662,-2.36704421043396,0.26999998092651367,-1.5918210744857788,-2.7554588317871094,92.76275634765625
1791628141608887552,1791628141604977152,2026-10-10T18:29:01.608+08:00,0.2922581136226654,-2.3529484272003174,0.25999999046325684,-0.924504816532135,-2.656235694885254,92.69456481933594
1791628141810978816,1791628141778722144,2026-10-10T18:29:01.810+08:00,0.2931898534297943,-2.3400349617004395,0.26999998092651367,-0.4807487428188324,-2.6309330463409424,92.6395034790039
1791628142040439168,1791628142022913952,2026-10-10T18:29:02.040+08:00,0.29160600900650024,-2.3218798637390137,0.25999999046325684,-0.2904411554336548,-2.727896213531494,92.56061553955078
1791628142241278432,1791628142221122816,2026-10-10T18:29:02.241+08:00,0.2911916971206665,-2.305793285369873,0.25,-0.6065788269042969,-2.875718355178833,92.48600006103516
1791628142474560384,1791628142437569888,2026-10-10T18:29:02.474+08:00,0.29198694229125977,-2.2876670360565186,0.25999999046325684,-1.1664893627166748,-3.0594213008880615,92.39861297607422
1791628142707129312,1791628142670829056,2026-10-10T18:29:02.707+08:00,0.29240310192108154,-2.268476724624634,0.25999999046325684,-1.5528398752212524,-3.2157273292541504,92.3635482788086
1791628142907188032,1791628142905072672,2026-10-10T18:29:02.907+08:00,0.291502445936203,-2.2472586631774902,0.25,-1.6874557733535767,-3.3355836868286133,92.33769226074219
1791628143107337568,1791628143072613632,2026-10-10T18:29:03.107+08:00,0.2910132110118866,-2.2330050468444824,0.25,-1.6661278009414673,-3.3755862712860107,92.3227310180664
1791628143308028768,1791628143278213312,2026-10-10T18:29:03.308+08:00,0.29128360748291016,-2.213827610015869,0.25,-1.5199706554412842,-3.344011068344116,92.31954956054688
1791628143508204640,1791628143506418688,2026-10-10T18:29:03.508+08:00,0.29299551248550415,-2.1943283081054688,0.25,-1.242856502532959,-3.226252317428589,92.33118438720703
1791628143740701536,1791628143704948064,2026-10-10T18:29:03.740+08:00,0.2936236262321472,-2.1755950450897217,0.26999998092651367,-0.9352027177810669,-3.0937421321868896,92.33529663085938
1791628143974743840,1791628143947002112,2026-10-10T18:29:03.974+08:00,0.29204654693603516,-2.1538584232330322,0.25,-0.6784852147102356,-2.927474021911621,92.24735260009766
1791628144207154624,1791628144180524736,2026-10-10T18:29:04.207+08:00,0.2907879948616028,-2.1317174434661865,0.25,-0.8318467736244202,-2.741682767868042,92.20201110839844
1791628144407221728,1791628144397402688,2026-10-10T18:29:04.407+08:00,0.290496289730072,-2.110910415649414,0.26999998092651367,-1.2627981901168823,-2.5696654319763184,92.19522857666016
1791628144607463904,1791628144599349728,2026-10-10T18:29:04.607+08:00,0.29119759798049927,-2.0916354656219482,0.25999999046325684,-1.6645029783248901,-2.4431238174438477,92.15507507324219
1791628144807494016,1791628144800154528,2026-10-10T18:29:04.807+08:00,0.2913592457771301,-2.072584867477417,0.25,-1.8581653833389282,-2.338766574859619,92.18321990966797
1791628145040928192,1791628145038675168,2026-10-10T18:29:05.040+08:00,0.29159015417099,-2.050220012664795,0.25999999046325684,-1.8021790981292725,-2.274564504623413,92.25469207763672
1791628145252258752,1791628145202096640,2026-10-10T18:29:05.252+08:00,0.29141318798065186,-2.0347747802734375,0.26999998092651367,-1.6354056596755981,-2.277872085571289,92.29786682128906
1791628145475173216,1791628145464082752,2026-10-10T18:29:05.475+08:00,0.2917725443840027,-2.009147882461548,0.25,-1.337348461151123,-2.3397905826568604,92.3410873413086
1791628145708410912,1791628145706062080,2026-10-10T18:29:05.708+08:00,0.29467812180519104,-1.9845969676971436,0.25,-1.2415248155593872,-2.429802179336548,92.34545135498047
1791628145941387104,1791628145939693568,2026-10-10T18:29:05.941+08:00,0.2972199022769928,-1.9610793590545654,0.25999999046325684,-1.1446328163146973,-2.5171010494232178,92.25723266601562
1791628146173904128,1791628146141511392,2026-10-10T18:29:06.173+08:00,0.2994871139526367,-1.941534399986267,0.25999999046325684,-0.9467543959617615,-2.5414631366729736,92.23475646972656
1791628146373962848,1791628146366505984,2026-10-10T18:29:06.373+08:00,0.30198103189468384,-1.9200350046157837,0.25,-0.6273529529571533,-2.5368080139160156,92.21392822265625
1791628146574935712,1791628146573381504,2026-10-10T18:29:06.574+08:00,0.30302029848098755,-1.9001502990722656,0.26999998092651367,-0.3202715814113617,-2.5203089714050293,92.17131805419922
1791628146807908704,1791628146804823040,2026-10-10T18:29:06.807+08:00,0.29673832654953003,-1.8743393421173096,0.25,-0.22637970745563507,-2.542407751083374,92.09162139892578
1791628147040969600,1791628147038668480,2026-10-10T18:29:07.040+08:00,0.2937922477722168,-1.849005103111267,0.25999999046325684,-0.926002562046051,-2.647310256958008,92.09693908691406
1791628147274377184,1791628147244313696,2026-10-10T18:29:07.274+08:00,0.29873421788215637,-1.8283154964447021,0.25,-1.6724642515182495,-2.796870470046997,92.06880950927734
1791628147507229920,1791628147499553504,2026-10-10T18:29:07.507+08:00,0.30133572220802307,-1.8002883195877075,0.25,-1.8042389154434204,-2.9929473400115967,92.0810546875
1791628147707501632,1791628147699365824,2026-10-10T18:29:07.707+08:00,0.29919591546058655,-1.778504490852356,0.25999999046325684,-1.4222867488861084,-3.143563985824585,91.9926528930664
1791628147941634080,1791628147931024544,2026-10-10T18:29:07.941+08:00,0.2966674268245697,-1.7551904916763306,0.25,-0.9853366613388062,-3.289823293685913,91.88011932373047
1791628148173776736,1791628148167781760,2026-10-10T18:29:08.173+08:00,0.29378199577331543,-1.7294282913208008,0.24000000953674316,-0.8461196422576904,-3.3932173252105713,91.76228332519531
1791628148374049888,1791628148361005184,2026-10-10T18:29:08.374+08:00,0.2913559675216675,-1.7079628705978394,0.25,-1.097951889038086,-3.42716646194458,91.81021881103516
1791628148575376320,1791628148563877984,2026-10-10T18:29:08.575+08:00,0.2923376262187958,-1.6857939958572388,0.24000000953674316,-1.638660192489624,-3.447770595550537,91.92495727539062
1791628148807536448,1791628148798899456,2026-10-10T18:29:08.807+08:00,0.30214405059814453,-1.6579927206039429,0.25,-1.9956263303756714,-3.4525320529937744,92.0431137084961
1791628149040677696,1791628149030603712,2026-10-10T18:29:09.040+08:00,0.3031954765319824,-1.6333855390548706,0.25,-1.4273829460144043,-3.4412105083465576,92.09565734863281
1791628149240860416,1791628149232088288,2026-10-10T18:29:09.240+08:00,0.2995089590549469,-1.6105104684829712,0.24000000953674316,-0.7934199571609497,-3.496267795562744,92.11807250976562
1791628149441798560,1791628149416214976,2026-10-10T18:29:09.441+08:00,0.29665493965148926,-1.5871169567108154,0.25,-0.5473000407218933,-3.588892936706543,92.1348876953125
1791628149674288640,1791628149649312896,2026-10-10T18:29:09.674+08:00,0.29852747917175293,-1.560343623161316,0.25,-0.8006413578987122,-3.6807219982147217,92.14550018310547
1791628149874499424,1791628149857543680,2026-10-10T18:29:09.874+08:00,0.3003179132938385,-1.535136342048645,0.25,-1.1273696422576904,-3.7248027324676514,92.06240844726562
1791628150108415680,1791628150097689024,2026-10-10T18:29:10.108+08:00,0.29930979013442993,-1.5063807964324951,0.24000000953674316,-1.2872954607009888,-3.6417758464813232,91.98820495605469
1791628150309664288,1791628150267179104,2026-10-10T18:29:10.309+08:00,0.2986282408237457,-1.4872077703475952,0.24000000953674316,-1.3527065515518188,-3.526909589767456,91.91864013671875
1791628150555770464,1791628150519681920,2026-10-10T18:29:10.555+08:00,0.29767653346061707,-1.4566813707351685,0.25,-1.5095398426055908,-3.2738616466522217,91.90081787109375
1791628150774862176,1791628150765107872,2026-10-10T18:29:10.774+08:00,0.29937025904655457,-1.4289559125900269,0.24000000953674316,-1.593923807144165,-2.983184576034546,91.93447875976562
1791628151007444576,1791628150998538656,2026-10-10T18:29:11.007+08:00,0.30035197734832764,-1.4017378091812134,0.25,-1.2985528707504272,-2.740178108215332,91.93228912353516
1791628151207563168,1791628151198623104,2026-10-10T18:29:11.207+08:00,0.3003087043762207,-1.3807263374328613,0.24000000953674316,-1.0217089653015137,-2.6108086109161377,91.91661834716797
1791628151440686336,1791628151429148416,2026-10-10T18:29:11.440+08:00,0.30089423060417175,-1.3577007055282593,0.24000000953674316,-0.9902387857437134,-2.54789137840271,91.8861083984375
1791628151640765952,1791628151635698528,2026-10-10T18:29:11.640+08:00,0.3009502589702606,-1.33527672290802,0.24000000953674316,-1.161730170249939,-2.5498619079589844,91.85371398925781
1791628151841405472,1791628151830385952,2026-10-10T18:29:11.841+08:00,0.30086463689804077,-1.3156343698501587,0.25,-1.3745534420013428,-2.596855878829956,91.83351135253906
1791628152075550240,1791628152072831136,2026-10-10T18:29:12.075+08:00,0.3021721839904785,-1.2885189056396484,0.25,-1.5941742658615112,-2.7063958644866943,91.80339050292969
1791628152307879840,1791628152275576480,2026-10-10T18:29:12.307+08:00,0.30254995822906494,-1.2642778158187866,0.25,-1.5679783821105957,-2.804823160171509,91.74212646484375
1791628152541044736,1791628152527564576,2026-10-10T18:29:12.541+08:00,0.3028644919395447,-1.238012671470642,0.25,-1.4073388576507568,-2.8666980266571045,91.72498321533203
1791628152741983392,1791628152728765632,2026-10-10T18:29:12.741+08:00,0.30281639099121094,-1.2158128023147583,0.25,-1.2192391157150269,-2.877669334411621,91.71156311035156
1791628152974287456,1791628152964509440,2026-10-10T18:29:12.974+08:00,0.3014155626296997,-1.1883409023284912,0.24000000953674316,-1.0604654550552368,-2.8673577308654785,91.69181060791016
1791628153207674848,1791628153199211104,2026-10-10T18:29:13.207+08:00,0.29936128854751587,-1.1615691184997559,0.25,-1.1639364957809448,-2.827382802963257,91.69206237792969
1791628153440630624,1791628153430100320,2026-10-10T18:29:13.440+08:00,0.30031803250312805,-1.1360342502593994,0.25,-1.4519697427749634,-2.7869362831115723,91.66808319091797
1791628153640858432,1791628153635590112,2026-10-10T18:29:13.640+08:00,0.3018166124820709,-1.111391544342041,0.25,-1.5846123695373535,-2.765479326248169,91.63182830810547
1791628153841077280,1791628153835298048,2026-10-10T18:29:13.841+08:00,0.3024323284626007,-1.0903632640838623,0.25,-1.4354735612869263,-2.749558925628662,91.65860748291016
1791628154041960832,1791628154030547168,2026-10-10T18:29:14.041+08:00,0.30220597982406616,-1.0705980062484741,0.25999999046325684,-1.19501531124115,-2.741116762161255,91.67835998535156
1791628154244759520,1791628154230352256,2026-10-10T18:29:14.244+08:00,0.300296813249588,-1.0468610525131226,0.25999999046325684,-0.9609721899032593,-2.730276107788086,91.71866607666016
1791628154473953280,1791628154442350528,2026-10-10T18:29:14.473+08:00,0.29893046617507935,-1.0214738845825195,0.25999999046325684,-0.9829742312431335,-2.7054977416992188,91.75750732421875
1791628154674361184,1791628154643147808,2026-10-10T18:29:14.674+08:00,0.3005204200744629,-1.0011820793151855,0.25,-1.1868778467178345,-2.6910362243652344,91.7895278930664
1791628154874583008,1791628154843320224,2026-10-10T18:29:14.874+08:00,0.30202171206474304,-0.9802141189575195,0.25,-1.2700068950653076,-2.702591896057129,91.81078338623047
1791628155107562336,1791628155084056960,2026-10-10T18:29:15.107+08:00,0.30235743522644043,-0.9542874693870544,0.25999999046325684,-1.1916391849517822,-2.7344720363616943,91.806884765625
1791628155307744192,1791628155282443424,2026-10-10T18:29:15.307+08:00,0.3004012703895569,-0.9334984421730042,0.26999998092651367,-1.1100832223892212,-2.7746012210845947,91.79267883300781
1791628155507946688,1791628155478350080,2026-10-10T18:29:15.507+08:00,0.2998887896537781,-0.9153181314468384,0.25,-1.1588200330734253,-2.804095983505249,91.81591796875
1791628155708487584,1791628155676265120,2026-10-10T18:29:15.708+08:00,0.30136340856552124,-0.8958660960197449,0.25,-1.2957016229629517,-2.823415994644165,91.80770874023438
1791628155941214432,1791628155915498816,2026-10-10T18:29:15.941+08:00,0.30319103598594666,-0.8730846047401428,0.25,-1.2908873558044434,-2.8357510566711426,91.85920715332031
1791628156174292992,1791628156150141184,2026-10-10T18:29:16.174+08:00,0.30387380719184875,-0.8530353307723999,0.25999999046325684,-1.0704652070999146,-2.8152942657470703,91.88999938964844
1791628156374424064,1791628156338219808,2026-10-10T18:29:16.374+08:00,0.3024742603302002,-0.8299176692962646,0.25999999046325684,-0.8303804993629456,-2.8023910522460938,91.83302307128906
1791628156607066400,1791628156570445888,2026-10-10T18:29:16.607+08:00,0.30108919739723206,-0.8046640753746033,0.25999999046325684,-0.8223509788513184,-2.8076324462890625,91.7691879272461
1791628156807861856,1791628156776017344,2026-10-10T18:29:16.807+08:00,0.30132216215133667,-0.7793295383453369,0.25999999046325684,-1.1354974508285522,-2.8138628005981445,91.70989990234375
1791628157041275104,1791628157014692288,2026-10-10T18:29:17.041+08:00,0.3032507598400116,-0.7534300088882446,0.25,-1.487219214439392,-2.8139336109161377,91.63229370117188
1791628157241539104,1791628157210122240,2026-10-10T18:29:17.241+08:00,0.3048136532306671,-0.7328745722770691,0.25,-1.5497651100158691,-2.8000922203063965,91.60967254638672
1791628157443354592,1791628157437956448,2026-10-10T18:29:17.443+08:00,0.303739070892334,-0.7063011527061462,0.25999999046325684,-1.3379653692245483,-2.7856967449188232,91.51327514648438
1791628157673804128,1791628157640936320,2026-10-10T18:29:17.673+08:00,0.30286839604377747,-0.6840119957923889,0.25,-1.1285279989242554,-2.788139820098877,91.40632629394531
1791628157873990208,1791628157841107104,2026-10-10T18:29:17.873+08:00,0.30358704924583435,-0.6632965207099915,0.24000000953674316,-1.0901495218276978,-2.8109652996063232,91.35008239746094
1791628158074141472,1791628158041240640,2026-10-10T18:29:18.074+08:00,0.3025200068950653,-0.6428983211517334,0.25,-1.1655129194259644,-2.8263776302337646,91.23958587646484
1791628158307849888,1791628158280215424,2026-10-10T18:29:18.307+08:00,0.2935577630996704,-0.6185506582260132,0.25,-1.2227187156677246,-2.8706276416778564,91.08470153808594
1791628158540668800,1791628158500579808,2026-10-10T18:29:18.540+08:00,0.29596853256225586,-0.599994957447052,0.25,-1.7957009077072144,-2.8747875690460205,91.01322174072266
1791628158773782528,1791628158737148128,2026-10-10T18:29:18.773+08:00,0.306106299161911,-0.5799767971038818,0.24000000953674316,-2.1791446208953857,-2.9081966876983643,90.94110870361328
1791628158973947136,1791628158970940384,2026-10-10T18:29:18.973+08:00,0.3074183166027069,-0.5589504837989807,0.24000000953674316,-1.7306323051452637,-3.004589319229126,90.94287109375
1791628159174694368,1791628159141343072,2026-10-10T18:29:19.174+08:00,0.307059645652771,-0.5412786602973938,0.25,-1.1782128810882568,-3.1785240173339844,90.95170593261719
1791628159407926400,1791628159394858528,2026-10-10T18:29:19.407+08:00,0.3029363751411438,-0.5134272575378418,0.24000000953674316,-0.5811859965324402,-3.5572428703308105,91.03570556640625
1791628159640940832,1791628159630245824,2026-10-10T18:29:19.640+08:00,0.30180588364601135,-0.49087661504745483,0.24000000953674316,-0.741732120513916,-3.8371589183807373,91.13997650146484
1791628159841334624,1791628159839469280,2026-10-10T18:29:19.841+08:00,0.30451181530952454,-0.4671474099159241,0.24000000953674316,-1.2607759237289429,-3.9451451301574707,91.2276611328125
1791628160073871296,1791628160070058016,2026-10-10T18:29:20.073+08:00,0.30502721667289734,-0.44231143593788147,0.24000000953674316,-1.5561556816101074,-3.877861261367798,91.27466583251953
1791628160307703744,1791628160270548928,2026-10-10T18:29:20.307+08:00,0.30317628383636475,-0.42065051198005676,0.24000000953674316,-1.659909963607788,-3.684657335281372,91.33732604980469
1791628160540785120,1791628160534394400,2026-10-10T18:29:20.540+08:00,0.30334165692329407,-0.39056330919265747,0.24000000953674316,-1.8480058908462524,-3.318295955657959,91.36630249023438
1791628160741135264,1791628160705364704,2026-10-10T18:29:20.741+08:00,0.30471140146255493,-0.3736726641654968,0.23000001907348633,-1.853663444519043,-3.1006946563720703,91.42782592773438
1791628160941221888,1791628160909915968,2026-10-10T18:29:20.941+08:00,0.30546462535858154,-0.35280975699424744,0.24000000953674316,-1.6429423093795776,-2.8761441707611084,91.46644592285156
1791628161180654624,1791628161145074848,2026-10-10T18:29:21.180+08:00,0.3012436628341675,-0.32987502217292786,0.24000000953674316,-1.401740312576294,-2.6993768215179443,91.60884094238281
1791628161407227104,1791628161394574176,2026-10-10T18:29:21.407+08:00,0.3031667172908783,-0.3005451261997223,0.24000000953674316,-1.4475836753845215,-2.6413145065307617,91.71204376220703
1791628161607630752,1791628161594334304,2026-10-10T18:29:21.607+08:00,0.3046019673347473,-0.27888554334640503,0.24000000953674316,-1.407461166381836,-2.6821930408477783,91.76046752929688
1791628161840517504,1791628161830201408,2026-10-10T18:29:21.840+08:00,0.3035544157028198,-0.2557924687862396,0.24000000953674316,-1.3063799142837524,-2.743391990661621,91.84457397460938
1791628162040588480,1791628162034216320,2026-10-10T18:29:22.040+08:00,0.30426234006881714,-0.23234592378139496,0.24000000953674316,-1.3825855255126953,-2.784489154815674,91.82366180419922
1791628162240819776,1791628162205355424,2026-10-10T18:29:22.240+08:00,0.3052188754081726,-0.2154114991426468,0.24000000953674316,-1.4721097946166992,-2.790428400039673,91.7558822631836
1791628162473796032,1791628162460314784,2026-10-10T18:29:22.473+08:00,0.30499374866485596,-0.1876344233751297,0.25,-1.4264461994171143,-2.7644500732421875,91.62940979003906
1791628162673933440,1791628162661458848,2026-10-10T18:29:22.673+08:00,0.30429649353027344,-0.16579227149486542,0.24000000953674316,-1.337401032447815,-2.7560784816741943,91.5623779296875
1791628162874216416,1791628162871237632,2026-10-10T18:29:22.874+08:00,0.30348822474479675,-0.14342230558395386,0.24000000953674316,-1.2636542320251465,-2.793696165084839,91.46456146240234
1791628163107463584,1791628163072307008,2026-10-10T18:29:23.107+08:00,0.3016839027404785,-0.12264928966760635,0.24000000953674316,-1.2306928634643555,-2.878290891647339,91.38313293457031
1791628163307845664,1791628163279167136,2026-10-10T18:29:23.307+08:00,0.30026233196258545,-0.09836802631616592,0.24000000953674316,-1.4111511707305908,-2.982245683670044,91.36735534667969
1791628163540509216,1791628163537319424,2026-10-10T18:29:23.540+08:00,0.3010125160217285,-0.06952376663684845,0.25,-1.712131142616272,-3.0864524841308594,90.9276351928711
1791628163774033120,1791628163770263488,2026-10-10T18:29:23.774+08:00,0.30705732107162476,-0.03942737355828285,0.25999999046325684,-1.235148549079895,-3.412036418914795,86.63310241699219
1791628163974034208,1791628163970772224,2026-10-10T18:29:23.974+08:00,0.31885284185409546,-0.015788573771715164,0.25,0.09560203552246094,-3.956697940826416,78.25228118896484
1791628164207758560,1791628164177109312,2026-10-10T18:29:24.207+08:00,0.3308585584163666,0.0004917512414976954,0.25999999046325684,2.0291035175323486,-4.228105545043945,67.18252563476562
1791628164440537376,1791628164430142592,2026-10-10T18:29:24.440+08:00,0.33511579036712646,0.014944860711693764,0.25,3.400111436843872,-4.054018497467041,55.0313720703125
1791628164640825248,1791628164637164800,2026-10-10T18:29:24.640+08:00,0.3337675929069519,0.02285599336028099,0.25999999046325684,3.1821365356445312,-3.6210598945617676,44.837345123291016
1791628164873958752,1791628164870656160,2026-10-10T18:29:24.873+08:00,0.33105263113975525,0.028567703440785408,0.25,1.5901768207550049,-3.1060941219329834,35.92945098876953
1791628165107295488,1791628165071278304,2026-10-10T18:29:25.107+08:00,0.32912060618400574,0.03028848022222519,0.25,-0.5733768939971924,-2.7461752891540527,29.114910125732422
1791628165307698688,1791628165274675040,2026-10-10T18:29:25.307+08:00,0.3269614577293396,0.02913004159927368,0.23000001907348633,-2.7899768352508545,-2.5755724906921387,22.90285301208496
1791628165541376064,1791628165529972480,2026-10-10T18:29:25.541+08:00,0.3244752883911133,0.02442275360226631,0.23000001907348633,-4.189102649688721,-2.564096212387085,17.34111976623535
1791628165774922688,1791628165770235392,2026-10-10T18:29:25.774+08:00,0.32024869322776794,0.01773218810558319,0.23000001907348633,-4.216475486755371,-2.675168991088867,12.920348167419434
1791628166008521536,1791628166002746688,2026-10-10T18:29:26.008+08:00,0.3144853413105011,0.01205957867205143,0.25,-3.15779447555542,-2.8102545738220215,9.509583473205566
1791628166241758080,1791628166239440352,2026-10-10T18:29:26.241+08:00,0.3079703152179718,0.0071717617101967335,0.25999999046325684,-1.8045116662979126,-2.973411798477173,6.9244184494018555
1791628166442239968,1791628166437261344,2026-10-10T18:29:26.442+08:00,0.30244219303131104,0.004685983527451754,0.25,-0.9443519711494446,-3.1185784339904785,5.266915798187256
1791628166673973920,1791628166670108608,2026-10-10T18:29:26.673+08:00,0.2971394658088684,0.0031172940507531166,0.25,-0.5790725350379944,-3.249279737472534,3.8678677082061768
1791628166874141024,1791628166871406400,2026-10-10T18:29:26.874+08:00,0.29314863681793213,0.0023188970517367125,0.25,-0.7676305770874023,-3.2950124740600586,2.9100089073181152
1791628167074238272,1791628167043111584,2026-10-10T18:29:27.074+08:00,0.29031500220298767,0.0020664131734520197,0.25999999046325684,-1.2095046043395996,-3.286874532699585,2.233656167984009
1791628167307740640,1791628167276812672,2026-10-10T18:29:27.307+08:00,0.28758907318115234,0.0016372385434806347,0.25,-1.8490220308303833,-3.316248893737793,1.5866870880126953
1791628167508159936,1791628167497149408,2026-10-10T18:29:27.508+08:00,0.2862853407859802,0.0009807894239202142,0.25,-2.177072525024414,-3.4121086597442627,1.171377420425415
1791628167740697440,1791628167738130976,2026-10-10T18:29:27.740+08:00,0.28582602739334106,9.551892435410991e-05,0.25999999046325684,-2.095301628112793,-3.574000120162964,0.8462194800376892
1791628167973910976,1791628167967386240,2026-10-10T18:29:27.973+08:00,0.285954087972641,-7.891128188930452e-05,0.25,-1.6984783411026,-3.742868185043335,0.6256658434867859
1791628168174297152,1791628168137062752,2026-10-10T18:29:28.174+08:00,0.28624606132507324,0.0003920826711691916,0.25,-1.3165510892868042,-3.8492610454559326,0.48178789019584656
1791628168374503072,1791628168362928672,2026-10-10T18:29:28.374+08:00,0.286652147769928,0.0010590326273813844,0.25,-0.9827268719673157,-3.881629467010498,0.35564112663269043
1791628168575730720,1791628168541208960,2026-10-10T18:29:28.575+08:00,0.28817832469940186,0.0013033878058195114,0.25,-0.9077091813087463,-3.8260793685913086,0.27668413519859314
1791628168807579264,1791628168777872960,2026-10-10T18:29:28.807+08:00,0.29099318385124207,0.0011059200624004006,0.25,-1.0686603784561157,-3.6701695919036865,0.20772653818130493
1791628169041455616,1791628169019018080,2026-10-10T18:29:29.041+08:00,0.2923496961593628,0.0012730634771287441,0.25999999046325684,-1.1794651746749878,-3.549044132232666,-1.481065034866333
1791628169274210560,1791628169254401632,2026-10-10T18:29:29.274+08:00,0.28928056359291077,-0.003071110462769866,0.25999999046325684,-0.5699910521507263,-3.7214982509613037,-9.859719276428223
1791628169474538176,1791628169444016992,2026-10-10T18:29:29.474+08:00,0.2862906754016876,-0.01068908628076315,0.26999998092651367,0.2934647500514984,-3.996830701828003,-18.898006439208984
1791628169674598368,1791628169654226880,2026-10-10T18:29:29.674+08:00,0.2825718820095062,-0.015395400114357471,0.2799999713897705,1.4284477233886719,-4.2445783615112305,-30.444570541381836
1791628169908548448,1791628169892070208,2026-10-10T18:29:29.908+08:00,0.2793200612068176,-0.015613165684044361,0.2799999713897705,1.9215614795684814,-4.272711753845215,-41.1562385559082
1791628170140901984,1791628170124278688,2026-10-10T18:29:30.140+08:00,0.27845245599746704,-0.012541376054286957,0.26999998092651367,1.4547266960144043,-4.093226909637451,-51.31446075439453
1791628170341165056,1791628170291885824,2026-10-10T18:29:30.341+08:00,0.27867159247398376,-0.009349415078759193,0.26999998092651367,0.6032879948616028,-3.911616086959839,-57.15226745605469
1791628170575349568,1791628170570154112,2026-10-10T18:29:30.575+08:00,0.2800809442996979,-0.006677635479718447,0.25,-1.3543435335159302,-3.6382577419281006,-65.67635345458984
1791628170807283808,1791628170772842816,2026-10-10T18:29:30.807+08:00,0.28458353877067566,-0.0011581219732761383,0.25999999046325684,-2.6286025047302246,-3.5242819786071777,-70.5643310546875
1791628171007439776,1791628170974246528,2026-10-10T18:29:31.007+08:00,0.2870601415634155,0.0032588348258286715,0.26999998092651367,-3.7080776691436768,-3.4978182315826416,-74.87744903564453
1791628171241947520,1791628171239974080,2026-10-10T18:29:31.241+08:00,0.28629183769226074,0.007698172237724066,0.26999998092651367,-3.9799020290374756,-3.532432794570923,-78.8009262084961
1791628171475147968,1791628171464304416,2026-10-10T18:29:31.475+08:00,0.28680384159088135,0.010860508307814598,0.25999999046325684,-3.323943853378296,-3.56101393699646,-81.37957000732422
1791628171707817312,1791628171699236448,2026-10-10T18:29:31.707+08:00,0.28793004155158997,0.01355177816003561,0.25999999046325684,-2.2271668910980225,-3.5777082443237305,-83.51292419433594
1791628171940403936,1791628171937125024,2026-10-10T18:29:31.940+08:00,0.2890510559082031,0.015574225224554539,0.2799999713897705,-1.5301954746246338,-3.5554099082946777,-84.89509582519531
1791628172141037664,1791628172109630400,2026-10-10T18:29:32.141+08:00,0.28752097487449646,0.015437516383826733,0.2799999713897705,-1.6618999242782593,-3.524789333343506,-85.32997131347656
1791628172374132128,1791628172365609952,2026-10-10T18:29:32.374+08:00,0.27626681327819824,0.008287808857858181,0.26999998092651367,-2.5500831604003906,-3.6375317573547363,-86.08839416503906
1791628172607249216,1791628172602267808,2026-10-10T18:29:32.607+08:00,0.2658326327800751,0.00015886295295786113,0.25999999046325684,-2.9585647583007812,-3.887007236480713,-86.82743072509766
1791628172807500000,1791628172770169504,2026-10-10T18:29:32.807+08:00,0.26682621240615845,-0.003800704376772046,0.2799999713897705,-2.684384822845459,-4.052217483520508,-87.283935546875
1791628173041096224,1791628173011049792,2026-10-10T18:29:33.041+08:00,0.2670392394065857,-0.01437234878540039,0.26999998092651367,-1.9913700819015503,-4.228909492492676,-87.91887664794922
1791628173274957728,1791628173242672320,2026-10-10T18:29:33.274+08:00,0.26369360089302063,-0.02674109674990177,0.26999998092651367,-1.3036630153656006,-4.220993995666504,-88.44123077392578
1791628173507126368,1791628173494390880,2026-10-10T18:29:33.507+08:00,0.26167717576026917,-0.04227060452103615,0.28999996185302734,-0.6680538654327393,-4.048019886016846,-88.81401062011719
1791628173707800096,1791628173697945632,2026-10-10T18:29:33.707+08:00,0.2623770534992218,-0.05538788437843323,0.2799999713897705,-0.4193114638328552,-3.8430259227752686,-89.03205871582031
1791628173908145664,1791628173898538560,2026-10-10T18:29:33.908+08:00,0.26318109035491943,-0.06910719722509384,0.2799999713897705,-0.48769259452819824,-3.6050190925598145,-89.17771911621094
1791628174109509696,1791628174102849184,2026-10-10T18:29:34.109+08:00,0.2636493146419525,-0.08325409889221191,0.2799999713897705,-0.7936311960220337,-3.361576557159424,-89.28002166748047
1791628174340883488,1791628174334168768,2026-10-10T18:29:34.340+08:00,0.2637253701686859,-0.10076595842838287,0.2799999713897705,-1.242095708847046,-3.1412670612335205,-89.34960174560547
1791628174573959168,1791628174564279968,2026-10-10T18:29:34.573+08:00,0.2629567086696625,-0.11783347278833389,0.2799999713897705,-1.5121523141860962,-3.0216729640960693,-89.40645599365234
1791628174807101376,1791628174797876320,2026-10-10T18:29:34.807+08:00,0.2630973756313324,-0.13628709316253662,0.26999998092651367,-1.5077130794525146,-2.9476566314697266,-89.41609954833984
1791628175008818112,1791628174970096992,2026-10-10T18:29:35.008+08:00,0.2639918327331543,-0.14805211126804352,0.26999998092651367,-1.3970474004745483,-2.919630527496338,-89.44120025634766
1791628175240727648,1791628175237984032,2026-10-10T18:29:35.240+08:00,0.264710932970047,-0.1706402748823166,0.2799999713897705,-1.2154943943023682,-2.9380431175231934,-89.45588684082031
1791628175440794240,1791628175431008320,2026-10-10T18:29:35.440+08:00,0.2640884220600128,-0.18472447991371155,0.26999998092651367,-1.1410571336746216,-3.013394832611084,-89.4545669555664
1791628175673965696,1791628175667680800,2026-10-10T18:29:35.673+08:00,0.2629617154598236,-0.20464526116847992,0.26999998092651367,-1.0436557531356812,-3.158442258834839,-89.43700408935547
1791628175907567456,1791628175897947744,2026-10-10T18:29:35.907+08:00,0.2637593746185303,-0.22591480612754822,0.26999998092651367,-0.9666909575462341,-3.2979326248168945,-89.42970275878906
1791628176141046400,1791628176132032832,2026-10-10T18:29:36.141+08:00,0.2647358179092407,-0.24549901485443115,0.26999998092651367,-1.0166417360305786,-3.3755581378936768,-89.45210266113281
1791628176373906976,1791628176360926048,2026-10-10T18:29:36.373+08:00,0.26335060596466064,-0.2681370973587036,0.2799999713897705,-1.1615450382232666,-3.411139965057373,-89.46514129638672
1791628176574329664,1791628176566880608,2026-10-10T18:29:36.574+08:00,0.26262903213500977,-0.28721630573272705,0.25999999046325684,-1.135616421699524,-3.4105353355407715,-89.43563079833984
1791628176808094912,1791628176801990816,2026-10-10T18:29:36.808+08:00,0.2630632519721985,-0.31011834740638733,0.2799999713897705,-0.9602043032646179,-3.372142791748047,-89.47776794433594
1791628177041818016,1791628177038073440,2026-10-10T18:29:37.041+08:00,0.2638950049877167,-0.33084988594055176,0.25999999046325684,-0.8332883715629578,-3.304607629776001,-89.4754638671875
1791628177273905120,1791628177272306816,2026-10-10T18:29:37.273+08:00,0.26461002230644226,-0.34970003366470337,0.26999998092651367,-0.8884038329124451,-3.208296298980713,-89.45626068115234
1791628177474588864,1791628177468959264,2026-10-10T18:29:37.474+08:00,0.26398777961730957,-0.3688935935497284,0.2799999713897705,-1.0181523561477661,-3.139232873916626,-89.43927001953125
1791628177707441728,1791628177700058048,2026-10-10T18:29:37.707+08:00,0.2633543908596039,-0.39167341589927673,0.2799999713897705,-1.0517498254776,-3.109909772872925,-89.41077423095703
1791628177907757408,1791628177878703968,2026-10-10T18:29:37.907+08:00,0.263336181640625,-0.4091853201389313,0.26999998092651367,-0.990770697593689,-3.1179728507995605,-89.40413665771484
1791628178140772864,1791628178117820224,2026-10-10T18:29:38.140+08:00,0.2633119821548462,-0.43253451585769653,0.26999998092651367,-0.8908554911613464,-3.1351466178894043,-89.4019775390625
1791628178374145152,1791628178366080096,2026-10-10T18:29:38.374+08:00,0.2632877826690674,-0.4558837115764618,0.2799999713897705,-0.631900429725647,-3.1760177612304688,-89.39256286621094
1791628178574408352,1791628178571451968,2026-10-10T18:29:38.574+08:00,0.2632675766944885,-0.4753413796424866,0.2799999713897705,0.14992216229438782,-3.3235220909118652,-89.33307647705078
1791628178808722176,1791628178777205344,2026-10-10T18:29:38.808+08:00,0.2632453739643097,-0.4967448115348816,0.26999998092651367,1.4945791959762573,-3.63150954246521,-89.04689025878906
1791628179040510560,1791628179008508384,2026-10-10T18:29:39.040+08:00,0.265469491481781,-0.5186079144477844,0.26999998092651367,2.8229622840881348,-4.184573650360107,-88.55023956298828
1791628179240735360,1791628179209964448,2026-10-10T18:29:39.240+08:00,0.29133090376853943,-0.5420575737953186,0.2799999713897705,3.3779170513153076,-4.766895771026611,-88.10957336425781
1791628179473844640,1791628179464349504,2026-10-10T18:29:39.473+08:00,0.32140418887138367,-0.5720833539962769,0.26999998092651367,1.78010094165802,-5.181818962097168,-87.68111419677734
1791628179707113088,1791628179701694880,2026-10-10T18:29:39.707+08:00,0.3263617753982544,-0.5983613133430481,0.24000000953674316,-1.3469388484954834,-5.122135639190674,-87.35661315917969
1791628179907694912,1791628179898195744,2026-10-10T18:29:39.907+08:00,0.32503655552864075,-0.620482861995697,0.24000000953674316,-3.862414836883545,-5.0094733238220215,-87.27227020263672
1791628180140894080,1791628180130968480,2026-10-10T18:29:40.140+08:00,0.31563469767570496,-0.6458562612533569,0.25,-5.434868812561035,-4.880752086639404,-87.38856506347656
1791628180342615968,1791628180330905248,2026-10-10T18:29:40.342+08:00,0.3083598017692566,-0.6692873239517212,0.25,-5.083031177520752,-4.691195011138916,-87.64559173583984
1791628180574411744,1791628180552010496,2026-10-10T18:29:40.574+08:00,0.3055117428302765,-0.6939374804496765,0.25,-3.1722252368927,-4.355465412139893,-87.99919128417969
1791628180807898080,1791628180785210592,2026-10-10T18:29:40.807+08:00,0.3049829304218292,-0.721529483795166,0.26999998092651367,-0.7137752175331116,-3.8502488136291504,-88.3386001586914
1791628181040829376,1791628181025356896,2026-10-10T18:29:41.040+08:00,0.30430397391319275,-0.749038577079773,0.26999998092651367,0.8347402811050415,-3.2723405361175537,-88.50531768798828
1791628181240894176,1791628181224898784,2026-10-10T18:29:41.240+08:00,0.30373814702033997,-0.7719628214836121,0.2799999713897705,1.0962328910827637,-2.8158724308013916,-88.55973052978516
1791628181474860160,1791628181470074880,2026-10-10T18:29:41.474+08:00,0.3030490279197693,-0.799475908279419,0.25999999046325684,0.4357331693172455,-2.3678159713745117,-88.57271575927734
1791628181707567360,1791628181669765600,2026-10-10T18:29:41.707+08:00,0.3013823926448822,-0.8226071000099182,0.25,-0.48705995082855225,-2.1380467414855957,-88.57923889160156
1791628181941790656,1791628181940133984,2026-10-10T18:29:41.941+08:00,0.29903510212898254,-0.8549886345863342,0.25,-1.5382298231124878,-2.119603395462036,-88.59717559814453
1791628182143559456,1791628182110501408,2026-10-10T18:29:42.143+08:00,0.29769381880760193,-0.8734923601150513,0.25,-1.7866923809051514,-2.2830374240875244,-88.61671447753906
1791628182373882560,1791628182365984704,2026-10-10T18:29:42.373+08:00,0.29882949590682983,-0.9032518863677979,0.25,-1.566753625869751,-2.7869112491607666,-88.62948608398438
1791628182574456896,1791628182536906528,2026-10-10T18:29:42.574+08:00,0.30428168177604675,-0.9224109649658203,0.25,-1.2825695276260376,-3.2748138904571533,-88.61542510986328
1791628182807794016,1791628182769636320,2026-10-10T18:29:42.807+08:00,0.30546805262565613,-0.9460107088088989,0.25,-1.3081257343292236,-3.907052516937256,-88.52819061279297
1791628183041234400,1791628183039677792,2026-10-10T18:29:43.041+08:00,0.300155907869339,-0.9772141575813293,0.25,-1.290043830871582,-4.567955017089844,-88.53862762451172
1791628183273789472,1791628183246808032,2026-10-10T18:29:43.273+08:00,0.2970659136772156,-0.9989930987358093,0.25999999046325684,-0.929537296295166,-4.804349899291992,-88.5484619140625
1791628183474236608,1791628183459478400,2026-10-10T18:29:43.474+08:00,0.3021148145198822,-1.0245383977890015,0.25999999046325684,-0.4204607903957367,-4.812858581542969,-88.56306457519531
1791628183674262592,1791628183664768992,2026-10-10T18:29:43.674+08:00,0.30797532200813293,-1.0480916500091553,0.25999999046325684,-0.19799163937568665,-4.667042255401611,-88.61396789550781
1791628183875450784,1791628183873047680,2026-10-10T18:29:43.875+08:00,0.3121345639228821,-1.0689791440963745,0.26999998092651367,0.16870740056037903,-4.38477087020874,-88.6378173828125
1791628184075977856,1791628184072455040,2026-10-10T18:29:44.075+08:00,0.3238424062728882,-1.0894685983657837,0.25999999046325684,0.6973549127578735,-4.044715881347656,-88.54789733886719
1791628184307856768,1791628184278953952,2026-10-10T18:29:44.307+08:00,0.33670374751091003,-1.112497091293335,0.25,0.7633008360862732,-3.794031858444214,-88.42486572265625
1791628184540571872,1791628184537184608,2026-10-10T18:29:44.540+08:00,0.3409936726093292,-1.1424940824508667,0.24000000953674316,-0.2711641490459442,-3.718388319015503,-88.179931640625
1791628184740632256,1791628184737748960,2026-10-10T18:29:44.740+08:00,0.33925488591194153,-1.1654176712036133,0.24000000953674316,-1.2243131399154663,-3.712125062942505,-88.1111831665039
1791628184940641408,1791628184937700768,2026-10-10T18:29:44.940+08:00,0.33764180541038513,-1.1882976293563843,0.23000001907348633,-1.7541953325271606,-3.6495745182037354,-88.13284301757812
1791628185141631680,1791628185102764352,2026-10-10T18:29:45.141+08:00,0.33798515796661377,-1.2061454057693481,0.23000001907348633,-1.7680026292800903,-3.5892021656036377,-88.14346313476562
1791628185373993952,1791628185360918048,2026-10-10T18:29:45.373+08:00,0.3417785167694092,-1.2360607385635376,0.24000000953674316,-1.4293255805969238,-3.5334537029266357,-88.14749145507812
1791628185574039104,1791628185559916192,2026-10-10T18:29:45.574+08:00,0.34266018867492676,-1.2598278522491455,0.23000001907348633,-1.2377467155456543,-3.490006923675537,-88.13798522949219
1791628185774186400,1791628185759867808,2026-10-10T18:29:45.774+08:00,0.34285521507263184,-1.2828593254089355,0.23000001907348633,-1.1096937656402588,-3.4252281188964844,-88.12246704101562
1791628186007514336,1791628185997762112,2026-10-10T18:29:46.007+08:00,0.3421686589717865,-1.3114752769470215,0.23000001907348633,-1.0033037662506104,-3.3792736530303955,-88.09262084960938
1791628186207624160,1791628186199703584,2026-10-10T18:29:46.207+08:00,0.3419768214225769,-1.3338418006896973,0.23000001907348633,-0.9721382856369019,-3.3917768001556396,-88.07136535644531
1791628186440677920,1791628186434110464,2026-10-10T18:29:46.440+08:00,0.3429141938686371,-1.359972357749939,0.2200000286102295,-1.076890230178833,-3.4643404483795166,-88.0432357788086
1791628186673957024,1791628186670795936,2026-10-10T18:29:46.673+08:00,0.3426283597946167,-1.3834261894226074,0.2200000286102295,-1.3270436525344849,-3.583894968032837,-87.9846420288086
1791628186874700640,1791628186873071840,2026-10-10T18:29:46.874+08:00,0.34058234095573425,-1.4052330255508423,0.2200000286102295,-1.5569522380828857,-3.728637456893921,-87.9952163696289
1791628187107216896,1791628187074653056,2026-10-10T18:29:47.107+08:00,0.34067752957344055,-1.429856777191162,0.2200000286102295,-1.5257973670959473,-3.880221128463745,-87.9887924194336
1791628187307868864,1791628187275125472,2026-10-10T18:29:47.307+08:00,0.341447114944458,-1.451109528541565,0.2200000286102295,-1.289017677307129,-3.9840586185455322,-88.10209655761719
1791628187540915040,1791628187535942496,2026-10-10T18:29:47.540+08:00,0.3425234854221344,-1.4784740209579468,0.2200000286102295,-1.0778379440307617,-4.018174171447754,-88.095703125
1791628187774172288,1791628187769679200,2026-10-10T18:29:47.774+08:00,0.3421045243740082,-1.5022424459457397,0.2200000286102295,-1.099912405014038,-3.9608378410339355,-88.08784484863281
1791628188007466624,1791628187977008672,2026-10-10T18:29:48.007+08:00,0.3422343134880066,-1.5260833501815796,0.2200000286102295,-1.1907329559326172,-3.875649929046631,-88.04781341552734
1791628188207783840,1791628188181566400,2026-10-10T18:29:48.207+08:00,0.34084582328796387,-1.5477499961853027,0.2200000286102295,-1.3064165115356445,-3.8050241470336914,-88.02299499511719
1791628188440537472,1791628188428849280,2026-10-10T18:29:48.440+08:00,0.33974990248680115,-1.573554515838623,0.2200000286102295,-1.3517564535140991,-3.7476892471313477,-88.0132827758789
1791628188641890880,1791628188633929472,2026-10-10T18:29:48.641+08:00,0.34084010124206543,-1.5980335474014282,0.2200000286102295,-1.433892011642456,-3.73663592338562,-88.030029296875
1791628188874675648,1791628188869938368,2026-10-10T18:29:48.874+08:00,0.34081873297691345,-1.6239802837371826,0.2200000286102295,-1.496394395828247,-3.747678279876709,-88.06459045410156
1791628189108714912,1791628189075324032,2026-10-10T18:29:49.108+08:00,0.34092986583709717,-1.6498500108718872,0.2200000286102295,-1.403470754623413,-3.771482229232788,-88.08966827392578
1791628189341982880,1791628189331567904,2026-10-10T18:29:49.341+08:00,0.342791885137558,-1.6778275966644287,0.23000001907348633,-1.062996506690979,-3.810343027114868,-88.12265014648438
1791628189574452832,1791628189567375776,2026-10-10T18:29:49.574+08:00,0.34542492032051086,-1.7043246030807495,0.23000001907348633,-0.9137967228889465,-3.872711658477783,-88.24252319335938
1791628189807723968,1791628189797696320,2026-10-10T18:29:49.807+08:00,0.344621479511261,-1.723995566368103,0.23000001907348633,-1.3380184173583984,-3.974362373352051,-88.27880859375
1791628190008441376,1791628190006599872,2026-10-10T18:29:50.008+08:00,0.34197860956192017,-1.734531044960022,0.2200000286102295,-1.691590666770935,-3.9904329776763916,-88.35932922363281
1791628190240592544,1791628190237513088,2026-10-10T18:29:50.240+08:00,0.34271883964538574,-1.7433396577835083,0.23000001907348633,-1.6032938957214355,-3.918728828430176,-88.27735900878906
1791628190440644864,1791628190434761920,2026-10-10T18:29:50.440+08:00,0.34544962644577026,-1.7493799924850464,0.24000000953674316,-1.3211948871612549,-3.823065996170044,-88.14354705810547
1791628190641613856,1791628190629793888,2026-10-10T18:29:50.641+08:00,0.3456359803676605,-1.7535456418991089,0.23000001907348633,-1.2311030626296997,-3.7418153285980225,-88.04364776611328
1791628190877327264,1791628190865767104,2026-10-10T18:29:50.877+08:00,0.3435820937156677,-1.7569260597229004,0.23000001907348633,-1.1710388660430908,-3.6140341758728027,-87.96275329589844
1791628191107302112,1791628191103979040,2026-10-10T18:29:51.107+08:00,0.34356454014778137,-1.7583210468292236,0.23000001907348633,-1.07585608959198,-3.4627816677093506,-87.90777587890625
1791628191308223200,1791628191269735200,2026-10-10T18:29:51.308+08:00,0.3442475497722626,-1.7582576274871826,0.24000000953674316,-1.0699678659439087,-3.3618571758270264,-87.85652160644531
1791628191508762016,1791628191506741920,2026-10-10T18:29:51.508+08:00,0.34401649236679077,-1.7569019794464111,0.23000001907348633,-1.169299602508545,-3.219292640686035,-87.79347229003906
1791628191740599040,1791628191736671744,2026-10-10T18:29:51.740+08:00,0.3433475196361542,-1.7542973756790161,0.24000000953674316,-1.2355753183364868,-3.114439010620117,-87.76354217529297
1791628191941574240,1791628191939224448,2026-10-10T18:29:51.941+08:00,0.343801349401474,-1.7511464357376099,0.24000000953674316,-1.216433048248291,-3.084907054901123,-87.7389907836914
1791628192174064224,1791628192139299840,2026-10-10T18:29:52.174+08:00,0.3438417315483093,-1.7473992109298706,0.24000000953674316,-1.2678629159927368,-3.1081438064575195,-87.70465850830078
1791628192374122048,1791628192368903360,2026-10-10T18:29:52.374+08:00,0.3433505594730377,-1.7424315214157104,0.23000001907348633,-1.369795322418213,-3.1627447605133057,-87.68073272705078
1791628192574510144,1791628192545299808,2026-10-10T18:29:52.574+08:00,0.3433900773525238,-1.7378193140029907,0.23000001907348633,-1.4022982120513916,-3.212493896484375,-87.65996551513672
1791628192775323712,1791628192747603072,2026-10-10T18:29:52.775+08:00,0.3437812030315399,-1.7320433855056763,0.24000000953674316,-1.4211863279342651,-3.2703664302825928,-87.6342544555664
1791628192975863840,1791628192946798944,2026-10-10T18:29:52.975+08:00,0.34374260902404785,-1.7256022691726685,0.24000000953674316,-1.4962646961212158,-3.330780267715454,-87.62162780761719
1791628193207661216,1791628193186053920,2026-10-10T18:29:53.207+08:00,0.3429829180240631,-1.7168428897857666,0.25,-1.550948977470398,-3.398448944091797,-87.63004302978516
1791628193407714560,1791628193404330336,2026-10-10T18:29:53.407+08:00,0.34301498532295227,-1.7076501846313477,0.24000000953674316,-1.5155764818191528,-3.4471700191497803,-87.64173889160156
1791628193640705984,1791628193604765248,2026-10-10T18:29:53.640+08:00,0.3431693911552429,-1.698697566986084,0.25,-1.4745029211044312,-3.4889349937438965,-87.648681640625
1791628193840953536,1791628193810114240,2026-10-10T18:29:53.840+08:00,0.34275001287460327,-1.6899535655975342,0.25,-1.4421812295913696,-3.5302340984344482,-87.65743255615234
1791628194074077216,1791628194051413248,2026-10-10T18:29:54.074+08:00,0.3425089418888092,-1.6803306341171265,0.24000000953674316,-1.3659313917160034,-3.575070381164551,-87.69219207763672
1791628194274444096,1791628194247279872,2026-10-10T18:29:54.274+08:00,0.34278616309165955,-1.6736717224121094,0.25,-1.293908953666687,-3.610556125640869,-87.7247314453125
1791628194474515712,1791628194472606208,2026-10-10T18:29:54.474+08:00,0.3426050841808319,-1.6669145822525024,0.25,-1.263881802558899,-3.651709794998169,-87.7241439819336
1791628194707411744,1791628194671456160,2026-10-10T18:29:54.707+08:00,0.3423427939414978,-1.6614892482757568,0.24000000953674316,-1.2479186058044434,-3.6857800483703613,-87.75160217285156
1791628194907580960,1791628194879242944,2026-10-10T18:29:54.907+08:00,0.3416883647441864,-1.656636357307434,0.24000000953674316,-1.2045118808746338,-3.70540452003479,-87.80078125
1791628195141313216,1791628195110449760,2026-10-10T18:29:55.141+08:00,0.34108734130859375,-1.6537784337997437,0.25999999046325684,-1.03612220287323,-3.7166905403137207,-87.8361587524414
1791628195341911200,1791628195340127968,2026-10-10T18:29:55.341+08:00,0.3485320210456848,-1.656046748161316,0.25999999046325684,-0.2747790217399597,-3.7657406330108643,-87.8736572265625
1791628195574177024,1791628195546912192,2026-10-10T18:29:55.574+08:00,0.3621632158756256,-1.6567308902740479,0.25999999046325684,0.40592503547668457,-3.8385658264160156,-87.89185333251953
1791628195774396608,1791628195748520064,2026-10-10T18:29:55.774+08:00,0.3712758719921112,-1.6561459302902222,0.25,0.3109017312526703,-3.982056140899658,-87.74014282226562
1791628196007707584,1791628195984939136,2026-10-10T18:29:56.007+08:00,0.37418845295906067,-1.653732180595398,0.25,-0.6768234968185425,-4.104177474975586,-87.66202545166016
1791628196210002112,1791628196188805056,2026-10-10T18:29:56.210+08:00,0.3749629855155945,-1.6504217386245728,0.24000000953674316,-1.4873393774032593,-4.011187553405762,-87.70673370361328
1791628196441219808,1791628196412308352,2026-10-10T18:29:56.441+08:00,0.3768695294857025,-1.6454628705978394,0.24000000953674316,-2.0232555866241455,-3.749026298522949,-87.77454376220703
1791628196641324832,1791628196615226816,2026-10-10T18:29:56.641+08:00,0.3772403597831726,-1.6397826671600342,0.23000001907348633,-2.196286916732788,-3.4121367931365967,-87.81282043457031
1791628196841537856,1791628196813441120,2026-10-10T18:29:56.841+08:00,0.37646451592445374,-1.6346303224563599,0.24000000953674316,-1.981141448020935,-3.1200850009918213,-87.86714172363281
1791628197041766368,1791628197019752640,2026-10-10T18:29:57.041+08:00,0.37603577971458435,-1.6294565200805664,0.25,-1.5033817291259766,-2.9020888805389404,-87.89108276367188
1791628197243585696,1791628197219159680,2026-10-10T18:29:57.243+08:00,0.37594732642173767,-1.624709963798523,0.25,-0.9687467813491821,-2.7998993396759033,-87.93167114257812
1791628197474087488,1791628197439462560,2026-10-10T18:29:57.474+08:00,0.3766317069530487,-1.6205062866210938,0.24000000953674316,-0.5866541862487793,-2.827772855758667,-87.91305541992188
1791628197674699584,1791628197644059712,2026-10-10T18:29:57.674+08:00,0.3771016299724579,-1.6165883541107178,0.25,-0.5145471692085266,-2.9701247215270996,-87.96345520019531
1791628197908404992,1791628197889419904,2026-10-10T18:29:57.908+08:00,0.3815165162086487,-1.6128212213516235,0.25,-0.2240835726261139,-3.2158589363098145,-88.07263946533203
1791628198142279520,1791628198125694784,2026-10-10T18:29:58.142+08:00,0.39574480056762695,-1.6086251735687256,0.25,-0.020846936851739883,-3.427117347717285,-88.02091217041016
1791628198373993312,1791628198358272672,2026-10-10T18:29:58.373+08:00,0.40432974696159363,-1.605202317237854,0.23000001907348633,-0.7435956001281738,-3.669166088104248,-87.82128143310547
1791628198575204544,1791628198558124448,2026-10-10T18:29:58.575+08:00,0.4038158655166626,-1.602143406867981,0.23000001907348633,-1.720763921737671,-3.8564865589141846,-87.69918823242188
1791628198807154016,1791628198791671584,2026-10-10T18:29:58.807+08:00,0.40253928303718567,-1.5991452932357788,0.23000001907348633,-2.416656970977783,-3.979649782180786,-87.59134674072266
1791628199007808768,1791628198989663840,2026-10-10T18:29:59.007+08:00,0.40178924798965454,-1.5966500043869019,0.23000001907348633,-2.4653921127319336,-3.9879775047302246,-87.57852172851562
1791628199240611040,1791628199227614368,2026-10-10T18:29:59.240+08:00,0.4039790630340576,-1.5941873788833618,0.23000001907348633,-1.963283658027649,-3.8646559715270996,-87.58592987060547
1791628199441200512,1791628199410290272,2026-10-10T18:29:59.441+08:00,0.40504705905914307,-1.593022346496582,0.23000001907348633,-1.6741323471069336,-3.7328341007232666,-87.47037506103516
1791628199641379712,1791628199609768768,2026-10-10T18:29:59.641+08:00,0.4014292061328888,-1.5916521549224854,0.23000001907348633,-1.7081502676010132,-3.598461151123047,-87.39330291748047
1791628199875096256,1791628199855805152,2026-10-10T18:29:59.875+08:00,0.39459651708602905,-1.5896449089050293,0.23000001907348633,-1.659679651260376,-3.4348795413970947,-87.46825408935547
1791628200107754848,1791628200091179776,2026-10-10T18:30:00.107+08:00,0.39379534125328064,-1.5881534814834595,0.23000001907348633,-1.3321926593780518,-3.3337368965148926,-87.55049133300781
1791628200307783200,1791628200288659680,2026-10-10T18:30:00.307+08:00,0.39490169286727905,-1.586622953414917,0.24000000953674316,-1.1334692239761353,-3.3117687702178955,-87.58483123779297
1791628200540981632,1791628200514129248,2026-10-10T18:30:00.540+08:00,0.395081490278244,-1.5857844352722168,0.23000001907348633,-1.2822362184524536,-3.414456367492676,-87.59404754638672
1791628200741250304,1791628200715392000,2026-10-10T18:30:00.741+08:00,0.39351686835289,-1.5843520164489746,0.23000001907348633,-1.5610190629959106,-3.55456805229187,-87.62957763671875
1791628200974353952,1791628200946451456,2026-10-10T18:30:00.974+08:00,0.392791211605072,-1.5827082395553589,0.23000001907348633,-1.7105824947357178,-3.7001991271972656,-87.68146514892578
1791628201174465824,1791628201147676512,2026-10-10T18:30:01.174+08:00,0.3929579257965088,-1.5815788507461548,0.23000001907348633,-1.6973332166671753,-3.8040354251861572,-87.75272369384766
1791628201375303040,1791628201363626272,2026-10-10T18:30:01.375+08:00,0.3928273022174835,-1.5804708003997803,0.23000001907348633,-1.6252938508987427,-3.880549430847168,-87.83367156982422
1791628201579144640,1791628201536569376,2026-10-10T18:30:01.579+08:00,0.3924406170845032,-1.5796500444412231,0.23000001907348633,-1.5519474744796753,-3.9101765155792236,-87.8803939819336
1791628201807833824,1791628201776499072,2026-10-10T18:30:01.807+08:00,0.39233434200286865,-1.578688144683838,0.23000001907348633,-1.4330397844314575,-3.907123565673828,-87.92710876464844
1791628202040746880,1791628202022793696,2026-10-10T18:30:02.040+08:00,0.3930445611476898,-1.5778738260269165,0.23000001907348633,-1.3262664079666138,-3.8599276542663574,-87.80108642578125
1791628202240792896,1791628202227745920,2026-10-10T18:30:02.240+08:00,0.39744970202445984,-1.579544186592102,0.24000000953674316,-0.8670722246170044,-3.8299219608306885,-87.49684143066406
1791628202441284544,1791628202439448640,2026-10-10T18:30:02.441+08:00,0.41494879126548767,-1.5858259201049805,0.25,-0.10284961014986038,-3.9093565940856934,-87.43860626220703
1791628202641293056,1791628202612045824,2026-10-10T18:30:02.641+08:00,0.42763692140579224,-1.5927611589431763,0.23000001907348633,0.09197325259447098,-4.145652770996094,-87.4186019897461
1791628202873792384,1791628202848705728,2026-10-10T18:30:02.873+08:00,0.43675509095191956,-1.6037126779556274,0.2200000286102295,-0.6647614240646362,-4.661660671234131,-87.30307006835938
1791628203074548000,1791628203052063584,2026-10-10T18:30:03.074+08:00,0.437620609998703,-1.6152687072753906,0.2200000286102295,-1.734065055847168,-4.977777481079102,-87.2730484008789
1791628203308587648,1791628203286738560,2026-10-10T18:30:03.308+08:00,0.438720166683197,-1.63107430934906,0.2200000286102295,-2.586583137512207,-5.116487503051758,-87.29837036132812
1791628203540724032,1791628203512819232,2026-10-10T18:30:03.540+08:00,0.4422602355480194,-1.648485779762268,0.2200000286102295,-2.8008124828338623,-5.117006778717041,-87.38609313964844
1791628203740975200,1791628203713943392,2026-10-10T18:30:03.740+08:00,0.4432463049888611,-1.6634351015090942,0.2200000286102295,-2.6893093585968018,-5.025768280029297,-87.43171691894531
1791628203941409344,1791628203914369824,2026-10-10T18:30:03.941+08:00,0.44295454025268555,-1.6793725490570068,0.23000001907348633,-2.3540337085723877,-4.859277725219727,-87.44331359863281
1791628204174362624,1791628204158066624,2026-10-10T18:30:04.174+08:00,0.4421462416648865,-1.69859778881073,0.2200000286102295,-1.7542637586593628,-4.590760231018066,-87.53243255615234
1791628204375445824,1791628204373474624,2026-10-10T18:30:04.375+08:00,0.44227537512779236,-1.7165933847427368,0.2200000286102295,-1.2468057870864868,-4.3244853019714355,-87.61910247802734
1791628204607643104,1791628204577046432,2026-10-10T18:30:04.607+08:00,0.4420948028564453,-1.7345638275146484,0.23000001907348633,-1.0422524213790894,-4.100381374359131,-87.68794250488281
1791628204807685728,1791628204775844288,2026-10-10T18:30:04.807+08:00,0.4423183798789978,-1.751436710357666,0.2200000286102295,-1.0828814506530762,-3.9374654293060303,-87.74610900878906
1791628205041463136,1791628205013489792,2026-10-10T18:30:05.041+08:00,0.4422523081302643,-1.7722278833389282,0.23000001907348633,-1.3877925872802734,-3.8565027713775635,-87.80689239501953
1791628205242087360,1791628205220438976,2026-10-10T18:30:05.242+08:00,0.442076176404953,-1.7889140844345093,0.2200000286102295,-1.7182773351669312,-3.8725008964538574,-87.84100341796875
1791628205474625120,1791628205463243264,2026-10-10T18:30:05.474+08:00,0.4415890574455261,-1.8094326257705688,0.2200000286102295,-2.0139949321746826,-3.959244728088379,-87.87763214111328
1791628205674945984,1791628205663571136,2026-10-10T18:30:05.674+08:00,0.44216790795326233,-1.826525092124939,0.23000001907348633,-2.086940050125122,-4.051965236663818,-87.91919708251953
1791628205874957216,1791628205864190720,2026-10-10T18:30:05.874+08:00,0.44221949577331543,-1.8423705101013184,0.2200000286102295,-2.0554444789886475,-4.128910064697266,-88.04439544677734
1791628206107712096,1791628206068642240,2026-10-10T18:30:06.107+08:00,0.44216519594192505,-1.8587350845336914,0.23000001907348633,-1.964158535003662,-4.155786514282227,-88.0916519165039
1791628206307883744,1791628206272921888,2026-10-10T18:30:06.307+08:00,0.44282066822052,-1.8733106851577759,0.23000001907348633,-1.8058568239212036,-4.12452507019043,-88.10354614257812
1791628206540429536,1791628206529301856,2026-10-10T18:30:06.540+08:00,0.4440454840660095,-1.88327956199646,0.23000001907348633,-1.763221025466919,-4.031975746154785,-88.05472564697266
1791628206743763456,1791628206729633312,2026-10-10T18:30:06.743+08:00,0.4443087577819824,-1.8887348175048828,0.23000001907348633,-1.8890559673309326,-3.9469728469848633,-88.0223388671875
1791628206974311040,1791628206934987808,2026-10-10T18:30:06.974+08:00,0.44408556818962097,-1.8917436599731445,0.23000001907348633,-2.021393299102783,-3.8666632175445557,-88.00699615478516
1791628207175674720,1791628207140685184,2026-10-10T18:30:07.175+08:00,0.44422781467437744,-1.8930460214614868,0.24000000953674316,-2.0450332164764404,-3.7795333862304688,-87.99620056152344
1791628207407691264,1791628207399692832,2026-10-10T18:30:07.407+08:00,0.4446004629135132,-1.8926279544830322,0.23000001907348633,-1.942583441734314,-3.6729090213775635,-87.97991943359375
1791628207640777184,1791628207603346240,2026-10-10T18:30:07.640+08:00,0.44434860348701477,-1.891113042831421,0.23000001907348633,-1.7976665496826172,-3.6037073135375977,-87.97003936767578
1791628207841267840,1791628207837402336,2026-10-10T18:30:07.841+08:00,0.44405215978622437,-1.8876399993896484,0.24000000953674316,-1.6314704418182373,-3.571957588195801,-87.96096801757812
1791628208073939200,1791628208070734400,2026-10-10T18:30:08.073+08:00,0.44438859820365906,-1.882980465888977,0.24000000953674316,-1.6086647510528564,-3.593770742416382,-87.94457244873047
1791628208273985856,1791628208244576032,2026-10-10T18:30:08.273+08:00,0.44459834694862366,-1.8784081935882568,0.24000000953674316,-1.7252150774002075,-3.6283583641052246,-87.92505645751953
1791628208474790400,1791628208468444032,2026-10-10T18:30:08.474+08:00,0.4439332187175751,-1.8725800514221191,0.24000000953674316,-1.9750392436981201,-3.6743099689483643,-87.90979766845703
1791628208707218432,1791628208704918976,2026-10-10T18:30:08.707+08:00,0.4433031380176544,-1.866139531135559,0.24000000953674316,-2.155930280685425,-3.7199835777282715,-87.91616821289062
1791628208908806528,1791628208869244352,2026-10-10T18:30:08.908+08:00,0.4434918761253357,-1.8619166612625122,0.24000000953674316,-2.155372381210327,-3.7369296550750732,-87.92410278320312
1791628209140454784,1791628209108305248,2026-10-10T18:30:09.140+08:00,0.44378581643104553,-1.8555903434753418,0.24000000953674316,-2.0474092960357666,-3.7311599254608154,-87.931884765625
1791628209340820992,1791628209282344608,2026-10-10T18:30:09.340+08:00,0.44327834248542786,-1.8519372940063477,0.24000000953674316,-1.9246160984039307,-3.7056336402893066,-87.92603302001953
1791628209540950464,1791628209538998848,2026-10-10T18:30:09.540+08:00,0.44225451350212097,-1.8477352857589722,0.24000000953674316,-1.7197636365890503,-3.6718828678131104,-87.91331481933594
1791628209741453888,1791628209709819936,2026-10-10T18:30:09.741+08:00,0.44201546907424927,-1.8457109928131104,0.24000000953674316,-1.579693078994751,-3.655209541320801,-87.92251586914062
1791628209974445728,1791628209951061472,2026-10-10T18:30:09.974+08:00,0.44265690445899963,-1.8426876068115234,0.25,-1.4883962869644165,-3.630296230316162,-87.89105224609375
1791628210174544512,1791628210156275392,2026-10-10T18:30:10.174+08:00,0.4429861307144165,-1.8400919437408447,0.25999999046325684,-1.3874157667160034,-3.7718958854675293,-87.88677215576172
1791628210407215488,1791628210405102048,2026-10-10T18:30:10.407+08:00,0.44326433539390564,-1.8384149074554443,0.2799999713897705,-0.9433457851409912,-4.174469947814941,-87.91819763183594
1791628210607372128,1791628210587877920,2026-10-10T18:30:10.607+08:00,0.444100946187973,-1.83708918094635,0.2999999523162842,-0.4928096830844879,-4.615023136138916,-87.890869140625
1791628210807620672,1791628210786171136,2026-10-10T18:30:10.807+08:00,0.44459453225135803,-1.8357855081558228,0.33000004291534424,-0.08946273475885391,-5.214668273925781,-87.84113311767578
1791628211007854848,1791628210985680736,2026-10-10T18:30:11.007+08:00,0.4448331892490387,-1.8350698947906494,0.3500000238418579,0.1771312952041626,-5.85276460647583,-87.7929458618164
1791628211207984320,1791628211187100352,2026-10-10T18:30:11.207+08:00,0.44504234194755554,-1.8338112831115723,0.38999998569488525,0.3039173185825348,-6.452724456787109,-87.79653930664062
1791628211408808224,1791628211403317152,2026-10-10T18:30:11.408+08:00,0.4455806314945221,-1.8322726488113403,0.4299999475479126,0.2586643695831299,-7.0045084953308105,-87.62899017333984
1791628211640702944,1791628211637412544,2026-10-10T18:30:11.640+08:00,0.44564616680145264,-1.8318026065826416,0.46000003814697266,0.11214780807495117,-7.451476097106934,-87.46336364746094
1791628211841192928,1791628211836274368,2026-10-10T18:30:11.841+08:00,0.4463288187980652,-1.8302905559539795,0.5,0.05055728182196617,-7.6698431968688965,-87.39521789550781
1791628212042569152,1791628212039483456,2026-10-10T18:30:12.042+08:00,0.44744938611984253,-1.8280802965164185,0.5499999523162842,-0.006433179602026939,-7.754698753356934,-87.26995086669922
1791628212275007808,1791628212255722432,2026-10-10T18:30:12.275+08:00,0.4484696090221405,-1.8250117301940918,0.6000000238418579,-0.016318082809448242,-7.719849586486816,-87.1937255859375
1791628212507398144,1791628212501310944,2026-10-10T18:30:12.507+08:00,0.4498932361602783,-1.8218321800231934,0.6499999761581421,0.007879899814724922,-7.554255962371826,-87.1396713256836
1791628212740478016,1791628212732909248,2026-10-10T18:30:12.740+08:00,0.4512115716934204,-1.8194085359573364,0.7100000381469727,0.0007971361046656966,-7.36235237121582,-87.10774993896484
1791628212940633120,1791628212928766880,2026-10-10T18:30:12.940+08:00,0.45310133695602417,-1.8171526193618774,0.7599999904632568,-0.0187442097812891,-7.226025104522705,-87.15465545654297
1791628213141258688,1791628213130173376,2026-10-10T18:30:13.141+08:00,0.45426395535469055,-1.8144093751907349,0.7999999523162842,-0.12217502295970917,-7.087734699249268,-87.10626983642578
1791628213374512032,1791628213359353248,2026-10-10T18:30:13.374+08:00,0.45549049973487854,-1.8110123872756958,0.8600000143051147,-0.19835416972637177,-6.942701816558838,-86.97657775878906
1791628213607828480,1791628213597191488,2026-10-10T18:30:13.607+08:00,0.45674094557762146,-1.8076412677764893,0.9299999475479126,-0.19095051288604736,-6.852615833282471,-86.8472671508789
1791628213841943808,1791628213836338560,2026-10-10T18:30:13.841+08:00,0.45716342329978943,-1.80487859249115,0.9800000190734863,-0.06928804516792297,-6.81740665435791,-86.73002624511719
1791628214074315232,1791628214066207808,2026-10-10T18:30:14.074+08:00,0.45950549840927124,-1.804445743560791,1.0399999618530273,0.09722418338060379,-6.800871849060059,-86.56539154052734
1791628214307874400,1791628214267042880,2026-10-10T18:30:14.307+08:00,0.4602587819099426,-1.8254058361053467,1.0799999237060547,0.3930474519729614,-4.838053226470947,-86.4456558227539
1791628214507983872,1791628214476766080,2026-10-10T18:30:14.507+08:00,0.4588389992713928,-1.822259783744812,1.1099998950958252,0.3194654881954193,0.6010633707046509,-86.13188934326172
1791628214708154304,1791628214677910016,2026-10-10T18:30:14.708+08:00,0.4429194927215576,-1.8175432682037354,1.1099998950958252,-0.5425928831100464,2.5190513134002686,-85.92496490478516
1791628214940521728,1791628214917202016,2026-10-10T18:30:14.940+08:00,0.4437585175037384,-1.8170346021652222,1.0999999046325684,-1.5799102783203125,2.8017215728759766,-85.46426391601562
1791628215141105568,1791628215112289952,2026-10-10T18:30:15.141+08:00,0.444356232881546,-1.8173483610153198,1.0999999046325684,-1.9566988945007324,2.7715394496917725,-85.28398895263672
1791628215341824384,1791628215287168640,2026-10-10T18:30:15.341+08:00,0.4439711570739746,-1.8167407512664795,1.1099998950958252,-2.032203197479248,2.7897956371307373,-85.1976318359375
1791628215541886592,1791628215537272800,2026-10-10T18:30:15.541+08:00,0.44485169649124146,-1.8169214725494385,1.0999999046325684,-1.9870080947875977,2.7603604793548584,-85.07789611816406
