# Guoshui 2026 four gates: hollow red 90-degree PVC elbows.
# All faces are triangles; no MTL file is required by Stonefish.
o Guoshui2026GatePart
v 7.160896 1.061647 0.600000
v 7.154636 1.057516 0.600000
v 7.159117 1.060473 0.589285
v 7.153334 1.056657 0.592155
v 7.154051 1.057130 0.580201
v 7.149625 1.054209 0.585504
v 7.146469 1.052127 0.574131
v 7.144074 1.050546 0.581060
v 7.137526 1.046226 0.572000
v 7.137526 1.046226 0.579500
v 7.128582 1.040324 0.574131
v 7.130978 1.041905 0.581060
v 7.121000 1.035321 0.580201
v 7.125427 1.038242 0.585504
v 7.115934 1.031978 0.589285
v 7.121718 1.035795 0.592155
v 7.114155 1.030804 0.600000
v 7.120415 1.034935 0.600000
v 7.115934 1.031978 0.610715
v 7.121718 1.035795 0.607845
v 7.121000 1.035321 0.619799
v 7.125427 1.038242 0.614496
v 7.128582 1.040324 0.625869
v 7.130978 1.041905 0.618940
v 7.137526 1.046226 0.628000
v 7.137526 1.046226 0.620500
v 7.146469 1.052127 0.625869
v 7.144074 1.050546 0.618940
v 7.154051 1.057130 0.619799
v 7.149625 1.054209 0.614496
v 7.159117 1.060473 0.610715
v 7.153334 1.056657 0.607845
v 7.144373 1.086687 0.600000
v 7.138113 1.082556 0.600000
v 7.142594 1.085513 0.589285
v 7.136811 1.081697 0.592155
v 7.137528 1.082170 0.580201
v 7.133102 1.079249 0.585504
v 7.129946 1.077167 0.574131
v 7.127551 1.075586 0.581060
v 7.121003 1.071266 0.572000
v 7.121003 1.071266 0.579500
v 7.112059 1.065364 0.574131
v 7.114455 1.066945 0.581060
v 7.104477 1.060361 0.580201
v 7.108904 1.063282 0.585504
v 7.099411 1.057018 0.589285
v 7.105195 1.060834 0.592155
v 7.097632 1.055844 0.600000
v 7.103892 1.059975 0.600000
v 7.099411 1.057018 0.610715
v 7.105195 1.060834 0.607845
v 7.104477 1.060361 0.619799
v 7.108904 1.063282 0.614496
v 7.112059 1.065364 0.625869
v 7.114455 1.066945 0.618940
v 7.121003 1.071266 0.628000
v 7.121003 1.071266 0.620500
v 7.129946 1.077167 0.625869
v 7.127551 1.075586 0.618940
v 7.137528 1.082170 0.619799
v 7.133102 1.079249 0.614496
v 7.142594 1.085513 0.610715
v 7.136811 1.081697 0.607845
v 7.141687 1.090758 0.600480
v 7.135427 1.086627 0.600480
v 7.138757 1.091329 0.589971
v 7.133282 1.087045 0.592786
v 7.132715 1.089465 0.581062
v 7.128858 1.085681 0.586263
v 7.124481 1.085450 0.575109
v 7.122830 1.082741 0.581905
v 7.115308 1.079896 0.573018
v 7.116114 1.078675 0.580374
v 7.106594 1.073647 0.575109
v 7.109734 1.074100 0.581905
v 7.099664 1.067656 0.581062
v 7.104660 1.069713 0.586263
v 7.095574 1.062834 0.589971
v 7.101666 1.066183 0.592786
v 7.094946 1.059915 0.600480
v 7.101206 1.064046 0.600480
v 7.097876 1.059344 0.610990
v 7.103351 1.063628 0.608175
v 7.103919 1.061208 0.619899
v 7.107775 1.064992 0.614698
v 7.112153 1.065223 0.625852
v 7.113804 1.067932 0.619056
v 7.121325 1.070777 0.627942
v 7.120519 1.071998 0.620586
v 7.130040 1.077026 0.625852
v 7.126900 1.076573 0.619056
v 7.136970 1.083017 0.619899
v 7.131973 1.080960 0.614698
v 7.141060 1.087839 0.610990
v 7.134968 1.084490 0.608175
v 7.139104 1.094672 0.601903
v 7.132844 1.090541 0.601903
v 7.135067 1.096921 0.592004
v 7.129888 1.092188 0.594655
v 7.128086 1.096479 0.583611
v 7.124777 1.091865 0.588511
v 7.119225 1.093415 0.578004
v 7.118290 1.089621 0.584405
v 7.109832 1.088194 0.576034
v 7.111413 1.085799 0.582963
v 7.101338 1.081612 0.578004
v 7.105194 1.080980 0.584405
v 7.095035 1.074670 0.583611
v 7.100579 1.075897 0.588511
v 7.091884 1.068426 0.592004
v 7.098272 1.071326 0.594655
v 7.092363 1.063830 0.601903
v 7.098623 1.067960 0.601903
v 7.096400 1.061581 0.611803
v 7.101579 1.066314 0.609151
v 7.103381 1.062022 0.620195
v 7.106690 1.066637 0.615295
v 7.112242 1.065087 0.625803
v 7.113178 1.068881 0.619401
v 7.121635 1.070307 0.627772
v 7.120054 1.072703 0.620843
v 7.130129 1.076890 0.625803
v 7.126273 1.077522 0.619401
v 7.136432 1.083831 0.620195
v 7.130888 1.082604 0.615295
v 7.139584 1.090076 0.611803
v 7.133195 1.087176 0.609151
v 7.136724 1.098280 0.604213
v 7.130464 1.094149 0.604213
v 7.131666 1.102075 0.595304
v 7.126761 1.096927 0.597690
v 7.123820 1.102944 0.587751
v 7.121017 1.097564 0.592161
v 7.114381 1.100756 0.582704
v 7.114106 1.095962 0.588466
v 7.104786 1.095842 0.580932
v 7.107080 1.092365 0.587168
v 7.096494 1.088953 0.582704
v 7.101010 1.087320 0.588466
v 7.090769 1.081135 0.587751
v 7.096819 1.081597 0.592161
v 7.088483 1.073580 0.595304
v 7.095145 1.076065 0.597690
v 7.089983 1.067437 0.604213
v 7.096243 1.071568 0.604213
v 7.095040 1.063642 0.613123
v 7.099946 1.068789 0.610736
v 7.102886 1.062773 0.620676
v 7.105690 1.068153 0.616266
v 7.112325 1.064961 0.625722
v 7.112600 1.069755 0.619961
v 7.121921 1.069874 0.627494
v 7.119626 1.073352 0.621258
v 7.130212 1.076764 0.625722
v 7.125696 1.078397 0.619961
v 7.135937 1.084582 0.620676
v 7.129888 1.084120 0.616266
v 7.138223 1.092137 0.613123
v 7.131562 1.089652 0.610736
v 7.134637 1.101442 0.607322
v 7.128377 1.097311 0.607322
v 7.128685 1.106592 0.599746
v 7.124020 1.101082 0.601775
v 7.120082 1.108610 0.593322
v 7.117720 1.102559 0.597072
v 7.110136 1.107190 0.589030
v 7.110439 1.101519 0.593930
v 7.100362 1.102546 0.587523
v 7.103283 1.098120 0.592827
v 7.092249 1.095387 0.589030
v 7.097343 1.092878 0.593930
v 7.087031 1.086801 0.593322
v 7.093522 1.086592 0.597072
v 7.085502 1.078097 0.599746
v 7.092403 1.080219 0.601775
v 7.087896 1.070599 0.607322
v 7.094156 1.074730 0.607322
v 7.093848 1.065449 0.614899
v 7.098514 1.070959 0.612870
v 7.102452 1.063431 0.621322
v 7.104813 1.069482 0.617572
v 7.112398 1.064851 0.625614
v 7.112095 1.070522 0.620715
v 7.122171 1.069495 0.627121
v 7.119250 1.073921 0.621818
v 7.130285 1.076654 0.625614
v 7.125191 1.079163 0.620715
v 7.135503 1.085240 0.621322
v 7.129011 1.085449 0.617572
v 7.137031 1.093944 0.614899
v 7.130130 1.091822 0.612870
v 7.132925 1.104037 0.611111
v 7.126665 1.099906 0.611111
v 7.126239 1.110299 0.605158
v 7.121770 1.104491 0.606752
v 7.117013 1.113260 0.600111
v 7.115015 1.106659 0.603057
v 7.106652 1.112470 0.596739
v 7.107429 1.106080 0.600589
v 7.096732 1.108047 0.595555
v 7.100167 1.102842 0.599722
v 7.088765 1.100667 0.596739
v 7.094333 1.097439 0.600589
v 7.083962 1.091451 0.600111
v 7.090817 1.090692 0.603057
v 7.083056 1.081804 0.605158
v 7.090154 1.083629 0.606752
v 7.086184 1.073194 0.611111
v 7.092444 1.077325 0.611111
v 7.092870 1.066932 0.617064
v 7.097339 1.072740 0.615469
v 7.102096 1.063971 0.622110
v 7.104093 1.070572 0.619164
v 7.112457 1.064761 0.625483
v 7.111680 1.071151 0.621633
v 7.122377 1.069184 0.626667
v 7.118942 1.074389 0.622500
v 7.130344 1.076564 0.625483
v 7.124775 1.079792 0.621633
v 7.135147 1.085780 0.622110
v 7.128292 1.086539 0.619164
v 7.136053 1.095427 0.617064
v 7.128955 1.093602 0.615469
v 7.080983 1.090544 0.609205
v 7.088295 1.090544 0.610873
v 7.082300 1.080390 0.613016
v 7.089259 1.083110 0.613663
v 7.087572 1.071782 0.617195
v 7.093120 1.076807 0.616723
v 7.095997 1.066030 0.621105
v 7.099288 1.072596 0.619586
v 7.106293 1.064011 0.624152
v 7.106826 1.071118 0.621817
v 7.116891 1.066030 0.625872
v 7.114585 1.072596 0.623076
v 7.126178 1.071782 0.626002
v 7.121385 1.076807 0.623171
v 7.132741 1.080390 0.624523
v 7.126190 1.083110 0.622088
v 7.135581 1.090544 0.621661
v 7.128268 1.090544 0.619992
v 7.134264 1.100698 0.617850
v 7.127304 1.097978 0.617202
v 7.128992 1.109306 0.613671
v 7.123444 1.104280 0.614143
v 7.120566 1.115057 0.609760
v 7.117276 1.108491 0.611280
v 7.110271 1.117077 0.606713
v 7.109738 1.109970 0.609049
v 7.099673 1.115057 0.604994
v 7.101979 1.108491 0.607790
v 7.090385 1.109306 0.604864
v 7.095179 1.104280 0.607695
v 7.083823 1.100698 0.606342
v 7.090374 1.097978 0.608777
v 7.079665 1.091731 0.617073
v 7.087120 1.091731 0.617890
v 7.081594 1.081159 0.619040
v 7.088532 1.083991 0.619330
v 7.087466 1.072196 0.621171
v 7.092832 1.077429 0.620891
v 7.096388 1.066208 0.623143
v 7.099364 1.073044 0.622334
v 7.107002 1.064105 0.624655
v 7.107135 1.071505 0.623441
v 7.117691 1.066208 0.625477
v 7.114961 1.073044 0.624043
v 7.126829 1.072196 0.625484
v 7.121651 1.077429 0.624048
v 7.133023 1.081159 0.624674
v 7.126186 1.083991 0.623455
v 7.135332 1.091731 0.623172
v 7.127876 1.091731 0.622355
v 7.133403 1.102303 0.621205
v 7.126464 1.099472 0.620915
v 7.127531 1.111266 0.619074
v 7.122165 1.106033 0.619355
v 7.118609 1.117255 0.617102
v 7.115633 1.110418 0.617911
v 7.107995 1.119358 0.615590
v 7.107862 1.111958 0.616804
v 7.097306 1.117255 0.614769
v 7.100036 1.110418 0.616203
v 7.088168 1.111266 0.614762
v 7.093346 1.106033 0.616198
v 7.081974 1.102303 0.615571
v 7.088811 1.099472 0.616790
v 7.079234 1.092132 0.625000
v 7.086734 1.092132 0.625000
v 7.081365 1.081417 0.625000
v 7.088294 1.084287 0.625000
v 7.087435 1.072333 0.625000
v 7.092738 1.077636 0.625000
v 7.096519 1.066264 0.625000
v 7.099389 1.073193 0.625000
v 7.107234 1.064132 0.625000
v 7.107234 1.071632 0.625000
v 7.117949 1.066264 0.625000
v 7.115079 1.073193 0.625000
v 7.127033 1.072333 0.625000
v 7.121730 1.077636 0.625000
v 7.133102 1.081417 0.625000
v 7.126173 1.084287 0.625000
v 7.135234 1.092132 0.625000
v 7.127734 1.092132 0.625000
v 7.133102 1.102847 0.625000
v 7.126173 1.099977 0.625000
v 7.127033 1.111931 0.625000
v 7.121730 1.106628 0.625000
v 7.117949 1.118001 0.625000
v 7.115079 1.111072 0.625000
v 7.107234 1.120132 0.625000
v 7.107234 1.112632 0.625000
v 7.096519 1.118001 0.625000
v 7.099389 1.111072 0.625000
v 7.087435 1.111931 0.625000
v 7.092738 1.106628 0.625000
v 7.081365 1.102847 0.625000
v 7.088294 1.099977 0.625000
v 7.079234 1.092132 0.655000
v 7.086734 1.092132 0.655000
v 7.081365 1.081417 0.655000
v 7.088294 1.084287 0.655000
v 7.087435 1.072333 0.655000
v 7.092738 1.077636 0.655000
v 7.096519 1.066264 0.655000
v 7.099389 1.073193 0.655000
v 7.107234 1.064132 0.655000
v 7.107234 1.071632 0.655000
v 7.117949 1.066264 0.655000
v 7.115079 1.073193 0.655000
v 7.127033 1.072333 0.655000
v 7.121730 1.077636 0.655000
v 7.133102 1.081417 0.655000
v 7.126173 1.084287 0.655000
v 7.135234 1.092132 0.655000
v 7.127734 1.092132 0.655000
v 7.133102 1.102847 0.655000
v 7.126173 1.099977 0.655000
v 7.127033 1.111931 0.655000
v 7.121730 1.106628 0.655000
v 7.117949 1.118001 0.655000
v 7.115079 1.111072 0.655000
v 7.107234 1.120132 0.655000
v 7.107234 1.112632 0.655000
v 7.096519 1.118001 0.655000
v 7.099389 1.111072 0.655000
v 7.087435 1.111931 0.655000
v 7.092738 1.106628 0.655000
v 7.081365 1.102847 0.655000
v 7.088294 1.099977 0.655000
v 7.439104 0.538353 0.600000
v 7.445364 0.542484 0.600000
v 7.440883 0.539527 0.589285
v 7.446666 0.543343 0.592155
v 7.445949 0.542870 0.580201
v 7.450375 0.545791 0.585504
v 7.453531 0.547873 0.574131
v 7.455926 0.549454 0.581060
v 7.462474 0.553774 0.572000
v 7.462474 0.553774 0.579500
v 7.471418 0.559676 0.574131
v 7.469022 0.558095 0.581060
v 7.479000 0.564679 0.580201
v 7.474573 0.561758 0.585504
v 7.484066 0.568022 0.589285
v 7.478282 0.564205 0.592155
v 7.485845 0.569196 0.600000
v 7.479585 0.565065 0.600000
v 7.484066 0.568022 0.610715
v 7.478282 0.564205 0.607845
v 7.479000 0.564679 0.619799
v 7.474573 0.561758 0.614496
v 7.471418 0.559676 0.625869
v 7.469022 0.558095 0.618940
v 7.462474 0.553774 0.628000
v 7.462474 0.553774 0.620500
v 7.453531 0.547873 0.625869
v 7.455926 0.549454 0.618940
v 7.445949 0.542870 0.619799
v 7.450375 0.545791 0.614496
v 7.440883 0.539527 0.610715
v 7.446666 0.543343 0.607845
v 7.455627 0.513313 0.600000
v 7.461887 0.517444 0.600000
v 7.457406 0.514487 0.589285
v 7.463189 0.518303 0.592155
v 7.462472 0.517830 0.580201
v 7.466898 0.520751 0.585504
v 7.470054 0.522833 0.574131
v 7.472449 0.524414 0.581060
v 7.478997 0.528734 0.572000
v 7.478997 0.528734 0.579500
v 7.487941 0.534636 0.574131
v 7.485545 0.533055 0.581060
v 7.495523 0.539639 0.580201
v 7.491096 0.536718 0.585504
v 7.500589 0.542982 0.589285
v 7.494805 0.539166 0.592155
v 7.502368 0.544156 0.600000
v 7.496108 0.540025 0.600000
v 7.500589 0.542982 0.610715
v 7.494805 0.539166 0.607845
v 7.495523 0.539639 0.619799
v 7.491096 0.536718 0.614496
v 7.487941 0.534636 0.625869
v 7.485545 0.533055 0.618940
v 7.478997 0.528734 0.628000
v 7.478997 0.528734 0.620500
v 7.470054 0.522833 0.625869
v 7.472449 0.524414 0.618940
v 7.462472 0.517830 0.619799
v 7.466898 0.520751 0.614496
v 7.457406 0.514487 0.610715
v 7.463189 0.518303 0.607845
v 7.458313 0.509242 0.600480
v 7.464573 0.513373 0.600480
v 7.461243 0.508671 0.589971
v 7.466718 0.512955 0.592786
v 7.467285 0.510535 0.581062
v 7.471142 0.514319 0.586263
v 7.475519 0.514550 0.575109
v 7.477170 0.517259 0.581905
v 7.484692 0.520104 0.573018
v 7.483886 0.521325 0.580374
v 7.493406 0.526353 0.575109
v 7.490266 0.525900 0.581905
v 7.500336 0.532344 0.581062
v 7.495340 0.530287 0.586263
v 7.504426 0.537166 0.589971
v 7.498334 0.533817 0.592786
v 7.505054 0.540085 0.600480
v 7.498794 0.535954 0.600480
v 7.502124 0.540656 0.610990
v 7.496649 0.536372 0.608175
v 7.496081 0.538792 0.619899
v 7.492225 0.535008 0.614698
v 7.487847 0.534777 0.625852
v 7.486196 0.532068 0.619056
v 7.478675 0.529223 0.627942
v 7.479481 0.528002 0.620586
v 7.469960 0.522974 0.625852
v 7.473100 0.523427 0.619056
v 7.463030 0.516983 0.619899
v 7.468027 0.519040 0.614698
v 7.458940 0.512161 0.610990
v 7.465032 0.515510 0.608175
v 7.460896 0.505328 0.601903
v 7.467156 0.509459 0.601903
v 7.464933 0.503079 0.592004
v 7.470112 0.507812 0.594655
v 7.471914 0.503521 0.583611
v 7.475223 0.508135 0.588511
v 7.480775 0.506585 0.578004
v 7.481710 0.510379 0.584405
v 7.490168 0.511806 0.576034
v 7.488587 0.514201 0.582963
v 7.498662 0.518388 0.578004
v 7.494806 0.519020 0.584405
v 7.504965 0.525330 0.583611
v 7.499421 0.524103 0.588511
v 7.508116 0.531574 0.592004
v 7.501728 0.528674 0.594655
v 7.507637 0.536170 0.601903
v 7.501377 0.532040 0.601903
v 7.503600 0.538419 0.611803
v 7.498421 0.533686 0.609151
v 7.496619 0.537978 0.620195
v 7.493310 0.533363 0.615295
v 7.487758 0.534913 0.625803
v 7.486822 0.531119 0.619401
v 7.478365 0.529693 0.627772
v 7.479946 0.527297 0.620843
v 7.469871 0.523110 0.625803
v 7.473727 0.522478 0.619401
v 7.463568 0.516169 0.620195
v 7.469112 0.517396 0.615295
v 7.460416 0.509924 0.611803
v 7.466805 0.512824 0.609151
v 7.463276 0.501720 0.604213
v 7.469536 0.505851 0.604213
v 7.468334 0.497925 0.595304
v 7.473239 0.503073 0.597690
v 7.476180 0.497056 0.587751
v 7.478983 0.502436 0.592161
v 7.485619 0.499244 0.582704
v 7.485894 0.504038 0.588466
v 7.495214 0.504158 0.580932
v 7.492920 0.507635 0.587168
v 7.503506 0.511047 0.582704
v 7.498990 0.512680 0.588466
v 7.509231 0.518865 0.587751
v 7.503181 0.518403 0.592161
v 7.511517 0.526420 0.595304
v 7.504855 0.523935 0.597690
v 7.510017 0.532563 0.604213
v 7.503757 0.528432 0.604213
v 7.504960 0.536358 0.613123
v 7.500054 0.531211 0.610736
v 7.497114 0.537227 0.620676
v 7.494310 0.531847 0.616266
v 7.487675 0.535039 0.625722
v 7.487400 0.530245 0.619961
v 7.478079 0.530126 0.627494
v 7.480374 0.526648 0.621258
v 7.469788 0.523236 0.625722
v 7.474304 0.521603 0.619961
v 7.464063 0.515418 0.620676
v 7.470112 0.515880 0.616266
v 7.461777 0.507863 0.613123
v 7.468438 0.510348 0.610736
v 7.465363 0.498558 0.607322
v 7.471623 0.502689 0.607322
v 7.471315 0.493408 0.599746
v 7.475980 0.498918 0.601775
v 7.479918 0.491390 0.593322
v 7.482280 0.497441 0.597072
v 7.489864 0.492810 0.589030
v 7.489561 0.498481 0.593930
v 7.499638 0.497454 0.587523
v 7.496717 0.501880 0.592827
v 7.507751 0.504613 0.589030
v 7.502657 0.507122 0.593930
v 7.512969 0.513199 0.593322
v 7.506478 0.513408 0.597072
v 7.514498 0.521903 0.599746
v 7.507597 0.519781 0.601775
v 7.512104 0.529401 0.607322
v 7.505844 0.525270 0.607322
v 7.506152 0.534551 0.614899
v 7.501486 0.529041 0.612870
v 7.497548 0.536569 0.621322
v 7.495187 0.530518 0.617572
v 7.487602 0.535149 0.625614
v 7.487905 0.529478 0.620715
v 7.477829 0.530505 0.627121
v 7.480750 0.526079 0.621818
v 7.469715 0.523346 0.625614
v 7.474809 0.520837 0.620715
v 7.464497 0.514760 0.621322
v 7.470989 0.514551 0.617572
v 7.462969 0.506056 0.614899
v 7.469870 0.508178 0.612870
v 7.467075 0.495963 0.611111
v 7.473335 0.500094 0.611111
v 7.473761 0.489701 0.605158
v 7.478230 0.495509 0.606752
v 7.482987 0.486740 0.600111
v 7.484985 0.493341 0.603057
v 7.493348 0.487530 0.596739
v 7.492571 0.493920 0.600589
v 7.503268 0.491953 0.595555
v 7.499833 0.497158 0.599722
v 7.511235 0.499333 0.596739
v 7.505667 0.502561 0.600589
v 7.516038 0.508549 0.600111
v 7.509183 0.509308 0.603057
v 7.516944 0.518196 0.605158
v 7.509846 0.516371 0.606752
v 7.513816 0.526806 0.611111
v 7.507556 0.522675 0.611111
v 7.507130 0.533068 0.617064
v 7.502661 0.527260 0.615469
v 7.497904 0.536029 0.622110
v 7.495907 0.529428 0.619164
v 7.487543 0.535239 0.625483
v 7.488320 0.528849 0.621633
v 7.477623 0.530816 0.626667
v 7.481058 0.525611 0.622500
v 7.469656 0.523436 0.625483
v 7.475225 0.520208 0.621633
v 7.464853 0.514220 0.622110
v 7.471708 0.513461 0.619164
v 7.463947 0.504573 0.617064
v 7.471045 0.506398 0.615469
v 7.464419 0.509456 0.621661
v 7.471732 0.509456 0.619992
v 7.465736 0.499302 0.617850
v 7.472696 0.502022 0.617202
v 7.471008 0.490694 0.613671
v 7.476556 0.495720 0.614143
v 7.479434 0.484943 0.609760
v 7.482724 0.491509 0.611280
v 7.489729 0.482923 0.606713
v 7.490262 0.490030 0.609049
v 7.500327 0.484943 0.604994
v 7.498021 0.491509 0.607790
v 7.509615 0.490694 0.604864
v 7.504821 0.495720 0.607695
v 7.516177 0.499302 0.606342
v 7.509626 0.502022 0.608777
v 7.519017 0.509456 0.609205
v 7.511705 0.509456 0.610873
v 7.517700 0.519610 0.613016
v 7.510741 0.516890 0.613663
v 7.512428 0.528218 0.617195
v 7.506880 0.523193 0.616723
v 7.504003 0.533970 0.621105
v 7.500712 0.527404 0.619586
v 7.493707 0.535989 0.624152
v 7.493174 0.528882 0.621817
v 7.483109 0.533970 0.625872
v 7.485415 0.527404 0.623076
v 7.473822 0.528218 0.626002
v 7.478615 0.523193 0.623171
v 7.467259 0.519610 0.624523
v 7.473810 0.516890 0.622088
v 7.464668 0.508269 0.623172
v 7.472124 0.508269 0.622355
v 7.466597 0.497697 0.621205
v 7.473536 0.500528 0.620915
v 7.472469 0.488734 0.619074
v 7.477835 0.493967 0.619355
v 7.481391 0.482745 0.617102
v 7.484367 0.489582 0.617911
v 7.492005 0.480642 0.615590
v 7.492138 0.488042 0.616804
v 7.502694 0.482745 0.614769
v 7.499964 0.489582 0.616203
v 7.511832 0.488734 0.614762
v 7.506654 0.493967 0.616198
v 7.518026 0.497697 0.615571
v 7.511189 0.500528 0.616790
v 7.520335 0.508269 0.617073
v 7.512880 0.508269 0.617890
v 7.518406 0.518841 0.619040
v 7.511468 0.516009 0.619330
v 7.512534 0.527804 0.621171
v 7.507168 0.522571 0.620891
v 7.503612 0.533792 0.623143
v 7.500636 0.526956 0.622334
v 7.492998 0.535895 0.624655
v 7.492865 0.528495 0.623441
v 7.482309 0.533792 0.625477
v 7.485039 0.526956 0.624043
v 7.473171 0.527804 0.625484
v 7.478349 0.522571 0.624048
v 7.466977 0.518841 0.624674
v 7.473814 0.516009 0.623455
v 7.464766 0.507868 0.625000
v 7.472266 0.507868 0.625000
v 7.466898 0.497153 0.625000
v 7.473827 0.500023 0.625000
v 7.472967 0.488069 0.625000
v 7.478270 0.493372 0.625000
v 7.482051 0.481999 0.625000
v 7.484921 0.488928 0.625000
v 7.492766 0.479868 0.625000
v 7.492766 0.487368 0.625000
v 7.503481 0.481999 0.625000
v 7.500611 0.488928 0.625000
v 7.512565 0.488069 0.625000
v 7.507262 0.493372 0.625000
v 7.518635 0.497153 0.625000
v 7.511706 0.500023 0.625000
v 7.520766 0.507868 0.625000
v 7.513266 0.507868 0.625000
v 7.518635 0.518583 0.625000
v 7.511706 0.515713 0.625000
v 7.512565 0.527667 0.625000
v 7.507262 0.522364 0.625000
v 7.503481 0.533736 0.625000
v 7.500611 0.526807 0.625000
v 7.492766 0.535868 0.625000
v 7.492766 0.528368 0.625000
v 7.482051 0.533736 0.625000
v 7.484921 0.526807 0.625000
v 7.472967 0.527667 0.625000
v 7.478270 0.522364 0.625000
v 7.466898 0.518583 0.625000
v 7.473827 0.515713 0.625000
v 7.464766 0.507868 0.655000
v 7.472266 0.507868 0.655000
v 7.466898 0.497153 0.655000
v 7.473827 0.500023 0.655000
v 7.472967 0.488069 0.655000
v 7.478270 0.493372 0.655000
v 7.482051 0.481999 0.655000
v 7.484921 0.488928 0.655000
v 7.492766 0.479868 0.655000
v 7.492766 0.487368 0.655000
v 7.503481 0.481999 0.655000
v 7.500611 0.488928 0.655000
v 7.512565 0.488069 0.655000
v 7.507262 0.493372 0.655000
v 7.518635 0.497153 0.655000
v 7.511706 0.500023 0.655000
v 7.520766 0.507868 0.655000
v 7.513266 0.507868 0.655000
v 7.518635 0.518583 0.655000
v 7.511706 0.515713 0.655000
v 7.512565 0.527667 0.655000
v 7.507262 0.522364 0.655000
v 7.503481 0.533736 0.655000
v 7.500611 0.526807 0.655000
v 7.492766 0.535868 0.655000
v 7.492766 0.528368 0.655000
v 7.482051 0.533736 0.655000
v 7.484921 0.526807 0.655000
v 7.472967 0.527667 0.655000
v 7.478270 0.522364 0.655000
v 7.466898 0.518583 0.655000
v 7.473827 0.515713 0.655000
v 5.824102 -0.104656 0.400000
v 5.816603 -0.104755 0.400000
v 5.821971 -0.104684 0.389285
v 5.815043 -0.104776 0.392155
v 5.815902 -0.104764 0.380201
v 5.810599 -0.104834 0.385504
v 5.806819 -0.104884 0.374131
v 5.803949 -0.104922 0.381060
v 5.796105 -0.105026 0.372000
v 5.796105 -0.105026 0.379500
v 5.785391 -0.105167 0.374131
v 5.788260 -0.105129 0.381060
v 5.776308 -0.105287 0.380201
v 5.781610 -0.105217 0.385504
v 5.770238 -0.105367 0.389285
v 5.777167 -0.105276 0.392155
v 5.768107 -0.105395 0.400000
v 5.775607 -0.105296 0.400000
v 5.770238 -0.105367 0.410715
v 5.777167 -0.105276 0.407845
v 5.776308 -0.105287 0.419799
v 5.781610 -0.105217 0.414496
v 5.785391 -0.105167 0.425869
v 5.788260 -0.105129 0.418940
v 5.796105 -0.105026 0.428000
v 5.796105 -0.105026 0.420500
v 5.806819 -0.104884 0.425869
v 5.803949 -0.104922 0.418940
v 5.815902 -0.104764 0.419799
v 5.810599 -0.104834 0.414496
v 5.821971 -0.104684 0.410715
v 5.815043 -0.104776 0.407845
v 5.823706 -0.074659 0.400000
v 5.816207 -0.074758 0.400000
v 5.821575 -0.074687 0.389285
v 5.814647 -0.074778 0.392155
v 5.815506 -0.074767 0.380201
v 5.810203 -0.074837 0.385504
v 5.806423 -0.074887 0.374131
v 5.803553 -0.074925 0.381060
v 5.795709 -0.075028 0.372000
v 5.795709 -0.075028 0.379500
v 5.784994 -0.075170 0.374131
v 5.787864 -0.075132 0.381060
v 5.775911 -0.075290 0.380201
v 5.781214 -0.075220 0.385504
v 5.769842 -0.075370 0.389285
v 5.776771 -0.075278 0.392155
v 5.767711 -0.075398 0.400000
v 5.775210 -0.075299 0.400000
v 5.769842 -0.075370 0.410715
v 5.776771 -0.075278 0.407845
v 5.775911 -0.075290 0.419799
v 5.781214 -0.075220 0.414496
v 5.784994 -0.075170 0.425869
v 5.787864 -0.075132 0.418940
v 5.795709 -0.075028 0.428000
v 5.795709 -0.075028 0.420500
v 5.806423 -0.074887 0.425869
v 5.803553 -0.074925 0.418940
v 5.815506 -0.074767 0.419799
v 5.810203 -0.074837 0.414496
v 5.821575 -0.074687 0.410715
v 5.814647 -0.074778 0.407845
v 5.823642 -0.069782 0.400480
v 5.816142 -0.069881 0.400480
v 5.821483 -0.067720 0.389971
v 5.814562 -0.068371 0.392786
v 5.815391 -0.066028 0.381062
v 5.810101 -0.067132 0.386263
v 5.806292 -0.064964 0.375109
v 5.803440 -0.066353 0.381905
v 5.795572 -0.064689 0.373018
v 5.795591 -0.066152 0.380374
v 5.784863 -0.065247 0.375109
v 5.787751 -0.066560 0.381905
v 5.775796 -0.066551 0.381062
v 5.781113 -0.067515 0.386263
v 5.769750 -0.068403 0.389971
v 5.776686 -0.068871 0.392786
v 5.767647 -0.070521 0.400480
v 5.775146 -0.070422 0.400480
v 5.769806 -0.072583 0.410990
v 5.776727 -0.071932 0.408175
v 5.775898 -0.074275 0.419899
v 5.781187 -0.073171 0.414698
v 5.784997 -0.075339 0.425852
v 5.787849 -0.073950 0.419056
v 5.795716 -0.075614 0.427942
v 5.795697 -0.074151 0.420586
v 5.806425 -0.075056 0.425852
v 5.803537 -0.073743 0.419056
v 5.815493 -0.073752 0.419899
v 5.810176 -0.072788 0.414698
v 5.821538 -0.071900 0.410990
v 5.814602 -0.071432 0.408175
v 5.823580 -0.065092 0.401903
v 5.816081 -0.065191 0.401903
v 5.821395 -0.061020 0.392004
v 5.814481 -0.062210 0.394655
v 5.815280 -0.057625 0.383611
v 5.810004 -0.059724 0.388511
v 5.806166 -0.055422 0.378004
v 5.803331 -0.058111 0.384405
v 5.795441 -0.054748 0.376034
v 5.795479 -0.057618 0.382963
v 5.784737 -0.055705 0.378004
v 5.787642 -0.058318 0.384405
v 5.775685 -0.058147 0.383611
v 5.781015 -0.060107 0.388511
v 5.769662 -0.061704 0.392004
v 5.776605 -0.062710 0.394655
v 5.767585 -0.065832 0.401903
v 5.775084 -0.065733 0.401903
v 5.769770 -0.069904 0.411803
v 5.776684 -0.068714 0.409151
v 5.775885 -0.073300 0.420195
v 5.781161 -0.071200 0.415295
v 5.784999 -0.075502 0.425803
v 5.787834 -0.072813 0.419401
v 5.795724 -0.076176 0.427772
v 5.795686 -0.073306 0.420843
v 5.806427 -0.075219 0.425803
v 5.803522 -0.072606 0.419401
v 5.815480 -0.072777 0.420195
v 5.810150 -0.070817 0.415295
v 5.821503 -0.069221 0.411803
v 5.814560 -0.068214 0.409151
v 5.823523 -0.060771 0.404213
v 5.816023 -0.060870 0.404213
v 5.821313 -0.054846 0.395304
v 5.814406 -0.056532 0.397690
v 5.815177 -0.049880 0.387751
v 5.809913 -0.052896 0.392161
v 5.806050 -0.046628 0.382704
v 5.803231 -0.050515 0.388466
v 5.795320 -0.045586 0.380932
v 5.795375 -0.049752 0.387168
v 5.784621 -0.046911 0.382704
v 5.787542 -0.050723 0.388466
v 5.775583 -0.050403 0.387751
v 5.780925 -0.053279 0.392161
v 5.769580 -0.055529 0.395304
v 5.776530 -0.057032 0.397690
v 5.767528 -0.061510 0.404213
v 5.775027 -0.061411 0.404213
v 5.769738 -0.067434 0.413123
v 5.776645 -0.065748 0.410736
v 5.775873 -0.072400 0.420676
v 5.781137 -0.069384 0.416266
v 5.785001 -0.075652 0.425722
v 5.787820 -0.071765 0.419961
v 5.795731 -0.076695 0.427494
v 5.795676 -0.072528 0.421258
v 5.806429 -0.075369 0.425722
v 5.803509 -0.071558 0.419961
v 5.815468 -0.071878 0.420676
v 5.810126 -0.069002 0.416266
v 5.821470 -0.066751 0.413123
v 5.814521 -0.065248 0.410736
v 5.823473 -0.056982 0.407322
v 5.815973 -0.057082 0.407322
v 5.821242 -0.049435 0.399746
v 5.814340 -0.051555 0.401775
v 5.815088 -0.043092 0.393322
v 5.809834 -0.046912 0.397072
v 5.805948 -0.038920 0.389030
v 5.803143 -0.043858 0.393930
v 5.795214 -0.037555 0.387523
v 5.795284 -0.042858 0.392827
v 5.784520 -0.039203 0.389030
v 5.787454 -0.044065 0.393930
v 5.775493 -0.043615 0.393322
v 5.780845 -0.047295 0.397072
v 5.769509 -0.050118 0.399746
v 5.776464 -0.052056 0.401775
v 5.767478 -0.057722 0.407322
v 5.774977 -0.057623 0.407322
v 5.769709 -0.065270 0.414899
v 5.776611 -0.063149 0.412870
v 5.775863 -0.071612 0.421322
v 5.781116 -0.067793 0.417572
v 5.785003 -0.075784 0.425614
v 5.787808 -0.070847 0.420715
v 5.795737 -0.077149 0.427121
v 5.795667 -0.071847 0.421818
v 5.806431 -0.075501 0.425614
v 5.803496 -0.070640 0.420715
v 5.815457 -0.071090 0.421322
v 5.810105 -0.067410 0.417572
v 5.821442 -0.064587 0.414899
v 5.814486 -0.062649 0.412870
v 5.823432 -0.053874 0.411111
v 5.815932 -0.053973 0.411111
v 5.821183 -0.044993 0.405158
v 5.814286 -0.047471 0.406752
v 5.815014 -0.037521 0.400111
v 5.809769 -0.042000 0.403057
v 5.805864 -0.032595 0.396739
v 5.803071 -0.038394 0.400589
v 5.795127 -0.030964 0.395555
v 5.795209 -0.037200 0.399722
v 5.784436 -0.032878 0.396739
v 5.787382 -0.038601 0.400589
v 5.775420 -0.038044 0.400111
v 5.780781 -0.042383 0.403057
v 5.769450 -0.045676 0.405158
v 5.776410 -0.047971 0.406752
v 5.767437 -0.054613 0.411111
v 5.774936 -0.054514 0.411111
v 5.769685 -0.063494 0.417064
v 5.776582 -0.061016 0.415469
v 5.775854 -0.070966 0.422110
v 5.781099 -0.066486 0.419164
v 5.785004 -0.075892 0.425483
v 5.787798 -0.070093 0.421633
v 5.795742 -0.077523 0.426667
v 5.795659 -0.071287 0.422500
v 5.806432 -0.075609 0.425483
v 5.803486 -0.069886 0.421633
v 5.815449 -0.070443 0.422110
v 5.810088 -0.066104 0.419164
v 5.821418 -0.062810 0.417064
v 5.814458 -0.060516 0.415469
v 5.767404 -0.051933 0.415280
v 5.774904 -0.051933 0.415321
v 5.769513 -0.061833 0.419392
v 5.776448 -0.059181 0.418331
v 5.775564 -0.070226 0.422901
v 5.780878 -0.065326 0.420900
v 5.784635 -0.075833 0.425273
v 5.787519 -0.069431 0.422637
v 5.795345 -0.077802 0.426147
v 5.795361 -0.070873 0.423277
v 5.806065 -0.075833 0.425390
v 5.803209 -0.069431 0.422723
v 5.815161 -0.070226 0.423117
v 5.809869 -0.065326 0.421059
v 5.821250 -0.061833 0.419674
v 5.814327 -0.059181 0.418538
v 5.823403 -0.051933 0.415586
v 5.815903 -0.051933 0.415545
v 5.821294 -0.042034 0.411474
v 5.814359 -0.044685 0.412535
v 5.815244 -0.033641 0.407965
v 5.809930 -0.038541 0.409966
v 5.806173 -0.028034 0.405593
v 5.803288 -0.034435 0.408229
v 5.795462 -0.026064 0.404719
v 5.795447 -0.032994 0.407589
v 5.784743 -0.028034 0.405476
v 5.787598 -0.034435 0.408143
v 5.775646 -0.033641 0.407749
v 5.780939 -0.038541 0.409807
v 5.769558 -0.042034 0.411191
v 5.776481 -0.044685 0.412327
v 5.767385 -0.050511 0.420049
v 5.774885 -0.050511 0.420069
v 5.769511 -0.061020 0.422145
v 5.776441 -0.058205 0.421603
v 5.775576 -0.069929 0.423933
v 5.780882 -0.064728 0.422912
v 5.784657 -0.075882 0.425141
v 5.787530 -0.069087 0.423797
v 5.795371 -0.077973 0.425585
v 5.795374 -0.070617 0.424122
v 5.806087 -0.075882 0.425197
v 5.803220 -0.069087 0.423838
v 5.815174 -0.069929 0.424037
v 5.809873 -0.064728 0.422989
v 5.821248 -0.061020 0.422281
v 5.814320 -0.058205 0.421703
v 5.823385 -0.050511 0.420196
v 5.815885 -0.050511 0.420177
v 5.821259 -0.040002 0.418100
v 5.814328 -0.042817 0.418642
v 5.815194 -0.031092 0.416313
v 5.809888 -0.036294 0.417333
v 5.806113 -0.025139 0.415105
v 5.803240 -0.031935 0.416449
v 5.795399 -0.023049 0.414661
v 5.795395 -0.030405 0.416124
v 5.784683 -0.025139 0.415048
v 5.787550 -0.031935 0.416408
v 5.775596 -0.031092 0.416208
v 5.780897 -0.036294 0.417257
v 5.769522 -0.040002 0.417965
v 5.776449 -0.042817 0.418543
v 5.767379 -0.050031 0.425000
v 5.774879 -0.050031 0.425000
v 5.769510 -0.060746 0.425000
v 5.776439 -0.057876 0.425000
v 5.775580 -0.069830 0.425000
v 5.780883 -0.064526 0.425000
v 5.784663 -0.075899 0.425000
v 5.787534 -0.068970 0.425000
v 5.795379 -0.078031 0.425000
v 5.795379 -0.070531 0.425000
v 5.806094 -0.075899 0.425000
v 5.803224 -0.068970 0.425000
v 5.815178 -0.069830 0.425000
v 5.809874 -0.064526 0.425000
v 5.821247 -0.060746 0.425000
v 5.814318 -0.057876 0.425000
v 5.823379 -0.050031 0.425000
v 5.815879 -0.050031 0.425000
v 5.821247 -0.039315 0.425000
v 5.814318 -0.042186 0.425000
v 5.815178 -0.030232 0.425000
v 5.809874 -0.035535 0.425000
v 5.806094 -0.024162 0.425000
v 5.803224 -0.031091 0.425000
v 5.795379 -0.022031 0.425000
v 5.795379 -0.029531 0.425000
v 5.784663 -0.024162 0.425000
v 5.787534 -0.031091 0.425000
v 5.775580 -0.030232 0.425000
v 5.780883 -0.035535 0.425000
v 5.769510 -0.039315 0.425000
v 5.776439 -0.042186 0.425000
v 5.767379 -0.050031 0.455000
v 5.774879 -0.050031 0.455000
v 5.769510 -0.060746 0.455000
v 5.776439 -0.057876 0.455000
v 5.775580 -0.069830 0.455000
v 5.780883 -0.064526 0.455000
v 5.784663 -0.075899 0.455000
v 5.787534 -0.068970 0.455000
v 5.795379 -0.078031 0.455000
v 5.795379 -0.070531 0.455000
v 5.806094 -0.075899 0.455000
v 5.803224 -0.068970 0.455000
v 5.815178 -0.069830 0.455000
v 5.809874 -0.064526 0.455000
v 5.821247 -0.060746 0.455000
v 5.814318 -0.057876 0.455000
v 5.823379 -0.050031 0.455000
v 5.815879 -0.050031 0.455000
v 5.821247 -0.039315 0.455000
v 5.814318 -0.042186 0.455000
v 5.815178 -0.030232 0.455000
v 5.809874 -0.035535 0.455000
v 5.806094 -0.024162 0.455000
v 5.803224 -0.031091 0.455000
v 5.795379 -0.022031 0.455000
v 5.795379 -0.029531 0.455000
v 5.784663 -0.024162 0.455000
v 5.787534 -0.031091 0.455000
v 5.775580 -0.030232 0.455000
v 5.780883 -0.035535 0.455000
v 5.769510 -0.039315 0.455000
v 5.776439 -0.042186 0.455000
v 5.775898 -0.695344 0.400000
v 5.783397 -0.695245 0.400000
v 5.778029 -0.695316 0.389285
v 5.784957 -0.695224 0.392155
v 5.784098 -0.695236 0.380201
v 5.789401 -0.695166 0.385504
v 5.793181 -0.695116 0.374131
v 5.796051 -0.695078 0.381060
v 5.803895 -0.694974 0.372000
v 5.803895 -0.694974 0.379500
v 5.814609 -0.694833 0.374131
v 5.811740 -0.694871 0.381060
v 5.823692 -0.694713 0.380201
v 5.818390 -0.694783 0.385504
v 5.829762 -0.694633 0.389285
v 5.822833 -0.694724 0.392155
v 5.831893 -0.694605 0.400000
v 5.824393 -0.694704 0.400000
v 5.829762 -0.694633 0.410715
v 5.822833 -0.694724 0.407845
v 5.823692 -0.694713 0.419799
v 5.818390 -0.694783 0.414496
v 5.814609 -0.694833 0.425869
v 5.811740 -0.694871 0.418940
v 5.803895 -0.694974 0.428000
v 5.803895 -0.694974 0.420500
v 5.793181 -0.695116 0.425869
v 5.796051 -0.695078 0.418940
v 5.784098 -0.695236 0.419799
v 5.789401 -0.695166 0.414496
v 5.778029 -0.695316 0.410715
v 5.784957 -0.695224 0.407845
v 5.776294 -0.725341 0.400000
v 5.783793 -0.725242 0.400000
v 5.778425 -0.725313 0.389285
v 5.785353 -0.725222 0.392155
v 5.784494 -0.725233 0.380201
v 5.789797 -0.725163 0.385504
v 5.793577 -0.725113 0.374131
v 5.796447 -0.725075 0.381060
v 5.804291 -0.724972 0.372000
v 5.804291 -0.724972 0.379500
v 5.815006 -0.724830 0.374131
v 5.812136 -0.724868 0.381060
v 5.824089 -0.724710 0.380201
v 5.818786 -0.724780 0.385504
v 5.830158 -0.724630 0.389285
v 5.823229 -0.724722 0.392155
v 5.832289 -0.724602 0.400000
v 5.824790 -0.724701 0.400000
v 5.830158 -0.724630 0.410715
v 5.823229 -0.724722 0.407845
v 5.824089 -0.724710 0.419799
v 5.818786 -0.724780 0.414496
v 5.815006 -0.724830 0.425869
v 5.812136 -0.724868 0.418940
v 5.804291 -0.724972 0.428000
v 5.804291 -0.724972 0.420500
v 5.793577 -0.725113 0.425869
v 5.796447 -0.725075 0.418940
v 5.784494 -0.725233 0.419799
v 5.789797 -0.725163 0.414496
v 5.778425 -0.725313 0.410715
v 5.785353 -0.725222 0.407845
v 5.776358 -0.730218 0.400480
v 5.783858 -0.730119 0.400480
v 5.778517 -0.732280 0.389971
v 5.785438 -0.731629 0.392786
v 5.784609 -0.733972 0.381062
v 5.789899 -0.732868 0.386263
v 5.793708 -0.735036 0.375109
v 5.796560 -0.733647 0.381905
v 5.804428 -0.735311 0.373018
v 5.804409 -0.733848 0.380374
v 5.815137 -0.734753 0.375109
v 5.812249 -0.733440 0.381905
v 5.824204 -0.733449 0.381062
v 5.818887 -0.732485 0.386263
v 5.830250 -0.731597 0.389971
v 5.823314 -0.731129 0.392786
v 5.832353 -0.729479 0.400480
v 5.824854 -0.729578 0.400480
v 5.830194 -0.727417 0.410990
v 5.823273 -0.728068 0.408175
v 5.824102 -0.725725 0.419899
v 5.818813 -0.726829 0.414698
v 5.815003 -0.724661 0.425852
v 5.812151 -0.726050 0.419056
v 5.804284 -0.724386 0.427942
v 5.804303 -0.725849 0.420586
v 5.793575 -0.724944 0.425852
v 5.796463 -0.726257 0.419056
v 5.784507 -0.726248 0.419899
v 5.789824 -0.727212 0.414698
v 5.778462 -0.728100 0.410990
v 5.785398 -0.728568 0.408175
v 5.776420 -0.734908 0.401903
v 5.783919 -0.734809 0.401903
v 5.778605 -0.738980 0.392004
v 5.785519 -0.737790 0.394655
v 5.784720 -0.742375 0.383611
v 5.789996 -0.740276 0.388511
v 5.793834 -0.744578 0.378004
v 5.796669 -0.741889 0.384405
v 5.804559 -0.745252 0.376034
v 5.804521 -0.742382 0.382963
v 5.815263 -0.744295 0.378004
v 5.812358 -0.741682 0.384405
v 5.824315 -0.741853 0.383611
v 5.818985 -0.739893 0.388511
v 5.830338 -0.738296 0.392004
v 5.823395 -0.737290 0.394655
v 5.832415 -0.734168 0.401903
v 5.824916 -0.734267 0.401903
v 5.830230 -0.730096 0.411803
v 5.823316 -0.731286 0.409151
v 5.824115 -0.726700 0.420195
v 5.818839 -0.728800 0.415295
v 5.815001 -0.724498 0.425803
v 5.812166 -0.727187 0.419401
v 5.804276 -0.723824 0.427772
v 5.804314 -0.726694 0.420843
v 5.793573 -0.724781 0.425803
v 5.796478 -0.727394 0.419401
v 5.784520 -0.727223 0.420195
v 5.789850 -0.729183 0.415295
v 5.778497 -0.730779 0.411803
v 5.785440 -0.731786 0.409151
v 5.776477 -0.739229 0.404213
v 5.783977 -0.739130 0.404213
v 5.778687 -0.745154 0.395304
v 5.785594 -0.743468 0.397690
v 5.784823 -0.750120 0.387751
v 5.790087 -0.747104 0.392161
v 5.793950 -0.753372 0.382704
v 5.796769 -0.749485 0.388466
v 5.804680 -0.754414 0.380932
v 5.804625 -0.750248 0.387168
v 5.815379 -0.753089 0.382704
v 5.812458 -0.749277 0.388466
v 5.824417 -0.749597 0.387751
v 5.819075 -0.746721 0.392161
v 5.830420 -0.744471 0.395304
v 5.823470 -0.742968 0.397690
v 5.832472 -0.738490 0.404213
v 5.824973 -0.738589 0.404213
v 5.830262 -0.732566 0.413123
v 5.823355 -0.734252 0.410736
v 5.824127 -0.727600 0.420676
v 5.818863 -0.730616 0.416266
v 5.814999 -0.724348 0.425722
v 5.812180 -0.728235 0.419961
v 5.804269 -0.723305 0.427494
v 5.804324 -0.727472 0.421258
v 5.793571 -0.724631 0.425722
v 5.796491 -0.728442 0.419961
v 5.784532 -0.728122 0.420676
v 5.789874 -0.730998 0.416266
v 5.778530 -0.733249 0.413123
v 5.785479 -0.734752 0.410736
v 5.776527 -0.743018 0.407322
v 5.784027 -0.742918 0.407322
v 5.778758 -0.750565 0.399746
v 5.785660 -0.748445 0.401775
v 5.784912 -0.756908 0.393322
v 5.790166 -0.753088 0.397072
v 5.794052 -0.761080 0.389030
v 5.796857 -0.756142 0.393930
v 5.804786 -0.762445 0.387523
v 5.804716 -0.757142 0.392827
v 5.815480 -0.760797 0.389030
v 5.812546 -0.755935 0.393930
v 5.824507 -0.756385 0.393322
v 5.819155 -0.752705 0.397072
v 5.830491 -0.749882 0.399746
v 5.823536 -0.747944 0.401775
v 5.832522 -0.742278 0.407322
v 5.825023 -0.742377 0.407322
v 5.830291 -0.734730 0.414899
v 5.823389 -0.736851 0.412870
v 5.824137 -0.728388 0.421322
v 5.818884 -0.732207 0.417572
v 5.814997 -0.724216 0.425614
v 5.812192 -0.729153 0.420715
v 5.804263 -0.722851 0.427121
v 5.804333 -0.728153 0.421818
v 5.793569 -0.724499 0.425614
v 5.796504 -0.729360 0.420715
v 5.784543 -0.728910 0.421322
v 5.789895 -0.732590 0.417572
v 5.778558 -0.735413 0.414899
v 5.785514 -0.737351 0.412870
v 5.776568 -0.746126 0.411111
v 5.784068 -0.746027 0.411111
v 5.778817 -0.755007 0.405158
v 5.785714 -0.752529 0.406752
v 5.784986 -0.762479 0.400111
v 5.790231 -0.758000 0.403057
v 5.794136 -0.767405 0.396739
v 5.796929 -0.761606 0.400589
v 5.804873 -0.769036 0.395555
v 5.804791 -0.762800 0.399722
v 5.815564 -0.767122 0.396739
v 5.812618 -0.761399 0.400589
v 5.824580 -0.761956 0.400111
v 5.819219 -0.757617 0.403057
v 5.830550 -0.754324 0.405158
v 5.823590 -0.752029 0.406752
v 5.832563 -0.745387 0.411111
v 5.825064 -0.745486 0.411111
v 5.830315 -0.736506 0.417064
v 5.823418 -0.738984 0.415469
v 5.824146 -0.729034 0.422110
v 5.818901 -0.733514 0.419164
v 5.814996 -0.724108 0.425483
v 5.812202 -0.729907 0.421633
v 5.804258 -0.722477 0.426667
v 5.804341 -0.728713 0.422500
v 5.793568 -0.724391 0.425483
v 5.796514 -0.730114 0.421633
v 5.784551 -0.729557 0.422110
v 5.789912 -0.733896 0.419164
v 5.778582 -0.737190 0.417064
v 5.785542 -0.739484 0.415469
v 5.776597 -0.748067 0.415586
v 5.784097 -0.748067 0.415545
v 5.778706 -0.757966 0.411474
v 5.785641 -0.755315 0.412535
v 5.784756 -0.766359 0.407965
v 5.790070 -0.761459 0.409966
v 5.793827 -0.771966 0.405593
v 5.796712 -0.765565 0.408229
v 5.804538 -0.773936 0.404719
v 5.804553 -0.767006 0.407589
v 5.815257 -0.771966 0.405476
v 5.812402 -0.765565 0.408143
v 5.824354 -0.766359 0.407749
v 5.819061 -0.761459 0.409807
v 5.830442 -0.757966 0.411191
v 5.823519 -0.755315 0.412327
v 5.832596 -0.748067 0.415280
v 5.825096 -0.748067 0.415321
v 5.830487 -0.738167 0.419392
v 5.823552 -0.740819 0.418331
v 5.824436 -0.729774 0.422901
v 5.819122 -0.734674 0.420900
v 5.815365 -0.724167 0.425273
v 5.812481 -0.730569 0.422637
v 5.804655 -0.722198 0.426147
v 5.804639 -0.729127 0.423277
v 5.793935 -0.724167 0.425390
v 5.796791 -0.730569 0.422723
v 5.784839 -0.729774 0.423117
v 5.790131 -0.734674 0.421059
v 5.778750 -0.738167 0.419674
v 5.785673 -0.740819 0.418538
v 5.776615 -0.749489 0.420196
v 5.784115 -0.749489 0.420177
v 5.778741 -0.759998 0.418100
v 5.785672 -0.757183 0.418642
v 5.784806 -0.768908 0.416313
v 5.790112 -0.763706 0.417333
v 5.793887 -0.774861 0.415105
v 5.796760 -0.768065 0.416449
v 5.804601 -0.776951 0.414661
v 5.804605 -0.769595 0.416124
v 5.815317 -0.774861 0.415048
v 5.812450 -0.768065 0.416408
v 5.824404 -0.768908 0.416208
v 5.819103 -0.763706 0.417257
v 5.830478 -0.759998 0.417965
v 5.823551 -0.757183 0.418543
v 5.832615 -0.749489 0.420049
v 5.825115 -0.749489 0.420069
v 5.830489 -0.738980 0.422145
v 5.823559 -0.741795 0.421603
v 5.824424 -0.730071 0.423933
v 5.819118 -0.735272 0.422912
v 5.815343 -0.724118 0.425141
v 5.812470 -0.730913 0.423797
v 5.804629 -0.722027 0.425585
v 5.804626 -0.729383 0.424122
v 5.793913 -0.724118 0.425197
v 5.796780 -0.730913 0.423838
v 5.784826 -0.730071 0.424037
v 5.790127 -0.735272 0.422989
v 5.778752 -0.738980 0.422281
v 5.785680 -0.741795 0.421703
v 5.776621 -0.749969 0.425000
v 5.784121 -0.749969 0.425000
v 5.778753 -0.760685 0.425000
v 5.785682 -0.757814 0.425000
v 5.784822 -0.769768 0.425000
v 5.790126 -0.764465 0.425000
v 5.793906 -0.775838 0.425000
v 5.796776 -0.768909 0.425000
v 5.804621 -0.777969 0.425000
v 5.804621 -0.770469 0.425000
v 5.815337 -0.775838 0.425000
v 5.812466 -0.768909 0.425000
v 5.824420 -0.769768 0.425000
v 5.819117 -0.764465 0.425000
v 5.830490 -0.760685 0.425000
v 5.823561 -0.757814 0.425000
v 5.832621 -0.749969 0.425000
v 5.825121 -0.749969 0.425000
v 5.830490 -0.739254 0.425000
v 5.823561 -0.742124 0.425000
v 5.824420 -0.730170 0.425000
v 5.819117 -0.735474 0.425000
v 5.815337 -0.724101 0.425000
v 5.812466 -0.731030 0.425000
v 5.804621 -0.721969 0.425000
v 5.804621 -0.729469 0.425000
v 5.793906 -0.724101 0.425000
v 5.796776 -0.731030 0.425000
v 5.784822 -0.730170 0.425000
v 5.790126 -0.735474 0.425000
v 5.778753 -0.739254 0.425000
v 5.785682 -0.742124 0.425000
v 5.776621 -0.749969 0.455000
v 5.784121 -0.749969 0.455000
v 5.778753 -0.760685 0.455000
v 5.785682 -0.757814 0.455000
v 5.784822 -0.769768 0.455000
v 5.790126 -0.764465 0.455000
v 5.793906 -0.775838 0.455000
v 5.796776 -0.768909 0.455000
v 5.804621 -0.777969 0.455000
v 5.804621 -0.770469 0.455000
v 5.815337 -0.775838 0.455000
v 5.812466 -0.768909 0.455000
v 5.824420 -0.769768 0.455000
v 5.819117 -0.764465 0.455000
v 5.830490 -0.760685 0.455000
v 5.823561 -0.757814 0.455000
v 5.832621 -0.749969 0.455000
v 5.825121 -0.749969 0.455000
v 5.830490 -0.739254 0.455000
v 5.823561 -0.742124 0.455000
v 5.824420 -0.730170 0.455000
v 5.819117 -0.735474 0.455000
v 5.815337 -0.724101 0.455000
v 5.812466 -0.731030 0.455000
v 5.804621 -0.721969 0.455000
v 5.804621 -0.729469 0.455000
v 5.793906 -0.724101 0.455000
v 5.796776 -0.731030 0.455000
v 5.784822 -0.730170 0.455000
v 5.790126 -0.735474 0.455000
v 5.778753 -0.739254 0.455000
v 5.785682 -0.742124 0.455000
v 4.298354 1.106515 0.600000
v 4.291536 1.109640 0.600000
v 4.296417 1.107403 0.589285
v 4.290117 1.110290 0.592155
v 4.290899 1.109932 0.580201
v 4.286078 1.112141 0.585504
v 4.282641 1.113716 0.574131
v 4.280032 1.114912 0.581060
v 4.272900 1.118180 0.572000
v 4.272900 1.118180 0.579500
v 4.263159 1.122644 0.574131
v 4.265768 1.121449 0.581060
v 4.254901 1.126429 0.580201
v 4.259722 1.124219 0.585504
v 4.249383 1.128957 0.589285
v 4.255682 1.126071 0.592155
v 4.247445 1.129845 0.600000
v 4.254264 1.126721 0.600000
v 4.249383 1.128957 0.610715
v 4.255682 1.126071 0.607845
v 4.254901 1.126429 0.619799
v 4.259722 1.124219 0.614496
v 4.263159 1.122644 0.625869
v 4.265768 1.121449 0.618940
v 4.272900 1.118180 0.628000
v 4.272900 1.118180 0.620500
v 4.282641 1.113716 0.625869
v 4.280032 1.114912 0.618940
v 4.290899 1.109932 0.619799
v 4.286078 1.112141 0.614496
v 4.296417 1.107403 0.610715
v 4.290117 1.110290 0.607845
v 4.310853 1.133788 0.600000
v 4.304034 1.136912 0.600000
v 4.308915 1.134676 0.589285
v 4.302616 1.137562 0.592155
v 4.303397 1.137204 0.580201
v 4.298576 1.139414 0.585504
v 4.295139 1.140989 0.574131
v 4.292530 1.142184 0.581060
v 4.285398 1.145453 0.572000
v 4.285398 1.145453 0.579500
v 4.275657 1.149917 0.574131
v 4.278266 1.148721 0.581060
v 4.267399 1.153701 0.580201
v 4.272220 1.151492 0.585504
v 4.261881 1.156230 0.589285
v 4.268180 1.153343 0.592155
v 4.259944 1.157118 0.600000
v 4.266762 1.153993 0.600000
v 4.261881 1.156230 0.610715
v 4.268180 1.153343 0.607845
v 4.267399 1.153701 0.619799
v 4.272220 1.151492 0.614496
v 4.275657 1.149917 0.625869
v 4.278266 1.148721 0.618940
v 4.285398 1.145453 0.628000
v 4.285398 1.145453 0.620500
v 4.295139 1.140989 0.625869
v 4.292530 1.142184 0.618940
v 4.303397 1.137204 0.619799
v 4.298576 1.139414 0.614496
v 4.308915 1.134676 0.610715
v 4.302616 1.137562 0.607845
v 4.312884 1.138222 0.600480
v 4.306066 1.141346 0.600480
v 4.311818 1.141010 0.589971
v 4.305285 1.143388 0.592786
v 4.307038 1.145150 0.581062
v 4.301786 1.146418 0.586263
v 4.299274 1.150011 0.575109
v 4.296101 1.149977 0.581905
v 4.289706 1.154853 0.573018
v 4.289096 1.153522 0.580374
v 4.279792 1.158939 0.575109
v 4.281838 1.156514 0.581905
v 4.271040 1.161647 0.581062
v 4.275430 1.158497 0.586263
v 4.264784 1.162564 0.589971
v 4.270850 1.159168 0.592786
v 4.261976 1.161552 0.600480
v 4.268794 1.158427 0.600480
v 4.263042 1.158763 0.610990
v 4.269575 1.156386 0.608175
v 4.267822 1.154624 0.619899
v 4.273074 1.153355 0.614698
v 4.275587 1.149763 0.625852
v 4.278759 1.149796 0.619056
v 4.285154 1.144921 0.627942
v 4.285764 1.146251 0.620586
v 4.295068 1.140835 0.625852
v 4.293022 1.143259 0.619056
v 4.303820 1.138127 0.619899
v 4.299430 1.141277 0.614698
v 4.310076 1.137209 0.610990
v 4.304010 1.140605 0.608175
v 4.314838 1.142485 0.601903
v 4.308020 1.145610 0.601903
v 4.314609 1.147101 0.592004
v 4.307852 1.148989 0.594655
v 4.310539 1.152790 0.583611
v 4.304873 1.153154 0.588511
v 4.303249 1.158686 0.578004
v 4.299535 1.157471 0.584405
v 4.293848 1.163891 0.576034
v 4.292652 1.161282 0.582963
v 4.283767 1.167614 0.578004
v 4.285272 1.164007 0.584405
v 4.274541 1.169286 0.583611
v 4.278517 1.165232 0.588511
v 4.267575 1.168655 0.592004
v 4.273417 1.164770 0.594655
v 4.263929 1.165815 0.601903
v 4.270748 1.162691 0.601903
v 4.264159 1.161199 0.611803
v 4.270915 1.159311 0.609151
v 4.268228 1.155511 0.620195
v 4.273895 1.155146 0.615295
v 4.275519 1.149615 0.625803
v 4.279233 1.150829 0.619401
v 4.284920 1.144409 0.627772
v 4.286116 1.147018 0.620843
v 4.295001 1.140687 0.625803
v 4.293496 1.144293 0.619401
v 4.304226 1.139014 0.620195
v 4.300251 1.143068 0.615295
v 4.311192 1.139645 0.611803
v 4.305351 1.143530 0.609151
v 4.316639 1.146414 0.604213
v 4.309821 1.149539 0.604213
v 4.317181 1.152714 0.595304
v 4.310218 1.154151 0.597690
v 4.313766 1.159831 0.587751
v 4.307717 1.159361 0.592161
v 4.306913 1.166681 0.582704
v 4.302700 1.164377 0.588466
v 4.297665 1.172221 0.580932
v 4.295929 1.168433 0.587168
v 4.287431 1.175609 0.582704
v 4.288436 1.170913 0.588466
v 4.277768 1.176327 0.587751
v 4.281362 1.171440 0.592161
v 4.270148 1.174268 0.595304
v 4.275783 1.169932 0.597690
v 4.265730 1.169744 0.604213
v 4.272548 1.166620 0.604213
v 4.265188 1.163445 0.613123
v 4.272151 1.162007 0.610736
v 4.268603 1.156328 0.620676
v 4.274652 1.156797 0.616266
v 4.275456 1.149478 0.625722
v 4.279669 1.151782 0.619961
v 4.284704 1.143938 0.627494
v 4.286440 1.147726 0.621258
v 4.294938 1.140550 0.625722
v 4.293933 1.145245 0.619961
v 4.304601 1.139831 0.620676
v 4.301007 1.144719 0.616266
v 4.312221 1.141890 0.613123
v 4.306586 1.146227 0.610736
v 4.318217 1.149858 0.607322
v 4.311399 1.152983 0.607322
v 4.319436 1.157634 0.599746
v 4.312292 1.158676 0.601775
v 4.316594 1.166002 0.593322
v 4.310211 1.164802 0.597072
v 4.310124 1.173688 0.589030
v 4.305474 1.170430 0.593930
v 4.301011 1.179522 0.587523
v 4.298802 1.174701 0.592827
v 4.290642 1.182616 0.589030
v 4.291210 1.176966 0.593930
v 4.280596 1.182499 0.593322
v 4.283855 1.176880 0.597072
v 4.272403 1.179188 0.599746
v 4.277856 1.174457 0.601775
v 4.267308 1.173188 0.607322
v 4.274127 1.170064 0.607322
v 4.266089 1.165413 0.614899
v 4.273234 1.164371 0.612870
v 4.268931 1.157045 0.621322
v 4.275315 1.158244 0.617572
v 4.275401 1.149358 0.625614
v 4.280052 1.152617 0.620715
v 4.284514 1.143524 0.627121
v 4.286724 1.148345 0.621818
v 4.294883 1.140430 0.625614
v 4.294315 1.146080 0.620715
v 4.304929 1.140548 0.621322
v 4.301670 1.146166 0.617572
v 4.313123 1.143858 0.614899
v 4.307669 1.148590 0.612870
v 4.319512 1.152685 0.611111
v 4.312694 1.155809 0.611111
v 4.321287 1.161672 0.605158
v 4.313993 1.162389 0.606752
v 4.318915 1.171067 0.600111
v 4.312257 1.169268 0.603057
v 4.312760 1.179439 0.596739
v 4.307750 1.175397 0.600589
v 4.303757 1.185514 0.595555
v 4.301159 1.179845 0.599722
v 4.293278 1.188367 0.596739
v 4.293487 1.181934 0.600589
v 4.282917 1.187564 0.600111
v 4.285902 1.181346 0.603057
v 4.274253 1.183226 0.605158
v 4.279558 1.178170 0.606752
v 4.268604 1.176015 0.611111
v 4.275422 1.172890 0.611111
v 4.266830 1.167028 0.617064
v 4.274123 1.166310 0.615469
v 4.269201 1.157633 0.622110
v 4.275859 1.159432 0.619164
v 4.275356 1.149260 0.625483
v 4.280366 1.153302 0.621633
v 4.284359 1.143185 0.626667
v 4.286957 1.148854 0.622500
v 4.294838 1.140332 0.625483
v 4.294629 1.146765 0.621633
v 4.305199 1.141136 0.622110
v 4.302215 1.147354 0.619164
v 4.313863 1.145473 0.617064
v 4.308558 1.150529 0.615469
v 4.267428 1.166450 0.620194
v 4.274819 1.166450 0.618919
v 4.270163 1.156404 0.623505
v 4.276821 1.159095 0.621343
v 4.276681 1.147888 0.625587
v 4.281594 1.152860 0.622867
v 4.285992 1.142197 0.626123
v 4.288410 1.148693 0.623260
v 4.296677 1.140199 0.625032
v 4.296233 1.147230 0.622461
v 4.307110 1.142197 0.622479
v 4.303872 1.148693 0.620592
v 4.315702 1.147888 0.618854
v 4.310163 1.152860 0.617937
v 4.321146 1.156404 0.614707
v 4.314148 1.159095 0.614902
v 4.322613 1.166450 0.610671
v 4.315222 1.166450 0.611947
v 4.319878 1.176496 0.607360
v 4.313220 1.173805 0.609523
v 4.313360 1.185012 0.605278
v 4.308448 1.180040 0.607998
v 4.304049 1.190703 0.604742
v 4.301631 1.184206 0.607606
v 4.293364 1.192701 0.605834
v 4.293808 1.185669 0.608405
v 4.282931 1.190703 0.608387
v 4.286169 1.184206 0.610274
v 4.274339 1.185012 0.612012
v 4.279878 1.180040 0.612928
v 4.268895 1.176496 0.616159
v 4.275893 1.173805 0.615964
v 4.267709 1.167743 0.622435
v 4.275183 1.167743 0.621816
v 4.269990 1.157198 0.624153
v 4.276853 1.160023 0.623073
v 4.276172 1.148258 0.625257
v 4.281379 1.153477 0.623882
v 4.285314 1.142285 0.625580
v 4.288072 1.149104 0.624118
v 4.296023 1.140187 0.625072
v 4.295913 1.147568 0.623746
v 4.306671 1.142285 0.623810
v 4.303709 1.149104 0.622822
v 4.315635 1.148258 0.621987
v 4.310272 1.153477 0.621488
v 4.321550 1.157198 0.619880
v 4.314603 1.160023 0.619945
v 4.323518 1.167743 0.617810
v 4.316043 1.167743 0.618430
v 4.321237 1.178288 0.616092
v 4.314373 1.175464 0.617172
v 4.315055 1.187228 0.614988
v 4.309847 1.182009 0.616364
v 4.305913 1.193202 0.614666
v 4.303154 1.186383 0.616127
v 4.295203 1.195299 0.615174
v 4.295313 1.187918 0.616499
v 4.284556 1.193202 0.616435
v 4.287518 1.186383 0.617423
v 4.275592 1.187228 0.618258
v 4.280955 1.182009 0.618758
v 4.269676 1.178288 0.620365
v 4.276623 1.175464 0.620300
v 4.267813 1.168180 0.625000
v 4.275313 1.168180 0.625000
v 4.269945 1.157465 0.625000
v 4.276874 1.160335 0.625000
v 4.276014 1.148381 0.625000
v 4.281318 1.153684 0.625000
v 4.285098 1.142311 0.625000
v 4.287968 1.149240 0.625000
v 4.295813 1.140180 0.625000
v 4.295813 1.147680 0.625000
v 4.306528 1.142311 0.625000
v 4.303658 1.149240 0.625000
v 4.315612 1.148381 0.625000
v 4.310309 1.153684 0.625000
v 4.321682 1.157465 0.625000
v 4.314753 1.160335 0.625000
v 4.323813 1.168180 0.625000
v 4.316313 1.168180 0.625000
v 4.321682 1.178895 0.625000
v 4.314753 1.176025 0.625000
v 4.315612 1.187979 0.625000
v 4.310309 1.182676 0.625000
v 4.306528 1.194049 0.625000
v 4.303658 1.187119 0.625000
v 4.295813 1.196180 0.625000
v 4.295813 1.188680 0.625000
v 4.285098 1.194049 0.625000
v 4.287968 1.187119 0.625000
v 4.276014 1.187979 0.625000
v 4.281318 1.182676 0.625000
v 4.269945 1.178895 0.625000
v 4.276874 1.176025 0.625000
v 4.267813 1.168180 0.655000
v 4.275313 1.168180 0.655000
v 4.269945 1.157465 0.655000
v 4.276874 1.160335 0.655000
v 4.276014 1.148381 0.655000
v 4.281318 1.153684 0.655000
v 4.285098 1.142311 0.655000
v 4.287968 1.149240 0.655000
v 4.295813 1.140180 0.655000
v 4.295813 1.147680 0.655000
v 4.306528 1.142311 0.655000
v 4.303658 1.149240 0.655000
v 4.315612 1.148381 0.655000
v 4.310309 1.153684 0.655000
v 4.321682 1.157465 0.655000
v 4.314753 1.160335 0.655000
v 4.323813 1.168180 0.655000
v 4.316313 1.168180 0.655000
v 4.321682 1.178895 0.655000
v 4.314753 1.176025 0.655000
v 4.315612 1.187979 0.655000
v 4.310309 1.182676 0.655000
v 4.306528 1.194049 0.655000
v 4.303658 1.187119 0.655000
v 4.295813 1.196180 0.655000
v 4.295813 1.188680 0.655000
v 4.285098 1.194049 0.655000
v 4.287968 1.187119 0.655000
v 4.276014 1.187979 0.655000
v 4.281318 1.182676 0.655000
v 4.269945 1.178895 0.655000
v 4.276874 1.176025 0.655000
v 4.001646 0.593485 0.600000
v 4.008464 0.590360 0.600000
v 4.003583 0.592597 0.589285
v 4.009883 0.589710 0.592155
v 4.009101 0.590068 0.580201
v 4.013922 0.587859 0.585504
v 4.017359 0.586284 0.574131
v 4.019968 0.585088 0.581060
v 4.027100 0.581820 0.572000
v 4.027100 0.581820 0.579500
v 4.036841 0.577356 0.574131
v 4.034232 0.578551 0.581060
v 4.045099 0.573571 0.580201
v 4.040278 0.575781 0.585504
v 4.050617 0.571043 0.589285
v 4.044318 0.573929 0.592155
v 4.052555 0.570155 0.600000
v 4.045736 0.573279 0.600000
v 4.050617 0.571043 0.610715
v 4.044318 0.573929 0.607845
v 4.045099 0.573571 0.619799
v 4.040278 0.575781 0.614496
v 4.036841 0.577356 0.625869
v 4.034232 0.578551 0.618940
v 4.027100 0.581820 0.628000
v 4.027100 0.581820 0.620500
v 4.017359 0.586284 0.625869
v 4.019968 0.585088 0.618940
v 4.009101 0.590068 0.619799
v 4.013922 0.587859 0.614496
v 4.003583 0.592597 0.610715
v 4.009883 0.589710 0.607845
v 3.989147 0.566212 0.600000
v 3.995966 0.563088 0.600000
v 3.991085 0.565324 0.589285
v 3.997384 0.562438 0.592155
v 3.996603 0.562796 0.580201
v 4.001424 0.560586 0.585504
v 4.004861 0.559011 0.574131
v 4.007470 0.557816 0.581060
v 4.014602 0.554547 0.572000
v 4.014602 0.554547 0.579500
v 4.024343 0.550083 0.574131
v 4.021734 0.551279 0.581060
v 4.032601 0.546299 0.580201
v 4.027780 0.548508 0.585504
v 4.038119 0.543770 0.589285
v 4.031820 0.546657 0.592155
v 4.040056 0.542882 0.600000
v 4.033238 0.546007 0.600000
v 4.038119 0.543770 0.610715
v 4.031820 0.546657 0.607845
v 4.032601 0.546299 0.619799
v 4.027780 0.548508 0.614496
v 4.024343 0.550083 0.625869
v 4.021734 0.551279 0.618940
v 4.014602 0.554547 0.628000
v 4.014602 0.554547 0.620500
v 4.004861 0.559011 0.625869
v 4.007470 0.557816 0.618940
v 3.996603 0.562796 0.619799
v 4.001424 0.560586 0.614496
v 3.991085 0.565324 0.610715
v 3.997384 0.562438 0.607845
v 3.987116 0.561778 0.600480
v 3.993934 0.558654 0.600480
v 3.988182 0.558990 0.589971
v 3.994715 0.556612 0.592786
v 3.992962 0.554850 0.581062
v 3.998214 0.553582 0.586263
v 4.000726 0.549989 0.575109
v 4.003899 0.550023 0.581905
v 4.010294 0.545147 0.573018
v 4.010904 0.546478 0.580374
v 4.020208 0.541061 0.575109
v 4.018162 0.543486 0.581905
v 4.028960 0.538353 0.581062
v 4.024570 0.541503 0.586263
v 4.035216 0.537436 0.589971
v 4.029150 0.540832 0.592786
v 4.038024 0.538448 0.600480
v 4.031206 0.541573 0.600480
v 4.036958 0.541237 0.610990
v 4.030425 0.543614 0.608175
v 4.032178 0.545376 0.619899
v 4.026926 0.546645 0.614698
v 4.024413 0.550237 0.625852
v 4.021241 0.550204 0.619056
v 4.014846 0.555079 0.627942
v 4.014236 0.553749 0.620586
v 4.004932 0.559165 0.625852
v 4.006978 0.556741 0.619056
v 3.996180 0.561873 0.619899
v 4.000570 0.558723 0.614698
v 3.989924 0.562791 0.610990
v 3.995990 0.559395 0.608175
v 3.985162 0.557515 0.601903
v 3.991980 0.554390 0.601903
v 3.985391 0.552899 0.592004
v 3.992148 0.551011 0.594655
v 3.989461 0.547210 0.583611
v 3.995127 0.546846 0.588511
v 3.996751 0.541314 0.578004
v 4.000465 0.542529 0.584405
v 4.006152 0.536109 0.576034
v 4.007348 0.538718 0.582963
v 4.016233 0.532386 0.578004
v 4.014728 0.535993 0.584405
v 4.025459 0.530714 0.583611
v 4.021483 0.534768 0.588511
v 4.032425 0.531345 0.592004
v 4.026583 0.535230 0.594655
v 4.036071 0.534185 0.601903
v 4.029252 0.537309 0.601903
v 4.035841 0.538801 0.611803
v 4.029085 0.540689 0.609151
v 4.031772 0.544489 0.620195
v 4.026105 0.544854 0.615295
v 4.024481 0.550385 0.625803
v 4.020767 0.549171 0.619401
v 4.015080 0.555591 0.627772
v 4.013884 0.552982 0.620843
v 4.004999 0.559313 0.625803
v 4.006504 0.555707 0.619401
v 3.995774 0.560986 0.620195
v 3.999749 0.556932 0.615295
v 3.988808 0.560355 0.611803
v 3.994649 0.556470 0.609151
v 3.983361 0.553586 0.604213
v 3.990179 0.550461 0.604213
v 3.982819 0.547286 0.595304
v 3.989782 0.545849 0.597690
v 3.986234 0.540169 0.587751
v 3.992283 0.540639 0.592161
v 3.993087 0.533319 0.582704
v 3.997300 0.535623 0.588466
v 4.002335 0.527779 0.580932
v 4.004071 0.531567 0.587168
v 4.012569 0.524391 0.582704
v 4.011564 0.529087 0.588466
v 4.022232 0.523673 0.587751
v 4.018638 0.528560 0.592161
v 4.029852 0.525732 0.595304
v 4.024217 0.530068 0.597690
v 4.034270 0.530256 0.604213
v 4.027452 0.533380 0.604213
v 4.034812 0.536555 0.613123
v 4.027849 0.537993 0.610736
v 4.031397 0.543672 0.620676
v 4.025348 0.543203 0.616266
v 4.024544 0.550522 0.625722
v 4.020331 0.548218 0.619961
v 4.015296 0.556062 0.627494
v 4.013560 0.552274 0.621258
v 4.005062 0.559450 0.625722
v 4.006067 0.554755 0.619961
v 3.995399 0.560169 0.620676
v 3.998993 0.555281 0.616266
v 3.987779 0.558110 0.613123
v 3.993414 0.553773 0.610736
v 3.981783 0.550142 0.607322
v 3.988601 0.547017 0.607322
v 3.980564 0.542366 0.599746
v 3.987708 0.541324 0.601775
v 3.983406 0.533998 0.593322
v 3.989789 0.535198 0.597072
v 3.989876 0.526312 0.589030
v 3.994526 0.529570 0.593930
v 3.998989 0.520478 0.587523
v 4.001198 0.525299 0.592827
v 4.009358 0.517384 0.589030
v 4.008790 0.523034 0.593930
v 4.019404 0.517501 0.593322
v 4.016145 0.523120 0.597072
v 4.027597 0.520812 0.599746
v 4.022144 0.525543 0.601775
v 4.032692 0.526812 0.607322
v 4.025873 0.529936 0.607322
v 4.033911 0.534587 0.614899
v 4.026766 0.535629 0.612870
v 4.031069 0.542955 0.621322
v 4.024685 0.541756 0.617572
v 4.024599 0.550642 0.625614
v 4.019948 0.547383 0.620715
v 4.015486 0.556476 0.627121
v 4.013276 0.551655 0.621818
v 4.005117 0.559570 0.625614
v 4.005685 0.553920 0.620715
v 3.995071 0.559452 0.621322
v 3.998330 0.553834 0.617572
v 3.986877 0.556142 0.614899
v 3.992331 0.551410 0.612870
v 3.980488 0.547315 0.611111
v 3.987306 0.544191 0.611111
v 3.978713 0.538328 0.605158
v 3.986007 0.537611 0.606752
v 3.981085 0.528933 0.600111
v 3.987743 0.530732 0.603057
v 3.987240 0.520561 0.596739
v 3.992250 0.524603 0.600589
v 3.996243 0.514486 0.595555
v 3.998841 0.520155 0.599722
v 4.006722 0.511633 0.596739
v 4.006513 0.518066 0.600589
v 4.017083 0.512436 0.600111
v 4.014098 0.518654 0.603057
v 4.025747 0.516774 0.605158
v 4.020442 0.521830 0.606752
v 4.031396 0.523985 0.611111
v 4.024578 0.527110 0.611111
v 4.033170 0.532972 0.617064
v 4.025877 0.533690 0.615469
v 4.030799 0.542367 0.622110
v 4.024141 0.540568 0.619164
v 4.024644 0.550740 0.625483
v 4.019634 0.546698 0.621633
v 4.015641 0.556815 0.626667
v 4.013043 0.551146 0.622500
v 4.005162 0.559668 0.625483
v 4.005371 0.553235 0.621633
v 3.994801 0.558864 0.622110
v 3.997785 0.552646 0.619164
v 3.986137 0.554527 0.617064
v 3.991442 0.549471 0.615469
v 3.977387 0.533550 0.610671
v 3.984778 0.533550 0.611947
v 3.980122 0.523504 0.607360
v 3.986780 0.526195 0.609523
v 3.986640 0.514988 0.605278
v 3.991552 0.519960 0.607998
v 3.995951 0.509297 0.604742
v 3.998369 0.515794 0.607606
v 4.006636 0.507299 0.605834
v 4.006192 0.514331 0.608405
v 4.017069 0.509297 0.608387
v 4.013831 0.515794 0.610274
v 4.025661 0.514988 0.612012
v 4.020122 0.519960 0.612928
v 4.031105 0.523504 0.616159
v 4.024107 0.526195 0.615964
v 4.032572 0.533550 0.620194
v 4.025181 0.533550 0.618919
v 4.029837 0.543596 0.623505
v 4.023179 0.540905 0.621343
v 4.023319 0.552112 0.625587
v 4.018406 0.547140 0.622867
v 4.014008 0.557803 0.626123
v 4.011590 0.551307 0.623260
v 4.003323 0.559801 0.625032
v 4.003767 0.552770 0.622461
v 3.992890 0.557803 0.622479
v 3.996128 0.551307 0.620592
v 3.984298 0.552112 0.618854
v 3.989837 0.547140 0.617937
v 3.978854 0.543596 0.614707
v 3.985852 0.540905 0.614902
v 3.976482 0.532257 0.617810
v 3.983957 0.532257 0.618430
v 3.978763 0.521712 0.616092
v 3.985627 0.524536 0.617172
v 3.984945 0.512772 0.614988
v 3.990153 0.517991 0.616364
v 3.994087 0.506798 0.614666
v 3.996846 0.513617 0.616127
v 4.004797 0.504701 0.615174
v 4.004687 0.512082 0.616499
v 4.015444 0.506798 0.616435
v 4.012482 0.513617 0.617423
v 4.024408 0.512772 0.618258
v 4.019045 0.517991 0.618758
v 4.030324 0.521712 0.620365
v 4.023377 0.524536 0.620300
v 4.032291 0.532257 0.622435
v 4.024817 0.532257 0.621816
v 4.030010 0.542802 0.624153
v 4.023147 0.539977 0.623073
v 4.023828 0.551742 0.625257
v 4.018621 0.546523 0.623882
v 4.014686 0.557715 0.625580
v 4.011928 0.550896 0.624118
v 4.003977 0.559813 0.625072
v 4.004087 0.552432 0.623746
v 3.993329 0.557715 0.623810
v 3.996291 0.550896 0.622822
v 3.984365 0.551742 0.621987
v 3.989728 0.546523 0.621488
v 3.978450 0.542802 0.619880
v 3.985397 0.539977 0.619945
v 3.976187 0.531820 0.625000
v 3.983687 0.531820 0.625000
v 3.978318 0.521105 0.625000
v 3.985247 0.523975 0.625000
v 3.984388 0.512021 0.625000
v 3.989691 0.517324 0.625000
v 3.993472 0.505951 0.625000
v 3.996342 0.512881 0.625000
v 4.004187 0.503820 0.625000
v 4.004187 0.511320 0.625000
v 4.014902 0.505951 0.625000
v 4.012032 0.512881 0.625000
v 4.023986 0.512021 0.625000
v 4.018682 0.517324 0.625000
v 4.030055 0.521105 0.625000
v 4.023126 0.523975 0.625000
v 4.032187 0.531820 0.625000
v 4.024687 0.531820 0.625000
v 4.030055 0.542535 0.625000
v 4.023126 0.539665 0.625000
v 4.023986 0.551619 0.625000
v 4.018682 0.546316 0.625000
v 4.014902 0.557689 0.625000
v 4.012032 0.550760 0.625000
v 4.004187 0.559820 0.625000
v 4.004187 0.552320 0.625000
v 3.993472 0.557689 0.625000
v 3.996342 0.550760 0.625000
v 3.984388 0.551619 0.625000
v 3.989691 0.546316 0.625000
v 3.978318 0.542535 0.625000
v 3.985247 0.539665 0.625000
v 3.976187 0.531820 0.655000
v 3.983687 0.531820 0.655000
v 3.978318 0.521105 0.655000
v 3.985247 0.523975 0.655000
v 3.984388 0.512021 0.655000
v 3.989691 0.517324 0.655000
v 3.993472 0.505951 0.655000
v 3.996342 0.512881 0.655000
v 4.004187 0.503820 0.655000
v 4.004187 0.511320 0.655000
v 4.014902 0.505951 0.655000
v 4.012032 0.512881 0.655000
v 4.023986 0.512021 0.655000
v 4.018682 0.517324 0.655000
v 4.030055 0.521105 0.655000
v 4.023126 0.523975 0.655000
v 4.032187 0.531820 0.655000
v 4.024687 0.531820 0.655000
v 4.030055 0.542535 0.655000
v 4.023126 0.539665 0.655000
v 4.023986 0.551619 0.655000
v 4.018682 0.546316 0.655000
v 4.014902 0.557689 0.655000
v 4.012032 0.550760 0.655000
v 4.004187 0.559820 0.655000
v 4.004187 0.552320 0.655000
v 3.993472 0.557689 0.655000
v 3.996342 0.550760 0.655000
v 3.984388 0.551619 0.655000
v 3.989691 0.546316 0.655000
v 3.978318 0.542535 0.655000
v 3.985247 0.539665 0.655000
v 2.701871 1.442391 0.400000
v 2.694619 1.440479 0.400000
v 2.699810 1.441848 0.389285
v 2.693110 1.440081 0.392155
v 2.693941 1.440300 0.380201
v 2.688813 1.438948 0.385504
v 2.685157 1.437985 0.374131
v 2.682382 1.437253 0.381060
v 2.674796 1.435253 0.372000
v 2.674796 1.435253 0.379500
v 2.664435 1.432522 0.374131
v 2.667210 1.433253 0.381060
v 2.655651 1.430206 0.380201
v 2.660779 1.431558 0.385504
v 2.649782 1.428658 0.389285
v 2.656482 1.430425 0.392155
v 2.647721 1.428115 0.400000
v 2.654973 1.430027 0.400000
v 2.649782 1.428658 0.410715
v 2.656482 1.430425 0.407845
v 2.655651 1.430206 0.419799
v 2.660779 1.431558 0.414496
v 2.664435 1.432522 0.425869
v 2.667210 1.433253 0.418940
v 2.674796 1.435253 0.428000
v 2.674796 1.435253 0.420500
v 2.685157 1.437985 0.425869
v 2.682382 1.437253 0.418940
v 2.693941 1.440300 0.419799
v 2.688813 1.438948 0.414496
v 2.699810 1.441848 0.410715
v 2.693110 1.440081 0.407845
v 2.694223 1.471400 0.400000
v 2.686971 1.469488 0.400000
v 2.692162 1.470857 0.389285
v 2.685462 1.469090 0.392155
v 2.686293 1.469309 0.380201
v 2.681165 1.467957 0.385504
v 2.677509 1.466994 0.374131
v 2.674734 1.466262 0.381060
v 2.667148 1.464262 0.372000
v 2.667148 1.464262 0.379500
v 2.656787 1.461530 0.374131
v 2.659562 1.462262 0.381060
v 2.648003 1.459215 0.380201
v 2.653131 1.460567 0.385504
v 2.642134 1.457667 0.389285
v 2.648834 1.459434 0.392155
v 2.640073 1.457124 0.400000
v 2.647325 1.459036 0.400000
v 2.642134 1.457667 0.410715
v 2.648834 1.459434 0.407845
v 2.648003 1.459215 0.419799
v 2.653131 1.460567 0.414496
v 2.656787 1.461530 0.425869
v 2.659562 1.462262 0.418940
v 2.667148 1.464262 0.428000
v 2.667148 1.464262 0.420500
v 2.677509 1.466994 0.425869
v 2.674734 1.466262 0.418940
v 2.686293 1.469309 0.419799
v 2.681165 1.467957 0.414496
v 2.692162 1.470857 0.410715
v 2.685462 1.469090 0.407845
v 2.692980 1.476116 0.400480
v 2.685727 1.474204 0.400480
v 2.690386 1.477594 0.389971
v 2.683828 1.475286 0.392786
v 2.684065 1.477760 0.381062
v 2.679200 1.475408 0.386263
v 2.674979 1.476590 0.375109
v 2.672549 1.474551 0.381905
v 2.664512 1.474260 0.373018
v 2.664885 1.472845 0.380374
v 2.654257 1.471126 0.375109
v 2.657377 1.470551 0.381905
v 2.645775 1.467666 0.381062
v 2.651167 1.468017 0.386263
v 2.640358 1.464405 0.389971
v 2.647201 1.465630 0.392786
v 2.638830 1.461840 0.400480
v 2.646082 1.463752 0.400480
v 2.641424 1.460362 0.410990
v 2.647981 1.462670 0.408175
v 2.647745 1.460196 0.419899
v 2.652609 1.462548 0.414698
v 2.656830 1.461366 0.425852
v 2.659261 1.463405 0.419056
v 2.667297 1.463696 0.427942
v 2.666924 1.465111 0.420586
v 2.677552 1.466830 0.425852
v 2.674432 1.467405 0.419056
v 2.686034 1.470290 0.419899
v 2.680642 1.469939 0.414698
v 2.691451 1.473551 0.410990
v 2.684609 1.472326 0.408175
v 2.691784 1.480651 0.401903
v 2.684532 1.478739 0.401903
v 2.688678 1.484073 0.392004
v 2.682257 1.481244 0.394655
v 2.681922 1.485887 0.383611
v 2.677312 1.482572 0.388511
v 2.672547 1.485817 0.378004
v 2.670447 1.482521 0.384405
v 2.661977 1.483874 0.376034
v 2.662709 1.481099 0.382963
v 2.651824 1.480354 0.378004
v 2.655276 1.478521 0.384405
v 2.643633 1.475792 0.383611
v 2.649278 1.475181 0.388511
v 2.638650 1.470883 0.392004
v 2.645630 1.471588 0.394655
v 2.637634 1.466375 0.401903
v 2.644886 1.468287 0.401903
v 2.640740 1.462953 0.411803
v 2.647161 1.465782 0.409151
v 2.647496 1.461139 0.420195
v 2.652106 1.464454 0.415295
v 2.656872 1.461209 0.425803
v 2.658971 1.464505 0.419401
v 2.667441 1.463152 0.427772
v 2.666709 1.465927 0.420843
v 2.677594 1.466672 0.425803
v 2.674143 1.468504 0.419401
v 2.685785 1.471234 0.420195
v 2.680140 1.471844 0.415295
v 2.690768 1.476143 0.411803
v 2.683788 1.475438 0.409151
v 2.690682 1.484830 0.404213
v 2.683430 1.482918 0.404213
v 2.687104 1.490043 0.395304
v 2.680810 1.486735 0.397690
v 2.679948 1.493376 0.387751
v 2.675571 1.489175 0.392161
v 2.670305 1.494321 0.382704
v 2.668511 1.489867 0.388466
v 2.659642 1.492734 0.380932
v 2.660704 1.488705 0.387168
v 2.649582 1.488858 0.382704
v 2.653339 1.485867 0.388466
v 2.641658 1.483281 0.387751
v 2.647537 1.481784 0.392161
v 2.637076 1.476854 0.395304
v 2.644182 1.477078 0.397690
v 2.636532 1.470554 0.404213
v 2.643785 1.472466 0.404213
v 2.640111 1.465341 0.413123
v 2.646405 1.468650 0.410736
v 2.647267 1.462009 0.420676
v 2.651644 1.466210 0.416266
v 2.656910 1.461064 0.425722
v 2.658704 1.465518 0.419961
v 2.667573 1.462650 0.427494
v 2.666511 1.466679 0.421258
v 2.677632 1.466527 0.425722
v 2.673875 1.469518 0.419961
v 2.685556 1.472103 0.420676
v 2.679677 1.473600 0.416266
v 2.690139 1.478531 0.413123
v 2.683032 1.478306 0.410736
v 2.689716 1.488494 0.407322
v 2.682464 1.486582 0.407322
v 2.685724 1.495277 0.399746
v 2.679541 1.491548 0.401775
v 2.678217 1.499940 0.393322
v 2.674045 1.494962 0.397072
v 2.668339 1.501775 0.389030
v 2.666813 1.496305 0.393930
v 2.657594 1.500500 0.387523
v 2.658946 1.495372 0.392827
v 2.647617 1.496311 0.389030
v 2.651642 1.492305 0.393930
v 2.639928 1.489846 0.393322
v 2.646012 1.487571 0.397072
v 2.635696 1.482087 0.399746
v 2.642914 1.481891 0.401775
v 2.635567 1.474217 0.407322
v 2.642819 1.476129 0.407322
v 2.639559 1.467434 0.414899
v 2.645742 1.471163 0.412870
v 2.647066 1.462771 0.421322
v 2.651238 1.467749 0.417572
v 2.656943 1.460936 0.425614
v 2.658470 1.466406 0.420715
v 2.667689 1.462211 0.427121
v 2.666337 1.467339 0.421818
v 2.677666 1.466400 0.425614
v 2.673641 1.470406 0.420715
v 2.685355 1.472865 0.421322
v 2.679271 1.475140 0.417572
v 2.689587 1.480624 0.414899
v 2.682369 1.480820 0.412870
v 2.688924 1.491500 0.411111
v 2.681672 1.489588 0.411111
v 2.684592 1.499571 0.405158
v 2.678500 1.495497 0.406752
v 2.676797 1.505328 0.400111
v 2.672793 1.499712 0.403057
v 2.666727 1.507892 0.396739
v 2.665420 1.501589 0.400589
v 2.655914 1.506874 0.395555
v 2.657504 1.500844 0.399722
v 2.646004 1.502429 0.396739
v 2.650249 1.497589 0.400589
v 2.638507 1.495233 0.400111
v 2.644760 1.492321 0.403057
v 2.634564 1.486382 0.405158
v 2.641872 1.485841 0.406752
v 2.634774 1.477224 0.411111
v 2.642026 1.479136 0.411111
v 2.639106 1.469152 0.417064
v 2.645198 1.473226 0.415469
v 2.646901 1.463396 0.422110
v 2.650905 1.469012 0.419164
v 2.656971 1.460832 0.425483
v 2.658278 1.467135 0.421633
v 2.667784 1.461850 0.426667
v 2.666194 1.467880 0.422500
v 2.677693 1.466295 0.425483
v 2.673449 1.471134 0.421633
v 2.685190 1.473491 0.422110
v 2.678938 1.476403 0.419164
v 2.689134 1.482342 0.417064
v 2.681825 1.482883 0.415469
v 2.633415 1.486596 0.412493
v 2.640873 1.486596 0.413280
v 2.635118 1.476641 0.416660
v 2.642120 1.479308 0.416331
v 2.640801 1.468202 0.420640
v 2.646281 1.473129 0.419245
v 2.649599 1.462563 0.423827
v 2.652722 1.469001 0.421579
v 2.660172 1.460583 0.425737
v 2.660463 1.467551 0.422977
v 2.670911 1.462563 0.426078
v 2.668326 1.469001 0.423226
v 2.680180 1.468202 0.424798
v 2.675112 1.473129 0.422289
v 2.686569 1.476641 0.422093
v 2.679790 1.479308 0.420309
v 2.689105 1.486596 0.418373
v 2.681647 1.486596 0.417586
v 2.687402 1.496550 0.414206
v 2.680400 1.493884 0.414535
v 2.681719 1.504989 0.410226
v 2.676239 1.500062 0.411621
v 2.672921 1.510628 0.407039
v 2.669798 1.504191 0.409287
v 2.662348 1.512608 0.405129
v 2.662057 1.505641 0.407889
v 2.651609 1.510628 0.404788
v 2.654194 1.504191 0.407639
v 2.642340 1.504989 0.406068
v 2.647408 1.500062 0.408576
v 2.635951 1.496550 0.408773
v 2.642730 1.493884 0.410557
v 2.632933 1.487971 0.418705
v 2.640424 1.487971 0.419085
v 2.634959 1.477449 0.420831
v 2.641907 1.480267 0.420642
v 2.640934 1.468528 0.422850
v 2.646282 1.473736 0.422120
v 2.649949 1.462567 0.424454
v 2.652881 1.469372 0.423294
v 2.660630 1.460474 0.425398
v 2.660701 1.467839 0.423985
v 2.671351 1.462567 0.425539
v 2.668551 1.469372 0.424088
v 2.680482 1.468528 0.424856
v 2.675236 1.473736 0.423588
v 2.686630 1.477449 0.423452
v 2.679738 1.480267 0.422560
v 2.688861 1.487971 0.421541
v 2.681371 1.487971 0.421161
v 2.686835 1.498494 0.419414
v 2.679887 1.495676 0.419604
v 2.680860 1.507415 0.417395
v 2.675513 1.502207 0.418126
v 2.671846 1.513376 0.415792
v 2.668913 1.506571 0.416952
v 2.661165 1.515469 0.414847
v 2.661093 1.508103 0.416260
v 2.650443 1.513376 0.414706
v 2.653243 1.506571 0.416157
v 2.641313 1.507415 0.415390
v 2.646559 1.502207 0.416658
v 2.635164 1.498494 0.416794
v 2.642057 1.495676 0.417686
v 2.632775 1.488436 0.425000
v 2.640275 1.488436 0.425000
v 2.634906 1.477721 0.425000
v 2.641835 1.480591 0.425000
v 2.640976 1.468637 0.425000
v 2.646279 1.473940 0.425000
v 2.650060 1.462567 0.425000
v 2.652930 1.469496 0.425000
v 2.660775 1.460436 0.425000
v 2.660775 1.467936 0.425000
v 2.671490 1.462567 0.425000
v 2.668620 1.469496 0.425000
v 2.680574 1.468637 0.425000
v 2.675270 1.473940 0.425000
v 2.686643 1.477721 0.425000
v 2.679714 1.480591 0.425000
v 2.688775 1.488436 0.425000
v 2.681275 1.488436 0.425000
v 2.686643 1.499151 0.425000
v 2.679714 1.496281 0.425000
v 2.680574 1.508235 0.425000
v 2.675270 1.502932 0.425000
v 2.671490 1.514305 0.425000
v 2.668620 1.507375 0.425000
v 2.660775 1.516436 0.425000
v 2.660775 1.508936 0.425000
v 2.650060 1.514305 0.425000
v 2.652930 1.507375 0.425000
v 2.640976 1.508235 0.425000
v 2.646279 1.502932 0.425000
v 2.634906 1.499151 0.425000
v 2.641835 1.496281 0.425000
v 2.632775 1.488436 0.455000
v 2.640275 1.488436 0.455000
v 2.634906 1.477721 0.455000
v 2.641835 1.480591 0.455000
v 2.640976 1.468637 0.455000
v 2.646279 1.473940 0.455000
v 2.650060 1.462567 0.455000
v 2.652930 1.469496 0.455000
v 2.660775 1.460436 0.455000
v 2.660775 1.467936 0.455000
v 2.671490 1.462567 0.455000
v 2.668620 1.469496 0.455000
v 2.680574 1.468637 0.455000
v 2.675270 1.473940 0.455000
v 2.686643 1.477721 0.455000
v 2.679714 1.480591 0.455000
v 2.688775 1.488436 0.455000
v 2.681275 1.488436 0.455000
v 2.686643 1.499151 0.455000
v 2.679714 1.496281 0.455000
v 2.680574 1.508235 0.455000
v 2.675270 1.502932 0.455000
v 2.671490 1.514305 0.455000
v 2.668620 1.507375 0.455000
v 2.660775 1.516436 0.455000
v 2.660775 1.508936 0.455000
v 2.650060 1.514305 0.455000
v 2.652930 1.507375 0.455000
v 2.640976 1.508235 0.455000
v 2.646279 1.502932 0.455000
v 2.634906 1.499151 0.455000
v 2.641835 1.496281 0.455000
v 2.798129 0.857609 0.400000
v 2.805381 0.859521 0.400000
v 2.800190 0.858152 0.389285
v 2.806890 0.859919 0.392155
v 2.806059 0.859700 0.380201
v 2.811187 0.861052 0.385504
v 2.814843 0.862015 0.374131
v 2.817618 0.862747 0.381060
v 2.825204 0.864747 0.372000
v 2.825204 0.864747 0.379500
v 2.835565 0.867478 0.374131
v 2.832790 0.866747 0.381060
v 2.844349 0.869794 0.380201
v 2.839221 0.868442 0.385504
v 2.850218 0.871342 0.389285
v 2.843518 0.869575 0.392155
v 2.852279 0.871885 0.400000
v 2.845027 0.869973 0.400000
v 2.850218 0.871342 0.410715
v 2.843518 0.869575 0.407845
v 2.844349 0.869794 0.419799
v 2.839221 0.868442 0.414496
v 2.835565 0.867478 0.425869
v 2.832790 0.866747 0.418940
v 2.825204 0.864747 0.428000
v 2.825204 0.864747 0.420500
v 2.814843 0.862015 0.425869
v 2.817618 0.862747 0.418940
v 2.806059 0.859700 0.419799
v 2.811187 0.861052 0.414496
v 2.800190 0.858152 0.410715
v 2.806890 0.859919 0.407845
v 2.805777 0.828600 0.400000
v 2.813029 0.830512 0.400000
v 2.807838 0.829143 0.389285
v 2.814538 0.830910 0.392155
v 2.813707 0.830691 0.380201
v 2.818835 0.832043 0.385504
v 2.822491 0.833006 0.374131
v 2.825266 0.833738 0.381060
v 2.832852 0.835738 0.372000
v 2.832852 0.835738 0.379500
v 2.843213 0.838470 0.374131
v 2.840438 0.837738 0.381060
v 2.851997 0.840785 0.380201
v 2.846869 0.839433 0.385504
v 2.857866 0.842333 0.389285
v 2.851166 0.840566 0.392155
v 2.859927 0.842876 0.400000
v 2.852675 0.840964 0.400000
v 2.857866 0.842333 0.410715
v 2.851166 0.840566 0.407845
v 2.851997 0.840785 0.419799
v 2.846869 0.839433 0.414496
v 2.843213 0.838470 0.425869
v 2.840438 0.837738 0.418940
v 2.832852 0.835738 0.428000
v 2.832852 0.835738 0.420500
v 2.822491 0.833006 0.425869
v 2.825266 0.833738 0.418940
v 2.813707 0.830691 0.419799
v 2.818835 0.832043 0.414496
v 2.807838 0.829143 0.410715
v 2.814538 0.830910 0.407845
v 2.807020 0.823884 0.400480
v 2.814273 0.825796 0.400480
v 2.809614 0.822406 0.389971
v 2.816172 0.824714 0.392786
v 2.815935 0.822240 0.381062
v 2.820800 0.824592 0.386263
v 2.825021 0.823410 0.375109
v 2.827451 0.825449 0.381905
v 2.835488 0.825740 0.373018
v 2.835115 0.827155 0.380374
v 2.845743 0.828874 0.375109
v 2.842623 0.829449 0.381905
v 2.854225 0.832334 0.381062
v 2.848833 0.831983 0.386263
v 2.859642 0.835595 0.389971
v 2.852799 0.834370 0.392786
v 2.861170 0.838160 0.400480
v 2.853918 0.836248 0.400480
v 2.858576 0.839638 0.410990
v 2.852019 0.837330 0.408175
v 2.852255 0.839804 0.419899
v 2.847391 0.837452 0.414698
v 2.843170 0.838634 0.425852
v 2.840739 0.836595 0.419056
v 2.832703 0.836304 0.427942
v 2.833076 0.834889 0.420586
v 2.822448 0.833170 0.425852
v 2.825568 0.832595 0.419056
v 2.813966 0.829710 0.419899
v 2.819358 0.830061 0.414698
v 2.808549 0.826449 0.410990
v 2.815391 0.827674 0.408175
v 2.808216 0.819349 0.401903
v 2.815468 0.821261 0.401903
v 2.811322 0.815927 0.392004
v 2.817743 0.818756 0.394655
v 2.818078 0.814113 0.383611
v 2.822688 0.817428 0.388511
v 2.827453 0.814183 0.378004
v 2.829553 0.817479 0.384405
v 2.838023 0.816126 0.376034
v 2.837291 0.818901 0.382963
v 2.848176 0.819646 0.378004
v 2.844724 0.821479 0.384405
v 2.856367 0.824208 0.383611
v 2.850722 0.824819 0.388511
v 2.861350 0.829117 0.392004
v 2.854370 0.828412 0.394655
v 2.862366 0.833625 0.401903
v 2.855114 0.831713 0.401903
v 2.859260 0.837047 0.411803
v 2.852839 0.834218 0.409151
v 2.852504 0.838861 0.420195
v 2.847894 0.835546 0.415295
v 2.843128 0.838791 0.425803
v 2.841029 0.835495 0.419401
v 2.832559 0.836848 0.427772
v 2.833291 0.834073 0.420843
v 2.822406 0.833328 0.425803
v 2.825857 0.831496 0.419401
v 2.814215 0.828766 0.420195
v 2.819860 0.828156 0.415295
v 2.809232 0.823857 0.411803
v 2.816212 0.824562 0.409151
v 2.809318 0.815170 0.404213
v 2.816570 0.817082 0.404213
v 2.812896 0.809957 0.395304
v 2.819190 0.813265 0.397690
v 2.820052 0.806624 0.387751
v 2.824429 0.810825 0.392161
v 2.829695 0.805679 0.382704
v 2.831489 0.810133 0.388466
v 2.840358 0.807266 0.380932
v 2.839296 0.811295 0.387168
v 2.850418 0.811142 0.382704
v 2.846661 0.814133 0.388466
v 2.858342 0.816719 0.387751
v 2.852463 0.818216 0.392161
v 2.862924 0.823146 0.395304
v 2.855818 0.822922 0.397690
v 2.863468 0.829446 0.404213
v 2.856215 0.827534 0.404213
v 2.859889 0.834659 0.413123
v 2.853595 0.831350 0.410736
v 2.852733 0.837991 0.420676
v 2.848356 0.833790 0.416266
v 2.843090 0.838936 0.425722
v 2.841296 0.834482 0.419961
v 2.832427 0.837350 0.427494
v 2.833489 0.833321 0.421258
v 2.822368 0.833473 0.425722
v 2.826125 0.830482 0.419961
v 2.814444 0.827897 0.420676
v 2.820323 0.826400 0.416266
v 2.809861 0.821469 0.413123
v 2.816968 0.821694 0.410736
v 2.810284 0.811506 0.407322
v 2.817536 0.813418 0.407322
v 2.814276 0.804723 0.399746
v 2.820459 0.808452 0.401775
v 2.821783 0.800060 0.393322
v 2.825955 0.805038 0.397072
v 2.831661 0.798225 0.389030
v 2.833187 0.803695 0.393930
v 2.842406 0.799500 0.387523
v 2.841054 0.804628 0.392827
v 2.852383 0.803689 0.389030
v 2.848358 0.807695 0.393930
v 2.860072 0.810154 0.393322
v 2.853988 0.812429 0.397072
v 2.864304 0.817913 0.399746
v 2.857086 0.818109 0.401775
v 2.864433 0.825783 0.407322
v 2.857181 0.823871 0.407322
v 2.860441 0.832566 0.414899
v 2.854258 0.828837 0.412870
v 2.852934 0.837229 0.421322
v 2.848762 0.832251 0.417572
v 2.843057 0.839064 0.425614
v 2.841530 0.833594 0.420715
v 2.832311 0.837789 0.427121
v 2.833663 0.832661 0.421818
v 2.822334 0.833600 0.425614
v 2.826359 0.829594 0.420715
v 2.814645 0.827135 0.421322
v 2.820729 0.824860 0.417572
v 2.810413 0.819376 0.414899
v 2.817631 0.819180 0.412870
v 2.811076 0.808500 0.411111
v 2.818328 0.810412 0.411111
v 2.815408 0.800429 0.405158
v 2.821500 0.804503 0.406752
v 2.823203 0.794672 0.400111
v 2.827207 0.800288 0.403057
v 2.833273 0.792108 0.396739
v 2.834580 0.798411 0.400589
v 2.844086 0.793126 0.395555
v 2.842496 0.799156 0.399722
v 2.853996 0.797571 0.396739
v 2.849751 0.802411 0.400589
v 2.861493 0.804767 0.400111
v 2.855240 0.807679 0.403057
v 2.865436 0.813618 0.405158
v 2.858128 0.814159 0.406752
v 2.865226 0.822776 0.411111
v 2.857974 0.820864 0.411111
v 2.860894 0.830848 0.417064
v 2.854802 0.826774 0.415469
v 2.853099 0.836604 0.422110
v 2.849095 0.830988 0.419164
v 2.843029 0.839168 0.425483
v 2.841722 0.832865 0.421633
v 2.832216 0.838150 0.426667
v 2.833806 0.832120 0.422500
v 2.822307 0.833705 0.425483
v 2.826551 0.828866 0.421633
v 2.814810 0.826509 0.422110
v 2.821062 0.823597 0.419164
v 2.810866 0.817658 0.417064
v 2.818175 0.817117 0.415469
v 2.810895 0.813404 0.418373
v 2.818353 0.813404 0.417586
v 2.812598 0.803450 0.414206
v 2.819600 0.806116 0.414535
v 2.818281 0.795011 0.410226
v 2.823761 0.799938 0.411621
v 2.827079 0.789372 0.407039
v 2.830202 0.795809 0.409287
v 2.837652 0.787392 0.405129
v 2.837943 0.794359 0.407889
v 2.848391 0.789372 0.404788
v 2.845806 0.795809 0.407639
v 2.857660 0.795011 0.406068
v 2.852592 0.799938 0.408576
v 2.864049 0.803450 0.408773
v 2.857270 0.806116 0.410557
v 2.866585 0.813404 0.412493
v 2.859127 0.813404 0.413280
v 2.864882 0.823359 0.416660
v 2.857880 0.820692 0.416331
v 2.859199 0.831798 0.420640
v 2.853719 0.826871 0.419245
v 2.850401 0.837437 0.423827
v 2.847278 0.830999 0.421579
v 2.839828 0.839417 0.425737
v 2.839537 0.832449 0.422977
v 2.829089 0.837437 0.426078
v 2.831674 0.830999 0.423226
v 2.819820 0.831798 0.424798
v 2.824888 0.826871 0.422289
v 2.813431 0.823359 0.422093
v 2.820210 0.820692 0.420309
v 2.811139 0.812029 0.421541
v 2.818629 0.812029 0.421161
v 2.813165 0.801506 0.419414
v 2.820113 0.804324 0.419604
v 2.819140 0.792585 0.417395
v 2.824487 0.797793 0.418126
v 2.828154 0.786624 0.415792
v 2.831087 0.793429 0.416952
v 2.838835 0.784531 0.414847
v 2.838907 0.791897 0.416260
v 2.849557 0.786624 0.414706
v 2.846757 0.793429 0.416157
v 2.858687 0.792585 0.415390
v 2.853441 0.797793 0.416658
v 2.864836 0.801506 0.416794
v 2.857943 0.804324 0.417686
v 2.867067 0.812029 0.418705
v 2.859576 0.812029 0.419085
v 2.865041 0.822551 0.420831
v 2.858093 0.819733 0.420642
v 2.859066 0.831472 0.422850
v 2.853718 0.826264 0.422120
v 2.850051 0.837433 0.424454
v 2.847119 0.830628 0.423294
v 2.839370 0.839526 0.425398
v 2.839299 0.832161 0.423985
v 2.828649 0.837433 0.425539
v 2.831449 0.830628 0.424088
v 2.819518 0.831472 0.424856
v 2.824764 0.826264 0.423588
v 2.813370 0.822551 0.423452
v 2.820262 0.819733 0.422560
v 2.811225 0.811564 0.425000
v 2.818725 0.811564 0.425000
v 2.813357 0.800849 0.425000
v 2.820286 0.803719 0.425000
v 2.819426 0.791765 0.425000
v 2.824730 0.797068 0.425000
v 2.828510 0.785695 0.425000
v 2.831380 0.792625 0.425000
v 2.839225 0.783564 0.425000
v 2.839225 0.791064 0.425000
v 2.849940 0.785695 0.425000
v 2.847070 0.792625 0.425000
v 2.859024 0.791765 0.425000
v 2.853721 0.797068 0.425000
v 2.865094 0.800849 0.425000
v 2.858165 0.803719 0.425000
v 2.867225 0.811564 0.425000
v 2.859725 0.811564 0.425000
v 2.865094 0.822279 0.425000
v 2.858165 0.819409 0.425000
v 2.859024 0.831363 0.425000
v 2.853721 0.826060 0.425000
v 2.849940 0.837433 0.425000
v 2.847070 0.830504 0.425000
v 2.839225 0.839564 0.425000
v 2.839225 0.832064 0.425000
v 2.828510 0.837433 0.425000
v 2.831380 0.830504 0.425000
v 2.819426 0.831363 0.425000
v 2.824730 0.826060 0.425000
v 2.813357 0.822279 0.425000
v 2.820286 0.819409 0.425000
v 2.811225 0.811564 0.455000
v 2.818725 0.811564 0.455000
v 2.813357 0.800849 0.455000
v 2.820286 0.803719 0.455000
v 2.819426 0.791765 0.455000
v 2.824730 0.797068 0.455000
v 2.828510 0.785695 0.455000
v 2.831380 0.792625 0.455000
v 2.839225 0.783564 0.455000
v 2.839225 0.791064 0.455000
v 2.849940 0.785695 0.455000
v 2.847070 0.792625 0.455000
v 2.859024 0.791765 0.455000
v 2.853721 0.797068 0.455000
v 2.865094 0.800849 0.455000
v 2.858165 0.803719 0.455000
v 2.867225 0.811564 0.455000
v 2.859725 0.811564 0.455000
v 2.865094 0.822279 0.455000
v 2.858165 0.819409 0.455000
v 2.859024 0.831363 0.455000
v 2.853721 0.826060 0.455000
v 2.849940 0.837433 0.455000
v 2.847070 0.830504 0.455000
v 2.839225 0.839564 0.455000
v 2.839225 0.832064 0.455000
v 2.828510 0.837433 0.455000
v 2.831380 0.830504 0.455000
v 2.819426 0.831363 0.455000
v 2.824730 0.826060 0.455000
v 2.813357 0.822279 0.455000
v 2.820286 0.819409 0.455000
vn 0.834663 0.550760 -0.000000
vn -0.834663 -0.550760 0.000000
vn 0.771128 0.508836 -0.382683
vn -0.771128 -0.508836 0.382683
vn 0.590196 0.389446 -0.707107
vn -0.590196 -0.389446 0.707107
vn 0.319412 0.210767 -0.923880
vn -0.319412 -0.210767 0.923880
vn 0.000000 0.000000 -1.000000
vn -0.000000 -0.000000 1.000000
vn -0.319412 -0.210767 -0.923880
vn 0.319412 0.210767 0.923880
vn -0.590196 -0.389446 -0.707107
vn 0.590196 0.389446 0.707107
vn -0.771128 -0.508836 -0.382683
vn 0.771128 0.508836 0.382683
vn -0.834663 -0.550760 -0.000000
vn 0.834663 0.550760 0.000000
vn -0.771128 -0.508836 0.382683
vn 0.771128 0.508836 -0.382683
vn -0.590196 -0.389446 0.707107
vn 0.590196 0.389446 -0.707107
vn -0.319412 -0.210767 0.923880
vn 0.319412 0.210767 -0.923880
vn -0.000000 -0.000000 1.000000
vn 0.000000 0.000000 -1.000000
vn 0.319412 0.210767 0.923880
vn -0.319412 -0.210767 -0.923880
vn 0.590196 0.389446 0.707107
vn -0.590196 -0.389446 -0.707107
vn 0.771128 0.508836 0.382683
vn -0.771128 -0.508836 -0.382683
vn 0.834663 0.550760 -0.000000
vn -0.834663 -0.550760 0.000000
vn 0.771128 0.508836 -0.382683
vn -0.771128 -0.508836 0.382683
vn 0.590196 0.389446 -0.707107
vn -0.590196 -0.389446 0.707107
vn 0.319412 0.210767 -0.923880
vn -0.319412 -0.210767 0.923880
vn 0.000000 0.000000 -1.000000
vn -0.000000 -0.000000 1.000000
vn -0.319412 -0.210767 -0.923880
vn 0.319412 0.210767 0.923880
vn -0.590196 -0.389446 -0.707107
vn 0.590196 0.389446 0.707107
vn -0.771128 -0.508836 -0.382683
vn 0.771128 0.508836 0.382683
vn -0.834663 -0.550760 -0.000000
vn 0.834663 0.550760 0.000000
vn -0.771128 -0.508836 0.382683
vn 0.771128 0.508836 -0.382683
vn -0.590196 -0.389446 0.707107
vn 0.590196 0.389446 -0.707107
vn -0.319412 -0.210767 0.923880
vn 0.319412 0.210767 -0.923880
vn -0.000000 -0.000000 1.000000
vn 0.000000 0.000000 -1.000000
vn 0.319412 0.210767 0.923880
vn -0.319412 -0.210767 -0.923880
vn 0.590196 0.389446 0.707107
vn -0.590196 -0.389446 -0.707107
vn 0.771128 0.508836 0.382683
vn -0.771128 -0.508836 -0.382683
vn 0.834663 0.550760 -0.000000
vn -0.834663 -0.550760 0.000000
vn 0.730010 0.571150 -0.375330
vn -0.730010 -0.571150 0.375330
vn 0.514219 0.504588 -0.693520
vn -0.514219 -0.504588 0.693520
vn 0.220143 0.361207 -0.906127
vn -0.220143 -0.361207 0.906127
vn -0.107448 0.162835 -0.980785
vn 0.107448 -0.162835 0.980785
vn -0.418681 -0.060327 -0.906127
vn 0.418681 0.060327 0.906127
vn -0.666173 -0.274305 -0.693520
vn 0.666173 0.274305 0.693520
vn -0.812247 -0.446522 -0.375330
vn 0.812247 0.446522 0.375330
vn -0.834663 -0.550760 -0.000000
vn 0.834663 0.550760 0.000000
vn -0.730010 -0.571150 0.375330
vn 0.730010 0.571150 -0.375330
vn -0.514219 -0.504588 0.693520
vn 0.514219 0.504588 -0.693520
vn -0.220143 -0.361207 0.906127
vn 0.220143 0.361207 -0.906127
vn 0.107448 -0.162835 0.980785
vn -0.107448 0.162835 -0.980785
vn 0.418681 0.060327 0.906127
vn -0.418681 -0.060327 -0.906127
vn 0.666173 0.274305 0.693520
vn -0.666173 -0.274305 -0.693520
vn 0.812247 0.446522 0.375330
vn -0.812247 -0.446522 -0.375330
vn 0.834663 0.550760 -0.000000
vn -0.834663 -0.550760 0.000000
vn 0.690471 0.631070 -0.353553
vn -0.690471 -0.631070 0.353553
vn 0.441161 0.615305 -0.653281
vn -0.441161 -0.615305 0.653281
vn 0.124689 0.505865 -0.853553
vn -0.124689 -0.505865 0.853553
vn -0.210767 0.319412 -0.923880
vn 0.210767 -0.319412 0.923880
vn -0.514135 0.084331 -0.853553
vn 0.514135 -0.084331 0.853553
vn -0.739231 -0.163588 -0.653281
vn 0.739231 0.163588 0.653281
vn -0.851785 -0.386603 -0.353553
vn 0.851785 0.386603 0.353553
vn -0.834663 -0.550760 -0.000000
vn 0.834663 0.550760 0.000000
vn -0.690471 -0.631070 0.353553
vn 0.690471 0.631070 -0.353553
vn -0.441161 -0.615305 0.653281
vn 0.441161 0.615305 -0.653281
vn -0.124689 -0.505865 0.853553
vn 0.124689 0.505865 -0.853553
vn 0.210767 -0.319412 0.923880
vn -0.210767 0.319412 -0.923880
vn 0.514135 -0.084331 0.853553
vn -0.514135 0.084331 -0.853553
vn 0.739231 0.163588 0.653281
vn -0.739231 -0.163588 -0.653281
vn 0.851785 0.386603 0.353553
vn -0.851785 -0.386603 -0.353553
vn 0.834663 0.550760 -0.000000
vn -0.834663 -0.550760 0.000000
vn 0.654033 0.686292 -0.318190
vn -0.654033 -0.686292 0.318190
vn 0.373831 0.717342 -0.587938
vn -0.373831 -0.717342 0.587938
vn 0.036718 0.639183 -0.768178
vn -0.036718 -0.639183 0.768178
vn -0.305986 0.463714 -0.831470
vn 0.305986 -0.463714 0.831470
vn -0.602106 0.217649 -0.768178
vn 0.602106 -0.217649 0.768178
vn -0.806561 -0.061551 -0.587938
vn 0.806561 0.061551 0.587938
vn -0.888224 -0.331381 -0.318190
vn 0.888224 0.331381 0.318190
vn -0.834663 -0.550760 -0.000000
vn 0.834663 0.550760 0.000000
vn -0.654033 -0.686292 0.318190
vn 0.654033 0.686292 -0.318190
vn -0.373831 -0.717342 0.587938
vn 0.373831 0.717342 -0.587938
vn -0.036718 -0.639183 0.768178
vn 0.036718 0.639183 -0.768178
vn 0.305986 -0.463714 0.831470
vn -0.305986 0.463714 -0.831470
vn 0.602106 -0.217649 0.768178
vn -0.602106 0.217649 -0.768178
vn 0.806561 0.061551 0.587938
vn -0.806561 -0.061551 -0.587938
vn 0.888224 0.331381 0.318190
vn -0.888224 -0.331381 -0.318190
vn 0.834663 0.550760 -0.000000
vn -0.834663 -0.550760 0.000000
vn 0.622094 0.734695 -0.270598
vn -0.622094 -0.734695 0.270598
vn 0.314816 0.806778 -0.500000
vn -0.314816 -0.806778 0.500000
vn -0.040390 0.756037 -0.653281
vn 0.040390 -0.756037 0.653281
vn -0.389446 0.590196 -0.707107
vn 0.389446 -0.590196 0.707107
vn -0.679213 0.334503 -0.653281
vn 0.679213 -0.334503 0.653281
vn -0.865576 0.027885 -0.500000
vn 0.865576 -0.027885 0.500000
vn -0.920163 -0.282978 -0.270598
vn 0.920163 0.282978 0.270598
vn -0.834663 -0.550760 -0.000000
vn 0.834663 0.550760 0.000000
vn -0.622094 -0.734695 0.270598
vn 0.622094 0.734695 -0.270598
vn -0.314816 -0.806778 0.500000
vn 0.314816 0.806778 -0.500000
vn 0.040390 -0.756037 0.653281
vn -0.040390 0.756037 -0.653281
vn 0.389446 -0.590196 0.707107
vn -0.389446 0.590196 -0.707107
vn 0.679213 -0.334503 0.653281
vn -0.679213 0.334503 -0.653281
vn 0.865576 -0.027885 0.500000
vn -0.865576 0.027885 -0.500000
vn 0.920163 0.282978 0.270598
vn -0.920163 -0.282978 -0.270598
vn 0.834663 0.550760 -0.000000
vn -0.834663 -0.550760 0.000000
vn 0.595882 0.774418 -0.212608
vn -0.595882 -0.774418 0.212608
vn 0.266383 0.880177 -0.392847
vn -0.266383 -0.880177 0.392847
vn -0.103670 0.851937 -0.513280
vn 0.103670 -0.851937 0.513280
vn -0.457941 0.693997 -0.555570
vn 0.457941 -0.693997 0.555570
vn -0.742494 0.430403 -0.513280
vn 0.742494 -0.430403 0.513280
vn -0.914009 0.101284 -0.392847
vn 0.914009 -0.101284 0.392847
vn -0.946375 -0.243255 -0.212608
vn 0.946375 0.243255 0.212608
vn -0.834663 -0.550760 -0.000000
vn 0.834663 0.550760 0.000000
vn -0.595882 -0.774418 0.212608
vn 0.595882 0.774418 -0.212608
vn -0.266383 -0.880177 0.392847
vn 0.266383 0.880177 -0.392847
vn 0.103670 -0.851937 0.513280
vn -0.103670 0.851937 -0.513280
vn 0.457941 -0.693997 0.555570
vn -0.457941 0.693997 -0.555570
vn 0.742494 -0.430403 0.513280
vn -0.742494 0.430403 -0.513280
vn 0.914009 -0.101284 0.392847
vn -0.914009 0.101284 -0.392847
vn 0.946375 0.243255 0.212608
vn -0.946375 -0.243255 -0.212608
vn -0.974951 0.000000 -0.222418
vn 0.974951 -0.000000 0.222418
vn -0.927925 -0.362637 -0.086316
vn 0.927925 0.362637 0.086316
vn -0.739630 -0.670066 0.062928
vn 0.739630 0.670066 -0.062928
vn -0.438733 -0.875483 0.202591
vn 0.438733 0.875483 -0.202591
vn -0.071043 -0.947616 0.311411
vn 0.071043 0.947616 -0.311411
vn 0.307463 -0.875483 0.372822
vn -0.307463 0.875483 -0.372822
vn 0.639160 -0.670066 0.377474
vn -0.639160 0.670066 -0.377474
vn 0.873551 -0.362637 0.324659
vn -0.873551 0.362637 -0.324659
vn 0.974951 -0.000000 0.222418
vn -0.974951 0.000000 -0.222418
vn 0.927925 0.362637 0.086316
vn -0.927925 -0.362637 -0.086316
vn 0.739630 0.670066 -0.062928
vn -0.739630 -0.670066 0.062928
vn 0.438733 0.875483 -0.202591
vn -0.438733 -0.875483 0.202591
vn 0.071043 0.947616 -0.311411
vn -0.071043 -0.947616 0.311411
vn -0.307463 0.875483 -0.372822
vn 0.307463 -0.875483 0.372822
vn -0.639160 0.670066 -0.377474
vn 0.639160 -0.670066 0.377474
vn -0.873551 0.362637 -0.324659
vn 0.873551 -0.362637 0.324659
vn -0.994053 0.000000 -0.108902
vn 0.994053 -0.000000 0.108902
vn -0.925171 -0.377576 -0.038668
vn 0.925171 0.377576 0.038668
vn -0.715440 -0.697669 0.037452
vn 0.715440 0.697669 -0.037452
vn -0.396791 -0.911549 0.107870
vn 0.396791 0.911549 -0.107870
vn -0.017733 -0.986653 0.161866
vn 0.017733 0.986653 -0.161866
vn 0.364024 -0.911549 0.191220
vn -0.364024 0.911549 -0.191220
vn 0.690362 -0.697669 0.191462
vn -0.690362 0.697669 -0.191462
vn 0.911599 -0.377576 0.162555
vn -0.911599 0.377576 -0.162555
vn 0.994053 -0.000000 0.108902
vn -0.994053 0.000000 -0.108902
vn 0.925171 0.377576 0.038668
vn -0.925171 -0.377576 -0.038668
vn 0.715440 0.697669 -0.037452
vn -0.715440 -0.697669 0.037452
vn 0.396791 0.911549 -0.107870
vn -0.396791 -0.911549 0.107870
vn 0.017733 0.986653 -0.161866
vn -0.017733 -0.986653 0.161866
vn -0.364024 0.911549 -0.191220
vn 0.364024 -0.911549 0.191220
vn -0.690362 0.697669 -0.191462
vn 0.690362 -0.697669 0.191462
vn -0.911599 0.377576 -0.162555
vn 0.911599 -0.377576 0.162555
vn -1.000000 0.000000 -0.000000
vn 1.000000 -0.000000 0.000000
vn -0.923880 -0.382683 -0.000000
vn 0.923880 0.382683 0.000000
vn -0.707107 -0.707107 0.000000
vn 0.707107 0.707107 -0.000000
vn -0.382683 -0.923880 0.000000
vn 0.382683 0.923880 -0.000000
vn -0.000000 -1.000000 0.000000
vn 0.000000 1.000000 -0.000000
vn 0.382683 -0.923880 0.000000
vn -0.382683 0.923880 -0.000000
vn 0.707107 -0.707107 0.000000
vn -0.707107 0.707107 -0.000000
vn 0.923880 -0.382683 0.000000
vn -0.923880 0.382683 -0.000000
vn 1.000000 -0.000000 0.000000
vn -1.000000 0.000000 -0.000000
vn 0.923880 0.382683 0.000000
vn -0.923880 -0.382683 -0.000000
vn 0.707107 0.707107 -0.000000
vn -0.707107 -0.707107 0.000000
vn 0.382683 0.923880 -0.000000
vn -0.382683 -0.923880 0.000000
vn 0.000000 1.000000 -0.000000
vn -0.000000 -1.000000 0.000000
vn -0.382683 0.923880 -0.000000
vn 0.382683 -0.923880 0.000000
vn -0.707107 0.707107 -0.000000
vn 0.707107 -0.707107 0.000000
vn -0.923880 0.382683 -0.000000
vn 0.923880 -0.382683 0.000000
vn -1.000000 0.000000 0.000000
vn 1.000000 -0.000000 -0.000000
vn -0.923880 -0.382683 0.000000
vn 0.923880 0.382683 -0.000000
vn -0.707107 -0.707107 0.000000
vn 0.707107 0.707107 -0.000000
vn -0.382683 -0.923880 0.000000
vn 0.382683 0.923880 -0.000000
vn -0.000000 -1.000000 0.000000
vn 0.000000 1.000000 -0.000000
vn 0.382683 -0.923880 0.000000
vn -0.382683 0.923880 -0.000000
vn 0.707107 -0.707107 0.000000
vn -0.707107 0.707107 -0.000000
vn 0.923880 -0.382683 0.000000
vn -0.923880 0.382683 -0.000000
vn 1.000000 -0.000000 0.000000
vn -1.000000 0.000000 -0.000000
vn 0.923880 0.382683 -0.000000
vn -0.923880 -0.382683 0.000000
vn 0.707107 0.707107 -0.000000
vn -0.707107 -0.707107 0.000000
vn 0.382683 0.923880 -0.000000
vn -0.382683 -0.923880 0.000000
vn 0.000000 1.000000 -0.000000
vn -0.000000 -1.000000 0.000000
vn -0.382683 0.923880 0.000000
vn 0.382683 -0.923880 -0.000000
vn -0.707107 0.707107 0.000000
vn 0.707107 -0.707107 -0.000000
vn -0.923880 0.382683 0.000000
vn 0.923880 -0.382683 -0.000000
vn 0.550760 -0.834663 0.000000
vn 0.550760 -0.834663 0.000000
vn 0.000000 0.000000 1.000000
vn 0.000000 0.000000 1.000000
vn 0.550760 -0.834663 0.000000
vn 0.550760 -0.834663 0.000000
vn 0.000000 0.000000 1.000000
vn 0.000000 0.000000 1.000000
vn 0.550760 -0.834663 0.000000
vn 0.550760 -0.834663 0.000000
vn 0.000000 0.000000 1.000000
vn 0.000000 0.000000 1.000000
vn 0.550760 -0.834663 0.000000
vn 0.550760 -0.834663 0.000000
vn 0.000000 0.000000 1.000000
vn 0.000000 0.000000 1.000000
vn 0.550760 -0.834663 0.000000
vn 0.550760 -0.834663 0.000000
vn 0.000000 0.000000 1.000000
vn 0.000000 0.000000 1.000000
vn 0.550760 -0.834663 0.000000
vn 0.550760 -0.834663 0.000000
vn 0.000000 0.000000 1.000000
vn 0.000000 0.000000 1.000000
vn 0.550760 -0.834663 0.000000
vn 0.550760 -0.834663 0.000000
vn 0.000000 0.000000 1.000000
vn 0.000000 0.000000 1.000000
vn 0.550760 -0.834663 0.000000
vn 0.550760 -0.834663 0.000000
vn 0.000000 0.000000 1.000000
vn 0.000000 0.000000 1.000000
vn 0.550760 -0.834663 0.000000
vn 0.550760 -0.834663 0.000000
vn 0.000000 0.000000 1.000000
vn 0.000000 0.000000 1.000000
vn 0.550760 -0.834663 0.000000
vn 0.550760 -0.834663 0.000000
vn 0.000000 0.000000 1.000000
vn 0.000000 0.000000 1.000000
vn 0.550760 -0.834663 0.000000
vn 0.550760 -0.834663 0.000000
vn 0.000000 0.000000 1.000000
vn 0.000000 0.000000 1.000000
vn 0.550760 -0.834663 0.000000
vn 0.550760 -0.834663 0.000000
vn 0.000000 0.000000 1.000000
vn 0.000000 0.000000 1.000000
vn 0.550760 -0.834663 0.000000
vn 0.550760 -0.834663 0.000000
vn 0.000000 0.000000 1.000000
vn 0.000000 0.000000 1.000000
vn 0.550760 -0.834663 0.000000
vn 0.550760 -0.834663 0.000000
vn 0.000000 0.000000 1.000000
vn 0.000000 0.000000 1.000000
vn 0.550760 -0.834663 0.000000
vn 0.550760 -0.834663 0.000000
vn 0.000000 0.000000 1.000000
vn 0.000000 0.000000 1.000000
vn 0.550760 -0.834663 0.000000
vn 0.550760 -0.834663 0.000000
vn 0.000000 0.000000 1.000000
vn 0.000000 0.000000 1.000000
vn -0.834663 -0.550760 0.000000
vn 0.834663 0.550760 -0.000000
vn -0.771128 -0.508836 -0.382683
vn 0.771128 0.508836 0.382683
vn -0.590196 -0.389446 -0.707107
vn 0.590196 0.389446 0.707107
vn -0.319412 -0.210767 -0.923880
vn 0.319412 0.210767 0.923880
vn -0.000000 -0.000000 -1.000000
vn 0.000000 0.000000 1.000000
vn 0.319412 0.210767 -0.923880
vn -0.319412 -0.210767 0.923880
vn 0.590196 0.389446 -0.707107
vn -0.590196 -0.389446 0.707107
vn 0.771128 0.508836 -0.382683
vn -0.771128 -0.508836 0.382683
vn 0.834663 0.550760 -0.000000
vn -0.834663 -0.550760 0.000000
vn 0.771128 0.508836 0.382683
vn -0.771128 -0.508836 -0.382683
vn 0.590196 0.389446 0.707107
vn -0.590196 -0.389446 -0.707107
vn 0.319412 0.210767 0.923880
vn -0.319412 -0.210767 -0.923880
vn 0.000000 0.000000 1.000000
vn -0.000000 -0.000000 -1.000000
vn -0.319412 -0.210767 0.923880
vn 0.319412 0.210767 -0.923880
vn -0.590196 -0.389446 0.707107
vn 0.590196 0.389446 -0.707107
vn -0.771128 -0.508836 0.382683
vn 0.771128 0.508836 -0.382683
vn -0.834663 -0.550760 0.000000
vn 0.834663 0.550760 -0.000000
vn -0.771128 -0.508836 -0.382683
vn 0.771128 0.508836 0.382683
vn -0.590196 -0.389446 -0.707107
vn 0.590196 0.389446 0.707107
vn -0.319412 -0.210767 -0.923880
vn 0.319412 0.210767 0.923880
vn -0.000000 -0.000000 -1.000000
vn 0.000000 0.000000 1.000000
vn 0.319412 0.210767 -0.923880
vn -0.319412 -0.210767 0.923880
vn 0.590196 0.389446 -0.707107
vn -0.590196 -0.389446 0.707107
vn 0.771128 0.508836 -0.382683
vn -0.771128 -0.508836 0.382683
vn 0.834663 0.550760 -0.000000
vn -0.834663 -0.550760 0.000000
vn 0.771128 0.508836 0.382683
vn -0.771128 -0.508836 -0.382683
vn 0.590196 0.389446 0.707107
vn -0.590196 -0.389446 -0.707107
vn 0.319412 0.210767 0.923880
vn -0.319412 -0.210767 -0.923880
vn 0.000000 0.000000 1.000000
vn -0.000000 -0.000000 -1.000000
vn -0.319412 -0.210767 0.923880
vn 0.319412 0.210767 -0.923880
vn -0.590196 -0.389446 0.707107
vn 0.590196 0.389446 -0.707107
vn -0.771128 -0.508836 0.382683
vn 0.771128 0.508836 -0.382683
vn -0.834663 -0.550760 0.000000
vn 0.834663 0.550760 -0.000000
vn -0.730010 -0.571150 -0.375330
vn 0.730010 0.571150 0.375330
vn -0.514219 -0.504588 -0.693520
vn 0.514219 0.504588 0.693520
vn -0.220143 -0.361207 -0.906127
vn 0.220143 0.361207 0.906127
vn 0.107448 -0.162835 -0.980785
vn -0.107448 0.162835 0.980785
vn 0.418681 0.060327 -0.906127
vn -0.418681 -0.060327 0.906127
vn 0.666173 0.274305 -0.693520
vn -0.666173 -0.274305 0.693520
vn 0.812247 0.446522 -0.375330
vn -0.812247 -0.446522 0.375330
vn 0.834663 0.550760 -0.000000
vn -0.834663 -0.550760 0.000000
vn 0.730010 0.571150 0.375330
vn -0.730010 -0.571150 -0.375330
vn 0.514219 0.504588 0.693520
vn -0.514219 -0.504588 -0.693520
vn 0.220143 0.361207 0.906127
vn -0.220143 -0.361207 -0.906127
vn -0.107448 0.162835 0.980785
vn 0.107448 -0.162835 -0.980785
vn -0.418681 -0.060327 0.906127
vn 0.418681 0.060327 -0.906127
vn -0.666173 -0.274305 0.693520
vn 0.666173 0.274305 -0.693520
vn -0.812247 -0.446522 0.375330
vn 0.812247 0.446522 -0.375330
vn -0.834663 -0.550760 0.000000
vn 0.834663 0.550760 -0.000000
vn -0.690471 -0.631070 -0.353553
vn 0.690471 0.631070 0.353553
vn -0.441161 -0.615305 -0.653281
vn 0.441161 0.615305 0.653281
vn -0.124689 -0.505865 -0.853553
vn 0.124689 0.505865 0.853553
vn 0.210767 -0.319412 -0.923880
vn -0.210767 0.319412 0.923880
vn 0.514135 -0.084331 -0.853553
vn -0.514135 0.084331 0.853553
vn 0.739231 0.163588 -0.653281
vn -0.739231 -0.163588 0.653281
vn 0.851785 0.386603 -0.353553
vn -0.851785 -0.386603 0.353553
vn 0.834663 0.550760 -0.000000
vn -0.834663 -0.550760 0.000000
vn 0.690471 0.631070 0.353553
vn -0.690471 -0.631070 -0.353553
vn 0.441161 0.615305 0.653281
vn -0.441161 -0.615305 -0.653281
vn 0.124689 0.505865 0.853553
vn -0.124689 -0.505865 -0.853553
vn -0.210767 0.319412 0.923880
vn 0.210767 -0.319412 -0.923880
vn -0.514135 0.084331 0.853553
vn 0.514135 -0.084331 -0.853553
vn -0.739231 -0.163588 0.653281
vn 0.739231 0.163588 -0.653281
vn -0.851785 -0.386603 0.353553
vn 0.851785 0.386603 -0.353553
vn -0.834663 -0.550760 0.000000
vn 0.834663 0.550760 -0.000000
vn -0.654033 -0.686292 -0.318190
vn 0.654033 0.686292 0.318190
vn -0.373831 -0.717342 -0.587938
vn 0.373831 0.717342 0.587938
vn -0.036718 -0.639183 -0.768178
vn 0.036718 0.639183 0.768178
vn 0.305986 -0.463714 -0.831470
vn -0.305986 0.463714 0.831470
vn 0.602106 -0.217649 -0.768178
vn -0.602106 0.217649 0.768178
vn 0.806561 0.061551 -0.587938
vn -0.806561 -0.061551 0.587938
vn 0.888224 0.331381 -0.318190
vn -0.888224 -0.331381 0.318190
vn 0.834663 0.550760 -0.000000
vn -0.834663 -0.550760 0.000000
vn 0.654033 0.686292 0.318190
vn -0.654033 -0.686292 -0.318190
vn 0.373831 0.717342 0.587938
vn -0.373831 -0.717342 -0.587938
vn 0.036718 0.639183 0.768178
vn -0.036718 -0.639183 -0.768178
vn -0.305986 0.463714 0.831470
vn 0.305986 -0.463714 -0.831470
vn -0.602106 0.217649 0.768178
vn 0.602106 -0.217649 -0.768178
vn -0.806561 -0.061551 0.587938
vn 0.806561 0.061551 -0.587938
vn -0.888224 -0.331381 0.318190
vn 0.888224 0.331381 -0.318190
vn -0.834663 -0.550760 0.000000
vn 0.834663 0.550760 -0.000000
vn -0.622094 -0.734695 -0.270598
vn 0.622094 0.734695 0.270598
vn -0.314816 -0.806778 -0.500000
vn 0.314816 0.806778 0.500000
vn 0.040390 -0.756037 -0.653281
vn -0.040390 0.756037 0.653281
vn 0.389446 -0.590196 -0.707107
vn -0.389446 0.590196 0.707107
vn 0.679213 -0.334503 -0.653281
vn -0.679213 0.334503 0.653281
vn 0.865576 -0.027885 -0.500000
vn -0.865576 0.027885 0.500000
vn 0.920163 0.282978 -0.270598
vn -0.920163 -0.282978 0.270598
vn 0.834663 0.550760 -0.000000
vn -0.834663 -0.550760 0.000000
vn 0.622094 0.734695 0.270598
vn -0.622094 -0.734695 -0.270598
vn 0.314816 0.806778 0.500000
vn -0.314816 -0.806778 -0.500000
vn -0.040390 0.756037 0.653281
vn 0.040390 -0.756037 -0.653281
vn -0.389446 0.590196 0.707107
vn 0.389446 -0.590196 -0.707107
vn -0.679213 0.334503 0.653281
vn 0.679213 -0.334503 -0.653281
vn -0.865576 0.027885 0.500000
vn 0.865576 -0.027885 -0.500000
vn -0.920163 -0.282978 0.270598
vn 0.920163 0.282978 -0.270598
vn -0.834663 -0.550760 0.000000
vn 0.834663 0.550760 -0.000000
vn -0.595882 -0.774418 -0.212608
vn 0.595882 0.774418 0.212608
vn -0.266383 -0.880177 -0.392847
vn 0.266383 0.880177 0.392847
vn 0.103670 -0.851937 -0.513280
vn -0.103670 0.851937 0.513280
vn 0.457941 -0.693997 -0.555570
vn -0.457941 0.693997 0.555570
vn 0.742494 -0.430403 -0.513280
vn -0.742494 0.430403 0.513280
vn 0.914009 -0.101284 -0.392847
vn -0.914009 0.101284 0.392847
vn 0.946375 0.243255 -0.212608
vn -0.946375 -0.243255 0.212608
vn 0.834663 0.550760 -0.000000
vn -0.834663 -0.550760 0.000000
vn 0.595882 0.774418 0.212608
vn -0.595882 -0.774418 -0.212608
vn 0.266383 0.880177 0.392847
vn -0.266383 -0.880177 -0.392847
vn -0.103670 0.851937 0.513280
vn 0.103670 -0.851937 -0.513280
vn -0.457941 0.693997 0.555570
vn 0.457941 -0.693997 -0.555570
vn -0.742494 0.430403 0.513280
vn 0.742494 -0.430403 -0.513280
vn -0.914009 0.101284 0.392847
vn 0.914009 -0.101284 -0.392847
vn -0.946375 -0.243255 0.212608
vn 0.946375 0.243255 -0.212608
vn -0.974951 0.000000 0.222418
vn 0.974951 -0.000000 -0.222418
vn -0.927925 -0.362637 0.086316
vn 0.927925 0.362637 -0.086316
vn -0.739630 -0.670066 -0.062928
vn 0.739630 0.670066 0.062928
vn -0.438733 -0.875483 -0.202591
vn 0.438733 0.875483 0.202591
vn -0.071043 -0.947616 -0.311411
vn 0.071043 0.947616 0.311411
vn 0.307463 -0.875483 -0.372822
vn -0.307463 0.875483 0.372822
vn 0.639160 -0.670066 -0.377474
vn -0.639160 0.670066 0.377474
vn 0.873551 -0.362637 -0.324659
vn -0.873551 0.362637 0.324659
vn 0.974951 -0.000000 -0.222418
vn -0.974951 0.000000 0.222418
vn 0.927925 0.362637 -0.086316
vn -0.927925 -0.362637 0.086316
vn 0.739630 0.670066 0.062928
vn -0.739630 -0.670066 -0.062928
vn 0.438733 0.875483 0.202591
vn -0.438733 -0.875483 -0.202591
vn 0.071043 0.947616 0.311411
vn -0.071043 -0.947616 -0.311411
vn -0.307463 0.875483 0.372822
vn 0.307463 -0.875483 -0.372822
vn -0.639160 0.670066 0.377474
vn 0.639160 -0.670066 -0.377474
vn -0.873551 0.362637 0.324659
vn 0.873551 -0.362637 -0.324659
vn -0.994053 0.000000 0.108902
vn 0.994053 -0.000000 -0.108902
vn -0.925171 -0.377576 0.038668
vn 0.925171 0.377576 -0.038668
vn -0.715440 -0.697669 -0.037452
vn 0.715440 0.697669 0.037452
vn -0.396791 -0.911549 -0.107870
vn 0.396791 0.911549 0.107870
vn -0.017733 -0.986653 -0.161866
vn 0.017733 0.986653 0.161866
vn 0.364024 -0.911549 -0.191220
vn -0.364024 0.911549 0.191220
vn 0.690362 -0.697669 -0.191462
vn -0.690362 0.697669 0.191462
vn 0.911599 -0.377576 -0.162555
vn -0.911599 0.377576 0.162555
vn 0.994053 -0.000000 -0.108902
vn -0.994053 0.000000 0.108902
vn 0.925171 0.377576 -0.038668
vn -0.925171 -0.377576 0.038668
vn 0.715440 0.697669 0.037452
vn -0.715440 -0.697669 -0.037452
vn 0.396791 0.911549 0.107870
vn -0.396791 -0.911549 -0.107870
vn 0.017733 0.986653 0.161866
vn -0.017733 -0.986653 -0.161866
vn -0.364024 0.911549 0.191220
vn 0.364024 -0.911549 -0.191220
vn -0.690362 0.697669 0.191462
vn 0.690362 -0.697669 -0.191462
vn -0.911599 0.377576 0.162555
vn 0.911599 -0.377576 -0.162555
vn -1.000000 0.000000 0.000000
vn 1.000000 -0.000000 -0.000000
vn -0.923880 -0.382683 0.000000
vn 0.923880 0.382683 -0.000000
vn -0.707107 -0.707107 -0.000000
vn 0.707107 0.707107 0.000000
vn -0.382683 -0.923880 -0.000000
vn 0.382683 0.923880 0.000000
vn -0.000000 -1.000000 -0.000000
vn 0.000000 1.000000 0.000000
vn 0.382683 -0.923880 -0.000000
vn -0.382683 0.923880 0.000000
vn 0.707107 -0.707107 -0.000000
vn -0.707107 0.707107 0.000000
vn 0.923880 -0.382683 -0.000000
vn -0.923880 0.382683 0.000000
vn 1.000000 -0.000000 -0.000000
vn -1.000000 0.000000 0.000000
vn 0.923880 0.382683 -0.000000
vn -0.923880 -0.382683 0.000000
vn 0.707107 0.707107 0.000000
vn -0.707107 -0.707107 -0.000000
vn 0.382683 0.923880 0.000000
vn -0.382683 -0.923880 -0.000000
vn 0.000000 1.000000 0.000000
vn -0.000000 -1.000000 -0.000000
vn -0.382683 0.923880 0.000000
vn 0.382683 -0.923880 -0.000000
vn -0.707107 0.707107 0.000000
vn 0.707107 -0.707107 -0.000000
vn -0.923880 0.382683 0.000000
vn 0.923880 -0.382683 -0.000000
vn -1.000000 0.000000 0.000000
vn 1.000000 -0.000000 -0.000000
vn -0.923880 -0.382683 0.000000
vn 0.923880 0.382683 -0.000000
vn -0.707107 -0.707107 0.000000
vn 0.707107 0.707107 -0.000000
vn -0.382683 -0.923880 0.000000
vn 0.382683 0.923880 -0.000000
vn -0.000000 -1.000000 0.000000
vn 0.000000 1.000000 -0.000000
vn 0.382683 -0.923880 0.000000
vn -0.382683 0.923880 -0.000000
vn 0.707107 -0.707107 0.000000
vn -0.707107 0.707107 -0.000000
vn 0.923880 -0.382683 0.000000
vn -0.923880 0.382683 -0.000000
vn 1.000000 -0.000000 0.000000
vn -1.000000 0.000000 -0.000000
vn 0.923880 0.382683 -0.000000
vn -0.923880 -0.382683 0.000000
vn 0.707107 0.707107 -0.000000
vn -0.707107 -0.707107 0.000000
vn 0.382683 0.923880 -0.000000
vn -0.382683 -0.923880 0.000000
vn 0.000000 1.000000 -0.000000
vn -0.000000 -1.000000 0.000000
vn -0.382683 0.923880 0.000000
vn 0.382683 -0.923880 -0.000000
vn -0.707107 0.707107 0.000000
vn 0.707107 -0.707107 -0.000000
vn -0.923880 0.382683 0.000000
vn 0.923880 -0.382683 -0.000000
vn -0.550760 0.834663 -0.000000
vn -0.550760 0.834663 -0.000000
vn 0.000000 0.000000 1.000000
vn 0.000000 0.000000 1.000000
vn -0.550760 0.834663 -0.000000
vn -0.550760 0.834663 -0.000000
vn 0.000000 0.000000 1.000000
vn 0.000000 0.000000 1.000000
vn -0.550760 0.834663 -0.000000
vn -0.550760 0.834663 -0.000000
vn 0.000000 0.000000 1.000000
vn 0.000000 0.000000 1.000000
vn -0.550760 0.834663 -0.000000
vn -0.550760 0.834663 -0.000000
vn 0.000000 0.000000 1.000000
vn 0.000000 0.000000 1.000000
vn -0.550760 0.834663 -0.000000
vn -0.550760 0.834663 -0.000000
vn 0.000000 0.000000 1.000000
vn 0.000000 0.000000 1.000000
vn -0.550760 0.834663 -0.000000
vn -0.550760 0.834663 -0.000000
vn 0.000000 0.000000 1.000000
vn 0.000000 0.000000 1.000000
vn -0.550760 0.834663 -0.000000
vn -0.550760 0.834663 -0.000000
vn 0.000000 0.000000 1.000000
vn 0.000000 0.000000 1.000000
vn -0.550760 0.834663 -0.000000
vn -0.550760 0.834663 -0.000000
vn 0.000000 0.000000 1.000000
vn 0.000000 0.000000 1.000000
vn -0.550760 0.834663 -0.000000
vn -0.550760 0.834663 -0.000000
vn 0.000000 0.000000 1.000000
vn 0.000000 0.000000 1.000000
vn -0.550760 0.834663 -0.000000
vn -0.550760 0.834663 -0.000000
vn 0.000000 0.000000 1.000000
vn 0.000000 0.000000 1.000000
vn -0.550760 0.834663 -0.000000
vn -0.550760 0.834663 -0.000000
vn 0.000000 0.000000 1.000000
vn 0.000000 0.000000 1.000000
vn -0.550760 0.834663 -0.000000
vn -0.550760 0.834663 -0.000000
vn 0.000000 0.000000 1.000000
vn 0.000000 0.000000 1.000000
vn -0.550760 0.834663 -0.000000
vn -0.550760 0.834663 -0.000000
vn 0.000000 0.000000 1.000000
vn 0.000000 0.000000 1.000000
vn -0.550760 0.834663 -0.000000
vn -0.550760 0.834663 -0.000000
vn 0.000000 0.000000 1.000000
vn 0.000000 0.000000 1.000000
vn -0.550760 0.834663 -0.000000
vn -0.550760 0.834663 -0.000000
vn 0.000000 0.000000 1.000000
vn 0.000000 0.000000 1.000000
vn -0.550760 0.834663 -0.000000
vn -0.550760 0.834663 -0.000000
vn 0.000000 0.000000 1.000000
vn 0.000000 0.000000 1.000000
vn 0.999913 0.013204 -0.000000
vn -0.999913 -0.013204 0.000000
vn 0.923799 0.012199 -0.382683
vn -0.923799 -0.012199 0.382683
vn 0.707045 0.009337 -0.707107
vn -0.707045 -0.009337 0.707107
vn 0.382650 0.005053 -0.923880
vn -0.382650 -0.005053 0.923880
vn 0.000000 0.000000 -1.000000
vn -0.000000 -0.000000 1.000000
vn -0.382650 -0.005053 -0.923880
vn 0.382650 0.005053 0.923880
vn -0.707045 -0.009337 -0.707107
vn 0.707045 0.009337 0.707107
vn -0.923799 -0.012199 -0.382683
vn 0.923799 0.012199 0.382683
vn -0.999913 -0.013204 -0.000000
vn 0.999913 0.013204 0.000000
vn -0.923799 -0.012199 0.382683
vn 0.923799 0.012199 -0.382683
vn -0.707045 -0.009337 0.707107
vn 0.707045 0.009337 -0.707107
vn -0.382650 -0.005053 0.923880
vn 0.382650 0.005053 -0.923880
vn -0.000000 -0.000000 1.000000
vn 0.000000 0.000000 -1.000000
vn 0.382650 0.005053 0.923880
vn -0.382650 -0.005053 -0.923880
vn 0.707045 0.009337 0.707107
vn -0.707045 -0.009337 -0.707107
vn 0.923799 0.012199 0.382683
vn -0.923799 -0.012199 -0.382683
vn 0.999913 0.013204 -0.000000
vn -0.999913 -0.013204 0.000000
vn 0.923799 0.012199 -0.382683
vn -0.923799 -0.012199 0.382683
vn 0.707045 0.009337 -0.707107
vn -0.707045 -0.009337 0.707107
vn 0.382650 0.005053 -0.923880
vn -0.382650 -0.005053 0.923880
vn 0.000000 0.000000 -1.000000
vn -0.000000 -0.000000 1.000000
vn -0.382650 -0.005053 -0.923880
vn 0.382650 0.005053 0.923880
vn -0.707045 -0.009337 -0.707107
vn 0.707045 0.009337 0.707107
vn -0.923799 -0.012199 -0.382683
vn 0.923799 0.012199 0.382683
vn -0.999913 -0.013204 -0.000000
vn 0.999913 0.013204 0.000000
vn -0.923799 -0.012199 0.382683
vn 0.923799 0.012199 -0.382683
vn -0.707045 -0.009337 0.707107
vn 0.707045 0.009337 -0.707107
vn -0.382650 -0.005053 0.923880
vn 0.382650 0.005053 -0.923880
vn -0.000000 -0.000000 1.000000
vn 0.000000 0.000000 -1.000000
vn 0.382650 0.005053 0.923880
vn -0.382650 -0.005053 -0.923880
vn 0.707045 0.009337 0.707107
vn -0.707045 -0.009337 -0.707107
vn 0.923799 0.012199 0.382683
vn -0.923799 -0.012199 -0.382683
vn 0.999913 0.013204 -0.000000
vn -0.999913 -0.013204 0.000000
vn 0.922813 0.086850 -0.375330
vn -0.922813 -0.086850 0.375330
vn 0.705224 0.147274 -0.693520
vn -0.705224 -0.147274 0.693520
vn 0.380270 0.185277 -0.906127
vn -0.380270 -0.185277 0.906127
vn -0.002576 0.195073 -0.980785
vn 0.002576 -0.195073 0.980785
vn -0.385030 0.175171 -0.906127
vn 0.385030 -0.175171 0.906127
vn -0.708867 0.128601 -0.693520
vn 0.708867 -0.128601 0.693520
vn -0.924785 0.062452 -0.375330
vn 0.924785 -0.062452 0.375330
vn -0.999913 -0.013204 -0.000000
vn 0.999913 0.013204 0.000000
vn -0.922813 -0.086850 0.375330
vn 0.922813 0.086850 -0.375330
vn -0.705224 -0.147274 0.693520
vn 0.705224 0.147274 -0.693520
vn -0.380270 -0.185277 0.906127
vn 0.380270 0.185277 -0.906127
vn 0.002576 -0.195073 0.980785
vn -0.002576 0.195073 -0.980785
vn 0.385030 -0.175171 0.906127
vn -0.385030 0.175171 -0.906127
vn 0.708867 -0.128601 0.693520
vn -0.708867 0.128601 -0.693520
vn 0.924785 -0.062452 0.375330
vn -0.924785 0.062452 -0.375330
vn 0.999913 0.013204 -0.000000
vn -0.999913 -0.013204 0.000000
vn 0.921865 0.158633 -0.353553
vn -0.921865 -0.158633 0.353553
vn 0.703472 0.279911 -0.653281
vn -0.703472 -0.279911 0.653281
vn 0.377982 0.358576 -0.853553
vn -0.377982 -0.358576 0.853553
vn -0.005053 0.382650 -0.923880
vn 0.005053 -0.382650 0.923880
vn -0.387318 0.348470 -0.853553
vn 0.387318 -0.348470 0.853553
vn -0.710618 0.261238 -0.653281
vn 0.710618 -0.261238 0.653281
vn -0.925733 0.134235 -0.353553
vn 0.925733 -0.134235 0.353553
vn -0.999913 -0.013204 -0.000000
vn 0.999913 0.013204 0.000000
vn -0.921865 -0.158633 0.353553
vn 0.921865 0.158633 -0.353553
vn -0.703472 -0.279911 0.653281
vn 0.703472 0.279911 -0.653281
vn -0.377982 -0.358576 0.853553
vn 0.377982 0.358576 -0.853553
vn 0.005053 -0.382650 0.923880
vn -0.005053 0.382650 -0.923880
vn 0.387318 -0.348470 0.853553
vn -0.387318 0.348470 -0.853553
vn 0.710618 -0.261238 0.653281
vn -0.710618 0.261238 -0.653281
vn 0.925733 -0.134235 0.353553
vn -0.925733 0.134235 -0.353553
vn 0.999913 0.013204 -0.000000
vn -0.999913 -0.013204 0.000000
vn 0.920992 0.224788 -0.318190
vn -0.920992 -0.224788 0.318190
vn 0.701858 0.402150 -0.587938
vn -0.701858 -0.402150 0.587938
vn 0.375873 0.518288 -0.768178
vn -0.375873 -0.518288 0.768178
vn -0.007336 0.555522 -0.831470
vn 0.007336 -0.555522 0.831470
vn -0.389427 0.508182 -0.768178
vn 0.389427 -0.508182 0.768178
vn -0.712232 0.383477 -0.587938
vn 0.712232 -0.383477 0.587938
vn -0.926606 0.200390 -0.318190
vn 0.926606 -0.200390 0.318190
vn -0.999913 -0.013204 -0.000000
vn 0.999913 0.013204 0.000000
vn -0.920992 -0.224788 0.318190
vn 0.920992 0.224788 -0.318190
vn -0.701858 -0.402150 0.587938
vn 0.701858 0.402150 -0.587938
vn -0.375873 -0.518288 0.768178
vn 0.375873 0.518288 -0.768178
vn 0.007336 -0.555522 0.831470
vn -0.007336 0.555522 -0.831470
vn 0.389427 -0.508182 0.768178
vn -0.389427 0.508182 -0.768178
vn 0.712232 -0.383477 0.587938
vn -0.712232 0.383477 -0.587938
vn 0.926606 -0.200390 0.318190
vn -0.926606 0.200390 -0.318190
vn 0.999913 0.013204 -0.000000
vn -0.999913 -0.013204 0.000000
vn 0.920226 0.282773 -0.270598
vn -0.920226 -0.282773 0.270598
vn 0.700443 0.509293 -0.500000
vn -0.700443 -0.509293 0.500000
vn 0.374024 0.658278 -0.653281
vn -0.374024 -0.658278 0.653281
vn -0.009337 0.707045 -0.707107
vn 0.009337 -0.707045 0.707107
vn -0.391276 0.648172 -0.653281
vn 0.391276 -0.648172 0.653281
vn -0.713647 0.490620 -0.500000
vn 0.713647 -0.490620 0.500000
vn -0.927372 0.258375 -0.270598
vn 0.927372 -0.258375 0.270598
vn -0.999913 -0.013204 -0.000000
vn 0.999913 0.013204 0.000000
vn -0.920226 -0.282773 0.270598
vn 0.920226 0.282773 -0.270598
vn -0.700443 -0.509293 0.500000
vn 0.700443 0.509293 -0.500000
vn -0.374024 -0.658278 0.653281
vn 0.374024 0.658278 -0.653281
vn 0.009337 -0.707045 0.707107
vn -0.009337 0.707045 -0.707107
vn 0.391276 -0.648172 0.653281
vn -0.391276 0.648172 -0.653281
vn 0.713647 -0.490620 0.500000
vn -0.713647 0.490620 -0.500000
vn 0.927372 -0.258375 0.270598
vn -0.927372 0.258375 -0.270598
vn 0.999913 0.013204 -0.000000
vn -0.999913 -0.013204 0.000000
vn 0.919598 0.330361 -0.212608
vn -0.919598 -0.330361 0.212608
vn 0.699282 0.597223 -0.392847
vn -0.699282 -0.597223 0.392847
vn 0.372507 0.773164 -0.513280
vn -0.372507 -0.773164 0.513280
vn -0.010979 0.831397 -0.555570
vn 0.010979 -0.831397 0.555570
vn -0.392793 0.763058 -0.513280
vn 0.392793 -0.763058 0.513280
vn -0.714808 0.578550 -0.392847
vn 0.714808 -0.578550 0.392847
vn -0.928000 0.305963 -0.212608
vn 0.928000 -0.305963 0.212608
vn -0.999913 -0.013204 -0.000000
vn 0.999913 0.013204 0.000000
vn -0.919598 -0.330361 0.212608
vn 0.919598 0.330361 -0.212608
vn -0.699282 -0.597223 0.392847
vn 0.699282 0.597223 -0.392847
vn -0.372507 -0.773164 0.513280
vn 0.372507 0.773164 -0.513280
vn 0.010979 -0.831397 0.555570
vn -0.010979 0.831397 -0.555570
vn 0.392793 -0.763058 0.513280
vn -0.392793 0.763058 -0.513280
vn 0.714808 -0.578550 0.392847
vn -0.714808 0.578550 -0.392847
vn 0.928000 -0.305963 0.212608
vn -0.928000 0.305963 -0.212608
vn -0.999985 0.000000 -0.005469
vn 0.999985 -0.000000 0.005469
vn -0.924667 -0.353559 0.141379
vn 0.924667 0.353559 -0.141379
vn -0.708576 -0.653291 0.266703
vn 0.708576 0.653291 -0.266703
vn -0.384611 -0.853566 0.351424
vn 0.384611 0.853566 -0.351424
vn -0.002093 -0.923893 0.382644
vn 0.002093 0.923893 -0.382644
vn 0.380744 -0.853566 0.355610
vn -0.380744 0.853566 -0.355610
vn 0.705616 -0.653291 0.274438
vn -0.705616 0.653291 -0.274438
vn 0.923065 -0.353559 0.151485
vn -0.923065 0.353559 -0.151485
vn 0.999985 -0.000000 0.005469
vn -0.999985 0.000000 -0.005469
vn 0.924667 0.353559 -0.141379
vn -0.924667 -0.353559 0.141379
vn 0.708576 0.653291 -0.266703
vn -0.708576 -0.653291 0.266703
vn 0.384611 0.853566 -0.351424
vn -0.384611 -0.853566 0.351424
vn 0.002093 0.923893 -0.382644
vn -0.002093 -0.923893 0.382644
vn -0.380744 0.853566 -0.355610
vn 0.380744 -0.853566 0.355610
vn -0.705616 0.653291 -0.274438
vn 0.705616 -0.653291 0.274438
vn -0.923065 0.353559 -0.151485
vn 0.923065 -0.353559 0.151485
vn -0.999997 0.000000 -0.002626
vn 0.999997 -0.000000 0.002626
vn -0.924072 -0.375332 0.072225
vn 0.924072 0.375332 -0.072225
vn -0.707467 -0.693522 0.136080
vn 0.707467 0.693522 -0.136080
vn -0.383155 -0.906131 0.179219
vn 0.383155 0.906131 -0.179219
vn -0.000512 -0.980789 0.195073
vn 0.000512 0.980789 -0.195073
vn 0.382209 -0.906131 0.181229
vn -0.382209 0.906131 -0.181229
vn 0.706742 -0.693522 0.139794
vn -0.706742 0.693522 -0.139794
vn 0.923680 -0.375332 0.077078
vn -0.923680 0.375332 -0.077078
vn 0.999997 -0.000000 0.002626
vn -0.999997 0.000000 -0.002626
vn 0.924072 0.375332 -0.072225
vn -0.924072 -0.375332 0.072225
vn 0.707467 0.693522 -0.136080
vn -0.707467 -0.693522 0.136080
vn 0.383155 0.906131 -0.179219
vn -0.383155 -0.906131 0.179219
vn 0.000512 0.980789 -0.195073
vn -0.000512 -0.980789 0.195073
vn -0.382209 0.906131 -0.181229
vn 0.382209 -0.906131 0.181229
vn -0.706742 0.693522 -0.139794
vn 0.706742 -0.693522 0.139794
vn -0.923680 0.375332 -0.077078
vn 0.923680 -0.375332 0.077078
vn -1.000000 0.000000 -0.000000
vn 1.000000 -0.000000 0.000000
vn -0.923880 -0.382683 0.000000
vn 0.923880 0.382683 -0.000000
vn -0.707107 -0.707107 0.000000
vn 0.707107 0.707107 -0.000000
vn -0.382683 -0.923880 0.000000
vn 0.382683 0.923880 -0.000000
vn -0.000000 -1.000000 0.000000
vn 0.000000 1.000000 -0.000000
vn 0.382683 -0.923880 0.000000
vn -0.382683 0.923880 -0.000000
vn 0.707107 -0.707107 0.000000
vn -0.707107 0.707107 -0.000000
vn 0.923880 -0.382683 0.000000
vn -0.923880 0.382683 -0.000000
vn 1.000000 -0.000000 0.000000
vn -1.000000 0.000000 -0.000000
vn 0.923880 0.382683 -0.000000
vn -0.923880 -0.382683 0.000000
vn 0.707107 0.707107 -0.000000
vn -0.707107 -0.707107 0.000000
vn 0.382683 0.923880 -0.000000
vn -0.382683 -0.923880 0.000000
vn 0.000000 1.000000 -0.000000
vn -0.000000 -1.000000 0.000000
vn -0.382683 0.923880 -0.000000
vn 0.382683 -0.923880 0.000000
vn -0.707107 0.707107 -0.000000
vn 0.707107 -0.707107 0.000000
vn -0.923880 0.382683 -0.000000
vn 0.923880 -0.382683 0.000000
vn -1.000000 0.000000 0.000000
vn 1.000000 -0.000000 -0.000000
vn -0.923880 -0.382683 0.000000
vn 0.923880 0.382683 -0.000000
vn -0.707107 -0.707107 0.000000
vn 0.707107 0.707107 -0.000000
vn -0.382683 -0.923880 0.000000
vn 0.382683 0.923880 -0.000000
vn -0.000000 -1.000000 0.000000
vn 0.000000 1.000000 -0.000000
vn 0.382683 -0.923880 0.000000
vn -0.382683 0.923880 -0.000000
vn 0.707107 -0.707107 0.000000
vn -0.707107 0.707107 -0.000000
vn 0.923880 -0.382683 0.000000
vn -0.923880 0.382683 -0.000000
vn 1.000000 -0.000000 0.000000
vn -1.000000 0.000000 -0.000000
vn 0.923880 0.382683 -0.000000
vn -0.923880 -0.382683 0.000000
vn 0.707107 0.707107 -0.000000
vn -0.707107 -0.707107 0.000000
vn 0.382683 0.923880 -0.000000
vn -0.382683 -0.923880 0.000000
vn 0.000000 1.000000 -0.000000
vn -0.000000 -1.000000 0.000000
vn -0.382683 0.923880 0.000000
vn 0.382683 -0.923880 -0.000000
vn -0.707107 0.707107 0.000000
vn 0.707107 -0.707107 -0.000000
vn -0.923880 0.382683 0.000000
vn 0.923880 -0.382683 -0.000000
vn 0.013204 -0.999913 0.000000
vn 0.013204 -0.999913 0.000000
vn 0.000000 0.000000 1.000000
vn 0.000000 0.000000 1.000000
vn 0.013204 -0.999913 0.000000
vn 0.013204 -0.999913 0.000000
vn 0.000000 0.000000 1.000000
vn 0.000000 0.000000 1.000000
vn 0.013204 -0.999913 0.000000
vn 0.013204 -0.999913 0.000000
vn 0.000000 0.000000 1.000000
vn 0.000000 0.000000 1.000000
vn 0.013204 -0.999913 0.000000
vn 0.013204 -0.999913 0.000000
vn 0.000000 0.000000 1.000000
vn 0.000000 0.000000 1.000000
vn 0.013204 -0.999913 0.000000
vn 0.013204 -0.999913 0.000000
vn 0.000000 0.000000 1.000000
vn 0.000000 0.000000 1.000000
vn 0.013204 -0.999913 0.000000
vn 0.013204 -0.999913 0.000000
vn 0.000000 0.000000 1.000000
vn 0.000000 0.000000 1.000000
vn 0.013204 -0.999913 0.000000
vn 0.013204 -0.999913 0.000000
vn 0.000000 0.000000 1.000000
vn 0.000000 0.000000 1.000000
vn 0.013204 -0.999913 0.000000
vn 0.013204 -0.999913 0.000000
vn 0.000000 0.000000 1.000000
vn 0.000000 0.000000 1.000000
vn 0.013204 -0.999913 0.000000
vn 0.013204 -0.999913 0.000000
vn 0.000000 0.000000 1.000000
vn 0.000000 0.000000 1.000000
vn 0.013204 -0.999913 0.000000
vn 0.013204 -0.999913 0.000000
vn 0.000000 0.000000 1.000000
vn 0.000000 0.000000 1.000000
vn 0.013204 -0.999913 0.000000
vn 0.013204 -0.999913 0.000000
vn 0.000000 0.000000 1.000000
vn 0.000000 0.000000 1.000000
vn 0.013204 -0.999913 0.000000
vn 0.013204 -0.999913 0.000000
vn 0.000000 0.000000 1.000000
vn 0.000000 0.000000 1.000000
vn 0.013204 -0.999913 0.000000
vn 0.013204 -0.999913 0.000000
vn 0.000000 0.000000 1.000000
vn 0.000000 0.000000 1.000000
vn 0.013204 -0.999913 0.000000
vn 0.013204 -0.999913 0.000000
vn 0.000000 0.000000 1.000000
vn 0.000000 0.000000 1.000000
vn 0.013204 -0.999913 0.000000
vn 0.013204 -0.999913 0.000000
vn 0.000000 0.000000 1.000000
vn 0.000000 0.000000 1.000000
vn 0.013204 -0.999913 0.000000
vn 0.013204 -0.999913 0.000000
vn 0.000000 0.000000 1.000000
vn 0.000000 0.000000 1.000000
vn -0.999913 -0.013204 0.000000
vn 0.999913 0.013204 -0.000000
vn -0.923799 -0.012199 -0.382683
vn 0.923799 0.012199 0.382683
vn -0.707045 -0.009337 -0.707107
vn 0.707045 0.009337 0.707107
vn -0.382650 -0.005053 -0.923880
vn 0.382650 0.005053 0.923880
vn -0.000000 -0.000000 -1.000000
vn 0.000000 0.000000 1.000000
vn 0.382650 0.005053 -0.923880
vn -0.382650 -0.005053 0.923880
vn 0.707045 0.009337 -0.707107
vn -0.707045 -0.009337 0.707107
vn 0.923799 0.012199 -0.382683
vn -0.923799 -0.012199 0.382683
vn 0.999913 0.013204 -0.000000
vn -0.999913 -0.013204 0.000000
vn 0.923799 0.012199 0.382683
vn -0.923799 -0.012199 -0.382683
vn 0.707045 0.009337 0.707107
vn -0.707045 -0.009337 -0.707107
vn 0.382650 0.005053 0.923880
vn -0.382650 -0.005053 -0.923880
vn 0.000000 0.000000 1.000000
vn -0.000000 -0.000000 -1.000000
vn -0.382650 -0.005053 0.923880
vn 0.382650 0.005053 -0.923880
vn -0.707045 -0.009337 0.707107
vn 0.707045 0.009337 -0.707107
vn -0.923799 -0.012199 0.382683
vn 0.923799 0.012199 -0.382683
vn -0.999913 -0.013204 0.000000
vn 0.999913 0.013204 -0.000000
vn -0.923799 -0.012199 -0.382683
vn 0.923799 0.012199 0.382683
vn -0.707045 -0.009337 -0.707107
vn 0.707045 0.009337 0.707107
vn -0.382650 -0.005053 -0.923880
vn 0.382650 0.005053 0.923880
vn -0.000000 -0.000000 -1.000000
vn 0.000000 0.000000 1.000000
vn 0.382650 0.005053 -0.923880
vn -0.382650 -0.005053 0.923880
vn 0.707045 0.009337 -0.707107
vn -0.707045 -0.009337 0.707107
vn 0.923799 0.012199 -0.382683
vn -0.923799 -0.012199 0.382683
vn 0.999913 0.013204 -0.000000
vn -0.999913 -0.013204 0.000000
vn 0.923799 0.012199 0.382683
vn -0.923799 -0.012199 -0.382683
vn 0.707045 0.009337 0.707107
vn -0.707045 -0.009337 -0.707107
vn 0.382650 0.005053 0.923880
vn -0.382650 -0.005053 -0.923880
vn 0.000000 0.000000 1.000000
vn -0.000000 -0.000000 -1.000000
vn -0.382650 -0.005053 0.923880
vn 0.382650 0.005053 -0.923880
vn -0.707045 -0.009337 0.707107
vn 0.707045 0.009337 -0.707107
vn -0.923799 -0.012199 0.382683
vn 0.923799 0.012199 -0.382683
vn -0.999913 -0.013204 0.000000
vn 0.999913 0.013204 -0.000000
vn -0.922813 -0.086850 -0.375330
vn 0.922813 0.086850 0.375330
vn -0.705224 -0.147274 -0.693520
vn 0.705224 0.147274 0.693520
vn -0.380270 -0.185277 -0.906127
vn 0.380270 0.185277 0.906127
vn 0.002576 -0.195073 -0.980785
vn -0.002576 0.195073 0.980785
vn 0.385030 -0.175171 -0.906127
vn -0.385030 0.175171 0.906127
vn 0.708867 -0.128601 -0.693520
vn -0.708867 0.128601 0.693520
vn 0.924785 -0.062452 -0.375330
vn -0.924785 0.062452 0.375330
vn 0.999913 0.013204 -0.000000
vn -0.999913 -0.013204 0.000000
vn 0.922813 0.086850 0.375330
vn -0.922813 -0.086850 -0.375330
vn 0.705224 0.147274 0.693520
vn -0.705224 -0.147274 -0.693520
vn 0.380270 0.185277 0.906127
vn -0.380270 -0.185277 -0.906127
vn -0.002576 0.195073 0.980785
vn 0.002576 -0.195073 -0.980785
vn -0.385030 0.175171 0.906127
vn 0.385030 -0.175171 -0.906127
vn -0.708867 0.128601 0.693520
vn 0.708867 -0.128601 -0.693520
vn -0.924785 0.062452 0.375330
vn 0.924785 -0.062452 -0.375330
vn -0.999913 -0.013204 0.000000
vn 0.999913 0.013204 -0.000000
vn -0.921865 -0.158633 -0.353553
vn 0.921865 0.158633 0.353553
vn -0.703472 -0.279911 -0.653281
vn 0.703472 0.279911 0.653281
vn -0.377982 -0.358576 -0.853553
vn 0.377982 0.358576 0.853553
vn 0.005053 -0.382650 -0.923880
vn -0.005053 0.382650 0.923880
vn 0.387318 -0.348470 -0.853553
vn -0.387318 0.348470 0.853553
vn 0.710618 -0.261238 -0.653281
vn -0.710618 0.261238 0.653281
vn 0.925733 -0.134235 -0.353553
vn -0.925733 0.134235 0.353553
vn 0.999913 0.013204 -0.000000
vn -0.999913 -0.013204 0.000000
vn 0.921865 0.158633 0.353553
vn -0.921865 -0.158633 -0.353553
vn 0.703472 0.279911 0.653281
vn -0.703472 -0.279911 -0.653281
vn 0.377982 0.358576 0.853553
vn -0.377982 -0.358576 -0.853553
vn -0.005053 0.382650 0.923880
vn 0.005053 -0.382650 -0.923880
vn -0.387318 0.348470 0.853553
vn 0.387318 -0.348470 -0.853553
vn -0.710618 0.261238 0.653281
vn 0.710618 -0.261238 -0.653281
vn -0.925733 0.134235 0.353553
vn 0.925733 -0.134235 -0.353553
vn -0.999913 -0.013204 0.000000
vn 0.999913 0.013204 -0.000000
vn -0.920992 -0.224788 -0.318190
vn 0.920992 0.224788 0.318190
vn -0.701858 -0.402150 -0.587938
vn 0.701858 0.402150 0.587938
vn -0.375873 -0.518288 -0.768178
vn 0.375873 0.518288 0.768178
vn 0.007336 -0.555522 -0.831470
vn -0.007336 0.555522 0.831470
vn 0.389427 -0.508182 -0.768178
vn -0.389427 0.508182 0.768178
vn 0.712232 -0.383477 -0.587938
vn -0.712232 0.383477 0.587938
vn 0.926606 -0.200390 -0.318190
vn -0.926606 0.200390 0.318190
vn 0.999913 0.013204 -0.000000
vn -0.999913 -0.013204 0.000000
vn 0.920992 0.224788 0.318190
vn -0.920992 -0.224788 -0.318190
vn 0.701858 0.402150 0.587938
vn -0.701858 -0.402150 -0.587938
vn 0.375873 0.518288 0.768178
vn -0.375873 -0.518288 -0.768178
vn -0.007336 0.555522 0.831470
vn 0.007336 -0.555522 -0.831470
vn -0.389427 0.508182 0.768178
vn 0.389427 -0.508182 -0.768178
vn -0.712232 0.383477 0.587938
vn 0.712232 -0.383477 -0.587938
vn -0.926606 0.200390 0.318190
vn 0.926606 -0.200390 -0.318190
vn -0.999913 -0.013204 0.000000
vn 0.999913 0.013204 -0.000000
vn -0.920226 -0.282773 -0.270598
vn 0.920226 0.282773 0.270598
vn -0.700443 -0.509293 -0.500000
vn 0.700443 0.509293 0.500000
vn -0.374024 -0.658278 -0.653281
vn 0.374024 0.658278 0.653281
vn 0.009337 -0.707045 -0.707107
vn -0.009337 0.707045 0.707107
vn 0.391276 -0.648172 -0.653281
vn -0.391276 0.648172 0.653281
vn 0.713647 -0.490620 -0.500000
vn -0.713647 0.490620 0.500000
vn 0.927372 -0.258375 -0.270598
vn -0.927372 0.258375 0.270598
vn 0.999913 0.013204 -0.000000
vn -0.999913 -0.013204 0.000000
vn 0.920226 0.282773 0.270598
vn -0.920226 -0.282773 -0.270598
vn 0.700443 0.509293 0.500000
vn -0.700443 -0.509293 -0.500000
vn 0.374024 0.658278 0.653281
vn -0.374024 -0.658278 -0.653281
vn -0.009337 0.707045 0.707107
vn 0.009337 -0.707045 -0.707107
vn -0.391276 0.648172 0.653281
vn 0.391276 -0.648172 -0.653281
vn -0.713647 0.490620 0.500000
vn 0.713647 -0.490620 -0.500000
vn -0.927372 0.258375 0.270598
vn 0.927372 -0.258375 -0.270598
vn -0.999913 -0.013204 0.000000
vn 0.999913 0.013204 -0.000000
vn -0.919598 -0.330361 -0.212608
vn 0.919598 0.330361 0.212608
vn -0.699282 -0.597223 -0.392847
vn 0.699282 0.597223 0.392847
vn -0.372507 -0.773164 -0.513280
vn 0.372507 0.773164 0.513280
vn 0.010979 -0.831397 -0.555570
vn -0.010979 0.831397 0.555570
vn 0.392793 -0.763058 -0.513280
vn -0.392793 0.763058 0.513280
vn 0.714808 -0.578550 -0.392847
vn -0.714808 0.578550 0.392847
vn 0.928000 -0.305963 -0.212608
vn -0.928000 0.305963 0.212608
vn 0.999913 0.013204 -0.000000
vn -0.999913 -0.013204 0.000000
vn 0.919598 0.330361 0.212608
vn -0.919598 -0.330361 -0.212608
vn 0.699282 0.597223 0.392847
vn -0.699282 -0.597223 -0.392847
vn 0.372507 0.773164 0.513280
vn -0.372507 -0.773164 -0.513280
vn -0.010979 0.831397 0.555570
vn 0.010979 -0.831397 -0.555570
vn -0.392793 0.763058 0.513280
vn 0.392793 -0.763058 -0.513280
vn -0.714808 0.578550 0.392847
vn 0.714808 -0.578550 -0.392847
vn -0.928000 0.305963 0.212608
vn 0.928000 -0.305963 -0.212608
vn -0.999985 0.000000 0.005469
vn 0.999985 -0.000000 -0.005469
vn -0.924667 -0.353559 -0.141379
vn 0.924667 0.353559 0.141379
vn -0.708576 -0.653291 -0.266703
vn 0.708576 0.653291 0.266703
vn -0.384611 -0.853566 -0.351424
vn 0.384611 0.853566 0.351424
vn -0.002093 -0.923893 -0.382644
vn 0.002093 0.923893 0.382644
vn 0.380744 -0.853566 -0.355610
vn -0.380744 0.853566 0.355610
vn 0.705616 -0.653291 -0.274438
vn -0.705616 0.653291 0.274438
vn 0.923065 -0.353559 -0.151485
vn -0.923065 0.353559 0.151485
vn 0.999985 -0.000000 -0.005469
vn -0.999985 0.000000 0.005469
vn 0.924667 0.353559 0.141379
vn -0.924667 -0.353559 -0.141379
vn 0.708576 0.653291 0.266703
vn -0.708576 -0.653291 -0.266703
vn 0.384611 0.853566 0.351424
vn -0.384611 -0.853566 -0.351424
vn 0.002093 0.923893 0.382644
vn -0.002093 -0.923893 -0.382644
vn -0.380744 0.853566 0.355610
vn 0.380744 -0.853566 -0.355610
vn -0.705616 0.653291 0.274438
vn 0.705616 -0.653291 -0.274438
vn -0.923065 0.353559 0.151485
vn 0.923065 -0.353559 -0.151485
vn -0.999997 0.000000 0.002626
vn 0.999997 -0.000000 -0.002626
vn -0.924072 -0.375332 -0.072225
vn 0.924072 0.375332 0.072225
vn -0.707467 -0.693522 -0.136080
vn 0.707467 0.693522 0.136080
vn -0.383155 -0.906131 -0.179219
vn 0.383155 0.906131 0.179219
vn -0.000512 -0.980789 -0.195073
vn 0.000512 0.980789 0.195073
vn 0.382209 -0.906131 -0.181229
vn -0.382209 0.906131 0.181229
vn 0.706742 -0.693522 -0.139794
vn -0.706742 0.693522 0.139794
vn 0.923680 -0.375332 -0.077078
vn -0.923680 0.375332 0.077078
vn 0.999997 -0.000000 -0.002626
vn -0.999997 0.000000 0.002626
vn 0.924072 0.375332 0.072225
vn -0.924072 -0.375332 -0.072225
vn 0.707467 0.693522 0.136080
vn -0.707467 -0.693522 -0.136080
vn 0.383155 0.906131 0.179219
vn -0.383155 -0.906131 -0.179219
vn 0.000512 0.980789 0.195073
vn -0.000512 -0.980789 -0.195073
vn -0.382209 0.906131 0.181229
vn 0.382209 -0.906131 -0.181229
vn -0.706742 0.693522 0.139794
vn 0.706742 -0.693522 -0.139794
vn -0.923680 0.375332 0.077078
vn 0.923680 -0.375332 -0.077078
vn -1.000000 0.000000 0.000000
vn 1.000000 -0.000000 -0.000000
vn -0.923880 -0.382683 -0.000000
vn 0.923880 0.382683 0.000000
vn -0.707107 -0.707107 -0.000000
vn 0.707107 0.707107 0.000000
vn -0.382683 -0.923880 -0.000000
vn 0.382683 0.923880 0.000000
vn -0.000000 -1.000000 -0.000000
vn 0.000000 1.000000 0.000000
vn 0.382683 -0.923880 -0.000000
vn -0.382683 0.923880 0.000000
vn 0.707107 -0.707107 -0.000000
vn -0.707107 0.707107 0.000000
vn 0.923880 -0.382683 -0.000000
vn -0.923880 0.382683 0.000000
vn 1.000000 -0.000000 -0.000000
vn -1.000000 0.000000 0.000000
vn 0.923880 0.382683 0.000000
vn -0.923880 -0.382683 -0.000000
vn 0.707107 0.707107 0.000000
vn -0.707107 -0.707107 -0.000000
vn 0.382683 0.923880 0.000000
vn -0.382683 -0.923880 -0.000000
vn 0.000000 1.000000 0.000000
vn -0.000000 -1.000000 -0.000000
vn -0.382683 0.923880 0.000000
vn 0.382683 -0.923880 -0.000000
vn -0.707107 0.707107 0.000000
vn 0.707107 -0.707107 -0.000000
vn -0.923880 0.382683 0.000000
vn 0.923880 -0.382683 -0.000000
vn -1.000000 0.000000 0.000000
vn 1.000000 -0.000000 -0.000000
vn -0.923880 -0.382683 0.000000
vn 0.923880 0.382683 -0.000000
vn -0.707107 -0.707107 0.000000
vn 0.707107 0.707107 -0.000000
vn -0.382683 -0.923880 0.000000
vn 0.382683 0.923880 -0.000000
vn -0.000000 -1.000000 0.000000
vn 0.000000 1.000000 -0.000000
vn 0.382683 -0.923880 0.000000
vn -0.382683 0.923880 -0.000000
vn 0.707107 -0.707107 0.000000
vn -0.707107 0.707107 -0.000000
vn 0.923880 -0.382683 0.000000
vn -0.923880 0.382683 -0.000000
vn 1.000000 -0.000000 0.000000
vn -1.000000 0.000000 -0.000000
vn 0.923880 0.382683 -0.000000
vn -0.923880 -0.382683 0.000000
vn 0.707107 0.707107 -0.000000
vn -0.707107 -0.707107 0.000000
vn 0.382683 0.923880 -0.000000
vn -0.382683 -0.923880 0.000000
vn 0.000000 1.000000 -0.000000
vn -0.000000 -1.000000 0.000000
vn -0.382683 0.923880 0.000000
vn 0.382683 -0.923880 -0.000000
vn -0.707107 0.707107 0.000000
vn 0.707107 -0.707107 -0.000000
vn -0.923880 0.382683 0.000000
vn 0.923880 -0.382683 -0.000000
vn -0.013204 0.999913 -0.000000
vn -0.013204 0.999913 -0.000000
vn 0.000000 0.000000 1.000000
vn 0.000000 0.000000 1.000000
vn -0.013204 0.999913 -0.000000
vn -0.013204 0.999913 -0.000000
vn 0.000000 0.000000 1.000000
vn 0.000000 0.000000 1.000000
vn -0.013204 0.999913 -0.000000
vn -0.013204 0.999913 -0.000000
vn 0.000000 0.000000 1.000000
vn 0.000000 0.000000 1.000000
vn -0.013204 0.999913 -0.000000
vn -0.013204 0.999913 -0.000000
vn 0.000000 0.000000 1.000000
vn 0.000000 0.000000 1.000000
vn -0.013204 0.999913 -0.000000
vn -0.013204 0.999913 -0.000000
vn 0.000000 0.000000 1.000000
vn 0.000000 0.000000 1.000000
vn -0.013204 0.999913 -0.000000
vn -0.013204 0.999913 -0.000000
vn 0.000000 0.000000 1.000000
vn 0.000000 0.000000 1.000000
vn -0.013204 0.999913 -0.000000
vn -0.013204 0.999913 -0.000000
vn 0.000000 0.000000 1.000000
vn 0.000000 0.000000 1.000000
vn -0.013204 0.999913 -0.000000
vn -0.013204 0.999913 -0.000000
vn 0.000000 0.000000 1.000000
vn 0.000000 0.000000 1.000000
vn -0.013204 0.999913 -0.000000
vn -0.013204 0.999913 -0.000000
vn 0.000000 0.000000 1.000000
vn 0.000000 0.000000 1.000000
vn -0.013204 0.999913 -0.000000
vn -0.013204 0.999913 -0.000000
vn 0.000000 0.000000 1.000000
vn 0.000000 0.000000 1.000000
vn -0.013204 0.999913 -0.000000
vn -0.013204 0.999913 -0.000000
vn 0.000000 0.000000 1.000000
vn 0.000000 0.000000 1.000000
vn -0.013204 0.999913 -0.000000
vn -0.013204 0.999913 -0.000000
vn 0.000000 0.000000 1.000000
vn 0.000000 0.000000 1.000000
vn -0.013204 0.999913 -0.000000
vn -0.013204 0.999913 -0.000000
vn 0.000000 0.000000 1.000000
vn 0.000000 0.000000 1.000000
vn -0.013204 0.999913 -0.000000
vn -0.013204 0.999913 -0.000000
vn 0.000000 0.000000 1.000000
vn 0.000000 0.000000 1.000000
vn -0.013204 0.999913 -0.000000
vn -0.013204 0.999913 -0.000000
vn 0.000000 0.000000 1.000000
vn 0.000000 0.000000 1.000000
vn -0.013204 0.999913 -0.000000
vn -0.013204 0.999913 -0.000000
vn 0.000000 0.000000 1.000000
vn 0.000000 0.000000 1.000000
vn 0.909085 -0.416610 0.000000
vn -0.909085 0.416610 -0.000000
vn 0.839885 -0.384897 -0.382683
vn -0.839885 0.384897 0.382683
vn 0.642821 -0.294587 -0.707107
vn -0.642821 0.294587 0.707107
vn 0.347892 -0.159430 -0.923880
vn -0.347892 0.159430 0.923880
vn 0.000000 -0.000000 -1.000000
vn -0.000000 0.000000 1.000000
vn -0.347892 0.159430 -0.923880
vn 0.347892 -0.159430 0.923880
vn -0.642821 0.294587 -0.707107
vn 0.642821 -0.294587 0.707107
vn -0.839885 0.384897 -0.382683
vn 0.839885 -0.384897 0.382683
vn -0.909085 0.416610 -0.000000
vn 0.909085 -0.416610 0.000000
vn -0.839885 0.384897 0.382683
vn 0.839885 -0.384897 -0.382683
vn -0.642821 0.294587 0.707107
vn 0.642821 -0.294587 -0.707107
vn -0.347892 0.159430 0.923880
vn 0.347892 -0.159430 -0.923880
vn -0.000000 0.000000 1.000000
vn 0.000000 -0.000000 -1.000000
vn 0.347892 -0.159430 0.923880
vn -0.347892 0.159430 -0.923880
vn 0.642821 -0.294587 0.707107
vn -0.642821 0.294587 -0.707107
vn 0.839885 -0.384897 0.382683
vn -0.839885 0.384897 -0.382683
vn 0.909085 -0.416610 0.000000
vn -0.909085 0.416610 -0.000000
vn 0.839885 -0.384897 -0.382683
vn -0.839885 0.384897 0.382683
vn 0.642821 -0.294587 -0.707107
vn -0.642821 0.294587 0.707107
vn 0.347892 -0.159430 -0.923880
vn -0.347892 0.159430 0.923880
vn 0.000000 -0.000000 -1.000000
vn -0.000000 0.000000 1.000000
vn -0.347892 0.159430 -0.923880
vn 0.347892 -0.159430 0.923880
vn -0.642821 0.294587 -0.707107
vn 0.642821 -0.294587 0.707107
vn -0.839885 0.384897 -0.382683
vn 0.839885 -0.384897 0.382683
vn -0.909085 0.416610 -0.000000
vn 0.909085 -0.416610 0.000000
vn -0.839885 0.384897 0.382683
vn 0.839885 -0.384897 -0.382683
vn -0.642821 0.294587 0.707107
vn 0.642821 -0.294587 -0.707107
vn -0.347892 0.159430 0.923880
vn 0.347892 -0.159430 -0.923880
vn -0.000000 0.000000 1.000000
vn 0.000000 -0.000000 -1.000000
vn 0.347892 -0.159430 0.923880
vn -0.347892 0.159430 -0.923880
vn 0.642821 -0.294587 0.707107
vn -0.642821 0.294587 -0.707107
vn 0.839885 -0.384897 0.382683
vn -0.839885 0.384897 -0.382683
vn 0.909085 -0.416610 0.000000
vn -0.909085 0.416610 -0.000000
vn 0.870989 -0.317027 -0.375330
vn -0.870989 0.317027 0.375330
vn 0.700292 -0.169179 -0.693520
vn -0.700292 0.169179 0.693520
vn 0.422982 0.004424 -0.906127
vn -0.422982 -0.004424 0.906127
vn 0.081277 0.177354 -0.980785
vn -0.081277 -0.177354 0.980785
vn -0.272802 0.323283 -0.906127
vn 0.272802 -0.323283 0.906127
vn -0.585349 0.419996 -0.693520
vn 0.585349 -0.419996 0.693520
vn -0.808782 0.452767 -0.375330
vn 0.808782 -0.452767 0.375330
vn -0.909085 0.416610 -0.000000
vn 0.909085 -0.416610 0.000000
vn -0.870989 0.317027 0.375330
vn 0.870989 -0.317027 -0.375330
vn -0.700292 0.169179 0.693520
vn 0.700292 -0.169179 -0.693520
vn -0.422982 -0.004424 0.906127
vn 0.422982 0.004424 -0.906127
vn -0.081277 -0.177354 0.980785
vn 0.081277 0.177354 -0.980785
vn 0.272802 -0.323283 0.906127
vn -0.272802 0.323283 -0.906127
vn 0.585349 -0.419996 0.693520
vn -0.585349 0.419996 -0.693520
vn 0.808782 -0.452767 0.375330
vn -0.808782 0.452767 -0.375330
vn 0.909085 -0.416610 0.000000
vn -0.909085 0.416610 -0.000000
vn 0.900897 -0.251765 -0.353553
vn -0.900897 0.251765 0.353553
vn 0.755554 -0.048591 -0.653281
vn -0.755554 0.048591 0.653281
vn 0.495186 0.161981 -0.853553
vn -0.495186 -0.161981 0.853553
vn 0.159430 0.347892 -0.923880
vn -0.159430 -0.347892 0.923880
vn -0.200598 0.480840 -0.853553
vn 0.200598 -0.480840 0.853553
vn -0.530087 0.540584 -0.653281
vn 0.530087 -0.540584 0.653281
vn -0.778874 0.518030 -0.353553
vn 0.778874 -0.518030 0.353553
vn -0.909085 0.416610 -0.000000
vn 0.909085 -0.416610 0.000000
vn -0.900897 0.251765 0.353553
vn 0.900897 -0.251765 -0.353553
vn -0.755554 0.048591 0.653281
vn 0.755554 -0.048591 -0.653281
vn -0.495186 -0.161981 0.853553
vn 0.495186 0.161981 -0.853553
vn -0.159430 -0.347892 0.923880
vn 0.159430 0.347892 -0.923880
vn 0.200598 -0.480840 0.853553
vn -0.200598 0.480840 -0.853553
vn 0.530087 -0.540584 0.653281
vn -0.530087 0.540584 -0.653281
vn 0.778874 -0.518030 0.353553
vn -0.778874 0.518030 -0.353553
vn 0.909085 -0.416610 0.000000
vn -0.909085 0.416610 -0.000000
vn 0.928460 -0.191619 -0.318190
vn -0.928460 0.191619 0.318190
vn 0.806485 0.062544 -0.587938
vn -0.806485 -0.062544 0.587938
vn 0.561729 0.307186 -0.768178
vn -0.561729 -0.307186 0.768178
vn 0.231456 0.505061 -0.831470
vn -0.231456 -0.505061 0.831470
vn -0.134055 0.626045 -0.768178
vn 0.134055 -0.626045 0.768178
vn -0.479156 0.651719 -0.587938
vn 0.479156 -0.651719 0.587938
vn -0.751311 0.578176 -0.318190
vn 0.751311 -0.578176 0.318190
vn -0.909085 0.416610 -0.000000
vn 0.909085 -0.416610 0.000000
vn -0.928460 0.191619 0.318190
vn 0.928460 -0.191619 -0.318190
vn -0.806485 -0.062544 0.587938
vn 0.806485 0.062544 -0.587938
vn -0.561729 -0.307186 0.768178
vn 0.561729 0.307186 -0.768178
vn -0.231456 -0.505061 0.831470
vn 0.231456 0.505061 -0.831470
vn 0.134055 -0.626045 0.768178
vn -0.134055 0.626045 -0.768178
vn 0.479156 -0.651719 0.587938
vn -0.479156 0.651719 -0.587938
vn 0.751311 -0.578176 0.318190
vn -0.751311 0.578176 -0.318190
vn 0.909085 -0.416610 0.000000
vn -0.909085 0.416610 -0.000000
vn 0.952619 -0.138900 -0.270598
vn -0.952619 0.138900 0.270598
vn 0.851125 0.159955 -0.500000
vn -0.851125 -0.159955 0.500000
vn 0.620055 0.434459 -0.653281
vn -0.620055 -0.434459 0.653281
vn 0.294587 0.642821 -0.707107
vn -0.294587 -0.642821 0.707107
vn -0.075729 0.753318 -0.653281
vn 0.075729 -0.753318 0.653281
vn -0.434516 0.749130 -0.500000
vn 0.434516 -0.749130 0.500000
vn -0.727152 0.630894 -0.270598
vn 0.727152 -0.630894 0.270598
vn -0.909085 0.416610 -0.000000
vn 0.909085 -0.416610 0.000000
vn -0.952619 0.138900 0.270598
vn 0.952619 -0.138900 -0.270598
vn -0.851125 -0.159955 0.500000
vn 0.851125 0.159955 -0.500000
vn -0.620055 -0.434459 0.653281
vn 0.620055 0.434459 -0.653281
vn -0.294587 -0.642821 0.707107
vn 0.294587 0.642821 -0.707107
vn 0.075729 -0.753318 0.653281
vn -0.075729 0.753318 -0.653281
vn 0.434516 -0.749130 0.500000
vn -0.434516 0.749130 -0.500000
vn 0.727152 -0.630894 0.270598
vn -0.727152 0.630894 -0.270598
vn 0.909085 -0.416610 0.000000
vn -0.909085 0.416610 -0.000000
vn 0.972446 -0.095635 -0.212608
vn -0.972446 0.095635 0.212608
vn 0.887761 0.239898 -0.392847
vn -0.887761 -0.239898 0.392847
vn 0.667922 0.538910 -0.513280
vn -0.667922 -0.538910 0.513280
vn 0.346398 0.755877 -0.555570
vn -0.346398 -0.755877 0.555570
vn -0.027862 0.857769 -0.513280
vn 0.027862 -0.857769 0.513280
vn -0.397880 0.829073 -0.392847
vn 0.397880 -0.829073 0.392847
vn -0.707325 0.674159 -0.212608
vn 0.707325 -0.674159 0.212608
vn -0.909085 0.416610 -0.000000
vn 0.909085 -0.416610 0.000000
vn -0.972446 0.095635 0.212608
vn 0.972446 -0.095635 -0.212608
vn -0.887761 -0.239898 0.392847
vn 0.887761 0.239898 -0.392847
vn -0.667922 -0.538910 0.513280
vn 0.667922 0.538910 -0.513280
vn -0.346398 -0.755877 0.555570
vn 0.346398 0.755877 -0.555570
vn 0.027862 -0.857769 0.513280
vn -0.027862 0.857769 -0.513280
vn 0.397880 -0.829073 0.392847
vn -0.397880 0.829073 -0.392847
vn 0.707325 -0.674159 0.212608
vn -0.707325 0.674159 -0.212608
vn -0.985435 0.000000 0.170052
vn 0.985435 -0.000000 -0.170052
vn -0.887784 -0.358779 0.288301
vn 0.887784 0.358779 -0.288301
vn -0.654976 -0.662937 0.362659
vn 0.654976 0.662937 -0.362659
vn -0.322453 -0.866169 0.381805
vn 0.322453 0.866169 -0.381805
vn 0.059160 -0.937535 0.342825
vn -0.059160 0.937535 -0.342825
vn 0.431766 -0.866169 0.251653
vn -0.431766 0.866169 -0.251653
vn 0.738640 -0.662937 0.122169
vn -0.738640 0.662937 -0.122169
vn 0.933063 -0.358779 -0.025914
vn -0.933063 0.358779 0.025914
vn 0.985435 -0.000000 -0.170052
vn -0.985435 0.000000 0.170052
vn 0.887784 0.358779 -0.288301
vn -0.887784 -0.358779 0.288301
vn 0.654976 0.662937 -0.362659
vn -0.654976 -0.662937 0.362659
vn 0.322453 0.866169 -0.381805
vn -0.322453 -0.866169 0.381805
vn -0.059160 0.937535 -0.342825
vn 0.059160 -0.937535 0.342825
vn -0.431766 0.866169 -0.251653
vn 0.431766 -0.866169 0.251653
vn -0.738640 0.662937 -0.122169
vn 0.738640 -0.662937 0.122169
vn -0.933063 0.358779 0.025914
vn 0.933063 -0.358779 -0.025914
vn -0.996584 0.000000 0.082586
vn 0.996584 -0.000000 -0.082586
vn -0.915118 -0.376617 0.143938
vn 0.915118 0.376617 -0.143938
vn -0.694334 -0.695897 0.183377
vn 0.694334 0.695897 -0.183377
vn -0.367844 -0.909233 0.194898
vn 0.367844 0.909233 -0.194898
vn 0.014647 -0.984147 0.176748
vn -0.014647 0.984147 -0.176748
vn 0.394908 -0.909233 0.131690
vn -0.394908 0.909233 -0.131690
vn 0.715048 -0.695897 0.066583
vn -0.715048 0.695897 -0.066583
vn 0.926329 -0.376617 -0.008661
vn -0.926329 0.376617 0.008661
vn 0.996584 -0.000000 -0.082586
vn -0.996584 0.000000 0.082586
vn 0.915118 0.376617 -0.143938
vn -0.915118 -0.376617 0.143938
vn 0.694334 0.695897 -0.183377
vn -0.694334 -0.695897 0.183377
vn 0.367844 0.909233 -0.194898
vn -0.367844 -0.909233 0.194898
vn -0.014647 0.984147 -0.176748
vn 0.014647 -0.984147 0.176748
vn -0.394908 0.909233 -0.131690
vn 0.394908 -0.909233 0.131690
vn -0.715048 0.695897 -0.066583
vn 0.715048 -0.695897 0.066583
vn -0.926329 0.376617 0.008661
vn 0.926329 -0.376617 -0.008661
vn -1.000000 0.000000 0.000000
vn 1.000000 -0.000000 -0.000000
vn -0.923880 -0.382683 0.000000
vn 0.923880 0.382683 -0.000000
vn -0.707107 -0.707107 0.000000
vn 0.707107 0.707107 -0.000000
vn -0.382683 -0.923880 0.000000
vn 0.382683 0.923880 -0.000000
vn -0.000000 -1.000000 0.000000
vn 0.000000 1.000000 -0.000000
vn 0.382683 -0.923880 0.000000
vn -0.382683 0.923880 -0.000000
vn 0.707107 -0.707107 0.000000
vn -0.707107 0.707107 -0.000000
vn 0.923880 -0.382683 -0.000000
vn -0.923880 0.382683 0.000000
vn 1.000000 -0.000000 -0.000000
vn -1.000000 0.000000 0.000000
vn 0.923880 0.382683 -0.000000
vn -0.923880 -0.382683 0.000000
vn 0.707107 0.707107 -0.000000
vn -0.707107 -0.707107 0.000000
vn 0.382683 0.923880 -0.000000
vn -0.382683 -0.923880 0.000000
vn 0.000000 1.000000 -0.000000
vn -0.000000 -1.000000 0.000000
vn -0.382683 0.923880 -0.000000
vn 0.382683 -0.923880 0.000000
vn -0.707107 0.707107 -0.000000
vn 0.707107 -0.707107 0.000000
vn -0.923880 0.382683 0.000000
vn 0.923880 -0.382683 -0.000000
vn -1.000000 0.000000 0.000000
vn 1.000000 -0.000000 -0.000000
vn -0.923880 -0.382683 0.000000
vn 0.923880 0.382683 -0.000000
vn -0.707107 -0.707107 0.000000
vn 0.707107 0.707107 -0.000000
vn -0.382683 -0.923880 0.000000
vn 0.382683 0.923880 -0.000000
vn -0.000000 -1.000000 0.000000
vn 0.000000 1.000000 -0.000000
vn 0.382683 -0.923880 0.000000
vn -0.382683 0.923880 -0.000000
vn 0.707107 -0.707107 0.000000
vn -0.707107 0.707107 -0.000000
vn 0.923880 -0.382683 0.000000
vn -0.923880 0.382683 -0.000000
vn 1.000000 -0.000000 0.000000
vn -1.000000 0.000000 -0.000000
vn 0.923880 0.382683 -0.000000
vn -0.923880 -0.382683 0.000000
vn 0.707107 0.707107 -0.000000
vn -0.707107 -0.707107 0.000000
vn 0.382683 0.923880 -0.000000
vn -0.382683 -0.923880 0.000000
vn 0.000000 1.000000 -0.000000
vn -0.000000 -1.000000 0.000000
vn -0.382683 0.923880 0.000000
vn 0.382683 -0.923880 -0.000000
vn -0.707107 0.707107 0.000000
vn 0.707107 -0.707107 -0.000000
vn -0.923880 0.382683 0.000000
vn 0.923880 -0.382683 -0.000000
vn -0.416610 -0.909085 0.000000
vn -0.416610 -0.909085 0.000000
vn 0.000000 0.000000 1.000000
vn 0.000000 0.000000 1.000000
vn -0.416610 -0.909085 0.000000
vn -0.416610 -0.909085 0.000000
vn 0.000000 0.000000 1.000000
vn 0.000000 0.000000 1.000000
vn -0.416610 -0.909085 0.000000
vn -0.416610 -0.909085 0.000000
vn 0.000000 0.000000 1.000000
vn 0.000000 0.000000 1.000000
vn -0.416610 -0.909085 0.000000
vn -0.416610 -0.909085 0.000000
vn 0.000000 0.000000 1.000000
vn 0.000000 0.000000 1.000000
vn -0.416610 -0.909085 0.000000
vn -0.416610 -0.909085 0.000000
vn 0.000000 0.000000 1.000000
vn 0.000000 0.000000 1.000000
vn -0.416610 -0.909085 0.000000
vn -0.416610 -0.909085 0.000000
vn 0.000000 0.000000 1.000000
vn 0.000000 0.000000 1.000000
vn -0.416610 -0.909085 0.000000
vn -0.416610 -0.909085 0.000000
vn 0.000000 0.000000 1.000000
vn 0.000000 0.000000 1.000000
vn -0.416610 -0.909085 0.000000
vn -0.416610 -0.909085 0.000000
vn 0.000000 0.000000 1.000000
vn 0.000000 0.000000 1.000000
vn -0.416610 -0.909085 0.000000
vn -0.416610 -0.909085 0.000000
vn 0.000000 0.000000 1.000000
vn 0.000000 0.000000 1.000000
vn -0.416610 -0.909085 0.000000
vn -0.416610 -0.909085 0.000000
vn 0.000000 0.000000 1.000000
vn 0.000000 0.000000 1.000000
vn -0.416610 -0.909085 0.000000
vn -0.416610 -0.909085 0.000000
vn 0.000000 0.000000 1.000000
vn 0.000000 0.000000 1.000000
vn -0.416610 -0.909085 0.000000
vn -0.416610 -0.909085 0.000000
vn 0.000000 0.000000 1.000000
vn 0.000000 0.000000 1.000000
vn -0.416610 -0.909085 0.000000
vn -0.416610 -0.909085 0.000000
vn 0.000000 0.000000 1.000000
vn 0.000000 0.000000 1.000000
vn -0.416610 -0.909085 0.000000
vn -0.416610 -0.909085 0.000000
vn 0.000000 0.000000 1.000000
vn 0.000000 0.000000 1.000000
vn -0.416610 -0.909085 0.000000
vn -0.416610 -0.909085 0.000000
vn 0.000000 0.000000 1.000000
vn 0.000000 0.000000 1.000000
vn -0.416610 -0.909085 0.000000
vn -0.416610 -0.909085 0.000000
vn 0.000000 0.000000 1.000000
vn 0.000000 0.000000 1.000000
vn -0.909085 0.416610 0.000000
vn 0.909085 -0.416610 -0.000000
vn -0.839885 0.384897 -0.382683
vn 0.839885 -0.384897 0.382683
vn -0.642821 0.294587 -0.707107
vn 0.642821 -0.294587 0.707107
vn -0.347892 0.159430 -0.923880
vn 0.347892 -0.159430 0.923880
vn -0.000000 0.000000 -1.000000
vn 0.000000 -0.000000 1.000000
vn 0.347892 -0.159430 -0.923880
vn -0.347892 0.159430 0.923880
vn 0.642821 -0.294587 -0.707107
vn -0.642821 0.294587 0.707107
vn 0.839885 -0.384897 -0.382683
vn -0.839885 0.384897 0.382683
vn 0.909085 -0.416610 -0.000000
vn -0.909085 0.416610 0.000000
vn 0.839885 -0.384897 0.382683
vn -0.839885 0.384897 -0.382683
vn 0.642821 -0.294587 0.707107
vn -0.642821 0.294587 -0.707107
vn 0.347892 -0.159430 0.923880
vn -0.347892 0.159430 -0.923880
vn 0.000000 -0.000000 1.000000
vn -0.000000 0.000000 -1.000000
vn -0.347892 0.159430 0.923880
vn 0.347892 -0.159430 -0.923880
vn -0.642821 0.294587 0.707107
vn 0.642821 -0.294587 -0.707107
vn -0.839885 0.384897 0.382683
vn 0.839885 -0.384897 -0.382683
vn -0.909085 0.416610 0.000000
vn 0.909085 -0.416610 -0.000000
vn -0.839885 0.384897 -0.382683
vn 0.839885 -0.384897 0.382683
vn -0.642821 0.294587 -0.707107
vn 0.642821 -0.294587 0.707107
vn -0.347892 0.159430 -0.923880
vn 0.347892 -0.159430 0.923880
vn -0.000000 0.000000 -1.000000
vn 0.000000 -0.000000 1.000000
vn 0.347892 -0.159430 -0.923880
vn -0.347892 0.159430 0.923880
vn 0.642821 -0.294587 -0.707107
vn -0.642821 0.294587 0.707107
vn 0.839885 -0.384897 -0.382683
vn -0.839885 0.384897 0.382683
vn 0.909085 -0.416610 -0.000000
vn -0.909085 0.416610 0.000000
vn 0.839885 -0.384897 0.382683
vn -0.839885 0.384897 -0.382683
vn 0.642821 -0.294587 0.707107
vn -0.642821 0.294587 -0.707107
vn 0.347892 -0.159430 0.923880
vn -0.347892 0.159430 -0.923880
vn 0.000000 -0.000000 1.000000
vn -0.000000 0.000000 -1.000000
vn -0.347892 0.159430 0.923880
vn 0.347892 -0.159430 -0.923880
vn -0.642821 0.294587 0.707107
vn 0.642821 -0.294587 -0.707107
vn -0.839885 0.384897 0.382683
vn 0.839885 -0.384897 -0.382683
vn -0.909085 0.416610 0.000000
vn 0.909085 -0.416610 -0.000000
vn -0.870989 0.317027 -0.375330
vn 0.870989 -0.317027 0.375330
vn -0.700292 0.169179 -0.693520
vn 0.700292 -0.169179 0.693520
vn -0.422982 -0.004424 -0.906127
vn 0.422982 0.004424 0.906127
vn -0.081277 -0.177354 -0.980785
vn 0.081277 0.177354 0.980785
vn 0.272802 -0.323283 -0.906127
vn -0.272802 0.323283 0.906127
vn 0.585349 -0.419996 -0.693520
vn -0.585349 0.419996 0.693520
vn 0.808782 -0.452767 -0.375330
vn -0.808782 0.452767 0.375330
vn 0.909085 -0.416610 -0.000000
vn -0.909085 0.416610 0.000000
vn 0.870989 -0.317027 0.375330
vn -0.870989 0.317027 -0.375330
vn 0.700292 -0.169179 0.693520
vn -0.700292 0.169179 -0.693520
vn 0.422982 0.004424 0.906127
vn -0.422982 -0.004424 -0.906127
vn 0.081277 0.177354 0.980785
vn -0.081277 -0.177354 -0.980785
vn -0.272802 0.323283 0.906127
vn 0.272802 -0.323283 -0.906127
vn -0.585349 0.419996 0.693520
vn 0.585349 -0.419996 -0.693520
vn -0.808782 0.452767 0.375330
vn 0.808782 -0.452767 -0.375330
vn -0.909085 0.416610 0.000000
vn 0.909085 -0.416610 -0.000000
vn -0.900897 0.251765 -0.353553
vn 0.900897 -0.251765 0.353553
vn -0.755554 0.048591 -0.653281
vn 0.755554 -0.048591 0.653281
vn -0.495186 -0.161981 -0.853553
vn 0.495186 0.161981 0.853553
vn -0.159430 -0.347892 -0.923880
vn 0.159430 0.347892 0.923880
vn 0.200598 -0.480840 -0.853553
vn -0.200598 0.480840 0.853553
vn 0.530087 -0.540584 -0.653281
vn -0.530087 0.540584 0.653281
vn 0.778874 -0.518030 -0.353553
vn -0.778874 0.518030 0.353553
vn 0.909085 -0.416610 -0.000000
vn -0.909085 0.416610 0.000000
vn 0.900897 -0.251765 0.353553
vn -0.900897 0.251765 -0.353553
vn 0.755554 -0.048591 0.653281
vn -0.755554 0.048591 -0.653281
vn 0.495186 0.161981 0.853553
vn -0.495186 -0.161981 -0.853553
vn 0.159430 0.347892 0.923880
vn -0.159430 -0.347892 -0.923880
vn -0.200598 0.480840 0.853553
vn 0.200598 -0.480840 -0.853553
vn -0.530087 0.540584 0.653281
vn 0.530087 -0.540584 -0.653281
vn -0.778874 0.518030 0.353553
vn 0.778874 -0.518030 -0.353553
vn -0.909085 0.416610 0.000000
vn 0.909085 -0.416610 -0.000000
vn -0.928460 0.191619 -0.318190
vn 0.928460 -0.191619 0.318190
vn -0.806485 -0.062544 -0.587938
vn 0.806485 0.062544 0.587938
vn -0.561729 -0.307186 -0.768178
vn 0.561729 0.307186 0.768178
vn -0.231456 -0.505061 -0.831470
vn 0.231456 0.505061 0.831470
vn 0.134055 -0.626045 -0.768178
vn -0.134055 0.626045 0.768178
vn 0.479156 -0.651719 -0.587938
vn -0.479156 0.651719 0.587938
vn 0.751311 -0.578176 -0.318190
vn -0.751311 0.578176 0.318190
vn 0.909085 -0.416610 -0.000000
vn -0.909085 0.416610 0.000000
vn 0.928460 -0.191619 0.318190
vn -0.928460 0.191619 -0.318190
vn 0.806485 0.062544 0.587938
vn -0.806485 -0.062544 -0.587938
vn 0.561729 0.307186 0.768178
vn -0.561729 -0.307186 -0.768178
vn 0.231456 0.505061 0.831470
vn -0.231456 -0.505061 -0.831470
vn -0.134055 0.626045 0.768178
vn 0.134055 -0.626045 -0.768178
vn -0.479156 0.651719 0.587938
vn 0.479156 -0.651719 -0.587938
vn -0.751311 0.578176 0.318190
vn 0.751311 -0.578176 -0.318190
vn -0.909085 0.416610 0.000000
vn 0.909085 -0.416610 -0.000000
vn -0.952619 0.138900 -0.270598
vn 0.952619 -0.138900 0.270598
vn -0.851125 -0.159955 -0.500000
vn 0.851125 0.159955 0.500000
vn -0.620055 -0.434459 -0.653281
vn 0.620055 0.434459 0.653281
vn -0.294587 -0.642821 -0.707107
vn 0.294587 0.642821 0.707107
vn 0.075729 -0.753318 -0.653281
vn -0.075729 0.753318 0.653281
vn 0.434516 -0.749130 -0.500000
vn -0.434516 0.749130 0.500000
vn 0.727152 -0.630894 -0.270598
vn -0.727152 0.630894 0.270598
vn 0.909085 -0.416610 -0.000000
vn -0.909085 0.416610 0.000000
vn 0.952619 -0.138900 0.270598
vn -0.952619 0.138900 -0.270598
vn 0.851125 0.159955 0.500000
vn -0.851125 -0.159955 -0.500000
vn 0.620055 0.434459 0.653281
vn -0.620055 -0.434459 -0.653281
vn 0.294587 0.642821 0.707107
vn -0.294587 -0.642821 -0.707107
vn -0.075729 0.753318 0.653281
vn 0.075729 -0.753318 -0.653281
vn -0.434516 0.749130 0.500000
vn 0.434516 -0.749130 -0.500000
vn -0.727152 0.630894 0.270598
vn 0.727152 -0.630894 -0.270598
vn -0.909085 0.416610 0.000000
vn 0.909085 -0.416610 -0.000000
vn -0.972446 0.095635 -0.212608
vn 0.972446 -0.095635 0.212608
vn -0.887761 -0.239898 -0.392847
vn 0.887761 0.239898 0.392847
vn -0.667922 -0.538910 -0.513280
vn 0.667922 0.538910 0.513280
vn -0.346398 -0.755877 -0.555570
vn 0.346398 0.755877 0.555570
vn 0.027862 -0.857769 -0.513280
vn -0.027862 0.857769 0.513280
vn 0.397880 -0.829073 -0.392847
vn -0.397880 0.829073 0.392847
vn 0.707325 -0.674159 -0.212608
vn -0.707325 0.674159 0.212608
vn 0.909085 -0.416610 -0.000000
vn -0.909085 0.416610 0.000000
vn 0.972446 -0.095635 0.212608
vn -0.972446 0.095635 -0.212608
vn 0.887761 0.239898 0.392847
vn -0.887761 -0.239898 -0.392847
vn 0.667922 0.538910 0.513280
vn -0.667922 -0.538910 -0.513280
vn 0.346398 0.755877 0.555570
vn -0.346398 -0.755877 -0.555570
vn -0.027862 0.857769 0.513280
vn 0.027862 -0.857769 -0.513280
vn -0.397880 0.829073 0.392847
vn 0.397880 -0.829073 -0.392847
vn -0.707325 0.674159 0.212608
vn 0.707325 -0.674159 -0.212608
vn -0.985435 0.000000 -0.170052
vn 0.985435 -0.000000 0.170052
vn -0.887784 -0.358779 -0.288301
vn 0.887784 0.358779 0.288301
vn -0.654976 -0.662937 -0.362659
vn 0.654976 0.662937 0.362659
vn -0.322453 -0.866169 -0.381805
vn 0.322453 0.866169 0.381805
vn 0.059160 -0.937535 -0.342825
vn -0.059160 0.937535 0.342825
vn 0.431766 -0.866169 -0.251653
vn -0.431766 0.866169 0.251653
vn 0.738640 -0.662937 -0.122169
vn -0.738640 0.662937 0.122169
vn 0.933063 -0.358779 0.025914
vn -0.933063 0.358779 -0.025914
vn 0.985435 -0.000000 0.170052
vn -0.985435 0.000000 -0.170052
vn 0.887784 0.358779 0.288301
vn -0.887784 -0.358779 -0.288301
vn 0.654976 0.662937 0.362659
vn -0.654976 -0.662937 -0.362659
vn 0.322453 0.866169 0.381805
vn -0.322453 -0.866169 -0.381805
vn -0.059160 0.937535 0.342825
vn 0.059160 -0.937535 -0.342825
vn -0.431766 0.866169 0.251653
vn 0.431766 -0.866169 -0.251653
vn -0.738640 0.662937 0.122169
vn 0.738640 -0.662937 -0.122169
vn -0.933063 0.358779 -0.025914
vn 0.933063 -0.358779 0.025914
vn -0.996584 0.000000 -0.082586
vn 0.996584 -0.000000 0.082586
vn -0.915118 -0.376617 -0.143938
vn 0.915118 0.376617 0.143938
vn -0.694334 -0.695897 -0.183377
vn 0.694334 0.695897 0.183377
vn -0.367844 -0.909233 -0.194898
vn 0.367844 0.909233 0.194898
vn 0.014647 -0.984147 -0.176748
vn -0.014647 0.984147 0.176748
vn 0.394908 -0.909233 -0.131690
vn -0.394908 0.909233 0.131690
vn 0.715048 -0.695897 -0.066583
vn -0.715048 0.695897 0.066583
vn 0.926329 -0.376617 0.008661
vn -0.926329 0.376617 -0.008661
vn 0.996584 -0.000000 0.082586
vn -0.996584 0.000000 -0.082586
vn 0.915118 0.376617 0.143938
vn -0.915118 -0.376617 -0.143938
vn 0.694334 0.695897 0.183377
vn -0.694334 -0.695897 -0.183377
vn 0.367844 0.909233 0.194898
vn -0.367844 -0.909233 -0.194898
vn -0.014647 0.984147 0.176748
vn 0.014647 -0.984147 -0.176748
vn -0.394908 0.909233 0.131690
vn 0.394908 -0.909233 -0.131690
vn -0.715048 0.695897 0.066583
vn 0.715048 -0.695897 -0.066583
vn -0.926329 0.376617 -0.008661
vn 0.926329 -0.376617 0.008661
vn -1.000000 0.000000 -0.000000
vn 1.000000 -0.000000 0.000000
vn -0.923880 -0.382683 -0.000000
vn 0.923880 0.382683 0.000000
vn -0.707107 -0.707107 -0.000000
vn 0.707107 0.707107 0.000000
vn -0.382683 -0.923880 -0.000000
vn 0.382683 0.923880 0.000000
vn -0.000000 -1.000000 -0.000000
vn 0.000000 1.000000 0.000000
vn 0.382683 -0.923880 -0.000000
vn -0.382683 0.923880 0.000000
vn 0.707107 -0.707107 -0.000000
vn -0.707107 0.707107 0.000000
vn 0.923880 -0.382683 0.000000
vn -0.923880 0.382683 -0.000000
vn 1.000000 -0.000000 0.000000
vn -1.000000 0.000000 -0.000000
vn 0.923880 0.382683 0.000000
vn -0.923880 -0.382683 -0.000000
vn 0.707107 0.707107 0.000000
vn -0.707107 -0.707107 -0.000000
vn 0.382683 0.923880 0.000000
vn -0.382683 -0.923880 -0.000000
vn 0.000000 1.000000 0.000000
vn -0.000000 -1.000000 -0.000000
vn -0.382683 0.923880 0.000000
vn 0.382683 -0.923880 -0.000000
vn -0.707107 0.707107 0.000000
vn 0.707107 -0.707107 -0.000000
vn -0.923880 0.382683 -0.000000
vn 0.923880 -0.382683 0.000000
vn -1.000000 0.000000 0.000000
vn 1.000000 -0.000000 -0.000000
vn -0.923880 -0.382683 0.000000
vn 0.923880 0.382683 -0.000000
vn -0.707107 -0.707107 0.000000
vn 0.707107 0.707107 -0.000000
vn -0.382683 -0.923880 0.000000
vn 0.382683 0.923880 -0.000000
vn -0.000000 -1.000000 0.000000
vn 0.000000 1.000000 -0.000000
vn 0.382683 -0.923880 0.000000
vn -0.382683 0.923880 -0.000000
vn 0.707107 -0.707107 0.000000
vn -0.707107 0.707107 -0.000000
vn 0.923880 -0.382683 0.000000
vn -0.923880 0.382683 -0.000000
vn 1.000000 -0.000000 0.000000
vn -1.000000 0.000000 -0.000000
vn 0.923880 0.382683 -0.000000
vn -0.923880 -0.382683 0.000000
vn 0.707107 0.707107 -0.000000
vn -0.707107 -0.707107 0.000000
vn 0.382683 0.923880 -0.000000
vn -0.382683 -0.923880 0.000000
vn 0.000000 1.000000 -0.000000
vn -0.000000 -1.000000 0.000000
vn -0.382683 0.923880 0.000000
vn 0.382683 -0.923880 -0.000000
vn -0.707107 0.707107 0.000000
vn 0.707107 -0.707107 -0.000000
vn -0.923880 0.382683 0.000000
vn 0.923880 -0.382683 -0.000000
vn 0.416610 0.909085 -0.000000
vn 0.416610 0.909085 -0.000000
vn 0.000000 0.000000 1.000000
vn 0.000000 0.000000 1.000000
vn 0.416610 0.909085 -0.000000
vn 0.416610 0.909085 -0.000000
vn 0.000000 0.000000 1.000000
vn 0.000000 0.000000 1.000000
vn 0.416610 0.909085 -0.000000
vn 0.416610 0.909085 -0.000000
vn 0.000000 0.000000 1.000000
vn 0.000000 0.000000 1.000000
vn 0.416610 0.909085 -0.000000
vn 0.416610 0.909085 -0.000000
vn 0.000000 0.000000 1.000000
vn 0.000000 0.000000 1.000000
vn 0.416610 0.909085 -0.000000
vn 0.416610 0.909085 -0.000000
vn 0.000000 0.000000 1.000000
vn 0.000000 0.000000 1.000000
vn 0.416610 0.909085 -0.000000
vn 0.416610 0.909085 -0.000000
vn 0.000000 0.000000 1.000000
vn 0.000000 0.000000 1.000000
vn 0.416610 0.909085 -0.000000
vn 0.416610 0.909085 -0.000000
vn 0.000000 0.000000 1.000000
vn 0.000000 0.000000 1.000000
vn 0.416610 0.909085 -0.000000
vn 0.416610 0.909085 -0.000000
vn 0.000000 0.000000 1.000000
vn 0.000000 0.000000 1.000000
vn 0.416610 0.909085 -0.000000
vn 0.416610 0.909085 -0.000000
vn 0.000000 0.000000 1.000000
vn 0.000000 0.000000 1.000000
vn 0.416610 0.909085 -0.000000
vn 0.416610 0.909085 -0.000000
vn 0.000000 0.000000 1.000000
vn 0.000000 0.000000 1.000000
vn 0.416610 0.909085 -0.000000
vn 0.416610 0.909085 -0.000000
vn 0.000000 0.000000 1.000000
vn 0.000000 0.000000 1.000000
vn 0.416610 0.909085 -0.000000
vn 0.416610 0.909085 -0.000000
vn 0.000000 0.000000 1.000000
vn 0.000000 0.000000 1.000000
vn 0.416610 0.909085 -0.000000
vn 0.416610 0.909085 -0.000000
vn 0.000000 0.000000 1.000000
vn 0.000000 0.000000 1.000000
vn 0.416610 0.909085 -0.000000
vn 0.416610 0.909085 -0.000000
vn 0.000000 0.000000 1.000000
vn 0.000000 0.000000 1.000000
vn 0.416610 0.909085 -0.000000
vn 0.416610 0.909085 -0.000000
vn 0.000000 0.000000 1.000000
vn 0.000000 0.000000 1.000000
vn 0.416610 0.909085 -0.000000
vn 0.416610 0.909085 -0.000000
vn 0.000000 0.000000 1.000000
vn 0.000000 0.000000 1.000000
vn 0.966960 0.254929 -0.000000
vn -0.966960 -0.254929 0.000000
vn 0.893354 0.235524 -0.382683
vn -0.893354 -0.235524 0.382683
vn 0.683744 0.180262 -0.707107
vn -0.683744 -0.180262 0.707107
vn 0.370039 0.097557 -0.923880
vn -0.370039 -0.097557 0.923880
vn 0.000000 0.000000 -1.000000
vn -0.000000 -0.000000 1.000000
vn -0.370039 -0.097557 -0.923880
vn 0.370039 0.097557 0.923880
vn -0.683744 -0.180262 -0.707107
vn 0.683744 0.180262 0.707107
vn -0.893354 -0.235524 -0.382683
vn 0.893354 0.235524 0.382683
vn -0.966960 -0.254929 -0.000000
vn 0.966960 0.254929 0.000000
vn -0.893354 -0.235524 0.382683
vn 0.893354 0.235524 -0.382683
vn -0.683744 -0.180262 0.707107
vn 0.683744 0.180262 -0.707107
vn -0.370039 -0.097557 0.923880
vn 0.370039 0.097557 -0.923880
vn -0.000000 -0.000000 1.000000
vn 0.000000 0.000000 -1.000000
vn 0.370039 0.097557 0.923880
vn -0.370039 -0.097557 -0.923880
vn 0.683744 0.180262 0.707107
vn -0.683744 -0.180262 -0.707107
vn 0.893354 0.235524 0.382683
vn -0.893354 -0.235524 -0.382683
vn 0.966960 0.254929 -0.000000
vn -0.966960 -0.254929 0.000000
vn 0.893354 0.235524 -0.382683
vn -0.893354 -0.235524 0.382683
vn 0.683744 0.180262 -0.707107
vn -0.683744 -0.180262 0.707107
vn 0.370039 0.097557 -0.923880
vn -0.370039 -0.097557 0.923880
vn 0.000000 0.000000 -1.000000
vn -0.000000 -0.000000 1.000000
vn -0.370039 -0.097557 -0.923880
vn 0.370039 0.097557 0.923880
vn -0.683744 -0.180262 -0.707107
vn 0.683744 0.180262 0.707107
vn -0.893354 -0.235524 -0.382683
vn 0.893354 0.235524 0.382683
vn -0.966960 -0.254929 -0.000000
vn 0.966960 0.254929 0.000000
vn -0.893354 -0.235524 0.382683
vn 0.893354 0.235524 -0.382683
vn -0.683744 -0.180262 0.707107
vn 0.683744 0.180262 -0.707107
vn -0.370039 -0.097557 0.923880
vn 0.370039 0.097557 -0.923880
vn -0.000000 -0.000000 1.000000
vn 0.000000 0.000000 -1.000000
vn 0.370039 0.097557 0.923880
vn -0.370039 -0.097557 -0.923880
vn 0.683744 0.180262 0.707107
vn -0.683744 -0.180262 -0.707107
vn 0.893354 0.235524 0.382683
vn -0.893354 -0.235524 -0.382683
vn 0.966960 0.254929 -0.000000
vn -0.966960 -0.254929 0.000000
vn 0.874322 0.307715 -0.375330
vn -0.874322 -0.307715 0.375330
vn 0.648576 0.313654 -0.693520
vn -0.648576 -0.313654 0.693520
vn 0.324091 0.271842 -0.906127
vn -0.324091 -0.271842 0.906127
vn -0.049734 0.188644 -0.980785
vn 0.049734 -0.188644 0.980785
vn -0.415988 0.076728 -0.906127
vn 0.415988 -0.076728 0.906127
vn -0.718911 -0.046870 -0.693520
vn 0.718911 0.046870 0.693520
vn -0.912387 -0.163333 -0.375330
vn 0.912387 0.163333 0.375330
vn -0.966960 -0.254929 -0.000000
vn 0.966960 0.254929 0.000000
vn -0.874322 -0.307715 0.375330
vn 0.874322 0.307715 -0.375330
vn -0.648576 -0.313654 0.693520
vn 0.648576 0.313654 -0.693520
vn -0.324091 -0.271842 0.906127
vn 0.324091 0.271842 -0.906127
vn 0.049734 -0.188644 0.980785
vn -0.049734 0.188644 -0.980785
vn 0.415988 -0.076728 0.906127
vn -0.415988 0.076728 -0.906127
vn 0.718911 0.046870 0.693520
vn -0.718911 -0.046870 -0.693520
vn 0.912387 0.163333 0.375330
vn -0.912387 -0.163333 -0.375330
vn 0.966960 0.254929 -0.000000
vn -0.966960 -0.254929 0.000000
vn 0.856021 0.377132 -0.353553
vn -0.856021 -0.377132 0.353553
vn 0.614760 0.441920 -0.653281
vn -0.614760 -0.441920 0.653281
vn 0.279908 0.439429 -0.853553
vn -0.279908 -0.439429 0.853553
vn -0.097557 0.370039 -0.923880
vn 0.097557 -0.370039 0.923880
vn -0.460171 0.244315 -0.853553
vn 0.460171 -0.244315 0.853553
vn -0.752727 0.081395 -0.653281
vn 0.752727 -0.081395 0.653281
vn -0.930688 -0.093916 -0.353553
vn 0.930688 0.093916 0.353553
vn -0.966960 -0.254929 -0.000000
vn 0.966960 0.254929 0.000000
vn -0.856021 -0.377132 0.353553
vn 0.856021 0.377132 -0.353553
vn -0.614760 -0.441920 0.653281
vn 0.614760 0.441920 -0.653281
vn -0.279908 -0.439429 0.853553
vn 0.279908 0.439429 -0.853553
vn 0.097557 -0.370039 0.923880
vn -0.097557 0.370039 -0.923880
vn 0.460171 -0.244315 0.853553
vn -0.460171 0.244315 -0.853553
vn 0.752727 -0.081395 0.653281
vn -0.752727 0.081395 -0.653281
vn 0.930688 0.093916 0.353553
vn -0.930688 -0.093916 -0.353553
vn 0.966960 0.254929 -0.000000
vn -0.966960 -0.254929 0.000000
vn 0.839154 0.441107 -0.318190
vn -0.839154 -0.441107 0.318190
vn 0.583595 0.560130 -0.587938
vn -0.583595 -0.560130 0.587938
vn 0.239189 0.593878 -0.768178
vn -0.239189 -0.593878 0.768178
vn -0.141631 0.537214 -0.831470
vn 0.141631 -0.537214 0.831470
vn -0.500890 0.398764 -0.768178
vn 0.500890 -0.398764 0.768178
vn -0.783892 0.199606 -0.587938
vn 0.783892 -0.199606 0.587938
vn -0.947554 -0.029941 -0.318190
vn 0.947554 0.029941 0.318190
vn -0.966960 -0.254929 -0.000000
vn 0.966960 0.254929 0.000000
vn -0.839154 -0.441107 0.318190
vn 0.839154 0.441107 -0.318190
vn -0.583595 -0.560130 0.587938
vn 0.583595 0.560130 -0.587938
vn -0.239189 -0.593878 0.768178
vn 0.239189 0.593878 -0.768178
vn 0.141631 -0.537214 0.831470
vn -0.141631 0.537214 -0.831470
vn 0.500890 -0.398764 0.768178
vn -0.500890 0.398764 -0.768178
vn 0.783892 -0.199606 0.587938
vn -0.783892 0.199606 -0.587938
vn 0.947554 0.029941 0.318190
vn -0.947554 -0.029941 -0.318190
vn 0.966960 0.254929 -0.000000
vn -0.966960 -0.254929 0.000000
vn 0.824371 0.497181 -0.270598
vn -0.824371 -0.497181 0.270598
vn 0.556279 0.663742 -0.500000
vn -0.556279 -0.663742 0.500000
vn 0.203499 0.729254 -0.653281
vn -0.203499 -0.729254 0.653281
vn -0.180262 0.683744 -0.707107
vn 0.180262 -0.683744 0.707107
vn -0.536580 0.534140 -0.653281
vn 0.536580 -0.534140 0.653281
vn -0.811208 0.303218 -0.500000
vn 0.811208 -0.303218 0.500000
vn -0.962338 0.026134 -0.270598
vn 0.962338 -0.026134 0.270598
vn -0.966960 -0.254929 -0.000000
vn 0.966960 0.254929 0.000000
vn -0.824371 -0.497181 0.270598
vn 0.824371 0.497181 -0.270598
vn -0.556279 -0.663742 0.500000
vn 0.556279 0.663742 -0.500000
vn -0.203499 -0.729254 0.653281
vn 0.203499 0.729254 -0.653281
vn 0.180262 -0.683744 0.707107
vn -0.180262 0.683744 -0.707107
vn 0.536580 -0.534140 0.653281
vn -0.536580 0.534140 -0.653281
vn 0.811208 -0.303218 0.500000
vn -0.811208 0.303218 -0.500000
vn 0.962338 -0.026134 0.270598
vn -0.962338 0.026134 -0.270598
vn 0.966960 0.254929 -0.000000
vn -0.966960 -0.254929 0.000000
vn 0.812238 0.543200 -0.212608
vn -0.812238 -0.543200 0.212608
vn 0.533861 0.748774 -0.392847
vn -0.533861 -0.748774 0.392847
vn 0.174209 0.840354 -0.513280
vn -0.174209 -0.840354 0.513280
vn -0.211966 0.803998 -0.555570
vn 0.211966 -0.803998 0.555570
vn -0.565870 0.645240 -0.513280
vn 0.565870 -0.645240 0.513280
vn -0.833626 0.388250 -0.392847
vn 0.833626 -0.388250 0.392847
vn -0.974470 0.072153 -0.212608
vn 0.974470 -0.072153 0.212608
vn -0.966960 -0.254929 -0.000000
vn 0.966960 0.254929 0.000000
vn -0.812238 -0.543200 0.212608
vn 0.812238 0.543200 -0.212608
vn -0.533861 -0.748774 0.392847
vn 0.533861 0.748774 -0.392847
vn -0.174209 -0.840354 0.513280
vn 0.174209 0.840354 -0.513280
vn 0.211966 -0.803998 0.555570
vn -0.211966 0.803998 -0.555570
vn 0.565870 -0.645240 0.513280
vn -0.565870 0.645240 -0.513280
vn 0.833626 -0.388250 0.392847
vn -0.833626 0.388250 -0.392847
vn 0.974470 -0.072153 0.212608
vn -0.974470 0.072153 -0.212608
vn -0.994471 0.000000 -0.105011
vn 0.994471 -0.000000 0.105011
vn -0.933642 -0.355519 0.043807
vn 0.933642 0.355519 -0.043807
vn -0.730674 -0.656914 0.185957
vn 0.730674 0.656914 -0.185957
vn -0.416468 -0.858299 0.299796
vn 0.416468 0.858299 -0.299796
vn -0.038858 -0.929016 0.367994
vn 0.038858 0.929016 -0.367994
vn 0.344667 -0.858299 0.380168
vn -0.344667 0.858299 -0.380168
vn 0.675720 -0.656914 0.334465
vn -0.675720 0.656914 -0.334465
vn 0.903901 -0.355519 0.237843
vn -0.903901 0.355519 -0.237843
vn 0.994471 -0.000000 0.105011
vn -0.994471 0.000000 -0.105011
vn 0.933642 0.355519 -0.043807
vn -0.933642 -0.355519 0.043807
vn 0.730674 0.656914 -0.185957
vn -0.730674 -0.656914 0.185957
vn 0.416468 0.858299 -0.299796
vn -0.416468 -0.858299 0.299796
vn 0.038858 0.929016 -0.367994
vn -0.038858 -0.929016 0.367994
vn -0.344667 0.858299 -0.380168
vn 0.344667 -0.858299 0.380168
vn -0.675720 0.656914 -0.334465
vn 0.675720 -0.656914 0.334465
vn -0.903901 0.355519 -0.237843
vn 0.903901 -0.355519 0.237843
vn -0.998717 0.000000 -0.050644
vn 0.998717 -0.000000 0.050644
vn -0.926350 -0.375813 0.025310
vn 0.926350 0.375813 -0.025310
vn -0.712955 -0.694411 0.097410
vn 0.712955 0.694411 -0.097410
vn -0.391019 -0.907292 0.154681
vn 0.391019 0.907292 -0.154681
vn -0.009554 -0.982045 0.188402
vn 0.009554 0.982045 -0.188402
vn 0.373366 -0.907292 0.193442
vn -0.373366 0.907292 -0.193442
vn 0.699444 -0.694411 0.169031
vn -0.699444 0.694411 -0.169031
vn 0.919038 -0.375813 0.118887
vn -0.919038 0.375813 -0.118887
vn 0.998717 -0.000000 0.050644
vn -0.998717 0.000000 -0.050644
vn 0.926350 0.375813 -0.025310
vn -0.926350 -0.375813 0.025310
vn 0.712955 0.694411 -0.097410
vn -0.712955 -0.694411 0.097410
vn 0.391019 0.907292 -0.154681
vn -0.391019 -0.907292 0.154681
vn 0.009554 0.982045 -0.188402
vn -0.009554 -0.982045 0.188402
vn -0.373366 0.907292 -0.193442
vn 0.373366 -0.907292 0.193442
vn -0.699444 0.694411 -0.169031
vn 0.699444 -0.694411 0.169031
vn -0.919038 0.375813 -0.118887
vn 0.919038 -0.375813 0.118887
vn -1.000000 0.000000 -0.000000
vn 1.000000 -0.000000 0.000000
vn -0.923880 -0.382683 0.000000
vn 0.923880 0.382683 -0.000000
vn -0.707107 -0.707107 0.000000
vn 0.707107 0.707107 -0.000000
vn -0.382683 -0.923880 0.000000
vn 0.382683 0.923880 -0.000000
vn -0.000000 -1.000000 0.000000
vn 0.000000 1.000000 -0.000000
vn 0.382683 -0.923880 0.000000
vn -0.382683 0.923880 -0.000000
vn 0.707107 -0.707107 0.000000
vn -0.707107 0.707107 -0.000000
vn 0.923880 -0.382683 0.000000
vn -0.923880 0.382683 -0.000000
vn 1.000000 -0.000000 0.000000
vn -1.000000 0.000000 -0.000000
vn 0.923880 0.382683 -0.000000
vn -0.923880 -0.382683 0.000000
vn 0.707107 0.707107 -0.000000
vn -0.707107 -0.707107 0.000000
vn 0.382683 0.923880 -0.000000
vn -0.382683 -0.923880 0.000000
vn 0.000000 1.000000 -0.000000
vn -0.000000 -1.000000 0.000000
vn -0.382683 0.923880 -0.000000
vn 0.382683 -0.923880 0.000000
vn -0.707107 0.707107 -0.000000
vn 0.707107 -0.707107 0.000000
vn -0.923880 0.382683 -0.000000
vn 0.923880 -0.382683 0.000000
vn -1.000000 0.000000 0.000000
vn 1.000000 -0.000000 -0.000000
vn -0.923880 -0.382683 0.000000
vn 0.923880 0.382683 -0.000000
vn -0.707107 -0.707107 0.000000
vn 0.707107 0.707107 -0.000000
vn -0.382683 -0.923880 0.000000
vn 0.382683 0.923880 -0.000000
vn -0.000000 -1.000000 0.000000
vn 0.000000 1.000000 -0.000000
vn 0.382683 -0.923880 0.000000
vn -0.382683 0.923880 -0.000000
vn 0.707107 -0.707107 0.000000
vn -0.707107 0.707107 -0.000000
vn 0.923880 -0.382683 0.000000
vn -0.923880 0.382683 -0.000000
vn 1.000000 -0.000000 0.000000
vn -1.000000 0.000000 -0.000000
vn 0.923880 0.382683 -0.000000
vn -0.923880 -0.382683 0.000000
vn 0.707107 0.707107 -0.000000
vn -0.707107 -0.707107 0.000000
vn 0.382683 0.923880 -0.000000
vn -0.382683 -0.923880 0.000000
vn 0.000000 1.000000 -0.000000
vn -0.000000 -1.000000 0.000000
vn -0.382683 0.923880 0.000000
vn 0.382683 -0.923880 -0.000000
vn -0.707107 0.707107 0.000000
vn 0.707107 -0.707107 -0.000000
vn -0.923880 0.382683 0.000000
vn 0.923880 -0.382683 -0.000000
vn 0.254929 -0.966960 0.000000
vn 0.254929 -0.966960 0.000000
vn 0.000000 0.000000 1.000000
vn 0.000000 0.000000 1.000000
vn 0.254929 -0.966960 0.000000
vn 0.254929 -0.966960 0.000000
vn 0.000000 0.000000 1.000000
vn 0.000000 0.000000 1.000000
vn 0.254929 -0.966960 0.000000
vn 0.254929 -0.966960 0.000000
vn 0.000000 0.000000 1.000000
vn 0.000000 0.000000 1.000000
vn 0.254929 -0.966960 0.000000
vn 0.254929 -0.966960 0.000000
vn 0.000000 0.000000 1.000000
vn 0.000000 0.000000 1.000000
vn 0.254929 -0.966960 0.000000
vn 0.254929 -0.966960 0.000000
vn 0.000000 0.000000 1.000000
vn 0.000000 0.000000 1.000000
vn 0.254929 -0.966960 0.000000
vn 0.254929 -0.966960 0.000000
vn 0.000000 0.000000 1.000000
vn 0.000000 0.000000 1.000000
vn 0.254929 -0.966960 0.000000
vn 0.254929 -0.966960 0.000000
vn 0.000000 0.000000 1.000000
vn 0.000000 0.000000 1.000000
vn 0.254929 -0.966960 0.000000
vn 0.254929 -0.966960 0.000000
vn 0.000000 0.000000 1.000000
vn 0.000000 0.000000 1.000000
vn 0.254929 -0.966960 0.000000
vn 0.254929 -0.966960 0.000000
vn 0.000000 0.000000 1.000000
vn 0.000000 0.000000 1.000000
vn 0.254929 -0.966960 0.000000
vn 0.254929 -0.966960 0.000000
vn 0.000000 0.000000 1.000000
vn 0.000000 0.000000 1.000000
vn 0.254929 -0.966960 0.000000
vn 0.254929 -0.966960 0.000000
vn 0.000000 0.000000 1.000000
vn 0.000000 0.000000 1.000000
vn 0.254929 -0.966960 0.000000
vn 0.254929 -0.966960 0.000000
vn 0.000000 0.000000 1.000000
vn 0.000000 0.000000 1.000000
vn 0.254929 -0.966960 0.000000
vn 0.254929 -0.966960 0.000000
vn 0.000000 0.000000 1.000000
vn 0.000000 0.000000 1.000000
vn 0.254929 -0.966960 0.000000
vn 0.254929 -0.966960 0.000000
vn 0.000000 0.000000 1.000000
vn 0.000000 0.000000 1.000000
vn 0.254929 -0.966960 0.000000
vn 0.254929 -0.966960 0.000000
vn 0.000000 0.000000 1.000000
vn 0.000000 0.000000 1.000000
vn 0.254929 -0.966960 0.000000
vn 0.254929 -0.966960 0.000000
vn 0.000000 0.000000 1.000000
vn 0.000000 0.000000 1.000000
vn -0.966960 -0.254929 0.000000
vn 0.966960 0.254929 -0.000000
vn -0.893354 -0.235524 -0.382683
vn 0.893354 0.235524 0.382683
vn -0.683744 -0.180262 -0.707107
vn 0.683744 0.180262 0.707107
vn -0.370039 -0.097557 -0.923880
vn 0.370039 0.097557 0.923880
vn -0.000000 -0.000000 -1.000000
vn 0.000000 0.000000 1.000000
vn 0.370039 0.097557 -0.923880
vn -0.370039 -0.097557 0.923880
vn 0.683744 0.180262 -0.707107
vn -0.683744 -0.180262 0.707107
vn 0.893354 0.235524 -0.382683
vn -0.893354 -0.235524 0.382683
vn 0.966960 0.254929 -0.000000
vn -0.966960 -0.254929 0.000000
vn 0.893354 0.235524 0.382683
vn -0.893354 -0.235524 -0.382683
vn 0.683744 0.180262 0.707107
vn -0.683744 -0.180262 -0.707107
vn 0.370039 0.097557 0.923880
vn -0.370039 -0.097557 -0.923880
vn 0.000000 0.000000 1.000000
vn -0.000000 -0.000000 -1.000000
vn -0.370039 -0.097557 0.923880
vn 0.370039 0.097557 -0.923880
vn -0.683744 -0.180262 0.707107
vn 0.683744 0.180262 -0.707107
vn -0.893354 -0.235524 0.382683
vn 0.893354 0.235524 -0.382683
vn -0.966960 -0.254929 0.000000
vn 0.966960 0.254929 -0.000000
vn -0.893354 -0.235524 -0.382683
vn 0.893354 0.235524 0.382683
vn -0.683744 -0.180262 -0.707107
vn 0.683744 0.180262 0.707107
vn -0.370039 -0.097557 -0.923880
vn 0.370039 0.097557 0.923880
vn -0.000000 -0.000000 -1.000000
vn 0.000000 0.000000 1.000000
vn 0.370039 0.097557 -0.923880
vn -0.370039 -0.097557 0.923880
vn 0.683744 0.180262 -0.707107
vn -0.683744 -0.180262 0.707107
vn 0.893354 0.235524 -0.382683
vn -0.893354 -0.235524 0.382683
vn 0.966960 0.254929 -0.000000
vn -0.966960 -0.254929 0.000000
vn 0.893354 0.235524 0.382683
vn -0.893354 -0.235524 -0.382683
vn 0.683744 0.180262 0.707107
vn -0.683744 -0.180262 -0.707107
vn 0.370039 0.097557 0.923880
vn -0.370039 -0.097557 -0.923880
vn 0.000000 0.000000 1.000000
vn -0.000000 -0.000000 -1.000000
vn -0.370039 -0.097557 0.923880
vn 0.370039 0.097557 -0.923880
vn -0.683744 -0.180262 0.707107
vn 0.683744 0.180262 -0.707107
vn -0.893354 -0.235524 0.382683
vn 0.893354 0.235524 -0.382683
vn -0.966960 -0.254929 0.000000
vn 0.966960 0.254929 -0.000000
vn -0.874322 -0.307715 -0.375330
vn 0.874322 0.307715 0.375330
vn -0.648576 -0.313654 -0.693520
vn 0.648576 0.313654 0.693520
vn -0.324091 -0.271842 -0.906127
vn 0.324091 0.271842 0.906127
vn 0.049734 -0.188644 -0.980785
vn -0.049734 0.188644 0.980785
vn 0.415988 -0.076728 -0.906127
vn -0.415988 0.076728 0.906127
vn 0.718911 0.046870 -0.693520
vn -0.718911 -0.046870 0.693520
vn 0.912387 0.163333 -0.375330
vn -0.912387 -0.163333 0.375330
vn 0.966960 0.254929 -0.000000
vn -0.966960 -0.254929 0.000000
vn 0.874322 0.307715 0.375330
vn -0.874322 -0.307715 -0.375330
vn 0.648576 0.313654 0.693520
vn -0.648576 -0.313654 -0.693520
vn 0.324091 0.271842 0.906127
vn -0.324091 -0.271842 -0.906127
vn -0.049734 0.188644 0.980785
vn 0.049734 -0.188644 -0.980785
vn -0.415988 0.076728 0.906127
vn 0.415988 -0.076728 -0.906127
vn -0.718911 -0.046870 0.693520
vn 0.718911 0.046870 -0.693520
vn -0.912387 -0.163333 0.375330
vn 0.912387 0.163333 -0.375330
vn -0.966960 -0.254929 0.000000
vn 0.966960 0.254929 -0.000000
vn -0.856021 -0.377132 -0.353553
vn 0.856021 0.377132 0.353553
vn -0.614760 -0.441920 -0.653281
vn 0.614760 0.441920 0.653281
vn -0.279908 -0.439429 -0.853553
vn 0.279908 0.439429 0.853553
vn 0.097557 -0.370039 -0.923880
vn -0.097557 0.370039 0.923880
vn 0.460171 -0.244315 -0.853553
vn -0.460171 0.244315 0.853553
vn 0.752727 -0.081395 -0.653281
vn -0.752727 0.081395 0.653281
vn 0.930688 0.093916 -0.353553
vn -0.930688 -0.093916 0.353553
vn 0.966960 0.254929 -0.000000
vn -0.966960 -0.254929 0.000000
vn 0.856021 0.377132 0.353553
vn -0.856021 -0.377132 -0.353553
vn 0.614760 0.441920 0.653281
vn -0.614760 -0.441920 -0.653281
vn 0.279908 0.439429 0.853553
vn -0.279908 -0.439429 -0.853553
vn -0.097557 0.370039 0.923880
vn 0.097557 -0.370039 -0.923880
vn -0.460171 0.244315 0.853553
vn 0.460171 -0.244315 -0.853553
vn -0.752727 0.081395 0.653281
vn 0.752727 -0.081395 -0.653281
vn -0.930688 -0.093916 0.353553
vn 0.930688 0.093916 -0.353553
vn -0.966960 -0.254929 0.000000
vn 0.966960 0.254929 -0.000000
vn -0.839154 -0.441107 -0.318190
vn 0.839154 0.441107 0.318190
vn -0.583595 -0.560130 -0.587938
vn 0.583595 0.560130 0.587938
vn -0.239189 -0.593878 -0.768178
vn 0.239189 0.593878 0.768178
vn 0.141631 -0.537214 -0.831470
vn -0.141631 0.537214 0.831470
vn 0.500890 -0.398764 -0.768178
vn -0.500890 0.398764 0.768178
vn 0.783892 -0.199606 -0.587938
vn -0.783892 0.199606 0.587938
vn 0.947554 0.029941 -0.318190
vn -0.947554 -0.029941 0.318190
vn 0.966960 0.254929 -0.000000
vn -0.966960 -0.254929 0.000000
vn 0.839154 0.441107 0.318190
vn -0.839154 -0.441107 -0.318190
vn 0.583595 0.560130 0.587938
vn -0.583595 -0.560130 -0.587938
vn 0.239189 0.593878 0.768178
vn -0.239189 -0.593878 -0.768178
vn -0.141631 0.537214 0.831470
vn 0.141631 -0.537214 -0.831470
vn -0.500890 0.398764 0.768178
vn 0.500890 -0.398764 -0.768178
vn -0.783892 0.199606 0.587938
vn 0.783892 -0.199606 -0.587938
vn -0.947554 -0.029941 0.318190
vn 0.947554 0.029941 -0.318190
vn -0.966960 -0.254929 0.000000
vn 0.966960 0.254929 -0.000000
vn -0.824371 -0.497181 -0.270598
vn 0.824371 0.497181 0.270598
vn -0.556279 -0.663742 -0.500000
vn 0.556279 0.663742 0.500000
vn -0.203499 -0.729254 -0.653281
vn 0.203499 0.729254 0.653281
vn 0.180262 -0.683744 -0.707107
vn -0.180262 0.683744 0.707107
vn 0.536580 -0.534140 -0.653281
vn -0.536580 0.534140 0.653281
vn 0.811208 -0.303218 -0.500000
vn -0.811208 0.303218 0.500000
vn 0.962338 -0.026134 -0.270598
vn -0.962338 0.026134 0.270598
vn 0.966960 0.254929 -0.000000
vn -0.966960 -0.254929 0.000000
vn 0.824371 0.497181 0.270598
vn -0.824371 -0.497181 -0.270598
vn 0.556279 0.663742 0.500000
vn -0.556279 -0.663742 -0.500000
vn 0.203499 0.729254 0.653281
vn -0.203499 -0.729254 -0.653281
vn -0.180262 0.683744 0.707107
vn 0.180262 -0.683744 -0.707107
vn -0.536580 0.534140 0.653281
vn 0.536580 -0.534140 -0.653281
vn -0.811208 0.303218 0.500000
vn 0.811208 -0.303218 -0.500000
vn -0.962338 0.026134 0.270598
vn 0.962338 -0.026134 -0.270598
vn -0.966960 -0.254929 0.000000
vn 0.966960 0.254929 -0.000000
vn -0.812238 -0.543200 -0.212608
vn 0.812238 0.543200 0.212608
vn -0.533861 -0.748774 -0.392847
vn 0.533861 0.748774 0.392847
vn -0.174209 -0.840354 -0.513280
vn 0.174209 0.840354 0.513280
vn 0.211966 -0.803998 -0.555570
vn -0.211966 0.803998 0.555570
vn 0.565870 -0.645240 -0.513280
vn -0.565870 0.645240 0.513280
vn 0.833626 -0.388250 -0.392847
vn -0.833626 0.388250 0.392847
vn 0.974470 -0.072153 -0.212608
vn -0.974470 0.072153 0.212608
vn 0.966960 0.254929 -0.000000
vn -0.966960 -0.254929 0.000000
vn 0.812238 0.543200 0.212608
vn -0.812238 -0.543200 -0.212608
vn 0.533861 0.748774 0.392847
vn -0.533861 -0.748774 -0.392847
vn 0.174209 0.840354 0.513280
vn -0.174209 -0.840354 -0.513280
vn -0.211966 0.803998 0.555570
vn 0.211966 -0.803998 -0.555570
vn -0.565870 0.645240 0.513280
vn 0.565870 -0.645240 -0.513280
vn -0.833626 0.388250 0.392847
vn 0.833626 -0.388250 -0.392847
vn -0.974470 0.072153 0.212608
vn 0.974470 -0.072153 -0.212608
vn -0.994471 0.000000 0.105011
vn 0.994471 -0.000000 -0.105011
vn -0.933642 -0.355519 -0.043807
vn 0.933642 0.355519 0.043807
vn -0.730674 -0.656914 -0.185957
vn 0.730674 0.656914 0.185957
vn -0.416468 -0.858299 -0.299796
vn 0.416468 0.858299 0.299796
vn -0.038858 -0.929016 -0.367994
vn 0.038858 0.929016 0.367994
vn 0.344667 -0.858299 -0.380168
vn -0.344667 0.858299 0.380168
vn 0.675720 -0.656914 -0.334465
vn -0.675720 0.656914 0.334465
vn 0.903901 -0.355519 -0.237843
vn -0.903901 0.355519 0.237843
vn 0.994471 -0.000000 -0.105011
vn -0.994471 0.000000 0.105011
vn 0.933642 0.355519 0.043807
vn -0.933642 -0.355519 -0.043807
vn 0.730674 0.656914 0.185957
vn -0.730674 -0.656914 -0.185957
vn 0.416468 0.858299 0.299796
vn -0.416468 -0.858299 -0.299796
vn 0.038858 0.929016 0.367994
vn -0.038858 -0.929016 -0.367994
vn -0.344667 0.858299 0.380168
vn 0.344667 -0.858299 -0.380168
vn -0.675720 0.656914 0.334465
vn 0.675720 -0.656914 -0.334465
vn -0.903901 0.355519 0.237843
vn 0.903901 -0.355519 -0.237843
vn -0.998717 0.000000 0.050644
vn 0.998717 -0.000000 -0.050644
vn -0.926350 -0.375813 -0.025310
vn 0.926350 0.375813 0.025310
vn -0.712955 -0.694411 -0.097410
vn 0.712955 0.694411 0.097410
vn -0.391019 -0.907292 -0.154681
vn 0.391019 0.907292 0.154681
vn -0.009554 -0.982045 -0.188402
vn 0.009554 0.982045 0.188402
vn 0.373366 -0.907292 -0.193442
vn -0.373366 0.907292 0.193442
vn 0.699444 -0.694411 -0.169031
vn -0.699444 0.694411 0.169031
vn 0.919038 -0.375813 -0.118887
vn -0.919038 0.375813 0.118887
vn 0.998717 -0.000000 -0.050644
vn -0.998717 0.000000 0.050644
vn 0.926350 0.375813 0.025310
vn -0.926350 -0.375813 -0.025310
vn 0.712955 0.694411 0.097410
vn -0.712955 -0.694411 -0.097410
vn 0.391019 0.907292 0.154681
vn -0.391019 -0.907292 -0.154681
vn 0.009554 0.982045 0.188402
vn -0.009554 -0.982045 -0.188402
vn -0.373366 0.907292 0.193442
vn 0.373366 -0.907292 -0.193442
vn -0.699444 0.694411 0.169031
vn 0.699444 -0.694411 -0.169031
vn -0.919038 0.375813 0.118887
vn 0.919038 -0.375813 -0.118887
vn -1.000000 0.000000 0.000000
vn 1.000000 -0.000000 -0.000000
vn -0.923880 -0.382683 -0.000000
vn 0.923880 0.382683 0.000000
vn -0.707107 -0.707107 -0.000000
vn 0.707107 0.707107 0.000000
vn -0.382683 -0.923880 -0.000000
vn 0.382683 0.923880 0.000000
vn -0.000000 -1.000000 -0.000000
vn 0.000000 1.000000 0.000000
vn 0.382683 -0.923880 -0.000000
vn -0.382683 0.923880 0.000000
vn 0.707107 -0.707107 -0.000000
vn -0.707107 0.707107 0.000000
vn 0.923880 -0.382683 -0.000000
vn -0.923880 0.382683 0.000000
vn 1.000000 -0.000000 -0.000000
vn -1.000000 0.000000 0.000000
vn 0.923880 0.382683 0.000000
vn -0.923880 -0.382683 -0.000000
vn 0.707107 0.707107 0.000000
vn -0.707107 -0.707107 -0.000000
vn 0.382683 0.923880 0.000000
vn -0.382683 -0.923880 -0.000000
vn 0.000000 1.000000 0.000000
vn -0.000000 -1.000000 -0.000000
vn -0.382683 0.923880 0.000000
vn 0.382683 -0.923880 -0.000000
vn -0.707107 0.707107 0.000000
vn 0.707107 -0.707107 -0.000000
vn -0.923880 0.382683 0.000000
vn 0.923880 -0.382683 -0.000000
vn -1.000000 0.000000 0.000000
vn 1.000000 -0.000000 -0.000000
vn -0.923880 -0.382683 0.000000
vn 0.923880 0.382683 -0.000000
vn -0.707107 -0.707107 0.000000
vn 0.707107 0.707107 -0.000000
vn -0.382683 -0.923880 0.000000
vn 0.382683 0.923880 -0.000000
vn -0.000000 -1.000000 0.000000
vn 0.000000 1.000000 -0.000000
vn 0.382683 -0.923880 0.000000
vn -0.382683 0.923880 -0.000000
vn 0.707107 -0.707107 0.000000
vn -0.707107 0.707107 -0.000000
vn 0.923880 -0.382683 0.000000
vn -0.923880 0.382683 -0.000000
vn 1.000000 -0.000000 0.000000
vn -1.000000 0.000000 -0.000000
vn 0.923880 0.382683 -0.000000
vn -0.923880 -0.382683 0.000000
vn 0.707107 0.707107 -0.000000
vn -0.707107 -0.707107 0.000000
vn 0.382683 0.923880 -0.000000
vn -0.382683 -0.923880 0.000000
vn 0.000000 1.000000 -0.000000
vn -0.000000 -1.000000 0.000000
vn -0.382683 0.923880 0.000000
vn 0.382683 -0.923880 -0.000000
vn -0.707107 0.707107 0.000000
vn 0.707107 -0.707107 -0.000000
vn -0.923880 0.382683 0.000000
vn 0.923880 -0.382683 -0.000000
vn -0.254929 0.966960 -0.000000
vn -0.254929 0.966960 -0.000000
vn 0.000000 0.000000 1.000000
vn 0.000000 0.000000 1.000000
vn -0.254929 0.966960 -0.000000
vn -0.254929 0.966960 -0.000000
vn 0.000000 0.000000 1.000000
vn 0.000000 0.000000 1.000000
vn -0.254929 0.966960 -0.000000
vn -0.254929 0.966960 -0.000000
vn 0.000000 0.000000 1.000000
vn 0.000000 0.000000 1.000000
vn -0.254929 0.966960 -0.000000
vn -0.254929 0.966960 -0.000000
vn 0.000000 0.000000 1.000000
vn 0.000000 0.000000 1.000000
vn -0.254929 0.966960 -0.000000
vn -0.254929 0.966960 -0.000000
vn 0.000000 0.000000 1.000000
vn 0.000000 0.000000 1.000000
vn -0.254929 0.966960 -0.000000
vn -0.254929 0.966960 -0.000000
vn 0.000000 0.000000 1.000000
vn 0.000000 0.000000 1.000000
vn -0.254929 0.966960 -0.000000
vn -0.254929 0.966960 -0.000000
vn 0.000000 0.000000 1.000000
vn 0.000000 0.000000 1.000000
vn -0.254929 0.966960 -0.000000
vn -0.254929 0.966960 -0.000000
vn 0.000000 0.000000 1.000000
vn 0.000000 0.000000 1.000000
vn -0.254929 0.966960 -0.000000
vn -0.254929 0.966960 -0.000000
vn 0.000000 0.000000 1.000000
vn 0.000000 0.000000 1.000000
vn -0.254929 0.966960 -0.000000
vn -0.254929 0.966960 -0.000000
vn 0.000000 0.000000 1.000000
vn 0.000000 0.000000 1.000000
vn -0.254929 0.966960 -0.000000
vn -0.254929 0.966960 -0.000000
vn 0.000000 0.000000 1.000000
vn 0.000000 0.000000 1.000000
vn -0.254929 0.966960 -0.000000
vn -0.254929 0.966960 -0.000000
vn 0.000000 0.000000 1.000000
vn 0.000000 0.000000 1.000000
vn -0.254929 0.966960 -0.000000
vn -0.254929 0.966960 -0.000000
vn 0.000000 0.000000 1.000000
vn 0.000000 0.000000 1.000000
vn -0.254929 0.966960 -0.000000
vn -0.254929 0.966960 -0.000000
vn 0.000000 0.000000 1.000000
vn 0.000000 0.000000 1.000000
vn -0.254929 0.966960 -0.000000
vn -0.254929 0.966960 -0.000000
vn 0.000000 0.000000 1.000000
vn 0.000000 0.000000 1.000000
vn -0.254929 0.966960 -0.000000
vn -0.254929 0.966960 -0.000000
vn 0.000000 0.000000 1.000000
vn 0.000000 0.000000 1.000000
f 1//1 3//3 35//35
f 1//1 35//35 33//33
f 2//2 36//36 4//4
f 2//2 34//34 36//36
f 3//3 5//5 37//37
f 3//3 37//37 35//35
f 4//4 38//38 6//6
f 4//4 36//36 38//38
f 5//5 7//7 39//39
f 5//5 39//39 37//37
f 6//6 40//40 8//8
f 6//6 38//38 40//40
f 7//7 9//9 41//41
f 7//7 41//41 39//39
f 8//8 42//42 10//10
f 8//8 40//40 42//42
f 9//9 11//11 43//43
f 9//9 43//43 41//41
f 10//10 44//44 12//12
f 10//10 42//42 44//44
f 11//11 13//13 45//45
f 11//11 45//45 43//43
f 12//12 46//46 14//14
f 12//12 44//44 46//46
f 13//13 15//15 47//47
f 13//13 47//47 45//45
f 14//14 48//48 16//16
f 14//14 46//46 48//48
f 15//15 17//17 49//49
f 15//15 49//49 47//47
f 16//16 50//50 18//18
f 16//16 48//48 50//50
f 17//17 19//19 51//51
f 17//17 51//51 49//49
f 18//18 52//52 20//20
f 18//18 50//50 52//52
f 19//19 21//21 53//53
f 19//19 53//53 51//51
f 20//20 54//54 22//22
f 20//20 52//52 54//54
f 21//21 23//23 55//55
f 21//21 55//55 53//53
f 22//22 56//56 24//24
f 22//22 54//54 56//56
f 23//23 25//25 57//57
f 23//23 57//57 55//55
f 24//24 58//58 26//26
f 24//24 56//56 58//58
f 25//25 27//27 59//59
f 25//25 59//59 57//57
f 26//26 60//60 28//28
f 26//26 58//58 60//60
f 27//27 29//29 61//61
f 27//27 61//61 59//59
f 28//28 62//62 30//30
f 28//28 60//60 62//62
f 29//29 31//31 63//63
f 29//29 63//63 61//61
f 30//30 64//64 32//32
f 30//30 62//62 64//64
f 31//31 1//1 33//33
f 31//31 33//33 63//63
f 32//32 34//34 2//2
f 32//32 64//64 34//34
f 33//33 35//35 67//67
f 33//33 67//67 65//65
f 34//34 68//68 36//36
f 34//34 66//66 68//68
f 35//35 37//37 69//69
f 35//35 69//69 67//67
f 36//36 70//70 38//38
f 36//36 68//68 70//70
f 37//37 39//39 71//71
f 37//37 71//71 69//69
f 38//38 72//72 40//40
f 38//38 70//70 72//72
f 39//39 41//41 73//73
f 39//39 73//73 71//71
f 40//40 74//74 42//42
f 40//40 72//72 74//74
f 41//41 43//43 75//75
f 41//41 75//75 73//73
f 42//42 76//76 44//44
f 42//42 74//74 76//76
f 43//43 45//45 77//77
f 43//43 77//77 75//75
f 44//44 78//78 46//46
f 44//44 76//76 78//78
f 45//45 47//47 79//79
f 45//45 79//79 77//77
f 46//46 80//80 48//48
f 46//46 78//78 80//80
f 47//47 49//49 81//81
f 47//47 81//81 79//79
f 48//48 82//82 50//50
f 48//48 80//80 82//82
f 49//49 51//51 83//83
f 49//49 83//83 81//81
f 50//50 84//84 52//52
f 50//50 82//82 84//84
f 51//51 53//53 85//85
f 51//51 85//85 83//83
f 52//52 86//86 54//54
f 52//52 84//84 86//86
f 53//53 55//55 87//87
f 53//53 87//87 85//85
f 54//54 88//88 56//56
f 54//54 86//86 88//88
f 55//55 57//57 89//89
f 55//55 89//89 87//87
f 56//56 90//90 58//58
f 56//56 88//88 90//90
f 57//57 59//59 91//91
f 57//57 91//91 89//89
f 58//58 92//92 60//60
f 58//58 90//90 92//92
f 59//59 61//61 93//93
f 59//59 93//93 91//91
f 60//60 94//94 62//62
f 60//60 92//92 94//94
f 61//61 63//63 95//95
f 61//61 95//95 93//93
f 62//62 96//96 64//64
f 62//62 94//94 96//96
f 63//63 33//33 65//65
f 63//63 65//65 95//95
f 64//64 66//66 34//34
f 64//64 96//96 66//66
f 65//65 67//67 99//99
f 65//65 99//99 97//97
f 66//66 100//100 68//68
f 66//66 98//98 100//100
f 67//67 69//69 101//101
f 67//67 101//101 99//99
f 68//68 102//102 70//70
f 68//68 100//100 102//102
f 69//69 71//71 103//103
f 69//69 103//103 101//101
f 70//70 104//104 72//72
f 70//70 102//102 104//104
f 71//71 73//73 105//105
f 71//71 105//105 103//103
f 72//72 106//106 74//74
f 72//72 104//104 106//106
f 73//73 75//75 107//107
f 73//73 107//107 105//105
f 74//74 108//108 76//76
f 74//74 106//106 108//108
f 75//75 77//77 109//109
f 75//75 109//109 107//107
f 76//76 110//110 78//78
f 76//76 108//108 110//110
f 77//77 79//79 111//111
f 77//77 111//111 109//109
f 78//78 112//112 80//80
f 78//78 110//110 112//112
f 79//79 81//81 113//113
f 79//79 113//113 111//111
f 80//80 114//114 82//82
f 80//80 112//112 114//114
f 81//81 83//83 115//115
f 81//81 115//115 113//113
f 82//82 116//116 84//84
f 82//82 114//114 116//116
f 83//83 85//85 117//117
f 83//83 117//117 115//115
f 84//84 118//118 86//86
f 84//84 116//116 118//118
f 85//85 87//87 119//119
f 85//85 119//119 117//117
f 86//86 120//120 88//88
f 86//86 118//118 120//120
f 87//87 89//89 121//121
f 87//87 121//121 119//119
f 88//88 122//122 90//90
f 88//88 120//120 122//122
f 89//89 91//91 123//123
f 89//89 123//123 121//121
f 90//90 124//124 92//92
f 90//90 122//122 124//124
f 91//91 93//93 125//125
f 91//91 125//125 123//123
f 92//92 126//126 94//94
f 92//92 124//124 126//126
f 93//93 95//95 127//127
f 93//93 127//127 125//125
f 94//94 128//128 96//96
f 94//94 126//126 128//128
f 95//95 65//65 97//97
f 95//95 97//97 127//127
f 96//96 98//98 66//66
f 96//96 128//128 98//98
f 97//97 99//99 131//131
f 97//97 131//131 129//129
f 98//98 132//132 100//100
f 98//98 130//130 132//132
f 99//99 101//101 133//133
f 99//99 133//133 131//131
f 100//100 134//134 102//102
f 100//100 132//132 134//134
f 101//101 103//103 135//135
f 101//101 135//135 133//133
f 102//102 136//136 104//104
f 102//102 134//134 136//136
f 103//103 105//105 137//137
f 103//103 137//137 135//135
f 104//104 138//138 106//106
f 104//104 136//136 138//138
f 105//105 107//107 139//139
f 105//105 139//139 137//137
f 106//106 140//140 108//108
f 106//106 138//138 140//140
f 107//107 109//109 141//141
f 107//107 141//141 139//139
f 108//108 142//142 110//110
f 108//108 140//140 142//142
f 109//109 111//111 143//143
f 109//109 143//143 141//141
f 110//110 144//144 112//112
f 110//110 142//142 144//144
f 111//111 113//113 145//145
f 111//111 145//145 143//143
f 112//112 146//146 114//114
f 112//112 144//144 146//146
f 113//113 115//115 147//147
f 113//113 147//147 145//145
f 114//114 148//148 116//116
f 114//114 146//146 148//148
f 115//115 117//117 149//149
f 115//115 149//149 147//147
f 116//116 150//150 118//118
f 116//116 148//148 150//150
f 117//117 119//119 151//151
f 117//117 151//151 149//149
f 118//118 152//152 120//120
f 118//118 150//150 152//152
f 119//119 121//121 153//153
f 119//119 153//153 151//151
f 120//120 154//154 122//122
f 120//120 152//152 154//154
f 121//121 123//123 155//155
f 121//121 155//155 153//153
f 122//122 156//156 124//124
f 122//122 154//154 156//156
f 123//123 125//125 157//157
f 123//123 157//157 155//155
f 124//124 158//158 126//126
f 124//124 156//156 158//158
f 125//125 127//127 159//159
f 125//125 159//159 157//157
f 126//126 160//160 128//128
f 126//126 158//158 160//160
f 127//127 97//97 129//129
f 127//127 129//129 159//159
f 128//128 130//130 98//98
f 128//128 160//160 130//130
f 129//129 131//131 163//163
f 129//129 163//163 161//161
f 130//130 164//164 132//132
f 130//130 162//162 164//164
f 131//131 133//133 165//165
f 131//131 165//165 163//163
f 132//132 166//166 134//134
f 132//132 164//164 166//166
f 133//133 135//135 167//167
f 133//133 167//167 165//165
f 134//134 168//168 136//136
f 134//134 166//166 168//168
f 135//135 137//137 169//169
f 135//135 169//169 167//167
f 136//136 170//170 138//138
f 136//136 168//168 170//170
f 137//137 139//139 171//171
f 137//137 171//171 169//169
f 138//138 172//172 140//140
f 138//138 170//170 172//172
f 139//139 141//141 173//173
f 139//139 173//173 171//171
f 140//140 174//174 142//142
f 140//140 172//172 174//174
f 141//141 143//143 175//175
f 141//141 175//175 173//173
f 142//142 176//176 144//144
f 142//142 174//174 176//176
f 143//143 145//145 177//177
f 143//143 177//177 175//175
f 144//144 178//178 146//146
f 144//144 176//176 178//178
f 145//145 147//147 179//179
f 145//145 179//179 177//177
f 146//146 180//180 148//148
f 146//146 178//178 180//180
f 147//147 149//149 181//181
f 147//147 181//181 179//179
f 148//148 182//182 150//150
f 148//148 180//180 182//182
f 149//149 151//151 183//183
f 149//149 183//183 181//181
f 150//150 184//184 152//152
f 150//150 182//182 184//184
f 151//151 153//153 185//185
f 151//151 185//185 183//183
f 152//152 186//186 154//154
f 152//152 184//184 186//186
f 153//153 155//155 187//187
f 153//153 187//187 185//185
f 154//154 188//188 156//156
f 154//154 186//186 188//188
f 155//155 157//157 189//189
f 155//155 189//189 187//187
f 156//156 190//190 158//158
f 156//156 188//188 190//190
f 157//157 159//159 191//191
f 157//157 191//191 189//189
f 158//158 192//192 160//160
f 158//158 190//190 192//192
f 159//159 129//129 161//161
f 159//159 161//161 191//191
f 160//160 162//162 130//130
f 160//160 192//192 162//162
f 161//161 163//163 195//195
f 161//161 195//195 193//193
f 162//162 196//196 164//164
f 162//162 194//194 196//196
f 163//163 165//165 197//197
f 163//163 197//197 195//195
f 164//164 198//198 166//166
f 164//164 196//196 198//198
f 165//165 167//167 199//199
f 165//165 199//199 197//197
f 166//166 200//200 168//168
f 166//166 198//198 200//200
f 167//167 169//169 201//201
f 167//167 201//201 199//199
f 168//168 202//202 170//170
f 168//168 200//200 202//202
f 169//169 171//171 203//203
f 169//169 203//203 201//201
f 170//170 204//204 172//172
f 170//170 202//202 204//204
f 171//171 173//173 205//205
f 171//171 205//205 203//203
f 172//172 206//206 174//174
f 172//172 204//204 206//206
f 173//173 175//175 207//207
f 173//173 207//207 205//205
f 174//174 208//208 176//176
f 174//174 206//206 208//208
f 175//175 177//177 209//209
f 175//175 209//209 207//207
f 176//176 210//210 178//178
f 176//176 208//208 210//210
f 177//177 179//179 211//211
f 177//177 211//211 209//209
f 178//178 212//212 180//180
f 178//178 210//210 212//212
f 179//179 181//181 213//213
f 179//179 213//213 211//211
f 180//180 214//214 182//182
f 180//180 212//212 214//214
f 181//181 183//183 215//215
f 181//181 215//215 213//213
f 182//182 216//216 184//184
f 182//182 214//214 216//216
f 183//183 185//185 217//217
f 183//183 217//217 215//215
f 184//184 218//218 186//186
f 184//184 216//216 218//218
f 185//185 187//187 219//219
f 185//185 219//219 217//217
f 186//186 220//220 188//188
f 186//186 218//218 220//220
f 187//187 189//189 221//221
f 187//187 221//221 219//219
f 188//188 222//222 190//190
f 188//188 220//220 222//222
f 189//189 191//191 223//223
f 189//189 223//223 221//221
f 190//190 224//224 192//192
f 190//190 222//222 224//224
f 191//191 161//161 193//193
f 191//191 193//193 223//223
f 192//192 194//194 162//162
f 192//192 224//224 194//194
f 193//193 195//195 227//227
f 193//193 227//227 225//225
f 194//194 228//228 196//196
f 194//194 226//226 228//228
f 195//195 197//197 229//229
f 195//195 229//229 227//227
f 196//196 230//230 198//198
f 196//196 228//228 230//230
f 197//197 199//199 231//231
f 197//197 231//231 229//229
f 198//198 232//232 200//200
f 198//198 230//230 232//232
f 199//199 201//201 233//233
f 199//199 233//233 231//231
f 200//200 234//234 202//202
f 200//200 232//232 234//234
f 201//201 203//203 235//235
f 201//201 235//235 233//233
f 202//202 236//236 204//204
f 202//202 234//234 236//236
f 203//203 205//205 237//237
f 203//203 237//237 235//235
f 204//204 238//238 206//206
f 204//204 236//236 238//238
f 205//205 207//207 239//239
f 205//205 239//239 237//237
f 206//206 240//240 208//208
f 206//206 238//238 240//240
f 207//207 209//209 241//241
f 207//207 241//241 239//239
f 208//208 242//242 210//210
f 208//208 240//240 242//242
f 209//209 211//211 243//243
f 209//209 243//243 241//241
f 210//210 244//244 212//212
f 210//210 242//242 244//244
f 211//211 213//213 245//245
f 211//211 245//245 243//243
f 212//212 246//246 214//214
f 212//212 244//244 246//246
f 213//213 215//215 247//247
f 213//213 247//247 245//245
f 214//214 248//248 216//216
f 214//214 246//246 248//248
f 215//215 217//217 249//249
f 215//215 249//249 247//247
f 216//216 250//250 218//218
f 216//216 248//248 250//250
f 217//217 219//219 251//251
f 217//217 251//251 249//249
f 218//218 252//252 220//220
f 218//218 250//250 252//252
f 219//219 221//221 253//253
f 219//219 253//253 251//251
f 220//220 254//254 222//222
f 220//220 252//252 254//254
f 221//221 223//223 255//255
f 221//221 255//255 253//253
f 222//222 256//256 224//224
f 222//222 254//254 256//256
f 223//223 193//193 225//225
f 223//223 225//225 255//255
f 224//224 226//226 194//194
f 224//224 256//256 226//226
f 225//225 227//227 259//259
f 225//225 259//259 257//257
f 226//226 260//260 228//228
f 226//226 258//258 260//260
f 227//227 229//229 261//261
f 227//227 261//261 259//259
f 228//228 262//262 230//230
f 228//228 260//260 262//262
f 229//229 231//231 263//263
f 229//229 263//263 261//261
f 230//230 264//264 232//232
f 230//230 262//262 264//264
f 231//231 233//233 265//265
f 231//231 265//265 263//263
f 232//232 266//266 234//234
f 232//232 264//264 266//266
f 233//233 235//235 267//267
f 233//233 267//267 265//265
f 234//234 268//268 236//236
f 234//234 266//266 268//268
f 235//235 237//237 269//269
f 235//235 269//269 267//267
f 236//236 270//270 238//238
f 236//236 268//268 270//270
f 237//237 239//239 271//271
f 237//237 271//271 269//269
f 238//238 272//272 240//240
f 238//238 270//270 272//272
f 239//239 241//241 273//273
f 239//239 273//273 271//271
f 240//240 274//274 242//242
f 240//240 272//272 274//274
f 241//241 243//243 275//275
f 241//241 275//275 273//273
f 242//242 276//276 244//244
f 242//242 274//274 276//276
f 243//243 245//245 277//277
f 243//243 277//277 275//275
f 244//244 278//278 246//246
f 244//244 276//276 278//278
f 245//245 247//247 279//279
f 245//245 279//279 277//277
f 246//246 280//280 248//248
f 246//246 278//278 280//280
f 247//247 249//249 281//281
f 247//247 281//281 279//279
f 248//248 282//282 250//250
f 248//248 280//280 282//282
f 249//249 251//251 283//283
f 249//249 283//283 281//281
f 250//250 284//284 252//252
f 250//250 282//282 284//284
f 251//251 253//253 285//285
f 251//251 285//285 283//283
f 252//252 286//286 254//254
f 252//252 284//284 286//286
f 253//253 255//255 287//287
f 253//253 287//287 285//285
f 254//254 288//288 256//256
f 254//254 286//286 288//288
f 255//255 225//225 257//257
f 255//255 257//257 287//287
f 256//256 258//258 226//226
f 256//256 288//288 258//258
f 257//257 259//259 291//291
f 257//257 291//291 289//289
f 258//258 292//292 260//260
f 258//258 290//290 292//292
f 259//259 261//261 293//293
f 259//259 293//293 291//291
f 260//260 294//294 262//262
f 260//260 292//292 294//294
f 261//261 263//263 295//295
f 261//261 295//295 293//293
f 262//262 296//296 264//264
f 262//262 294//294 296//296
f 263//263 265//265 297//297
f 263//263 297//297 295//295
f 264//264 298//298 266//266
f 264//264 296//296 298//298
f 265//265 267//267 299//299
f 265//265 299//299 297//297
f 266//266 300//300 268//268
f 266//266 298//298 300//300
f 267//267 269//269 301//301
f 267//267 301//301 299//299
f 268//268 302//302 270//270
f 268//268 300//300 302//302
f 269//269 271//271 303//303
f 269//269 303//303 301//301
f 270//270 304//304 272//272
f 270//270 302//302 304//304
f 271//271 273//273 305//305
f 271//271 305//305 303//303
f 272//272 306//306 274//274
f 272//272 304//304 306//306
f 273//273 275//275 307//307
f 273//273 307//307 305//305
f 274//274 308//308 276//276
f 274//274 306//306 308//308
f 275//275 277//277 309//309
f 275//275 309//309 307//307
f 276//276 310//310 278//278
f 276//276 308//308 310//310
f 277//277 279//279 311//311
f 277//277 311//311 309//309
f 278//278 312//312 280//280
f 278//278 310//310 312//312
f 279//279 281//281 313//313
f 279//279 313//313 311//311
f 280//280 314//314 282//282
f 280//280 312//312 314//314
f 281//281 283//283 315//315
f 281//281 315//315 313//313
f 282//282 316//316 284//284
f 282//282 314//314 316//316
f 283//283 285//285 317//317
f 283//283 317//317 315//315
f 284//284 318//318 286//286
f 284//284 316//316 318//318
f 285//285 287//287 319//319
f 285//285 319//319 317//317
f 286//286 320//320 288//288
f 286//286 318//318 320//320
f 287//287 257//257 289//289
f 287//287 289//289 319//319
f 288//288 290//290 258//258
f 288//288 320//320 290//290
f 289//289 291//291 323//323
f 289//289 323//323 321//321
f 290//290 324//324 292//292
f 290//290 322//322 324//324
f 291//291 293//293 325//325
f 291//291 325//325 323//323
f 292//292 326//326 294//294
f 292//292 324//324 326//326
f 293//293 295//295 327//327
f 293//293 327//327 325//325
f 294//294 328//328 296//296
f 294//294 326//326 328//328
f 295//295 297//297 329//329
f 295//295 329//329 327//327
f 296//296 330//330 298//298
f 296//296 328//328 330//330
f 297//297 299//299 331//331
f 297//297 331//331 329//329
f 298//298 332//332 300//300
f 298//298 330//330 332//332
f 299//299 301//301 333//333
f 299//299 333//333 331//331
f 300//300 334//334 302//302
f 300//300 332//332 334//334
f 301//301 303//303 335//335
f 301//301 335//335 333//333
f 302//302 336//336 304//304
f 302//302 334//334 336//336
f 303//303 305//305 337//337
f 303//303 337//337 335//335
f 304//304 338//338 306//306
f 304//304 336//336 338//338
f 305//305 307//307 339//339
f 305//305 339//339 337//337
f 306//306 340//340 308//308
f 306//306 338//338 340//340
f 307//307 309//309 341//341
f 307//307 341//341 339//339
f 308//308 342//342 310//310
f 308//308 340//340 342//342
f 309//309 311//311 343//343
f 309//309 343//343 341//341
f 310//310 344//344 312//312
f 310//310 342//342 344//344
f 311//311 313//313 345//345
f 311//311 345//345 343//343
f 312//312 346//346 314//314
f 312//312 344//344 346//346
f 313//313 315//315 347//347
f 313//313 347//347 345//345
f 314//314 348//348 316//316
f 314//314 346//346 348//348
f 315//315 317//317 349//349
f 315//315 349//349 347//347
f 316//316 350//350 318//318
f 316//316 348//348 350//350
f 317//317 319//319 351//351
f 317//317 351//351 349//349
f 318//318 352//352 320//320
f 318//318 350//350 352//352
f 319//319 289//289 321//321
f 319//319 321//321 351//351
f 320//320 322//322 290//290
f 320//320 352//352 322//322
f 1//353 4//353 3//353
f 1//354 2//354 4//354
f 321//355 323//355 324//355
f 321//356 324//356 322//356
f 3//357 6//357 5//357
f 3//358 4//358 6//358
f 323//359 325//359 326//359
f 323//360 326//360 324//360
f 5//361 8//361 7//361
f 5//362 6//362 8//362
f 325//363 327//363 328//363
f 325//364 328//364 326//364
f 7//365 10//365 9//365
f 7//366 8//366 10//366
f 327//367 329//367 330//367
f 327//368 330//368 328//368
f 9//369 12//369 11//369
f 9//370 10//370 12//370
f 329//371 331//371 332//371
f 329//372 332//372 330//372
f 11//373 14//373 13//373
f 11//374 12//374 14//374
f 331//375 333//375 334//375
f 331//376 334//376 332//376
f 13//377 16//377 15//377
f 13//378 14//378 16//378
f 333//379 335//379 336//379
f 333//380 336//380 334//380
f 15//381 18//381 17//381
f 15//382 16//382 18//382
f 335//383 337//383 338//383
f 335//384 338//384 336//384
f 17//385 20//385 19//385
f 17//386 18//386 20//386
f 337//387 339//387 340//387
f 337//388 340//388 338//388
f 19//389 22//389 21//389
f 19//390 20//390 22//390
f 339//391 341//391 342//391
f 339//392 342//392 340//392
f 21//393 24//393 23//393
f 21//394 22//394 24//394
f 341//395 343//395 344//395
f 341//396 344//396 342//396
f 23//397 26//397 25//397
f 23//398 24//398 26//398
f 343//399 345//399 346//399
f 343//400 346//400 344//400
f 25//401 28//401 27//401
f 25//402 26//402 28//402
f 345//403 347//403 348//403
f 345//404 348//404 346//404
f 27//405 30//405 29//405
f 27//406 28//406 30//406
f 347//407 349//407 350//407
f 347//408 350//408 348//408
f 29//409 32//409 31//409
f 29//410 30//410 32//410
f 349//411 351//411 352//411
f 349//412 352//412 350//412
f 31//413 2//413 1//413
f 31//414 32//414 2//414
f 351//415 321//415 322//415
f 351//416 322//416 352//416
f 353//417 355//419 387//451
f 353//417 387//451 385//449
f 354//418 388//452 356//420
f 354//418 386//450 388//452
f 355//419 357//421 389//453
f 355//419 389//453 387//451
f 356//420 390//454 358//422
f 356//420 388//452 390//454
f 357//421 359//423 391//455
f 357//421 391//455 389//453
f 358//422 392//456 360//424
f 358//422 390//454 392//456
f 359//423 361//425 393//457
f 359//423 393//457 391//455
f 360//424 394//458 362//426
f 360//424 392//456 394//458
f 361//425 363//427 395//459
f 361//425 395//459 393//457
f 362//426 396//460 364//428
f 362//426 394//458 396//460
f 363//427 365//429 397//461
f 363//427 397//461 395//459
f 364//428 398//462 366//430
f 364//428 396//460 398//462
f 365//429 367//431 399//463
f 365//429 399//463 397//461
f 366//430 400//464 368//432
f 366//430 398//462 400//464
f 367//431 369//433 401//465
f 367//431 401//465 399//463
f 368//432 402//466 370//434
f 368//432 400//464 402//466
f 369//433 371//435 403//467
f 369//433 403//467 401//465
f 370//434 404//468 372//436
f 370//434 402//466 404//468
f 371//435 373//437 405//469
f 371//435 405//469 403//467
f 372//436 406//470 374//438
f 372//436 404//468 406//470
f 373//437 375//439 407//471
f 373//437 407//471 405//469
f 374//438 408//472 376//440
f 374//438 406//470 408//472
f 375//439 377//441 409//473
f 375//439 409//473 407//471
f 376//440 410//474 378//442
f 376//440 408//472 410//474
f 377//441 379//443 411//475
f 377//441 411//475 409//473
f 378//442 412//476 380//444
f 378//442 410//474 412//476
f 379//443 381//445 413//477
f 379//443 413//477 411//475
f 380//444 414//478 382//446
f 380//444 412//476 414//478
f 381//445 383//447 415//479
f 381//445 415//479 413//477
f 382//446 416//480 384//448
f 382//446 414//478 416//480
f 383//447 353//417 385//449
f 383//447 385//449 415//479
f 384//448 386//450 354//418
f 384//448 416//480 386//450
f 385//449 387//451 419//483
f 385//449 419//483 417//481
f 386//450 420//484 388//452
f 386//450 418//482 420//484
f 387//451 389//453 421//485
f 387//451 421//485 419//483
f 388//452 422//486 390//454
f 388//452 420//484 422//486
f 389//453 391//455 423//487
f 389//453 423//487 421//485
f 390//454 424//488 392//456
f 390//454 422//486 424//488
f 391//455 393//457 425//489
f 391//455 425//489 423//487
f 392//456 426//490 394//458
f 392//456 424//488 426//490
f 393//457 395//459 427//491
f 393//457 427//491 425//489
f 394//458 428//492 396//460
f 394//458 426//490 428//492
f 395//459 397//461 429//493
f 395//459 429//493 427//491
f 396//460 430//494 398//462
f 396//460 428//492 430//494
f 397//461 399//463 431//495
f 397//461 431//495 429//493
f 398//462 432//496 400//464
f 398//462 430//494 432//496
f 399//463 401//465 433//497
f 399//463 433//497 431//495
f 400//464 434//498 402//466
f 400//464 432//496 434//498
f 401//465 403//467 435//499
f 401//465 435//499 433//497
f 402//466 436//500 404//468
f 402//466 434//498 436//500
f 403//467 405//469 437//501
f 403//467 437//501 435//499
f 404//468 438//502 406//470
f 404//468 436//500 438//502
f 405//469 407//471 439//503
f 405//469 439//503 437//501
f 406//470 440//504 408//472
f 406//470 438//502 440//504
f 407//471 409//473 441//505
f 407//471 441//505 439//503
f 408//472 442//506 410//474
f 408//472 440//504 442//506
f 409//473 411//475 443//507
f 409//473 443//507 441//505
f 410//474 444//508 412//476
f 410//474 442//506 444//508
f 411//475 413//477 445//509
f 411//475 445//509 443//507
f 412//476 446//510 414//478
f 412//476 444//508 446//510
f 413//477 415//479 447//511
f 413//477 447//511 445//509
f 414//478 448//512 416//480
f 414//478 446//510 448//512
f 415//479 385//449 417//481
f 415//479 417//481 447//511
f 416//480 418//482 386//450
f 416//480 448//512 418//482
f 417//481 419//483 451//515
f 417//481 451//515 449//513
f 418//482 452//516 420//484
f 418//482 450//514 452//516
f 419//483 421//485 453//517
f 419//483 453//517 451//515
f 420//484 454//518 422//486
f 420//484 452//516 454//518
f 421//485 423//487 455//519
f 421//485 455//519 453//517
f 422//486 456//520 424//488
f 422//486 454//518 456//520
f 423//487 425//489 457//521
f 423//487 457//521 455//519
f 424//488 458//522 426//490
f 424//488 456//520 458//522
f 425//489 427//491 459//523
f 425//489 459//523 457//521
f 426//490 460//524 428//492
f 426//490 458//522 460//524
f 427//491 429//493 461//525
f 427//491 461//525 459//523
f 428//492 462//526 430//494
f 428//492 460//524 462//526
f 429//493 431//495 463//527
f 429//493 463//527 461//525
f 430//494 464//528 432//496
f 430//494 462//526 464//528
f 431//495 433//497 465//529
f 431//495 465//529 463//527
f 432//496 466//530 434//498
f 432//496 464//528 466//530
f 433//497 435//499 467//531
f 433//497 467//531 465//529
f 434//498 468//532 436//500
f 434//498 466//530 468//532
f 435//499 437//501 469//533
f 435//499 469//533 467//531
f 436//500 470//534 438//502
f 436//500 468//532 470//534
f 437//501 439//503 471//535
f 437//501 471//535 469//533
f 438//502 472//536 440//504
f 438//502 470//534 472//536
f 439//503 441//505 473//537
f 439//503 473//537 471//535
f 440//504 474//538 442//506
f 440//504 472//536 474//538
f 441//505 443//507 475//539
f 441//505 475//539 473//537
f 442//506 476//540 444//508
f 442//506 474//538 476//540
f 443//507 445//509 477//541
f 443//507 477//541 475//539
f 444//508 478//542 446//510
f 444//508 476//540 478//542
f 445//509 447//511 479//543
f 445//509 479//543 477//541
f 446//510 480//544 448//512
f 446//510 478//542 480//544
f 447//511 417//481 449//513
f 447//511 449//513 479//543
f 448//512 450//514 418//482
f 448//512 480//544 450//514
f 449//513 451//515 483//547
f 449//513 483//547 481//545
f 450//514 484//548 452//516
f 450//514 482//546 484//548
f 451//515 453//517 485//549
f 451//515 485//549 483//547
f 452//516 486//550 454//518
f 452//516 484//548 486//550
f 453//517 455//519 487//551
f 453//517 487//551 485//549
f 454//518 488//552 456//520
f 454//518 486//550 488//552
f 455//519 457//521 489//553
f 455//519 489//553 487//551
f 456//520 490//554 458//522
f 456//520 488//552 490//554
f 457//521 459//523 491//555
f 457//521 491//555 489//553
f 458//522 492//556 460//524
f 458//522 490//554 492//556
f 459//523 461//525 493//557
f 459//523 493//557 491//555
f 460//524 494//558 462//526
f 460//524 492//556 494//558
f 461//525 463//527 495//559
f 461//525 495//559 493//557
f 462//526 496//560 464//528
f 462//526 494//558 496//560
f 463//527 465//529 497//561
f 463//527 497//561 495//559
f 464//528 498//562 466//530
f 464//528 496//560 498//562
f 465//529 467//531 499//563
f 465//529 499//563 497//561
f 466//530 500//564 468//532
f 466//530 498//562 500//564
f 467//531 469//533 501//565
f 467//531 501//565 499//563
f 468//532 502//566 470//534
f 468//532 500//564 502//566
f 469//533 471//535 503//567
f 469//533 503//567 501//565
f 470//534 504//568 472//536
f 470//534 502//566 504//568
f 471//535 473//537 505//569
f 471//535 505//569 503//567
f 472//536 506//570 474//538
f 472//536 504//568 506//570
f 473//537 475//539 507//571
f 473//537 507//571 505//569
f 474//538 508//572 476//540
f 474//538 506//570 508//572
f 475//539 477//541 509//573
f 475//539 509//573 507//571
f 476//540 510//574 478//542
f 476//540 508//572 510//574
f 477//541 479//543 511//575
f 477//541 511//575 509//573
f 478//542 512//576 480//544
f 478//542 510//574 512//576
f 479//543 449//513 481//545
f 479//543 481//545 511//575
f 480//544 482//546 450//514
f 480//544 512//576 482//546
f 481//545 483//547 515//579
f 481//545 515//579 513//577
f 482//546 516//580 484//548
f 482//546 514//578 516//580
f 483//547 485//549 517//581
f 483//547 517//581 515//579
f 484//548 518//582 486//550
f 484//548 516//580 518//582
f 485//549 487//551 519//583
f 485//549 519//583 517//581
f 486//550 520//584 488//552
f 486//550 518//582 520//584
f 487//551 489//553 521//585
f 487//551 521//585 519//583
f 488//552 522//586 490//554
f 488//552 520//584 522//586
f 489//553 491//555 523//587
f 489//553 523//587 521//585
f 490//554 524//588 492//556
f 490//554 522//586 524//588
f 491//555 493//557 525//589
f 491//555 525//589 523//587
f 492//556 526//590 494//558
f 492//556 524//588 526//590
f 493//557 495//559 527//591
f 493//557 527//591 525//589
f 494//558 528//592 496//560
f 494//558 526//590 528//592
f 495//559 497//561 529//593
f 495//559 529//593 527//591
f 496//560 530//594 498//562
f 496//560 528//592 530//594
f 497//561 499//563 531//595
f 497//561 531//595 529//593
f 498//562 532//596 500//564
f 498//562 530//594 532//596
f 499//563 501//565 533//597
f 499//563 533//597 531//595
f 500//564 534//598 502//566
f 500//564 532//596 534//598
f 501//565 503//567 535//599
f 501//565 535//599 533//597
f 502//566 536//600 504//568
f 502//566 534//598 536//600
f 503//567 505//569 537//601
f 503//567 537//601 535//599
f 504//568 538//602 506//570
f 504//568 536//600 538//602
f 505//569 507//571 539//603
f 505//569 539//603 537//601
f 506//570 540//604 508//572
f 506//570 538//602 540//604
f 507//571 509//573 541//605
f 507//571 541//605 539//603
f 508//572 542//606 510//574
f 508//572 540//604 542//606
f 509//573 511//575 543//607
f 509//573 543//607 541//605
f 510//574 544//608 512//576
f 510//574 542//606 544//608
f 511//575 481//545 513//577
f 511//575 513//577 543//607
f 512//576 514//578 482//546
f 512//576 544//608 514//578
f 513//577 515//579 547//611
f 513//577 547//611 545//609
f 514//578 548//612 516//580
f 514//578 546//610 548//612
f 515//579 517//581 549//613
f 515//579 549//613 547//611
f 516//580 550//614 518//582
f 516//580 548//612 550//614
f 517//581 519//583 551//615
f 517//581 551//615 549//613
f 518//582 552//616 520//584
f 518//582 550//614 552//616
f 519//583 521//585 553//617
f 519//583 553//617 551//615
f 520//584 554//618 522//586
f 520//584 552//616 554//618
f 521//585 523//587 555//619
f 521//585 555//619 553//617
f 522//586 556//620 524//588
f 522//586 554//618 556//620
f 523//587 525//589 557//621
f 523//587 557//621 555//619
f 524//588 558//622 526//590
f 524//588 556//620 558//622
f 525//589 527//591 559//623
f 525//589 559//623 557//621
f 526//590 560//624 528//592
f 526//590 558//622 560//624
f 527//591 529//593 561//625
f 527//591 561//625 559//623
f 528//592 562//626 530//594
f 528//592 560//624 562//626
f 529//593 531//595 563//627
f 529//593 563//627 561//625
f 530//594 564//628 532//596
f 530//594 562//626 564//628
f 531//595 533//597 565//629
f 531//595 565//629 563//627
f 532//596 566//630 534//598
f 532//596 564//628 566//630
f 533//597 535//599 567//631
f 533//597 567//631 565//629
f 534//598 568//632 536//600
f 534//598 566//630 568//632
f 535//599 537//601 569//633
f 535//599 569//633 567//631
f 536//600 570//634 538//602
f 536//600 568//632 570//634
f 537//601 539//603 571//635
f 537//601 571//635 569//633
f 538//602 572//636 540//604
f 538//602 570//634 572//636
f 539//603 541//605 573//637
f 539//603 573//637 571//635
f 540//604 574//638 542//606
f 540//604 572//636 574//638
f 541//605 543//607 575//639
f 541//605 575//639 573//637
f 542//606 576//640 544//608
f 542//606 574//638 576//640
f 543//607 513//577 545//609
f 543//607 545//609 575//639
f 544//608 546//610 514//578
f 544//608 576//640 546//610
f 545//609 547//611 579//643
f 545//609 579//643 577//641
f 546//610 580//644 548//612
f 546//610 578//642 580//644
f 547//611 549//613 581//645
f 547//611 581//645 579//643
f 548//612 582//646 550//614
f 548//612 580//644 582//646
f 549//613 551//615 583//647
f 549//613 583//647 581//645
f 550//614 584//648 552//616
f 550//614 582//646 584//648
f 551//615 553//617 585//649
f 551//615 585//649 583//647
f 552//616 586//650 554//618
f 552//616 584//648 586//650
f 553//617 555//619 587//651
f 553//617 587//651 585//649
f 554//618 588//652 556//620
f 554//618 586//650 588//652
f 555//619 557//621 589//653
f 555//619 589//653 587//651
f 556//620 590//654 558//622
f 556//620 588//652 590//654
f 557//621 559//623 591//655
f 557//621 591//655 589//653
f 558//622 592//656 560//624
f 558//622 590//654 592//656
f 559//623 561//625 593//657
f 559//623 593//657 591//655
f 560//624 594//658 562//626
f 560//624 592//656 594//658
f 561//625 563//627 595//659
f 561//625 595//659 593//657
f 562//626 596//660 564//628
f 562//626 594//658 596//660
f 563//627 565//629 597//661
f 563//627 597//661 595//659
f 564//628 598//662 566//630
f 564//628 596//660 598//662
f 565//629 567//631 599//663
f 565//629 599//663 597//661
f 566//630 600//664 568//632
f 566//630 598//662 600//664
f 567//631 569//633 601//665
f 567//631 601//665 599//663
f 568//632 602//666 570//634
f 568//632 600//664 602//666
f 569//633 571//635 603//667
f 569//633 603//667 601//665
f 570//634 604//668 572//636
f 570//634 602//666 604//668
f 571//635 573//637 605//669
f 571//635 605//669 603//667
f 572//636 606//670 574//638
f 572//636 604//668 606//670
f 573//637 575//639 607//671
f 573//637 607//671 605//669
f 574//638 608//672 576//640
f 574//638 606//670 608//672
f 575//639 545//609 577//641
f 575//639 577//641 607//671
f 576//640 578//642 546//610
f 576//640 608//672 578//642
f 577//641 579//643 611//675
f 577//641 611//675 609//673
f 578//642 612//676 580//644
f 578//642 610//674 612//676
f 579//643 581//645 613//677
f 579//643 613//677 611//675
f 580//644 614//678 582//646
f 580//644 612//676 614//678
f 581//645 583//647 615//679
f 581//645 615//679 613//677
f 582//646 616//680 584//648
f 582//646 614//678 616//680
f 583//647 585//649 617//681
f 583//647 617//681 615//679
f 584//648 618//682 586//650
f 584//648 616//680 618//682
f 585//649 587//651 619//683
f 585//649 619//683 617//681
f 586//650 620//684 588//652
f 586//650 618//682 620//684
f 587//651 589//653 621//685
f 587//651 621//685 619//683
f 588//652 622//686 590//654
f 588//652 620//684 622//686
f 589//653 591//655 623//687
f 589//653 623//687 621//685
f 590//654 624//688 592//656
f 590//654 622//686 624//688
f 591//655 593//657 625//689
f 591//655 625//689 623//687
f 592//656 626//690 594//658
f 592//656 624//688 626//690
f 593//657 595//659 627//691
f 593//657 627//691 625//689
f 594//658 628//692 596//660
f 594//658 626//690 628//692
f 595//659 597//661 629//693
f 595//659 629//693 627//691
f 596//660 630//694 598//662
f 596//660 628//692 630//694
f 597//661 599//663 631//695
f 597//661 631//695 629//693
f 598//662 632//696 600//664
f 598//662 630//694 632//696
f 599//663 601//665 633//697
f 599//663 633//697 631//695
f 600//664 634//698 602//666
f 600//664 632//696 634//698
f 601//665 603//667 635//699
f 601//665 635//699 633//697
f 602//666 636//700 604//668
f 602//666 634//698 636//700
f 603//667 605//669 637//701
f 603//667 637//701 635//699
f 604//668 638//702 606//670
f 604//668 636//700 638//702
f 605//669 607//671 639//703
f 605//669 639//703 637//701
f 606//670 640//704 608//672
f 606//670 638//702 640//704
f 607//671 577//641 609//673
f 607//671 609//673 639//703
f 608//672 610//674 578//642
f 608//672 640//704 610//674
f 609//673 611//675 643//707
f 609//673 643//707 641//705
f 610//674 644//708 612//676
f 610//674 642//706 644//708
f 611//675 613//677 645//709
f 611//675 645//709 643//707
f 612//676 646//710 614//678
f 612//676 644//708 646//710
f 613//677 615//679 647//711
f 613//677 647//711 645//709
f 614//678 648//712 616//680
f 614//678 646//710 648//712
f 615//679 617//681 649//713
f 615//679 649//713 647//711
f 616//680 650//714 618//682
f 616//680 648//712 650//714
f 617//681 619//683 651//715
f 617//681 651//715 649//713
f 618//682 652//716 620//684
f 618//682 650//714 652//716
f 619//683 621//685 653//717
f 619//683 653//717 651//715
f 620//684 654//718 622//686
f 620//684 652//716 654//718
f 621//685 623//687 655//719
f 621//685 655//719 653//717
f 622//686 656//720 624//688
f 622//686 654//718 656//720
f 623//687 625//689 657//721
f 623//687 657//721 655//719
f 624//688 658//722 626//690
f 624//688 656//720 658//722
f 625//689 627//691 659//723
f 625//689 659//723 657//721
f 626//690 660//724 628//692
f 626//690 658//722 660//724
f 627//691 629//693 661//725
f 627//691 661//725 659//723
f 628//692 662//726 630//694
f 628//692 660//724 662//726
f 629//693 631//695 663//727
f 629//693 663//727 661//725
f 630//694 664//728 632//696
f 630//694 662//726 664//728
f 631//695 633//697 665//729
f 631//695 665//729 663//727
f 632//696 666//730 634//698
f 632//696 664//728 666//730
f 633//697 635//699 667//731
f 633//697 667//731 665//729
f 634//698 668//732 636//700
f 634//698 666//730 668//732
f 635//699 637//701 669//733
f 635//699 669//733 667//731
f 636//700 670//734 638//702
f 636//700 668//732 670//734
f 637//701 639//703 671//735
f 637//701 671//735 669//733
f 638//702 672//736 640//704
f 638//702 670//734 672//736
f 639//703 609//673 641//705
f 639//703 641//705 671//735
f 640//704 642//706 610//674
f 640//704 672//736 642//706
f 641//705 643//707 675//739
f 641//705 675//739 673//737
f 642//706 676//740 644//708
f 642//706 674//738 676//740
f 643//707 645//709 677//741
f 643//707 677//741 675//739
f 644//708 678//742 646//710
f 644//708 676//740 678//742
f 645//709 647//711 679//743
f 645//709 679//743 677//741
f 646//710 680//744 648//712
f 646//710 678//742 680//744
f 647//711 649//713 681//745
f 647//711 681//745 679//743
f 648//712 682//746 650//714
f 648//712 680//744 682//746
f 649//713 651//715 683//747
f 649//713 683//747 681//745
f 650//714 684//748 652//716
f 650//714 682//746 684//748
f 651//715 653//717 685//749
f 651//715 685//749 683//747
f 652//716 686//750 654//718
f 652//716 684//748 686//750
f 653//717 655//719 687//751
f 653//717 687//751 685//749
f 654//718 688//752 656//720
f 654//718 686//750 688//752
f 655//719 657//721 689//753
f 655//719 689//753 687//751
f 656//720 690//754 658//722
f 656//720 688//752 690//754
f 657//721 659//723 691//755
f 657//721 691//755 689//753
f 658//722 692//756 660//724
f 658//722 690//754 692//756
f 659//723 661//725 693//757
f 659//723 693//757 691//755
f 660//724 694//758 662//726
f 660//724 692//756 694//758
f 661//725 663//727 695//759
f 661//725 695//759 693//757
f 662//726 696//760 664//728
f 662//726 694//758 696//760
f 663//727 665//729 697//761
f 663//727 697//761 695//759
f 664//728 698//762 666//730
f 664//728 696//760 698//762
f 665//729 667//731 699//763
f 665//729 699//763 697//761
f 666//730 700//764 668//732
f 666//730 698//762 700//764
f 667//731 669//733 701//765
f 667//731 701//765 699//763
f 668//732 702//766 670//734
f 668//732 700//764 702//766
f 669//733 671//735 703//767
f 669//733 703//767 701//765
f 670//734 704//768 672//736
f 670//734 702//766 704//768
f 671//735 641//705 673//737
f 671//735 673//737 703//767
f 672//736 674//738 642//706
f 672//736 704//768 674//738
f 353//769 356//769 355//769
f 353//770 354//770 356//770
f 673//771 675//771 676//771
f 673//772 676//772 674//772
f 355//773 358//773 357//773
f 355//774 356//774 358//774
f 675//775 677//775 678//775
f 675//776 678//776 676//776
f 357//777 360//777 359//777
f 357//778 358//778 360//778
f 677//779 679//779 680//779
f 677//780 680//780 678//780
f 359//781 362//781 361//781
f 359//782 360//782 362//782
f 679//783 681//783 682//783
f 679//784 682//784 680//784
f 361//785 364//785 363//785
f 361//786 362//786 364//786
f 681//787 683//787 684//787
f 681//788 684//788 682//788
f 363//789 366//789 365//789
f 363//790 364//790 366//790
f 683//791 685//791 686//791
f 683//792 686//792 684//792
f 365//793 368//793 367//793
f 365//794 366//794 368//794
f 685//795 687//795 688//795
f 685//796 688//796 686//796
f 367//797 370//797 369//797
f 367//798 368//798 370//798
f 687//799 689//799 690//799
f 687//800 690//800 688//800
f 369//801 372//801 371//801
f 369//802 370//802 372//802
f 689//803 691//803 692//803
f 689//804 692//804 690//804
f 371//805 374//805 373//805
f 371//806 372//806 374//806
f 691//807 693//807 694//807
f 691//808 694//808 692//808
f 373//809 376//809 375//809
f 373//810 374//810 376//810
f 693//811 695//811 696//811
f 693//812 696//812 694//812
f 375//813 378//813 377//813
f 375//814 376//814 378//814
f 695//815 697//815 698//815
f 695//816 698//816 696//816
f 377//817 380//817 379//817
f 377//818 378//818 380//818
f 697//819 699//819 700//819
f 697//820 700//820 698//820
f 379//821 382//821 381//821
f 379//822 380//822 382//822
f 699//823 701//823 702//823
f 699//824 702//824 700//824
f 381//825 384//825 383//825
f 381//826 382//826 384//826
f 701//827 703//827 704//827
f 701//828 704//828 702//828
f 383//829 354//829 353//829
f 383//830 384//830 354//830
f 703//831 673//831 674//831
f 703//832 674//832 704//832
f 705//833 707//835 739//867
f 705//833 739//867 737//865
f 706//834 740//868 708//836
f 706//834 738//866 740//868
f 707//835 709//837 741//869
f 707//835 741//869 739//867
f 708//836 742//870 710//838
f 708//836 740//868 742//870
f 709//837 711//839 743//871
f 709//837 743//871 741//869
f 710//838 744//872 712//840
f 710//838 742//870 744//872
f 711//839 713//841 745//873
f 711//839 745//873 743//871
f 712//840 746//874 714//842
f 712//840 744//872 746//874
f 713//841 715//843 747//875
f 713//841 747//875 745//873
f 714//842 748//876 716//844
f 714//842 746//874 748//876
f 715//843 717//845 749//877
f 715//843 749//877 747//875
f 716//844 750//878 718//846
f 716//844 748//876 750//878
f 717//845 719//847 751//879
f 717//845 751//879 749//877
f 718//846 752//880 720//848
f 718//846 750//878 752//880
f 719//847 721//849 753//881
f 719//847 753//881 751//879
f 720//848 754//882 722//850
f 720//848 752//880 754//882
f 721//849 723//851 755//883
f 721//849 755//883 753//881
f 722//850 756//884 724//852
f 722//850 754//882 756//884
f 723//851 725//853 757//885
f 723//851 757//885 755//883
f 724//852 758//886 726//854
f 724//852 756//884 758//886
f 725//853 727//855 759//887
f 725//853 759//887 757//885
f 726//854 760//888 728//856
f 726//854 758//886 760//888
f 727//855 729//857 761//889
f 727//855 761//889 759//887
f 728//856 762//890 730//858
f 728//856 760//888 762//890
f 729//857 731//859 763//891
f 729//857 763//891 761//889
f 730//858 764//892 732//860
f 730//858 762//890 764//892
f 731//859 733//861 765//893
f 731//859 765//893 763//891
f 732//860 766//894 734//862
f 732//860 764//892 766//894
f 733//861 735//863 767//895
f 733//861 767//895 765//893
f 734//862 768//896 736//864
f 734//862 766//894 768//896
f 735//863 705//833 737//865
f 735//863 737//865 767//895
f 736//864 738//866 706//834
f 736//864 768//896 738//866
f 737//865 739//867 771//899
f 737//865 771//899 769//897
f 738//866 772//900 740//868
f 738//866 770//898 772//900
f 739//867 741//869 773//901
f 739//867 773//901 771//899
f 740//868 774//902 742//870
f 740//868 772//900 774//902
f 741//869 743//871 775//903
f 741//869 775//903 773//901
f 742//870 776//904 744//872
f 742//870 774//902 776//904
f 743//871 745//873 777//905
f 743//871 777//905 775//903
f 744//872 778//906 746//874
f 744//872 776//904 778//906
f 745//873 747//875 779//907
f 745//873 779//907 777//905
f 746//874 780//908 748//876
f 746//874 778//906 780//908
f 747//875 749//877 781//909
f 747//875 781//909 779//907
f 748//876 782//910 750//878
f 748//876 780//908 782//910
f 749//877 751//879 783//911
f 749//877 783//911 781//909
f 750//878 784//912 752//880
f 750//878 782//910 784//912
f 751//879 753//881 785//913
f 751//879 785//913 783//911
f 752//880 786//914 754//882
f 752//880 784//912 786//914
f 753//881 755//883 787//915
f 753//881 787//915 785//913
f 754//882 788//916 756//884
f 754//882 786//914 788//916
f 755//883 757//885 789//917
f 755//883 789//917 787//915
f 756//884 790//918 758//886
f 756//884 788//916 790//918
f 757//885 759//887 791//919
f 757//885 791//919 789//917
f 758//886 792//920 760//888
f 758//886 790//918 792//920
f 759//887 761//889 793//921
f 759//887 793//921 791//919
f 760//888 794//922 762//890
f 760//888 792//920 794//922
f 761//889 763//891 795//923
f 761//889 795//923 793//921
f 762//890 796//924 764//892
f 762//890 794//922 796//924
f 763//891 765//893 797//925
f 763//891 797//925 795//923
f 764//892 798//926 766//894
f 764//892 796//924 798//926
f 765//893 767//895 799//927
f 765//893 799//927 797//925
f 766//894 800//928 768//896
f 766//894 798//926 800//928
f 767//895 737//865 769//897
f 767//895 769//897 799//927
f 768//896 770//898 738//866
f 768//896 800//928 770//898
f 769//897 771//899 803//931
f 769//897 803//931 801//929
f 770//898 804//932 772//900
f 770//898 802//930 804//932
f 771//899 773//901 805//933
f 771//899 805//933 803//931
f 772//900 806//934 774//902
f 772//900 804//932 806//934
f 773//901 775//903 807//935
f 773//901 807//935 805//933
f 774//902 808//936 776//904
f 774//902 806//934 808//936
f 775//903 777//905 809//937
f 775//903 809//937 807//935
f 776//904 810//938 778//906
f 776//904 808//936 810//938
f 777//905 779//907 811//939
f 777//905 811//939 809//937
f 778//906 812//940 780//908
f 778//906 810//938 812//940
f 779//907 781//909 813//941
f 779//907 813//941 811//939
f 780//908 814//942 782//910
f 780//908 812//940 814//942
f 781//909 783//911 815//943
f 781//909 815//943 813//941
f 782//910 816//944 784//912
f 782//910 814//942 816//944
f 783//911 785//913 817//945
f 783//911 817//945 815//943
f 784//912 818//946 786//914
f 784//912 816//944 818//946
f 785//913 787//915 819//947
f 785//913 819//947 817//945
f 786//914 820//948 788//916
f 786//914 818//946 820//948
f 787//915 789//917 821//949
f 787//915 821//949 819//947
f 788//916 822//950 790//918
f 788//916 820//948 822//950
f 789//917 791//919 823//951
f 789//917 823//951 821//949
f 790//918 824//952 792//920
f 790//918 822//950 824//952
f 791//919 793//921 825//953
f 791//919 825//953 823//951
f 792//920 826//954 794//922
f 792//920 824//952 826//954
f 793//921 795//923 827//955
f 793//921 827//955 825//953
f 794//922 828//956 796//924
f 794//922 826//954 828//956
f 795//923 797//925 829//957
f 795//923 829//957 827//955
f 796//924 830//958 798//926
f 796//924 828//956 830//958
f 797//925 799//927 831//959
f 797//925 831//959 829//957
f 798//926 832//960 800//928
f 798//926 830//958 832//960
f 799//927 769//897 801//929
f 799//927 801//929 831//959
f 800//928 802//930 770//898
f 800//928 832//960 802//930
f 801//929 803//931 835//963
f 801//929 835//963 833//961
f 802//930 836//964 804//932
f 802//930 834//962 836//964
f 803//931 805//933 837//965
f 803//931 837//965 835//963
f 804//932 838//966 806//934
f 804//932 836//964 838//966
f 805//933 807//935 839//967
f 805//933 839//967 837//965
f 806//934 840//968 808//936
f 806//934 838//966 840//968
f 807//935 809//937 841//969
f 807//935 841//969 839//967
f 808//936 842//970 810//938
f 808//936 840//968 842//970
f 809//937 811//939 843//971
f 809//937 843//971 841//969
f 810//938 844//972 812//940
f 810//938 842//970 844//972
f 811//939 813//941 845//973
f 811//939 845//973 843//971
f 812//940 846//974 814//942
f 812//940 844//972 846//974
f 813//941 815//943 847//975
f 813//941 847//975 845//973
f 814//942 848//976 816//944
f 814//942 846//974 848//976
f 815//943 817//945 849//977
f 815//943 849//977 847//975
f 816//944 850//978 818//946
f 816//944 848//976 850//978
f 817//945 819//947 851//979
f 817//945 851//979 849//977
f 818//946 852//980 820//948
f 818//946 850//978 852//980
f 819//947 821//949 853//981
f 819//947 853//981 851//979
f 820//948 854//982 822//950
f 820//948 852//980 854//982
f 821//949 823//951 855//983
f 821//949 855//983 853//981
f 822//950 856//984 824//952
f 822//950 854//982 856//984
f 823//951 825//953 857//985
f 823//951 857//985 855//983
f 824//952 858//986 826//954
f 824//952 856//984 858//986
f 825//953 827//955 859//987
f 825//953 859//987 857//985
f 826//954 860//988 828//956
f 826//954 858//986 860//988
f 827//955 829//957 861//989
f 827//955 861//989 859//987
f 828//956 862//990 830//958
f 828//956 860//988 862//990
f 829//957 831//959 863//991
f 829//957 863//991 861//989
f 830//958 864//992 832//960
f 830//958 862//990 864//992
f 831//959 801//929 833//961
f 831//959 833//961 863//991
f 832//960 834//962 802//930
f 832//960 864//992 834//962
f 833//961 835//963 867//995
f 833//961 867//995 865//993
f 834//962 868//996 836//964
f 834//962 866//994 868//996
f 835//963 837//965 869//997
f 835//963 869//997 867//995
f 836//964 870//998 838//966
f 836//964 868//996 870//998
f 837//965 839//967 871//999
f 837//965 871//999 869//997
f 838//966 872//1000 840//968
f 838//966 870//998 872//1000
f 839//967 841//969 873//1001
f 839//967 873//1001 871//999
f 840//968 874//1002 842//970
f 840//968 872//1000 874//1002
f 841//969 843//971 875//1003
f 841//969 875//1003 873//1001
f 842//970 876//1004 844//972
f 842//970 874//1002 876//1004
f 843//971 845//973 877//1005
f 843//971 877//1005 875//1003
f 844//972 878//1006 846//974
f 844//972 876//1004 878//1006
f 845//973 847//975 879//1007
f 845//973 879//1007 877//1005
f 846//974 880//1008 848//976
f 846//974 878//1006 880//1008
f 847//975 849//977 881//1009
f 847//975 881//1009 879//1007
f 848//976 882//1010 850//978
f 848//976 880//1008 882//1010
f 849//977 851//979 883//1011
f 849//977 883//1011 881//1009
f 850//978 884//1012 852//980
f 850//978 882//1010 884//1012
f 851//979 853//981 885//1013
f 851//979 885//1013 883//1011
f 852//980 886//1014 854//982
f 852//980 884//1012 886//1014
f 853//981 855//983 887//1015
f 853//981 887//1015 885//1013
f 854//982 888//1016 856//984
f 854//982 886//1014 888//1016
f 855//983 857//985 889//1017
f 855//983 889//1017 887//1015
f 856//984 890//1018 858//986
f 856//984 888//1016 890//1018
f 857//985 859//987 891//1019
f 857//985 891//1019 889//1017
f 858//986 892//1020 860//988
f 858//986 890//1018 892//1020
f 859//987 861//989 893//1021
f 859//987 893//1021 891//1019
f 860//988 894//1022 862//990
f 860//988 892//1020 894//1022
f 861//989 863//991 895//1023
f 861//989 895//1023 893//1021
f 862//990 896//1024 864//992
f 862//990 894//1022 896//1024
f 863//991 833//961 865//993
f 863//991 865//993 895//1023
f 864//992 866//994 834//962
f 864//992 896//1024 866//994
f 865//993 867//995 899//1027
f 865//993 899//1027 897//1025
f 866//994 900//1028 868//996
f 866//994 898//1026 900//1028
f 867//995 869//997 901//1029
f 867//995 901//1029 899//1027
f 868//996 902//1030 870//998
f 868//996 900//1028 902//1030
f 869//997 871//999 903//1031
f 869//997 903//1031 901//1029
f 870//998 904//1032 872//1000
f 870//998 902//1030 904//1032
f 871//999 873//1001 905//1033
f 871//999 905//1033 903//1031
f 872//1000 906//1034 874//1002
f 872//1000 904//1032 906//1034
f 873//1001 875//1003 907//1035
f 873//1001 907//1035 905//1033
f 874//1002 908//1036 876//1004
f 874//1002 906//1034 908//1036
f 875//1003 877//1005 909//1037
f 875//1003 909//1037 907//1035
f 876//1004 910//1038 878//1006
f 876//1004 908//1036 910//1038
f 877//1005 879//1007 911//1039
f 877//1005 911//1039 909//1037
f 878//1006 912//1040 880//1008
f 878//1006 910//1038 912//1040
f 879//1007 881//1009 913//1041
f 879//1007 913//1041 911//1039
f 880//1008 914//1042 882//1010
f 880//1008 912//1040 914//1042
f 881//1009 883//1011 915//1043
f 881//1009 915//1043 913//1041
f 882//1010 916//1044 884//1012
f 882//1010 914//1042 916//1044
f 883//1011 885//1013 917//1045
f 883//1011 917//1045 915//1043
f 884//1012 918//1046 886//1014
f 884//1012 916//1044 918//1046
f 885//1013 887//1015 919//1047
f 885//1013 919//1047 917//1045
f 886//1014 920//1048 888//1016
f 886//1014 918//1046 920//1048
f 887//1015 889//1017 921//1049
f 887//1015 921//1049 919//1047
f 888//1016 922//1050 890//1018
f 888//1016 920//1048 922//1050
f 889//1017 891//1019 923//1051
f 889//1017 923//1051 921//1049
f 890//1018 924//1052 892//1020
f 890//1018 922//1050 924//1052
f 891//1019 893//1021 925//1053
f 891//1019 925//1053 923//1051
f 892//1020 926//1054 894//1022
f 892//1020 924//1052 926//1054
f 893//1021 895//1023 927//1055
f 893//1021 927//1055 925//1053
f 894//1022 928//1056 896//1024
f 894//1022 926//1054 928//1056
f 895//1023 865//993 897//1025
f 895//1023 897//1025 927//1055
f 896//1024 898//1026 866//994
f 896//1024 928//1056 898//1026
f 897//1025 899//1027 931//1059
f 897//1025 931//1059 929//1057
f 898//1026 932//1060 900//1028
f 898//1026 930//1058 932//1060
f 899//1027 901//1029 933//1061
f 899//1027 933//1061 931//1059
f 900//1028 934//1062 902//1030
f 900//1028 932//1060 934//1062
f 901//1029 903//1031 935//1063
f 901//1029 935//1063 933//1061
f 902//1030 936//1064 904//1032
f 902//1030 934//1062 936//1064
f 903//1031 905//1033 937//1065
f 903//1031 937//1065 935//1063
f 904//1032 938//1066 906//1034
f 904//1032 936//1064 938//1066
f 905//1033 907//1035 939//1067
f 905//1033 939//1067 937//1065
f 906//1034 940//1068 908//1036
f 906//1034 938//1066 940//1068
f 907//1035 909//1037 941//1069
f 907//1035 941//1069 939//1067
f 908//1036 942//1070 910//1038
f 908//1036 940//1068 942//1070
f 909//1037 911//1039 943//1071
f 909//1037 943//1071 941//1069
f 910//1038 944//1072 912//1040
f 910//1038 942//1070 944//1072
f 911//1039 913//1041 945//1073
f 911//1039 945//1073 943//1071
f 912//1040 946//1074 914//1042
f 912//1040 944//1072 946//1074
f 913//1041 915//1043 947//1075
f 913//1041 947//1075 945//1073
f 914//1042 948//1076 916//1044
f 914//1042 946//1074 948//1076
f 915//1043 917//1045 949//1077
f 915//1043 949//1077 947//1075
f 916//1044 950//1078 918//1046
f 916//1044 948//1076 950//1078
f 917//1045 919//1047 951//1079
f 917//1045 951//1079 949//1077
f 918//1046 952//1080 920//1048
f 918//1046 950//1078 952//1080
f 919//1047 921//1049 953//1081
f 919//1047 953//1081 951//1079
f 920//1048 954//1082 922//1050
f 920//1048 952//1080 954//1082
f 921//1049 923//1051 955//1083
f 921//1049 955//1083 953//1081
f 922//1050 956//1084 924//1052
f 922//1050 954//1082 956//1084
f 923//1051 925//1053 957//1085
f 923//1051 957//1085 955//1083
f 924//1052 958//1086 926//1054
f 924//1052 956//1084 958//1086
f 925//1053 927//1055 959//1087
f 925//1053 959//1087 957//1085
f 926//1054 960//1088 928//1056
f 926//1054 958//1086 960//1088
f 927//1055 897//1025 929//1057
f 927//1055 929//1057 959//1087
f 928//1056 930//1058 898//1026
f 928//1056 960//1088 930//1058
f 929//1057 931//1059 963//1091
f 929//1057 963//1091 961//1089
f 930//1058 964//1092 932//1060
f 930//1058 962//1090 964//1092
f 931//1059 933//1061 965//1093
f 931//1059 965//1093 963//1091
f 932//1060 966//1094 934//1062
f 932//1060 964//1092 966//1094
f 933//1061 935//1063 967//1095
f 933//1061 967//1095 965//1093
f 934//1062 968//1096 936//1064
f 934//1062 966//1094 968//1096
f 935//1063 937//1065 969//1097
f 935//1063 969//1097 967//1095
f 936//1064 970//1098 938//1066
f 936//1064 968//1096 970//1098
f 937//1065 939//1067 971//1099
f 937//1065 971//1099 969//1097
f 938//1066 972//1100 940//1068
f 938//1066 970//1098 972//1100
f 939//1067 941//1069 973//1101
f 939//1067 973//1101 971//1099
f 940//1068 974//1102 942//1070
f 940//1068 972//1100 974//1102
f 941//1069 943//1071 975//1103
f 941//1069 975//1103 973//1101
f 942//1070 976//1104 944//1072
f 942//1070 974//1102 976//1104
f 943//1071 945//1073 977//1105
f 943//1071 977//1105 975//1103
f 944//1072 978//1106 946//1074
f 944//1072 976//1104 978//1106
f 945//1073 947//1075 979//1107
f 945//1073 979//1107 977//1105
f 946//1074 980//1108 948//1076
f 946//1074 978//1106 980//1108
f 947//1075 949//1077 981//1109
f 947//1075 981//1109 979//1107
f 948//1076 982//1110 950//1078
f 948//1076 980//1108 982//1110
f 949//1077 951//1079 983//1111
f 949//1077 983//1111 981//1109
f 950//1078 984//1112 952//1080
f 950//1078 982//1110 984//1112
f 951//1079 953//1081 985//1113
f 951//1079 985//1113 983//1111
f 952//1080 986//1114 954//1082
f 952//1080 984//1112 986//1114
f 953//1081 955//1083 987//1115
f 953//1081 987//1115 985//1113
f 954//1082 988//1116 956//1084
f 954//1082 986//1114 988//1116
f 955//1083 957//1085 989//1117
f 955//1083 989//1117 987//1115
f 956//1084 990//1118 958//1086
f 956//1084 988//1116 990//1118
f 957//1085 959//1087 991//1119
f 957//1085 991//1119 989//1117
f 958//1086 992//1120 960//1088
f 958//1086 990//1118 992//1120
f 959//1087 929//1057 961//1089
f 959//1087 961//1089 991//1119
f 960//1088 962//1090 930//1058
f 960//1088 992//1120 962//1090
f 961//1089 963//1091 995//1123
f 961//1089 995//1123 993//1121
f 962//1090 996//1124 964//1092
f 962//1090 994//1122 996//1124
f 963//1091 965//1093 997//1125
f 963//1091 997//1125 995//1123
f 964//1092 998//1126 966//1094
f 964//1092 996//1124 998//1126
f 965//1093 967//1095 999//1127
f 965//1093 999//1127 997//1125
f 966//1094 1000//1128 968//1096
f 966//1094 998//1126 1000//1128
f 967//1095 969//1097 1001//1129
f 967//1095 1001//1129 999//1127
f 968//1096 1002//1130 970//1098
f 968//1096 1000//1128 1002//1130
f 969//1097 971//1099 1003//1131
f 969//1097 1003//1131 1001//1129
f 970//1098 1004//1132 972//1100
f 970//1098 1002//1130 1004//1132
f 971//1099 973//1101 1005//1133
f 971//1099 1005//1133 1003//1131
f 972//1100 1006//1134 974//1102
f 972//1100 1004//1132 1006//1134
f 973//1101 975//1103 1007//1135
f 973//1101 1007//1135 1005//1133
f 974//1102 1008//1136 976//1104
f 974//1102 1006//1134 1008//1136
f 975//1103 977//1105 1009//1137
f 975//1103 1009//1137 1007//1135
f 976//1104 1010//1138 978//1106
f 976//1104 1008//1136 1010//1138
f 977//1105 979//1107 1011//1139
f 977//1105 1011//1139 1009//1137
f 978//1106 1012//1140 980//1108
f 978//1106 1010//1138 1012//1140
f 979//1107 981//1109 1013//1141
f 979//1107 1013//1141 1011//1139
f 980//1108 1014//1142 982//1110
f 980//1108 1012//1140 1014//1142
f 981//1109 983//1111 1015//1143
f 981//1109 1015//1143 1013//1141
f 982//1110 1016//1144 984//1112
f 982//1110 1014//1142 1016//1144
f 983//1111 985//1113 1017//1145
f 983//1111 1017//1145 1015//1143
f 984//1112 1018//1146 986//1114
f 984//1112 1016//1144 1018//1146
f 985//1113 987//1115 1019//1147
f 985//1113 1019//1147 1017//1145
f 986//1114 1020//1148 988//1116
f 986//1114 1018//1146 1020//1148
f 987//1115 989//1117 1021//1149
f 987//1115 1021//1149 1019//1147
f 988//1116 1022//1150 990//1118
f 988//1116 1020//1148 1022//1150
f 989//1117 991//1119 1023//1151
f 989//1117 1023//1151 1021//1149
f 990//1118 1024//1152 992//1120
f 990//1118 1022//1150 1024//1152
f 991//1119 961//1089 993//1121
f 991//1119 993//1121 1023//1151
f 992//1120 994//1122 962//1090
f 992//1120 1024//1152 994//1122
f 993//1121 995//1123 1027//1155
f 993//1121 1027//1155 1025//1153
f 994//1122 1028//1156 996//1124
f 994//1122 1026//1154 1028//1156
f 995//1123 997//1125 1029//1157
f 995//1123 1029//1157 1027//1155
f 996//1124 1030//1158 998//1126
f 996//1124 1028//1156 1030//1158
f 997//1125 999//1127 1031//1159
f 997//1125 1031//1159 1029//1157
f 998//1126 1032//1160 1000//1128
f 998//1126 1030//1158 1032//1160
f 999//1127 1001//1129 1033//1161
f 999//1127 1033//1161 1031//1159
f 1000//1128 1034//1162 1002//1130
f 1000//1128 1032//1160 1034//1162
f 1001//1129 1003//1131 1035//1163
f 1001//1129 1035//1163 1033//1161
f 1002//1130 1036//1164 1004//1132
f 1002//1130 1034//1162 1036//1164
f 1003//1131 1005//1133 1037//1165
f 1003//1131 1037//1165 1035//1163
f 1004//1132 1038//1166 1006//1134
f 1004//1132 1036//1164 1038//1166
f 1005//1133 1007//1135 1039//1167
f 1005//1133 1039//1167 1037//1165
f 1006//1134 1040//1168 1008//1136
f 1006//1134 1038//1166 1040//1168
f 1007//1135 1009//1137 1041//1169
f 1007//1135 1041//1169 1039//1167
f 1008//1136 1042//1170 1010//1138
f 1008//1136 1040//1168 1042//1170
f 1009//1137 1011//1139 1043//1171
f 1009//1137 1043//1171 1041//1169
f 1010//1138 1044//1172 1012//1140
f 1010//1138 1042//1170 1044//1172
f 1011//1139 1013//1141 1045//1173
f 1011//1139 1045//1173 1043//1171
f 1012//1140 1046//1174 1014//1142
f 1012//1140 1044//1172 1046//1174
f 1013//1141 1015//1143 1047//1175
f 1013//1141 1047//1175 1045//1173
f 1014//1142 1048//1176 1016//1144
f 1014//1142 1046//1174 1048//1176
f 1015//1143 1017//1145 1049//1177
f 1015//1143 1049//1177 1047//1175
f 1016//1144 1050//1178 1018//1146
f 1016//1144 1048//1176 1050//1178
f 1017//1145 1019//1147 1051//1179
f 1017//1145 1051//1179 1049//1177
f 1018//1146 1052//1180 1020//1148
f 1018//1146 1050//1178 1052//1180
f 1019//1147 1021//1149 1053//1181
f 1019//1147 1053//1181 1051//1179
f 1020//1148 1054//1182 1022//1150
f 1020//1148 1052//1180 1054//1182
f 1021//1149 1023//1151 1055//1183
f 1021//1149 1055//1183 1053//1181
f 1022//1150 1056//1184 1024//1152
f 1022//1150 1054//1182 1056//1184
f 1023//1151 993//1121 1025//1153
f 1023//1151 1025//1153 1055//1183
f 1024//1152 1026//1154 994//1122
f 1024//1152 1056//1184 1026//1154
f 705//1185 708//1185 707//1185
f 705//1186 706//1186 708//1186
f 1025//1187 1027//1187 1028//1187
f 1025//1188 1028//1188 1026//1188
f 707//1189 710//1189 709//1189
f 707//1190 708//1190 710//1190
f 1027//1191 1029//1191 1030//1191
f 1027//1192 1030//1192 1028//1192
f 709//1193 712//1193 711//1193
f 709//1194 710//1194 712//1194
f 1029//1195 1031//1195 1032//1195
f 1029//1196 1032//1196 1030//1196
f 711//1197 714//1197 713//1197
f 711//1198 712//1198 714//1198
f 1031//1199 1033//1199 1034//1199
f 1031//1200 1034//1200 1032//1200
f 713//1201 716//1201 715//1201
f 713//1202 714//1202 716//1202
f 1033//1203 1035//1203 1036//1203
f 1033//1204 1036//1204 1034//1204
f 715//1205 718//1205 717//1205
f 715//1206 716//1206 718//1206
f 1035//1207 1037//1207 1038//1207
f 1035//1208 1038//1208 1036//1208
f 717//1209 720//1209 719//1209
f 717//1210 718//1210 720//1210
f 1037//1211 1039//1211 1040//1211
f 1037//1212 1040//1212 1038//1212
f 719//1213 722//1213 721//1213
f 719//1214 720//1214 722//1214
f 1039//1215 1041//1215 1042//1215
f 1039//1216 1042//1216 1040//1216
f 721//1217 724//1217 723//1217
f 721//1218 722//1218 724//1218
f 1041//1219 1043//1219 1044//1219
f 1041//1220 1044//1220 1042//1220
f 723//1221 726//1221 725//1221
f 723//1222 724//1222 726//1222
f 1043//1223 1045//1223 1046//1223
f 1043//1224 1046//1224 1044//1224
f 725//1225 728//1225 727//1225
f 725//1226 726//1226 728//1226
f 1045//1227 1047//1227 1048//1227
f 1045//1228 1048//1228 1046//1228
f 727//1229 730//1229 729//1229
f 727//1230 728//1230 730//1230
f 1047//1231 1049//1231 1050//1231
f 1047//1232 1050//1232 1048//1232
f 729//1233 732//1233 731//1233
f 729//1234 730//1234 732//1234
f 1049//1235 1051//1235 1052//1235
f 1049//1236 1052//1236 1050//1236
f 731//1237 734//1237 733//1237
f 731//1238 732//1238 734//1238
f 1051//1239 1053//1239 1054//1239
f 1051//1240 1054//1240 1052//1240
f 733//1241 736//1241 735//1241
f 733//1242 734//1242 736//1242
f 1053//1243 1055//1243 1056//1243
f 1053//1244 1056//1244 1054//1244
f 735//1245 706//1245 705//1245
f 735//1246 736//1246 706//1246
f 1055//1247 1025//1247 1026//1247
f 1055//1248 1026//1248 1056//1248
f 1057//1249 1059//1251 1091//1283
f 1057//1249 1091//1283 1089//1281
f 1058//1250 1092//1284 1060//1252
f 1058//1250 1090//1282 1092//1284
f 1059//1251 1061//1253 1093//1285
f 1059//1251 1093//1285 1091//1283
f 1060//1252 1094//1286 1062//1254
f 1060//1252 1092//1284 1094//1286
f 1061//1253 1063//1255 1095//1287
f 1061//1253 1095//1287 1093//1285
f 1062//1254 1096//1288 1064//1256
f 1062//1254 1094//1286 1096//1288
f 1063//1255 1065//1257 1097//1289
f 1063//1255 1097//1289 1095//1287
f 1064//1256 1098//1290 1066//1258
f 1064//1256 1096//1288 1098//1290
f 1065//1257 1067//1259 1099//1291
f 1065//1257 1099//1291 1097//1289
f 1066//1258 1100//1292 1068//1260
f 1066//1258 1098//1290 1100//1292
f 1067//1259 1069//1261 1101//1293
f 1067//1259 1101//1293 1099//1291
f 1068//1260 1102//1294 1070//1262
f 1068//1260 1100//1292 1102//1294
f 1069//1261 1071//1263 1103//1295
f 1069//1261 1103//1295 1101//1293
f 1070//1262 1104//1296 1072//1264
f 1070//1262 1102//1294 1104//1296
f 1071//1263 1073//1265 1105//1297
f 1071//1263 1105//1297 1103//1295
f 1072//1264 1106//1298 1074//1266
f 1072//1264 1104//1296 1106//1298
f 1073//1265 1075//1267 1107//1299
f 1073//1265 1107//1299 1105//1297
f 1074//1266 1108//1300 1076//1268
f 1074//1266 1106//1298 1108//1300
f 1075//1267 1077//1269 1109//1301
f 1075//1267 1109//1301 1107//1299
f 1076//1268 1110//1302 1078//1270
f 1076//1268 1108//1300 1110//1302
f 1077//1269 1079//1271 1111//1303
f 1077//1269 1111//1303 1109//1301
f 1078//1270 1112//1304 1080//1272
f 1078//1270 1110//1302 1112//1304
f 1079//1271 1081//1273 1113//1305
f 1079//1271 1113//1305 1111//1303
f 1080//1272 1114//1306 1082//1274
f 1080//1272 1112//1304 1114//1306
f 1081//1273 1083//1275 1115//1307
f 1081//1273 1115//1307 1113//1305
f 1082//1274 1116//1308 1084//1276
f 1082//1274 1114//1306 1116//1308
f 1083//1275 1085//1277 1117//1309
f 1083//1275 1117//1309 1115//1307
f 1084//1276 1118//1310 1086//1278
f 1084//1276 1116//1308 1118//1310
f 1085//1277 1087//1279 1119//1311
f 1085//1277 1119//1311 1117//1309
f 1086//1278 1120//1312 1088//1280
f 1086//1278 1118//1310 1120//1312
f 1087//1279 1057//1249 1089//1281
f 1087//1279 1089//1281 1119//1311
f 1088//1280 1090//1282 1058//1250
f 1088//1280 1120//1312 1090//1282
f 1089//1281 1091//1283 1123//1315
f 1089//1281 1123//1315 1121//1313
f 1090//1282 1124//1316 1092//1284
f 1090//1282 1122//1314 1124//1316
f 1091//1283 1093//1285 1125//1317
f 1091//1283 1125//1317 1123//1315
f 1092//1284 1126//1318 1094//1286
f 1092//1284 1124//1316 1126//1318
f 1093//1285 1095//1287 1127//1319
f 1093//1285 1127//1319 1125//1317
f 1094//1286 1128//1320 1096//1288
f 1094//1286 1126//1318 1128//1320
f 1095//1287 1097//1289 1129//1321
f 1095//1287 1129//1321 1127//1319
f 1096//1288 1130//1322 1098//1290
f 1096//1288 1128//1320 1130//1322
f 1097//1289 1099//1291 1131//1323
f 1097//1289 1131//1323 1129//1321
f 1098//1290 1132//1324 1100//1292
f 1098//1290 1130//1322 1132//1324
f 1099//1291 1101//1293 1133//1325
f 1099//1291 1133//1325 1131//1323
f 1100//1292 1134//1326 1102//1294
f 1100//1292 1132//1324 1134//1326
f 1101//1293 1103//1295 1135//1327
f 1101//1293 1135//1327 1133//1325
f 1102//1294 1136//1328 1104//1296
f 1102//1294 1134//1326 1136//1328
f 1103//1295 1105//1297 1137//1329
f 1103//1295 1137//1329 1135//1327
f 1104//1296 1138//1330 1106//1298
f 1104//1296 1136//1328 1138//1330
f 1105//1297 1107//1299 1139//1331
f 1105//1297 1139//1331 1137//1329
f 1106//1298 1140//1332 1108//1300
f 1106//1298 1138//1330 1140//1332
f 1107//1299 1109//1301 1141//1333
f 1107//1299 1141//1333 1139//1331
f 1108//1300 1142//1334 1110//1302
f 1108//1300 1140//1332 1142//1334
f 1109//1301 1111//1303 1143//1335
f 1109//1301 1143//1335 1141//1333
f 1110//1302 1144//1336 1112//1304
f 1110//1302 1142//1334 1144//1336
f 1111//1303 1113//1305 1145//1337
f 1111//1303 1145//1337 1143//1335
f 1112//1304 1146//1338 1114//1306
f 1112//1304 1144//1336 1146//1338
f 1113//1305 1115//1307 1147//1339
f 1113//1305 1147//1339 1145//1337
f 1114//1306 1148//1340 1116//1308
f 1114//1306 1146//1338 1148//1340
f 1115//1307 1117//1309 1149//1341
f 1115//1307 1149//1341 1147//1339
f 1116//1308 1150//1342 1118//1310
f 1116//1308 1148//1340 1150//1342
f 1117//1309 1119//1311 1151//1343
f 1117//1309 1151//1343 1149//1341
f 1118//1310 1152//1344 1120//1312
f 1118//1310 1150//1342 1152//1344
f 1119//1311 1089//1281 1121//1313
f 1119//1311 1121//1313 1151//1343
f 1120//1312 1122//1314 1090//1282
f 1120//1312 1152//1344 1122//1314
f 1121//1313 1123//1315 1155//1347
f 1121//1313 1155//1347 1153//1345
f 1122//1314 1156//1348 1124//1316
f 1122//1314 1154//1346 1156//1348
f 1123//1315 1125//1317 1157//1349
f 1123//1315 1157//1349 1155//1347
f 1124//1316 1158//1350 1126//1318
f 1124//1316 1156//1348 1158//1350
f 1125//1317 1127//1319 1159//1351
f 1125//1317 1159//1351 1157//1349
f 1126//1318 1160//1352 1128//1320
f 1126//1318 1158//1350 1160//1352
f 1127//1319 1129//1321 1161//1353
f 1127//1319 1161//1353 1159//1351
f 1128//1320 1162//1354 1130//1322
f 1128//1320 1160//1352 1162//1354
f 1129//1321 1131//1323 1163//1355
f 1129//1321 1163//1355 1161//1353
f 1130//1322 1164//1356 1132//1324
f 1130//1322 1162//1354 1164//1356
f 1131//1323 1133//1325 1165//1357
f 1131//1323 1165//1357 1163//1355
f 1132//1324 1166//1358 1134//1326
f 1132//1324 1164//1356 1166//1358
f 1133//1325 1135//1327 1167//1359
f 1133//1325 1167//1359 1165//1357
f 1134//1326 1168//1360 1136//1328
f 1134//1326 1166//1358 1168//1360
f 1135//1327 1137//1329 1169//1361
f 1135//1327 1169//1361 1167//1359
f 1136//1328 1170//1362 1138//1330
f 1136//1328 1168//1360 1170//1362
f 1137//1329 1139//1331 1171//1363
f 1137//1329 1171//1363 1169//1361
f 1138//1330 1172//1364 1140//1332
f 1138//1330 1170//1362 1172//1364
f 1139//1331 1141//1333 1173//1365
f 1139//1331 1173//1365 1171//1363
f 1140//1332 1174//1366 1142//1334
f 1140//1332 1172//1364 1174//1366
f 1141//1333 1143//1335 1175//1367
f 1141//1333 1175//1367 1173//1365
f 1142//1334 1176//1368 1144//1336
f 1142//1334 1174//1366 1176//1368
f 1143//1335 1145//1337 1177//1369
f 1143//1335 1177//1369 1175//1367
f 1144//1336 1178//1370 1146//1338
f 1144//1336 1176//1368 1178//1370
f 1145//1337 1147//1339 1179//1371
f 1145//1337 1179//1371 1177//1369
f 1146//1338 1180//1372 1148//1340
f 1146//1338 1178//1370 1180//1372
f 1147//1339 1149//1341 1181//1373
f 1147//1339 1181//1373 1179//1371
f 1148//1340 1182//1374 1150//1342
f 1148//1340 1180//1372 1182//1374
f 1149//1341 1151//1343 1183//1375
f 1149//1341 1183//1375 1181//1373
f 1150//1342 1184//1376 1152//1344
f 1150//1342 1182//1374 1184//1376
f 1151//1343 1121//1313 1153//1345
f 1151//1343 1153//1345 1183//1375
f 1152//1344 1154//1346 1122//1314
f 1152//1344 1184//1376 1154//1346
f 1153//1345 1155//1347 1187//1379
f 1153//1345 1187//1379 1185//1377
f 1154//1346 1188//1380 1156//1348
f 1154//1346 1186//1378 1188//1380
f 1155//1347 1157//1349 1189//1381
f 1155//1347 1189//1381 1187//1379
f 1156//1348 1190//1382 1158//1350
f 1156//1348 1188//1380 1190//1382
f 1157//1349 1159//1351 1191//1383
f 1157//1349 1191//1383 1189//1381
f 1158//1350 1192//1384 1160//1352
f 1158//1350 1190//1382 1192//1384
f 1159//1351 1161//1353 1193//1385
f 1159//1351 1193//1385 1191//1383
f 1160//1352 1194//1386 1162//1354
f 1160//1352 1192//1384 1194//1386
f 1161//1353 1163//1355 1195//1387
f 1161//1353 1195//1387 1193//1385
f 1162//1354 1196//1388 1164//1356
f 1162//1354 1194//1386 1196//1388
f 1163//1355 1165//1357 1197//1389
f 1163//1355 1197//1389 1195//1387
f 1164//1356 1198//1390 1166//1358
f 1164//1356 1196//1388 1198//1390
f 1165//1357 1167//1359 1199//1391
f 1165//1357 1199//1391 1197//1389
f 1166//1358 1200//1392 1168//1360
f 1166//1358 1198//1390 1200//1392
f 1167//1359 1169//1361 1201//1393
f 1167//1359 1201//1393 1199//1391
f 1168//1360 1202//1394 1170//1362
f 1168//1360 1200//1392 1202//1394
f 1169//1361 1171//1363 1203//1395
f 1169//1361 1203//1395 1201//1393
f 1170//1362 1204//1396 1172//1364
f 1170//1362 1202//1394 1204//1396
f 1171//1363 1173//1365 1205//1397
f 1171//1363 1205//1397 1203//1395
f 1172//1364 1206//1398 1174//1366
f 1172//1364 1204//1396 1206//1398
f 1173//1365 1175//1367 1207//1399
f 1173//1365 1207//1399 1205//1397
f 1174//1366 1208//1400 1176//1368
f 1174//1366 1206//1398 1208//1400
f 1175//1367 1177//1369 1209//1401
f 1175//1367 1209//1401 1207//1399
f 1176//1368 1210//1402 1178//1370
f 1176//1368 1208//1400 1210//1402
f 1177//1369 1179//1371 1211//1403
f 1177//1369 1211//1403 1209//1401
f 1178//1370 1212//1404 1180//1372
f 1178//1370 1210//1402 1212//1404
f 1179//1371 1181//1373 1213//1405
f 1179//1371 1213//1405 1211//1403
f 1180//1372 1214//1406 1182//1374
f 1180//1372 1212//1404 1214//1406
f 1181//1373 1183//1375 1215//1407
f 1181//1373 1215//1407 1213//1405
f 1182//1374 1216//1408 1184//1376
f 1182//1374 1214//1406 1216//1408
f 1183//1375 1153//1345 1185//1377
f 1183//1375 1185//1377 1215//1407
f 1184//1376 1186//1378 1154//1346
f 1184//1376 1216//1408 1186//1378
f 1185//1377 1187//1379 1219//1411
f 1185//1377 1219//1411 1217//1409
f 1186//1378 1220//1412 1188//1380
f 1186//1378 1218//1410 1220//1412
f 1187//1379 1189//1381 1221//1413
f 1187//1379 1221//1413 1219//1411
f 1188//1380 1222//1414 1190//1382
f 1188//1380 1220//1412 1222//1414
f 1189//1381 1191//1383 1223//1415
f 1189//1381 1223//1415 1221//1413
f 1190//1382 1224//1416 1192//1384
f 1190//1382 1222//1414 1224//1416
f 1191//1383 1193//1385 1225//1417
f 1191//1383 1225//1417 1223//1415
f 1192//1384 1226//1418 1194//1386
f 1192//1384 1224//1416 1226//1418
f 1193//1385 1195//1387 1227//1419
f 1193//1385 1227//1419 1225//1417
f 1194//1386 1228//1420 1196//1388
f 1194//1386 1226//1418 1228//1420
f 1195//1387 1197//1389 1229//1421
f 1195//1387 1229//1421 1227//1419
f 1196//1388 1230//1422 1198//1390
f 1196//1388 1228//1420 1230//1422
f 1197//1389 1199//1391 1231//1423
f 1197//1389 1231//1423 1229//1421
f 1198//1390 1232//1424 1200//1392
f 1198//1390 1230//1422 1232//1424
f 1199//1391 1201//1393 1233//1425
f 1199//1391 1233//1425 1231//1423
f 1200//1392 1234//1426 1202//1394
f 1200//1392 1232//1424 1234//1426
f 1201//1393 1203//1395 1235//1427
f 1201//1393 1235//1427 1233//1425
f 1202//1394 1236//1428 1204//1396
f 1202//1394 1234//1426 1236//1428
f 1203//1395 1205//1397 1237//1429
f 1203//1395 1237//1429 1235//1427
f 1204//1396 1238//1430 1206//1398
f 1204//1396 1236//1428 1238//1430
f 1205//1397 1207//1399 1239//1431
f 1205//1397 1239//1431 1237//1429
f 1206//1398 1240//1432 1208//1400
f 1206//1398 1238//1430 1240//1432
f 1207//1399 1209//1401 1241//1433
f 1207//1399 1241//1433 1239//1431
f 1208//1400 1242//1434 1210//1402
f 1208//1400 1240//1432 1242//1434
f 1209//1401 1211//1403 1243//1435
f 1209//1401 1243//1435 1241//1433
f 1210//1402 1244//1436 1212//1404
f 1210//1402 1242//1434 1244//1436
f 1211//1403 1213//1405 1245//1437
f 1211//1403 1245//1437 1243//1435
f 1212//1404 1246//1438 1214//1406
f 1212//1404 1244//1436 1246//1438
f 1213//1405 1215//1407 1247//1439
f 1213//1405 1247//1439 1245//1437
f 1214//1406 1248//1440 1216//1408
f 1214//1406 1246//1438 1248//1440
f 1215//1407 1185//1377 1217//1409
f 1215//1407 1217//1409 1247//1439
f 1216//1408 1218//1410 1186//1378
f 1216//1408 1248//1440 1218//1410
f 1217//1409 1219//1411 1251//1443
f 1217//1409 1251//1443 1249//1441
f 1218//1410 1252//1444 1220//1412
f 1218//1410 1250//1442 1252//1444
f 1219//1411 1221//1413 1253//1445
f 1219//1411 1253//1445 1251//1443
f 1220//1412 1254//1446 1222//1414
f 1220//1412 1252//1444 1254//1446
f 1221//1413 1223//1415 1255//1447
f 1221//1413 1255//1447 1253//1445
f 1222//1414 1256//1448 1224//1416
f 1222//1414 1254//1446 1256//1448
f 1223//1415 1225//1417 1257//1449
f 1223//1415 1257//1449 1255//1447
f 1224//1416 1258//1450 1226//1418
f 1224//1416 1256//1448 1258//1450
f 1225//1417 1227//1419 1259//1451
f 1225//1417 1259//1451 1257//1449
f 1226//1418 1260//1452 1228//1420
f 1226//1418 1258//1450 1260//1452
f 1227//1419 1229//1421 1261//1453
f 1227//1419 1261//1453 1259//1451
f 1228//1420 1262//1454 1230//1422
f 1228//1420 1260//1452 1262//1454
f 1229//1421 1231//1423 1263//1455
f 1229//1421 1263//1455 1261//1453
f 1230//1422 1264//1456 1232//1424
f 1230//1422 1262//1454 1264//1456
f 1231//1423 1233//1425 1265//1457
f 1231//1423 1265//1457 1263//1455
f 1232//1424 1266//1458 1234//1426
f 1232//1424 1264//1456 1266//1458
f 1233//1425 1235//1427 1267//1459
f 1233//1425 1267//1459 1265//1457
f 1234//1426 1268//1460 1236//1428
f 1234//1426 1266//1458 1268//1460
f 1235//1427 1237//1429 1269//1461
f 1235//1427 1269//1461 1267//1459
f 1236//1428 1270//1462 1238//1430
f 1236//1428 1268//1460 1270//1462
f 1237//1429 1239//1431 1271//1463
f 1237//1429 1271//1463 1269//1461
f 1238//1430 1272//1464 1240//1432
f 1238//1430 1270//1462 1272//1464
f 1239//1431 1241//1433 1273//1465
f 1239//1431 1273//1465 1271//1463
f 1240//1432 1274//1466 1242//1434
f 1240//1432 1272//1464 1274//1466
f 1241//1433 1243//1435 1275//1467
f 1241//1433 1275//1467 1273//1465
f 1242//1434 1276//1468 1244//1436
f 1242//1434 1274//1466 1276//1468
f 1243//1435 1245//1437 1277//1469
f 1243//1435 1277//1469 1275//1467
f 1244//1436 1278//1470 1246//1438
f 1244//1436 1276//1468 1278//1470
f 1245//1437 1247//1439 1279//1471
f 1245//1437 1279//1471 1277//1469
f 1246//1438 1280//1472 1248//1440
f 1246//1438 1278//1470 1280//1472
f 1247//1439 1217//1409 1249//1441
f 1247//1439 1249//1441 1279//1471
f 1248//1440 1250//1442 1218//1410
f 1248//1440 1280//1472 1250//1442
f 1249//1441 1251//1443 1283//1475
f 1249//1441 1283//1475 1281//1473
f 1250//1442 1284//1476 1252//1444
f 1250//1442 1282//1474 1284//1476
f 1251//1443 1253//1445 1285//1477
f 1251//1443 1285//1477 1283//1475
f 1252//1444 1286//1478 1254//1446
f 1252//1444 1284//1476 1286//1478
f 1253//1445 1255//1447 1287//1479
f 1253//1445 1287//1479 1285//1477
f 1254//1446 1288//1480 1256//1448
f 1254//1446 1286//1478 1288//1480
f 1255//1447 1257//1449 1289//1481
f 1255//1447 1289//1481 1287//1479
f 1256//1448 1290//1482 1258//1450
f 1256//1448 1288//1480 1290//1482
f 1257//1449 1259//1451 1291//1483
f 1257//1449 1291//1483 1289//1481
f 1258//1450 1292//1484 1260//1452
f 1258//1450 1290//1482 1292//1484
f 1259//1451 1261//1453 1293//1485
f 1259//1451 1293//1485 1291//1483
f 1260//1452 1294//1486 1262//1454
f 1260//1452 1292//1484 1294//1486
f 1261//1453 1263//1455 1295//1487
f 1261//1453 1295//1487 1293//1485
f 1262//1454 1296//1488 1264//1456
f 1262//1454 1294//1486 1296//1488
f 1263//1455 1265//1457 1297//1489
f 1263//1455 1297//1489 1295//1487
f 1264//1456 1298//1490 1266//1458
f 1264//1456 1296//1488 1298//1490
f 1265//1457 1267//1459 1299//1491
f 1265//1457 1299//1491 1297//1489
f 1266//1458 1300//1492 1268//1460
f 1266//1458 1298//1490 1300//1492
f 1267//1459 1269//1461 1301//1493
f 1267//1459 1301//1493 1299//1491
f 1268//1460 1302//1494 1270//1462
f 1268//1460 1300//1492 1302//1494
f 1269//1461 1271//1463 1303//1495
f 1269//1461 1303//1495 1301//1493
f 1270//1462 1304//1496 1272//1464
f 1270//1462 1302//1494 1304//1496
f 1271//1463 1273//1465 1305//1497
f 1271//1463 1305//1497 1303//1495
f 1272//1464 1306//1498 1274//1466
f 1272//1464 1304//1496 1306//1498
f 1273//1465 1275//1467 1307//1499
f 1273//1465 1307//1499 1305//1497
f 1274//1466 1308//1500 1276//1468
f 1274//1466 1306//1498 1308//1500
f 1275//1467 1277//1469 1309//1501
f 1275//1467 1309//1501 1307//1499
f 1276//1468 1310//1502 1278//1470
f 1276//1468 1308//1500 1310//1502
f 1277//1469 1279//1471 1311//1503
f 1277//1469 1311//1503 1309//1501
f 1278//1470 1312//1504 1280//1472
f 1278//1470 1310//1502 1312//1504
f 1279//1471 1249//1441 1281//1473
f 1279//1471 1281//1473 1311//1503
f 1280//1472 1282//1474 1250//1442
f 1280//1472 1312//1504 1282//1474
f 1281//1473 1283//1475 1315//1507
f 1281//1473 1315//1507 1313//1505
f 1282//1474 1316//1508 1284//1476
f 1282//1474 1314//1506 1316//1508
f 1283//1475 1285//1477 1317//1509
f 1283//1475 1317//1509 1315//1507
f 1284//1476 1318//1510 1286//1478
f 1284//1476 1316//1508 1318//1510
f 1285//1477 1287//1479 1319//1511
f 1285//1477 1319//1511 1317//1509
f 1286//1478 1320//1512 1288//1480
f 1286//1478 1318//1510 1320//1512
f 1287//1479 1289//1481 1321//1513
f 1287//1479 1321//1513 1319//1511
f 1288//1480 1322//1514 1290//1482
f 1288//1480 1320//1512 1322//1514
f 1289//1481 1291//1483 1323//1515
f 1289//1481 1323//1515 1321//1513
f 1290//1482 1324//1516 1292//1484
f 1290//1482 1322//1514 1324//1516
f 1291//1483 1293//1485 1325//1517
f 1291//1483 1325//1517 1323//1515
f 1292//1484 1326//1518 1294//1486
f 1292//1484 1324//1516 1326//1518
f 1293//1485 1295//1487 1327//1519
f 1293//1485 1327//1519 1325//1517
f 1294//1486 1328//1520 1296//1488
f 1294//1486 1326//1518 1328//1520
f 1295//1487 1297//1489 1329//1521
f 1295//1487 1329//1521 1327//1519
f 1296//1488 1330//1522 1298//1490
f 1296//1488 1328//1520 1330//1522
f 1297//1489 1299//1491 1331//1523
f 1297//1489 1331//1523 1329//1521
f 1298//1490 1332//1524 1300//1492
f 1298//1490 1330//1522 1332//1524
f 1299//1491 1301//1493 1333//1525
f 1299//1491 1333//1525 1331//1523
f 1300//1492 1334//1526 1302//1494
f 1300//1492 1332//1524 1334//1526
f 1301//1493 1303//1495 1335//1527
f 1301//1493 1335//1527 1333//1525
f 1302//1494 1336//1528 1304//1496
f 1302//1494 1334//1526 1336//1528
f 1303//1495 1305//1497 1337//1529
f 1303//1495 1337//1529 1335//1527
f 1304//1496 1338//1530 1306//1498
f 1304//1496 1336//1528 1338//1530
f 1305//1497 1307//1499 1339//1531
f 1305//1497 1339//1531 1337//1529
f 1306//1498 1340//1532 1308//1500
f 1306//1498 1338//1530 1340//1532
f 1307//1499 1309//1501 1341//1533
f 1307//1499 1341//1533 1339//1531
f 1308//1500 1342//1534 1310//1502
f 1308//1500 1340//1532 1342//1534
f 1309//1501 1311//1503 1343//1535
f 1309//1501 1343//1535 1341//1533
f 1310//1502 1344//1536 1312//1504
f 1310//1502 1342//1534 1344//1536
f 1311//1503 1281//1473 1313//1505
f 1311//1503 1313//1505 1343//1535
f 1312//1504 1314//1506 1282//1474
f 1312//1504 1344//1536 1314//1506
f 1313//1505 1315//1507 1347//1539
f 1313//1505 1347//1539 1345//1537
f 1314//1506 1348//1540 1316//1508
f 1314//1506 1346//1538 1348//1540
f 1315//1507 1317//1509 1349//1541
f 1315//1507 1349//1541 1347//1539
f 1316//1508 1350//1542 1318//1510
f 1316//1508 1348//1540 1350//1542
f 1317//1509 1319//1511 1351//1543
f 1317//1509 1351//1543 1349//1541
f 1318//1510 1352//1544 1320//1512
f 1318//1510 1350//1542 1352//1544
f 1319//1511 1321//1513 1353//1545
f 1319//1511 1353//1545 1351//1543
f 1320//1512 1354//1546 1322//1514
f 1320//1512 1352//1544 1354//1546
f 1321//1513 1323//1515 1355//1547
f 1321//1513 1355//1547 1353//1545
f 1322//1514 1356//1548 1324//1516
f 1322//1514 1354//1546 1356//1548
f 1323//1515 1325//1517 1357//1549
f 1323//1515 1357//1549 1355//1547
f 1324//1516 1358//1550 1326//1518
f 1324//1516 1356//1548 1358//1550
f 1325//1517 1327//1519 1359//1551
f 1325//1517 1359//1551 1357//1549
f 1326//1518 1360//1552 1328//1520
f 1326//1518 1358//1550 1360//1552
f 1327//1519 1329//1521 1361//1553
f 1327//1519 1361//1553 1359//1551
f 1328//1520 1362//1554 1330//1522
f 1328//1520 1360//1552 1362//1554
f 1329//1521 1331//1523 1363//1555
f 1329//1521 1363//1555 1361//1553
f 1330//1522 1364//1556 1332//1524
f 1330//1522 1362//1554 1364//1556
f 1331//1523 1333//1525 1365//1557
f 1331//1523 1365//1557 1363//1555
f 1332//1524 1366//1558 1334//1526
f 1332//1524 1364//1556 1366//1558
f 1333//1525 1335//1527 1367//1559
f 1333//1525 1367//1559 1365//1557
f 1334//1526 1368//1560 1336//1528
f 1334//1526 1366//1558 1368//1560
f 1335//1527 1337//1529 1369//1561
f 1335//1527 1369//1561 1367//1559
f 1336//1528 1370//1562 1338//1530
f 1336//1528 1368//1560 1370//1562
f 1337//1529 1339//1531 1371//1563
f 1337//1529 1371//1563 1369//1561
f 1338//1530 1372//1564 1340//1532
f 1338//1530 1370//1562 1372//1564
f 1339//1531 1341//1533 1373//1565
f 1339//1531 1373//1565 1371//1563
f 1340//1532 1374//1566 1342//1534
f 1340//1532 1372//1564 1374//1566
f 1341//1533 1343//1535 1375//1567
f 1341//1533 1375//1567 1373//1565
f 1342//1534 1376//1568 1344//1536
f 1342//1534 1374//1566 1376//1568
f 1343//1535 1313//1505 1345//1537
f 1343//1535 1345//1537 1375//1567
f 1344//1536 1346//1538 1314//1506
f 1344//1536 1376//1568 1346//1538
f 1345//1537 1347//1539 1379//1571
f 1345//1537 1379//1571 1377//1569
f 1346//1538 1380//1572 1348//1540
f 1346//1538 1378//1570 1380//1572
f 1347//1539 1349//1541 1381//1573
f 1347//1539 1381//1573 1379//1571
f 1348//1540 1382//1574 1350//1542
f 1348//1540 1380//1572 1382//1574
f 1349//1541 1351//1543 1383//1575
f 1349//1541 1383//1575 1381//1573
f 1350//1542 1384//1576 1352//1544
f 1350//1542 1382//1574 1384//1576
f 1351//1543 1353//1545 1385//1577
f 1351//1543 1385//1577 1383//1575
f 1352//1544 1386//1578 1354//1546
f 1352//1544 1384//1576 1386//1578
f 1353//1545 1355//1547 1387//1579
f 1353//1545 1387//1579 1385//1577
f 1354//1546 1388//1580 1356//1548
f 1354//1546 1386//1578 1388//1580
f 1355//1547 1357//1549 1389//1581
f 1355//1547 1389//1581 1387//1579
f 1356//1548 1390//1582 1358//1550
f 1356//1548 1388//1580 1390//1582
f 1357//1549 1359//1551 1391//1583
f 1357//1549 1391//1583 1389//1581
f 1358//1550 1392//1584 1360//1552
f 1358//1550 1390//1582 1392//1584
f 1359//1551 1361//1553 1393//1585
f 1359//1551 1393//1585 1391//1583
f 1360//1552 1394//1586 1362//1554
f 1360//1552 1392//1584 1394//1586
f 1361//1553 1363//1555 1395//1587
f 1361//1553 1395//1587 1393//1585
f 1362//1554 1396//1588 1364//1556
f 1362//1554 1394//1586 1396//1588
f 1363//1555 1365//1557 1397//1589
f 1363//1555 1397//1589 1395//1587
f 1364//1556 1398//1590 1366//1558
f 1364//1556 1396//1588 1398//1590
f 1365//1557 1367//1559 1399//1591
f 1365//1557 1399//1591 1397//1589
f 1366//1558 1400//1592 1368//1560
f 1366//1558 1398//1590 1400//1592
f 1367//1559 1369//1561 1401//1593
f 1367//1559 1401//1593 1399//1591
f 1368//1560 1402//1594 1370//1562
f 1368//1560 1400//1592 1402//1594
f 1369//1561 1371//1563 1403//1595
f 1369//1561 1403//1595 1401//1593
f 1370//1562 1404//1596 1372//1564
f 1370//1562 1402//1594 1404//1596
f 1371//1563 1373//1565 1405//1597
f 1371//1563 1405//1597 1403//1595
f 1372//1564 1406//1598 1374//1566
f 1372//1564 1404//1596 1406//1598
f 1373//1565 1375//1567 1407//1599
f 1373//1565 1407//1599 1405//1597
f 1374//1566 1408//1600 1376//1568
f 1374//1566 1406//1598 1408//1600
f 1375//1567 1345//1537 1377//1569
f 1375//1567 1377//1569 1407//1599
f 1376//1568 1378//1570 1346//1538
f 1376//1568 1408//1600 1378//1570
f 1057//1601 1060//1601 1059//1601
f 1057//1602 1058//1602 1060//1602
f 1377//1603 1379//1603 1380//1603
f 1377//1604 1380//1604 1378//1604
f 1059//1605 1062//1605 1061//1605
f 1059//1606 1060//1606 1062//1606
f 1379//1607 1381//1607 1382//1607
f 1379//1608 1382//1608 1380//1608
f 1061//1609 1064//1609 1063//1609
f 1061//1610 1062//1610 1064//1610
f 1381//1611 1383//1611 1384//1611
f 1381//1612 1384//1612 1382//1612
f 1063//1613 1066//1613 1065//1613
f 1063//1614 1064//1614 1066//1614
f 1383//1615 1385//1615 1386//1615
f 1383//1616 1386//1616 1384//1616
f 1065//1617 1068//1617 1067//1617
f 1065//1618 1066//1618 1068//1618
f 1385//1619 1387//1619 1388//1619
f 1385//1620 1388//1620 1386//1620
f 1067//1621 1070//1621 1069//1621
f 1067//1622 1068//1622 1070//1622
f 1387//1623 1389//1623 1390//1623
f 1387//1624 1390//1624 1388//1624
f 1069//1625 1072//1625 1071//1625
f 1069//1626 1070//1626 1072//1626
f 1389//1627 1391//1627 1392//1627
f 1389//1628 1392//1628 1390//1628
f 1071//1629 1074//1629 1073//1629
f 1071//1630 1072//1630 1074//1630
f 1391//1631 1393//1631 1394//1631
f 1391//1632 1394//1632 1392//1632
f 1073//1633 1076//1633 1075//1633
f 1073//1634 1074//1634 1076//1634
f 1393//1635 1395//1635 1396//1635
f 1393//1636 1396//1636 1394//1636
f 1075//1637 1078//1637 1077//1637
f 1075//1638 1076//1638 1078//1638
f 1395//1639 1397//1639 1398//1639
f 1395//1640 1398//1640 1396//1640
f 1077//1641 1080//1641 1079//1641
f 1077//1642 1078//1642 1080//1642
f 1397//1643 1399//1643 1400//1643
f 1397//1644 1400//1644 1398//1644
f 1079//1645 1082//1645 1081//1645
f 1079//1646 1080//1646 1082//1646
f 1399//1647 1401//1647 1402//1647
f 1399//1648 1402//1648 1400//1648
f 1081//1649 1084//1649 1083//1649
f 1081//1650 1082//1650 1084//1650
f 1401//1651 1403//1651 1404//1651
f 1401//1652 1404//1652 1402//1652
f 1083//1653 1086//1653 1085//1653
f 1083//1654 1084//1654 1086//1654
f 1403//1655 1405//1655 1406//1655
f 1403//1656 1406//1656 1404//1656
f 1085//1657 1088//1657 1087//1657
f 1085//1658 1086//1658 1088//1658
f 1405//1659 1407//1659 1408//1659
f 1405//1660 1408//1660 1406//1660
f 1087//1661 1058//1661 1057//1661
f 1087//1662 1088//1662 1058//1662
f 1407//1663 1377//1663 1378//1663
f 1407//1664 1378//1664 1408//1664
f 1409//1665 1411//1667 1443//1699
f 1409//1665 1443//1699 1441//1697
f 1410//1666 1444//1700 1412//1668
f 1410//1666 1442//1698 1444//1700
f 1411//1667 1413//1669 1445//1701
f 1411//1667 1445//1701 1443//1699
f 1412//1668 1446//1702 1414//1670
f 1412//1668 1444//1700 1446//1702
f 1413//1669 1415//1671 1447//1703
f 1413//1669 1447//1703 1445//1701
f 1414//1670 1448//1704 1416//1672
f 1414//1670 1446//1702 1448//1704
f 1415//1671 1417//1673 1449//1705
f 1415//1671 1449//1705 1447//1703
f 1416//1672 1450//1706 1418//1674
f 1416//1672 1448//1704 1450//1706
f 1417//1673 1419//1675 1451//1707
f 1417//1673 1451//1707 1449//1705
f 1418//1674 1452//1708 1420//1676
f 1418//1674 1450//1706 1452//1708
f 1419//1675 1421//1677 1453//1709
f 1419//1675 1453//1709 1451//1707
f 1420//1676 1454//1710 1422//1678
f 1420//1676 1452//1708 1454//1710
f 1421//1677 1423//1679 1455//1711
f 1421//1677 1455//1711 1453//1709
f 1422//1678 1456//1712 1424//1680
f 1422//1678 1454//1710 1456//1712
f 1423//1679 1425//1681 1457//1713
f 1423//1679 1457//1713 1455//1711
f 1424//1680 1458//1714 1426//1682
f 1424//1680 1456//1712 1458//1714
f 1425//1681 1427//1683 1459//1715
f 1425//1681 1459//1715 1457//1713
f 1426//1682 1460//1716 1428//1684
f 1426//1682 1458//1714 1460//1716
f 1427//1683 1429//1685 1461//1717
f 1427//1683 1461//1717 1459//1715
f 1428//1684 1462//1718 1430//1686
f 1428//1684 1460//1716 1462//1718
f 1429//1685 1431//1687 1463//1719
f 1429//1685 1463//1719 1461//1717
f 1430//1686 1464//1720 1432//1688
f 1430//1686 1462//1718 1464//1720
f 1431//1687 1433//1689 1465//1721
f 1431//1687 1465//1721 1463//1719
f 1432//1688 1466//1722 1434//1690
f 1432//1688 1464//1720 1466//1722
f 1433//1689 1435//1691 1467//1723
f 1433//1689 1467//1723 1465//1721
f 1434//1690 1468//1724 1436//1692
f 1434//1690 1466//1722 1468//1724
f 1435//1691 1437//1693 1469//1725
f 1435//1691 1469//1725 1467//1723
f 1436//1692 1470//1726 1438//1694
f 1436//1692 1468//1724 1470//1726
f 1437//1693 1439//1695 1471//1727
f 1437//1693 1471//1727 1469//1725
f 1438//1694 1472//1728 1440//1696
f 1438//1694 1470//1726 1472//1728
f 1439//1695 1409//1665 1441//1697
f 1439//1695 1441//1697 1471//1727
f 1440//1696 1442//1698 1410//1666
f 1440//1696 1472//1728 1442//1698
f 1441//1697 1443//1699 1475//1731
f 1441//1697 1475//1731 1473//1729
f 1442//1698 1476//1732 1444//1700
f 1442//1698 1474//1730 1476//1732
f 1443//1699 1445//1701 1477//1733
f 1443//1699 1477//1733 1475//1731
f 1444//1700 1478//1734 1446//1702
f 1444//1700 1476//1732 1478//1734
f 1445//1701 1447//1703 1479//1735
f 1445//1701 1479//1735 1477//1733
f 1446//1702 1480//1736 1448//1704
f 1446//1702 1478//1734 1480//1736
f 1447//1703 1449//1705 1481//1737
f 1447//1703 1481//1737 1479//1735
f 1448//1704 1482//1738 1450//1706
f 1448//1704 1480//1736 1482//1738
f 1449//1705 1451//1707 1483//1739
f 1449//1705 1483//1739 1481//1737
f 1450//1706 1484//1740 1452//1708
f 1450//1706 1482//1738 1484//1740
f 1451//1707 1453//1709 1485//1741
f 1451//1707 1485//1741 1483//1739
f 1452//1708 1486//1742 1454//1710
f 1452//1708 1484//1740 1486//1742
f 1453//1709 1455//1711 1487//1743
f 1453//1709 1487//1743 1485//1741
f 1454//1710 1488//1744 1456//1712
f 1454//1710 1486//1742 1488//1744
f 1455//1711 1457//1713 1489//1745
f 1455//1711 1489//1745 1487//1743
f 1456//1712 1490//1746 1458//1714
f 1456//1712 1488//1744 1490//1746
f 1457//1713 1459//1715 1491//1747
f 1457//1713 1491//1747 1489//1745
f 1458//1714 1492//1748 1460//1716
f 1458//1714 1490//1746 1492//1748
f 1459//1715 1461//1717 1493//1749
f 1459//1715 1493//1749 1491//1747
f 1460//1716 1494//1750 1462//1718
f 1460//1716 1492//1748 1494//1750
f 1461//1717 1463//1719 1495//1751
f 1461//1717 1495//1751 1493//1749
f 1462//1718 1496//1752 1464//1720
f 1462//1718 1494//1750 1496//1752
f 1463//1719 1465//1721 1497//1753
f 1463//1719 1497//1753 1495//1751
f 1464//1720 1498//1754 1466//1722
f 1464//1720 1496//1752 1498//1754
f 1465//1721 1467//1723 1499//1755
f 1465//1721 1499//1755 1497//1753
f 1466//1722 1500//1756 1468//1724
f 1466//1722 1498//1754 1500//1756
f 1467//1723 1469//1725 1501//1757
f 1467//1723 1501//1757 1499//1755
f 1468//1724 1502//1758 1470//1726
f 1468//1724 1500//1756 1502//1758
f 1469//1725 1471//1727 1503//1759
f 1469//1725 1503//1759 1501//1757
f 1470//1726 1504//1760 1472//1728
f 1470//1726 1502//1758 1504//1760
f 1471//1727 1441//1697 1473//1729
f 1471//1727 1473//1729 1503//1759
f 1472//1728 1474//1730 1442//1698
f 1472//1728 1504//1760 1474//1730
f 1473//1729 1475//1731 1507//1763
f 1473//1729 1507//1763 1505//1761
f 1474//1730 1508//1764 1476//1732
f 1474//1730 1506//1762 1508//1764
f 1475//1731 1477//1733 1509//1765
f 1475//1731 1509//1765 1507//1763
f 1476//1732 1510//1766 1478//1734
f 1476//1732 1508//1764 1510//1766
f 1477//1733 1479//1735 1511//1767
f 1477//1733 1511//1767 1509//1765
f 1478//1734 1512//1768 1480//1736
f 1478//1734 1510//1766 1512//1768
f 1479//1735 1481//1737 1513//1769
f 1479//1735 1513//1769 1511//1767
f 1480//1736 1514//1770 1482//1738
f 1480//1736 1512//1768 1514//1770
f 1481//1737 1483//1739 1515//1771
f 1481//1737 1515//1771 1513//1769
f 1482//1738 1516//1772 1484//1740
f 1482//1738 1514//1770 1516//1772
f 1483//1739 1485//1741 1517//1773
f 1483//1739 1517//1773 1515//1771
f 1484//1740 1518//1774 1486//1742
f 1484//1740 1516//1772 1518//1774
f 1485//1741 1487//1743 1519//1775
f 1485//1741 1519//1775 1517//1773
f 1486//1742 1520//1776 1488//1744
f 1486//1742 1518//1774 1520//1776
f 1487//1743 1489//1745 1521//1777
f 1487//1743 1521//1777 1519//1775
f 1488//1744 1522//1778 1490//1746
f 1488//1744 1520//1776 1522//1778
f 1489//1745 1491//1747 1523//1779
f 1489//1745 1523//1779 1521//1777
f 1490//1746 1524//1780 1492//1748
f 1490//1746 1522//1778 1524//1780
f 1491//1747 1493//1749 1525//1781
f 1491//1747 1525//1781 1523//1779
f 1492//1748 1526//1782 1494//1750
f 1492//1748 1524//1780 1526//1782
f 1493//1749 1495//1751 1527//1783
f 1493//1749 1527//1783 1525//1781
f 1494//1750 1528//1784 1496//1752
f 1494//1750 1526//1782 1528//1784
f 1495//1751 1497//1753 1529//1785
f 1495//1751 1529//1785 1527//1783
f 1496//1752 1530//1786 1498//1754
f 1496//1752 1528//1784 1530//1786
f 1497//1753 1499//1755 1531//1787
f 1497//1753 1531//1787 1529//1785
f 1498//1754 1532//1788 1500//1756
f 1498//1754 1530//1786 1532//1788
f 1499//1755 1501//1757 1533//1789
f 1499//1755 1533//1789 1531//1787
f 1500//1756 1534//1790 1502//1758
f 1500//1756 1532//1788 1534//1790
f 1501//1757 1503//1759 1535//1791
f 1501//1757 1535//1791 1533//1789
f 1502//1758 1536//1792 1504//1760
f 1502//1758 1534//1790 1536//1792
f 1503//1759 1473//1729 1505//1761
f 1503//1759 1505//1761 1535//1791
f 1504//1760 1506//1762 1474//1730
f 1504//1760 1536//1792 1506//1762
f 1505//1761 1507//1763 1539//1795
f 1505//1761 1539//1795 1537//1793
f 1506//1762 1540//1796 1508//1764
f 1506//1762 1538//1794 1540//1796
f 1507//1763 1509//1765 1541//1797
f 1507//1763 1541//1797 1539//1795
f 1508//1764 1542//1798 1510//1766
f 1508//1764 1540//1796 1542//1798
f 1509//1765 1511//1767 1543//1799
f 1509//1765 1543//1799 1541//1797
f 1510//1766 1544//1800 1512//1768
f 1510//1766 1542//1798 1544//1800
f 1511//1767 1513//1769 1545//1801
f 1511//1767 1545//1801 1543//1799
f 1512//1768 1546//1802 1514//1770
f 1512//1768 1544//1800 1546//1802
f 1513//1769 1515//1771 1547//1803
f 1513//1769 1547//1803 1545//1801
f 1514//1770 1548//1804 1516//1772
f 1514//1770 1546//1802 1548//1804
f 1515//1771 1517//1773 1549//1805
f 1515//1771 1549//1805 1547//1803
f 1516//1772 1550//1806 1518//1774
f 1516//1772 1548//1804 1550//1806
f 1517//1773 1519//1775 1551//1807
f 1517//1773 1551//1807 1549//1805
f 1518//1774 1552//1808 1520//1776
f 1518//1774 1550//1806 1552//1808
f 1519//1775 1521//1777 1553//1809
f 1519//1775 1553//1809 1551//1807
f 1520//1776 1554//1810 1522//1778
f 1520//1776 1552//1808 1554//1810
f 1521//1777 1523//1779 1555//1811
f 1521//1777 1555//1811 1553//1809
f 1522//1778 1556//1812 1524//1780
f 1522//1778 1554//1810 1556//1812
f 1523//1779 1525//1781 1557//1813
f 1523//1779 1557//1813 1555//1811
f 1524//1780 1558//1814 1526//1782
f 1524//1780 1556//1812 1558//1814
f 1525//1781 1527//1783 1559//1815
f 1525//1781 1559//1815 1557//1813
f 1526//1782 1560//1816 1528//1784
f 1526//1782 1558//1814 1560//1816
f 1527//1783 1529//1785 1561//1817
f 1527//1783 1561//1817 1559//1815
f 1528//1784 1562//1818 1530//1786
f 1528//1784 1560//1816 1562//1818
f 1529//1785 1531//1787 1563//1819
f 1529//1785 1563//1819 1561//1817
f 1530//1786 1564//1820 1532//1788
f 1530//1786 1562//1818 1564//1820
f 1531//1787 1533//1789 1565//1821
f 1531//1787 1565//1821 1563//1819
f 1532//1788 1566//1822 1534//1790
f 1532//1788 1564//1820 1566//1822
f 1533//1789 1535//1791 1567//1823
f 1533//1789 1567//1823 1565//1821
f 1534//1790 1568//1824 1536//1792
f 1534//1790 1566//1822 1568//1824
f 1535//1791 1505//1761 1537//1793
f 1535//1791 1537//1793 1567//1823
f 1536//1792 1538//1794 1506//1762
f 1536//1792 1568//1824 1538//1794
f 1537//1793 1539//1795 1571//1827
f 1537//1793 1571//1827 1569//1825
f 1538//1794 1572//1828 1540//1796
f 1538//1794 1570//1826 1572//1828
f 1539//1795 1541//1797 1573//1829
f 1539//1795 1573//1829 1571//1827
f 1540//1796 1574//1830 1542//1798
f 1540//1796 1572//1828 1574//1830
f 1541//1797 1543//1799 1575//1831
f 1541//1797 1575//1831 1573//1829
f 1542//1798 1576//1832 1544//1800
f 1542//1798 1574//1830 1576//1832
f 1543//1799 1545//1801 1577//1833
f 1543//1799 1577//1833 1575//1831
f 1544//1800 1578//1834 1546//1802
f 1544//1800 1576//1832 1578//1834
f 1545//1801 1547//1803 1579//1835
f 1545//1801 1579//1835 1577//1833
f 1546//1802 1580//1836 1548//1804
f 1546//1802 1578//1834 1580//1836
f 1547//1803 1549//1805 1581//1837
f 1547//1803 1581//1837 1579//1835
f 1548//1804 1582//1838 1550//1806
f 1548//1804 1580//1836 1582//1838
f 1549//1805 1551//1807 1583//1839
f 1549//1805 1583//1839 1581//1837
f 1550//1806 1584//1840 1552//1808
f 1550//1806 1582//1838 1584//1840
f 1551//1807 1553//1809 1585//1841
f 1551//1807 1585//1841 1583//1839
f 1552//1808 1586//1842 1554//1810
f 1552//1808 1584//1840 1586//1842
f 1553//1809 1555//1811 1587//1843
f 1553//1809 1587//1843 1585//1841
f 1554//1810 1588//1844 1556//1812
f 1554//1810 1586//1842 1588//1844
f 1555//1811 1557//1813 1589//1845
f 1555//1811 1589//1845 1587//1843
f 1556//1812 1590//1846 1558//1814
f 1556//1812 1588//1844 1590//1846
f 1557//1813 1559//1815 1591//1847
f 1557//1813 1591//1847 1589//1845
f 1558//1814 1592//1848 1560//1816
f 1558//1814 1590//1846 1592//1848
f 1559//1815 1561//1817 1593//1849
f 1559//1815 1593//1849 1591//1847
f 1560//1816 1594//1850 1562//1818
f 1560//1816 1592//1848 1594//1850
f 1561//1817 1563//1819 1595//1851
f 1561//1817 1595//1851 1593//1849
f 1562//1818 1596//1852 1564//1820
f 1562//1818 1594//1850 1596//1852
f 1563//1819 1565//1821 1597//1853
f 1563//1819 1597//1853 1595//1851
f 1564//1820 1598//1854 1566//1822
f 1564//1820 1596//1852 1598//1854
f 1565//1821 1567//1823 1599//1855
f 1565//1821 1599//1855 1597//1853
f 1566//1822 1600//1856 1568//1824
f 1566//1822 1598//1854 1600//1856
f 1567//1823 1537//1793 1569//1825
f 1567//1823 1569//1825 1599//1855
f 1568//1824 1570//1826 1538//1794
f 1568//1824 1600//1856 1570//1826
f 1569//1825 1571//1827 1603//1859
f 1569//1825 1603//1859 1601//1857
f 1570//1826 1604//1860 1572//1828
f 1570//1826 1602//1858 1604//1860
f 1571//1827 1573//1829 1605//1861
f 1571//1827 1605//1861 1603//1859
f 1572//1828 1606//1862 1574//1830
f 1572//1828 1604//1860 1606//1862
f 1573//1829 1575//1831 1607//1863
f 1573//1829 1607//1863 1605//1861
f 1574//1830 1608//1864 1576//1832
f 1574//1830 1606//1862 1608//1864
f 1575//1831 1577//1833 1609//1865
f 1575//1831 1609//1865 1607//1863
f 1576//1832 1610//1866 1578//1834
f 1576//1832 1608//1864 1610//1866
f 1577//1833 1579//1835 1611//1867
f 1577//1833 1611//1867 1609//1865
f 1578//1834 1612//1868 1580//1836
f 1578//1834 1610//1866 1612//1868
f 1579//1835 1581//1837 1613//1869
f 1579//1835 1613//1869 1611//1867
f 1580//1836 1614//1870 1582//1838
f 1580//1836 1612//1868 1614//1870
f 1581//1837 1583//1839 1615//1871
f 1581//1837 1615//1871 1613//1869
f 1582//1838 1616//1872 1584//1840
f 1582//1838 1614//1870 1616//1872
f 1583//1839 1585//1841 1617//1873
f 1583//1839 1617//1873 1615//1871
f 1584//1840 1618//1874 1586//1842
f 1584//1840 1616//1872 1618//1874
f 1585//1841 1587//1843 1619//1875
f 1585//1841 1619//1875 1617//1873
f 1586//1842 1620//1876 1588//1844
f 1586//1842 1618//1874 1620//1876
f 1587//1843 1589//1845 1621//1877
f 1587//1843 1621//1877 1619//1875
f 1588//1844 1622//1878 1590//1846
f 1588//1844 1620//1876 1622//1878
f 1589//1845 1591//1847 1623//1879
f 1589//1845 1623//1879 1621//1877
f 1590//1846 1624//1880 1592//1848
f 1590//1846 1622//1878 1624//1880
f 1591//1847 1593//1849 1625//1881
f 1591//1847 1625//1881 1623//1879
f 1592//1848 1626//1882 1594//1850
f 1592//1848 1624//1880 1626//1882
f 1593//1849 1595//1851 1627//1883
f 1593//1849 1627//1883 1625//1881
f 1594//1850 1628//1884 1596//1852
f 1594//1850 1626//1882 1628//1884
f 1595//1851 1597//1853 1629//1885
f 1595//1851 1629//1885 1627//1883
f 1596//1852 1630//1886 1598//1854
f 1596//1852 1628//1884 1630//1886
f 1597//1853 1599//1855 1631//1887
f 1597//1853 1631//1887 1629//1885
f 1598//1854 1632//1888 1600//1856
f 1598//1854 1630//1886 1632//1888
f 1599//1855 1569//1825 1601//1857
f 1599//1855 1601//1857 1631//1887
f 1600//1856 1602//1858 1570//1826
f 1600//1856 1632//1888 1602//1858
f 1601//1857 1603//1859 1635//1891
f 1601//1857 1635//1891 1633//1889
f 1602//1858 1636//1892 1604//1860
f 1602//1858 1634//1890 1636//1892
f 1603//1859 1605//1861 1637//1893
f 1603//1859 1637//1893 1635//1891
f 1604//1860 1638//1894 1606//1862
f 1604//1860 1636//1892 1638//1894
f 1605//1861 1607//1863 1639//1895
f 1605//1861 1639//1895 1637//1893
f 1606//1862 1640//1896 1608//1864
f 1606//1862 1638//1894 1640//1896
f 1607//1863 1609//1865 1641//1897
f 1607//1863 1641//1897 1639//1895
f 1608//1864 1642//1898 1610//1866
f 1608//1864 1640//1896 1642//1898
f 1609//1865 1611//1867 1643//1899
f 1609//1865 1643//1899 1641//1897
f 1610//1866 1644//1900 1612//1868
f 1610//1866 1642//1898 1644//1900
f 1611//1867 1613//1869 1645//1901
f 1611//1867 1645//1901 1643//1899
f 1612//1868 1646//1902 1614//1870
f 1612//1868 1644//1900 1646//1902
f 1613//1869 1615//1871 1647//1903
f 1613//1869 1647//1903 1645//1901
f 1614//1870 1648//1904 1616//1872
f 1614//1870 1646//1902 1648//1904
f 1615//1871 1617//1873 1649//1905
f 1615//1871 1649//1905 1647//1903
f 1616//1872 1650//1906 1618//1874
f 1616//1872 1648//1904 1650//1906
f 1617//1873 1619//1875 1651//1907
f 1617//1873 1651//1907 1649//1905
f 1618//1874 1652//1908 1620//1876
f 1618//1874 1650//1906 1652//1908
f 1619//1875 1621//1877 1653//1909
f 1619//1875 1653//1909 1651//1907
f 1620//1876 1654//1910 1622//1878
f 1620//1876 1652//1908 1654//1910
f 1621//1877 1623//1879 1655//1911
f 1621//1877 1655//1911 1653//1909
f 1622//1878 1656//1912 1624//1880
f 1622//1878 1654//1910 1656//1912
f 1623//1879 1625//1881 1657//1913
f 1623//1879 1657//1913 1655//1911
f 1624//1880 1658//1914 1626//1882
f 1624//1880 1656//1912 1658//1914
f 1625//1881 1627//1883 1659//1915
f 1625//1881 1659//1915 1657//1913
f 1626//1882 1660//1916 1628//1884
f 1626//1882 1658//1914 1660//1916
f 1627//1883 1629//1885 1661//1917
f 1627//1883 1661//1917 1659//1915
f 1628//1884 1662//1918 1630//1886
f 1628//1884 1660//1916 1662//1918
f 1629//1885 1631//1887 1663//1919
f 1629//1885 1663//1919 1661//1917
f 1630//1886 1664//1920 1632//1888
f 1630//1886 1662//1918 1664//1920
f 1631//1887 1601//1857 1633//1889
f 1631//1887 1633//1889 1663//1919
f 1632//1888 1634//1890 1602//1858
f 1632//1888 1664//1920 1634//1890
f 1633//1889 1635//1891 1667//1923
f 1633//1889 1667//1923 1665//1921
f 1634//1890 1668//1924 1636//1892
f 1634//1890 1666//1922 1668//1924
f 1635//1891 1637//1893 1669//1925
f 1635//1891 1669//1925 1667//1923
f 1636//1892 1670//1926 1638//1894
f 1636//1892 1668//1924 1670//1926
f 1637//1893 1639//1895 1671//1927
f 1637//1893 1671//1927 1669//1925
f 1638//1894 1672//1928 1640//1896
f 1638//1894 1670//1926 1672//1928
f 1639//1895 1641//1897 1673//1929
f 1639//1895 1673//1929 1671//1927
f 1640//1896 1674//1930 1642//1898
f 1640//1896 1672//1928 1674//1930
f 1641//1897 1643//1899 1675//1931
f 1641//1897 1675//1931 1673//1929
f 1642//1898 1676//1932 1644//1900
f 1642//1898 1674//1930 1676//1932
f 1643//1899 1645//1901 1677//1933
f 1643//1899 1677//1933 1675//1931
f 1644//1900 1678//1934 1646//1902
f 1644//1900 1676//1932 1678//1934
f 1645//1901 1647//1903 1679//1935
f 1645//1901 1679//1935 1677//1933
f 1646//1902 1680//1936 1648//1904
f 1646//1902 1678//1934 1680//1936
f 1647//1903 1649//1905 1681//1937
f 1647//1903 1681//1937 1679//1935
f 1648//1904 1682//1938 1650//1906
f 1648//1904 1680//1936 1682//1938
f 1649//1905 1651//1907 1683//1939
f 1649//1905 1683//1939 1681//1937
f 1650//1906 1684//1940 1652//1908
f 1650//1906 1682//1938 1684//1940
f 1651//1907 1653//1909 1685//1941
f 1651//1907 1685//1941 1683//1939
f 1652//1908 1686//1942 1654//1910
f 1652//1908 1684//1940 1686//1942
f 1653//1909 1655//1911 1687//1943
f 1653//1909 1687//1943 1685//1941
f 1654//1910 1688//1944 1656//1912
f 1654//1910 1686//1942 1688//1944
f 1655//1911 1657//1913 1689//1945
f 1655//1911 1689//1945 1687//1943
f 1656//1912 1690//1946 1658//1914
f 1656//1912 1688//1944 1690//1946
f 1657//1913 1659//1915 1691//1947
f 1657//1913 1691//1947 1689//1945
f 1658//1914 1692//1948 1660//1916
f 1658//1914 1690//1946 1692//1948
f 1659//1915 1661//1917 1693//1949
f 1659//1915 1693//1949 1691//1947
f 1660//1916 1694//1950 1662//1918
f 1660//1916 1692//1948 1694//1950
f 1661//1917 1663//1919 1695//1951
f 1661//1917 1695//1951 1693//1949
f 1662//1918 1696//1952 1664//1920
f 1662//1918 1694//1950 1696//1952
f 1663//1919 1633//1889 1665//1921
f 1663//1919 1665//1921 1695//1951
f 1664//1920 1666//1922 1634//1890
f 1664//1920 1696//1952 1666//1922
f 1665//1921 1667//1923 1699//1955
f 1665//1921 1699//1955 1697//1953
f 1666//1922 1700//1956 1668//1924
f 1666//1922 1698//1954 1700//1956
f 1667//1923 1669//1925 1701//1957
f 1667//1923 1701//1957 1699//1955
f 1668//1924 1702//1958 1670//1926
f 1668//1924 1700//1956 1702//1958
f 1669//1925 1671//1927 1703//1959
f 1669//1925 1703//1959 1701//1957
f 1670//1926 1704//1960 1672//1928
f 1670//1926 1702//1958 1704//1960
f 1671//1927 1673//1929 1705//1961
f 1671//1927 1705//1961 1703//1959
f 1672//1928 1706//1962 1674//1930
f 1672//1928 1704//1960 1706//1962
f 1673//1929 1675//1931 1707//1963
f 1673//1929 1707//1963 1705//1961
f 1674//1930 1708//1964 1676//1932
f 1674//1930 1706//1962 1708//1964
f 1675//1931 1677//1933 1709//1965
f 1675//1931 1709//1965 1707//1963
f 1676//1932 1710//1966 1678//1934
f 1676//1932 1708//1964 1710//1966
f 1677//1933 1679//1935 1711//1967
f 1677//1933 1711//1967 1709//1965
f 1678//1934 1712//1968 1680//1936
f 1678//1934 1710//1966 1712//1968
f 1679//1935 1681//1937 1713//1969
f 1679//1935 1713//1969 1711//1967
f 1680//1936 1714//1970 1682//1938
f 1680//1936 1712//1968 1714//1970
f 1681//1937 1683//1939 1715//1971
f 1681//1937 1715//1971 1713//1969
f 1682//1938 1716//1972 1684//1940
f 1682//1938 1714//1970 1716//1972
f 1683//1939 1685//1941 1717//1973
f 1683//1939 1717//1973 1715//1971
f 1684//1940 1718//1974 1686//1942
f 1684//1940 1716//1972 1718//1974
f 1685//1941 1687//1943 1719//1975
f 1685//1941 1719//1975 1717//1973
f 1686//1942 1720//1976 1688//1944
f 1686//1942 1718//1974 1720//1976
f 1687//1943 1689//1945 1721//1977
f 1687//1943 1721//1977 1719//1975
f 1688//1944 1722//1978 1690//1946
f 1688//1944 1720//1976 1722//1978
f 1689//1945 1691//1947 1723//1979
f 1689//1945 1723//1979 1721//1977
f 1690//1946 1724//1980 1692//1948
f 1690//1946 1722//1978 1724//1980
f 1691//1947 1693//1949 1725//1981
f 1691//1947 1725//1981 1723//1979
f 1692//1948 1726//1982 1694//1950
f 1692//1948 1724//1980 1726//1982
f 1693//1949 1695//1951 1727//1983
f 1693//1949 1727//1983 1725//1981
f 1694//1950 1728//1984 1696//1952
f 1694//1950 1726//1982 1728//1984
f 1695//1951 1665//1921 1697//1953
f 1695//1951 1697//1953 1727//1983
f 1696//1952 1698//1954 1666//1922
f 1696//1952 1728//1984 1698//1954
f 1697//1953 1699//1955 1731//1987
f 1697//1953 1731//1987 1729//1985
f 1698//1954 1732//1988 1700//1956
f 1698//1954 1730//1986 1732//1988
f 1699//1955 1701//1957 1733//1989
f 1699//1955 1733//1989 1731//1987
f 1700//1956 1734//1990 1702//1958
f 1700//1956 1732//1988 1734//1990
f 1701//1957 1703//1959 1735//1991
f 1701//1957 1735//1991 1733//1989
f 1702//1958 1736//1992 1704//1960
f 1702//1958 1734//1990 1736//1992
f 1703//1959 1705//1961 1737//1993
f 1703//1959 1737//1993 1735//1991
f 1704//1960 1738//1994 1706//1962
f 1704//1960 1736//1992 1738//1994
f 1705//1961 1707//1963 1739//1995
f 1705//1961 1739//1995 1737//1993
f 1706//1962 1740//1996 1708//1964
f 1706//1962 1738//1994 1740//1996
f 1707//1963 1709//1965 1741//1997
f 1707//1963 1741//1997 1739//1995
f 1708//1964 1742//1998 1710//1966
f 1708//1964 1740//1996 1742//1998
f 1709//1965 1711//1967 1743//1999
f 1709//1965 1743//1999 1741//1997
f 1710//1966 1744//2000 1712//1968
f 1710//1966 1742//1998 1744//2000
f 1711//1967 1713//1969 1745//2001
f 1711//1967 1745//2001 1743//1999
f 1712//1968 1746//2002 1714//1970
f 1712//1968 1744//2000 1746//2002
f 1713//1969 1715//1971 1747//2003
f 1713//1969 1747//2003 1745//2001
f 1714//1970 1748//2004 1716//1972
f 1714//1970 1746//2002 1748//2004
f 1715//1971 1717//1973 1749//2005
f 1715//1971 1749//2005 1747//2003
f 1716//1972 1750//2006 1718//1974
f 1716//1972 1748//2004 1750//2006
f 1717//1973 1719//1975 1751//2007
f 1717//1973 1751//2007 1749//2005
f 1718//1974 1752//2008 1720//1976
f 1718//1974 1750//2006 1752//2008
f 1719//1975 1721//1977 1753//2009
f 1719//1975 1753//2009 1751//2007
f 1720//1976 1754//2010 1722//1978
f 1720//1976 1752//2008 1754//2010
f 1721//1977 1723//1979 1755//2011
f 1721//1977 1755//2011 1753//2009
f 1722//1978 1756//2012 1724//1980
f 1722//1978 1754//2010 1756//2012
f 1723//1979 1725//1981 1757//2013
f 1723//1979 1757//2013 1755//2011
f 1724//1980 1758//2014 1726//1982
f 1724//1980 1756//2012 1758//2014
f 1725//1981 1727//1983 1759//2015
f 1725//1981 1759//2015 1757//2013
f 1726//1982 1760//2016 1728//1984
f 1726//1982 1758//2014 1760//2016
f 1727//1983 1697//1953 1729//1985
f 1727//1983 1729//1985 1759//2015
f 1728//1984 1730//1986 1698//1954
f 1728//1984 1760//2016 1730//1986
f 1409//2017 1412//2017 1411//2017
f 1409//2018 1410//2018 1412//2018
f 1729//2019 1731//2019 1732//2019
f 1729//2020 1732//2020 1730//2020
f 1411//2021 1414//2021 1413//2021
f 1411//2022 1412//2022 1414//2022
f 1731//2023 1733//2023 1734//2023
f 1731//2024 1734//2024 1732//2024
f 1413//2025 1416//2025 1415//2025
f 1413//2026 1414//2026 1416//2026
f 1733//2027 1735//2027 1736//2027
f 1733//2028 1736//2028 1734//2028
f 1415//2029 1418//2029 1417//2029
f 1415//2030 1416//2030 1418//2030
f 1735//2031 1737//2031 1738//2031
f 1735//2032 1738//2032 1736//2032
f 1417//2033 1420//2033 1419//2033
f 1417//2034 1418//2034 1420//2034
f 1737//2035 1739//2035 1740//2035
f 1737//2036 1740//2036 1738//2036
f 1419//2037 1422//2037 1421//2037
f 1419//2038 1420//2038 1422//2038
f 1739//2039 1741//2039 1742//2039
f 1739//2040 1742//2040 1740//2040
f 1421//2041 1424//2041 1423//2041
f 1421//2042 1422//2042 1424//2042
f 1741//2043 1743//2043 1744//2043
f 1741//2044 1744//2044 1742//2044
f 1423//2045 1426//2045 1425//2045
f 1423//2046 1424//2046 1426//2046
f 1743//2047 1745//2047 1746//2047
f 1743//2048 1746//2048 1744//2048
f 1425//2049 1428//2049 1427//2049
f 1425//2050 1426//2050 1428//2050
f 1745//2051 1747//2051 1748//2051
f 1745//2052 1748//2052 1746//2052
f 1427//2053 1430//2053 1429//2053
f 1427//2054 1428//2054 1430//2054
f 1747//2055 1749//2055 1750//2055
f 1747//2056 1750//2056 1748//2056
f 1429//2057 1432//2057 1431//2057
f 1429//2058 1430//2058 1432//2058
f 1749//2059 1751//2059 1752//2059
f 1749//2060 1752//2060 1750//2060
f 1431//2061 1434//2061 1433//2061
f 1431//2062 1432//2062 1434//2062
f 1751//2063 1753//2063 1754//2063
f 1751//2064 1754//2064 1752//2064
f 1433//2065 1436//2065 1435//2065
f 1433//2066 1434//2066 1436//2066
f 1753//2067 1755//2067 1756//2067
f 1753//2068 1756//2068 1754//2068
f 1435//2069 1438//2069 1437//2069
f 1435//2070 1436//2070 1438//2070
f 1755//2071 1757//2071 1758//2071
f 1755//2072 1758//2072 1756//2072
f 1437//2073 1440//2073 1439//2073
f 1437//2074 1438//2074 1440//2074
f 1757//2075 1759//2075 1760//2075
f 1757//2076 1760//2076 1758//2076
f 1439//2077 1410//2077 1409//2077
f 1439//2078 1440//2078 1410//2078
f 1759//2079 1729//2079 1730//2079
f 1759//2080 1730//2080 1760//2080
f 1761//2081 1763//2083 1795//2115
f 1761//2081 1795//2115 1793//2113
f 1762//2082 1796//2116 1764//2084
f 1762//2082 1794//2114 1796//2116
f 1763//2083 1765//2085 1797//2117
f 1763//2083 1797//2117 1795//2115
f 1764//2084 1798//2118 1766//2086
f 1764//2084 1796//2116 1798//2118
f 1765//2085 1767//2087 1799//2119
f 1765//2085 1799//2119 1797//2117
f 1766//2086 1800//2120 1768//2088
f 1766//2086 1798//2118 1800//2120
f 1767//2087 1769//2089 1801//2121
f 1767//2087 1801//2121 1799//2119
f 1768//2088 1802//2122 1770//2090
f 1768//2088 1800//2120 1802//2122
f 1769//2089 1771//2091 1803//2123
f 1769//2089 1803//2123 1801//2121
f 1770//2090 1804//2124 1772//2092
f 1770//2090 1802//2122 1804//2124
f 1771//2091 1773//2093 1805//2125
f 1771//2091 1805//2125 1803//2123
f 1772//2092 1806//2126 1774//2094
f 1772//2092 1804//2124 1806//2126
f 1773//2093 1775//2095 1807//2127
f 1773//2093 1807//2127 1805//2125
f 1774//2094 1808//2128 1776//2096
f 1774//2094 1806//2126 1808//2128
f 1775//2095 1777//2097 1809//2129
f 1775//2095 1809//2129 1807//2127
f 1776//2096 1810//2130 1778//2098
f 1776//2096 1808//2128 1810//2130
f 1777//2097 1779//2099 1811//2131
f 1777//2097 1811//2131 1809//2129
f 1778//2098 1812//2132 1780//2100
f 1778//2098 1810//2130 1812//2132
f 1779//2099 1781//2101 1813//2133
f 1779//2099 1813//2133 1811//2131
f 1780//2100 1814//2134 1782//2102
f 1780//2100 1812//2132 1814//2134
f 1781//2101 1783//2103 1815//2135
f 1781//2101 1815//2135 1813//2133
f 1782//2102 1816//2136 1784//2104
f 1782//2102 1814//2134 1816//2136
f 1783//2103 1785//2105 1817//2137
f 1783//2103 1817//2137 1815//2135
f 1784//2104 1818//2138 1786//2106
f 1784//2104 1816//2136 1818//2138
f 1785//2105 1787//2107 1819//2139
f 1785//2105 1819//2139 1817//2137
f 1786//2106 1820//2140 1788//2108
f 1786//2106 1818//2138 1820//2140
f 1787//2107 1789//2109 1821//2141
f 1787//2107 1821//2141 1819//2139
f 1788//2108 1822//2142 1790//2110
f 1788//2108 1820//2140 1822//2142
f 1789//2109 1791//2111 1823//2143
f 1789//2109 1823//2143 1821//2141
f 1790//2110 1824//2144 1792//2112
f 1790//2110 1822//2142 1824//2144
f 1791//2111 1761//2081 1793//2113
f 1791//2111 1793//2113 1823//2143
f 1792//2112 1794//2114 1762//2082
f 1792//2112 1824//2144 1794//2114
f 1793//2113 1795//2115 1827//2147
f 1793//2113 1827//2147 1825//2145
f 1794//2114 1828//2148 1796//2116
f 1794//2114 1826//2146 1828//2148
f 1795//2115 1797//2117 1829//2149
f 1795//2115 1829//2149 1827//2147
f 1796//2116 1830//2150 1798//2118
f 1796//2116 1828//2148 1830//2150
f 1797//2117 1799//2119 1831//2151
f 1797//2117 1831//2151 1829//2149
f 1798//2118 1832//2152 1800//2120
f 1798//2118 1830//2150 1832//2152
f 1799//2119 1801//2121 1833//2153
f 1799//2119 1833//2153 1831//2151
f 1800//2120 1834//2154 1802//2122
f 1800//2120 1832//2152 1834//2154
f 1801//2121 1803//2123 1835//2155
f 1801//2121 1835//2155 1833//2153
f 1802//2122 1836//2156 1804//2124
f 1802//2122 1834//2154 1836//2156
f 1803//2123 1805//2125 1837//2157
f 1803//2123 1837//2157 1835//2155
f 1804//2124 1838//2158 1806//2126
f 1804//2124 1836//2156 1838//2158
f 1805//2125 1807//2127 1839//2159
f 1805//2125 1839//2159 1837//2157
f 1806//2126 1840//2160 1808//2128
f 1806//2126 1838//2158 1840//2160
f 1807//2127 1809//2129 1841//2161
f 1807//2127 1841//2161 1839//2159
f 1808//2128 1842//2162 1810//2130
f 1808//2128 1840//2160 1842//2162
f 1809//2129 1811//2131 1843//2163
f 1809//2129 1843//2163 1841//2161
f 1810//2130 1844//2164 1812//2132
f 1810//2130 1842//2162 1844//2164
f 1811//2131 1813//2133 1845//2165
f 1811//2131 1845//2165 1843//2163
f 1812//2132 1846//2166 1814//2134
f 1812//2132 1844//2164 1846//2166
f 1813//2133 1815//2135 1847//2167
f 1813//2133 1847//2167 1845//2165
f 1814//2134 1848//2168 1816//2136
f 1814//2134 1846//2166 1848//2168
f 1815//2135 1817//2137 1849//2169
f 1815//2135 1849//2169 1847//2167
f 1816//2136 1850//2170 1818//2138
f 1816//2136 1848//2168 1850//2170
f 1817//2137 1819//2139 1851//2171
f 1817//2137 1851//2171 1849//2169
f 1818//2138 1852//2172 1820//2140
f 1818//2138 1850//2170 1852//2172
f 1819//2139 1821//2141 1853//2173
f 1819//2139 1853//2173 1851//2171
f 1820//2140 1854//2174 1822//2142
f 1820//2140 1852//2172 1854//2174
f 1821//2141 1823//2143 1855//2175
f 1821//2141 1855//2175 1853//2173
f 1822//2142 1856//2176 1824//2144
f 1822//2142 1854//2174 1856//2176
f 1823//2143 1793//2113 1825//2145
f 1823//2143 1825//2145 1855//2175
f 1824//2144 1826//2146 1794//2114
f 1824//2144 1856//2176 1826//2146
f 1825//2145 1827//2147 1859//2179
f 1825//2145 1859//2179 1857//2177
f 1826//2146 1860//2180 1828//2148
f 1826//2146 1858//2178 1860//2180
f 1827//2147 1829//2149 1861//2181
f 1827//2147 1861//2181 1859//2179
f 1828//2148 1862//2182 1830//2150
f 1828//2148 1860//2180 1862//2182
f 1829//2149 1831//2151 1863//2183
f 1829//2149 1863//2183 1861//2181
f 1830//2150 1864//2184 1832//2152
f 1830//2150 1862//2182 1864//2184
f 1831//2151 1833//2153 1865//2185
f 1831//2151 1865//2185 1863//2183
f 1832//2152 1866//2186 1834//2154
f 1832//2152 1864//2184 1866//2186
f 1833//2153 1835//2155 1867//2187
f 1833//2153 1867//2187 1865//2185
f 1834//2154 1868//2188 1836//2156
f 1834//2154 1866//2186 1868//2188
f 1835//2155 1837//2157 1869//2189
f 1835//2155 1869//2189 1867//2187
f 1836//2156 1870//2190 1838//2158
f 1836//2156 1868//2188 1870//2190
f 1837//2157 1839//2159 1871//2191
f 1837//2157 1871//2191 1869//2189
f 1838//2158 1872//2192 1840//2160
f 1838//2158 1870//2190 1872//2192
f 1839//2159 1841//2161 1873//2193
f 1839//2159 1873//2193 1871//2191
f 1840//2160 1874//2194 1842//2162
f 1840//2160 1872//2192 1874//2194
f 1841//2161 1843//2163 1875//2195
f 1841//2161 1875//2195 1873//2193
f 1842//2162 1876//2196 1844//2164
f 1842//2162 1874//2194 1876//2196
f 1843//2163 1845//2165 1877//2197
f 1843//2163 1877//2197 1875//2195
f 1844//2164 1878//2198 1846//2166
f 1844//2164 1876//2196 1878//2198
f 1845//2165 1847//2167 1879//2199
f 1845//2165 1879//2199 1877//2197
f 1846//2166 1880//2200 1848//2168
f 1846//2166 1878//2198 1880//2200
f 1847//2167 1849//2169 1881//2201
f 1847//2167 1881//2201 1879//2199
f 1848//2168 1882//2202 1850//2170
f 1848//2168 1880//2200 1882//2202
f 1849//2169 1851//2171 1883//2203
f 1849//2169 1883//2203 1881//2201
f 1850//2170 1884//2204 1852//2172
f 1850//2170 1882//2202 1884//2204
f 1851//2171 1853//2173 1885//2205
f 1851//2171 1885//2205 1883//2203
f 1852//2172 1886//2206 1854//2174
f 1852//2172 1884//2204 1886//2206
f 1853//2173 1855//2175 1887//2207
f 1853//2173 1887//2207 1885//2205
f 1854//2174 1888//2208 1856//2176
f 1854//2174 1886//2206 1888//2208
f 1855//2175 1825//2145 1857//2177
f 1855//2175 1857//2177 1887//2207
f 1856//2176 1858//2178 1826//2146
f 1856//2176 1888//2208 1858//2178
f 1857//2177 1859//2179 1891//2211
f 1857//2177 1891//2211 1889//2209
f 1858//2178 1892//2212 1860//2180
f 1858//2178 1890//2210 1892//2212
f 1859//2179 1861//2181 1893//2213
f 1859//2179 1893//2213 1891//2211
f 1860//2180 1894//2214 1862//2182
f 1860//2180 1892//2212 1894//2214
f 1861//2181 1863//2183 1895//2215
f 1861//2181 1895//2215 1893//2213
f 1862//2182 1896//2216 1864//2184
f 1862//2182 1894//2214 1896//2216
f 1863//2183 1865//2185 1897//2217
f 1863//2183 1897//2217 1895//2215
f 1864//2184 1898//2218 1866//2186
f 1864//2184 1896//2216 1898//2218
f 1865//2185 1867//2187 1899//2219
f 1865//2185 1899//2219 1897//2217
f 1866//2186 1900//2220 1868//2188
f 1866//2186 1898//2218 1900//2220
f 1867//2187 1869//2189 1901//2221
f 1867//2187 1901//2221 1899//2219
f 1868//2188 1902//2222 1870//2190
f 1868//2188 1900//2220 1902//2222
f 1869//2189 1871//2191 1903//2223
f 1869//2189 1903//2223 1901//2221
f 1870//2190 1904//2224 1872//2192
f 1870//2190 1902//2222 1904//2224
f 1871//2191 1873//2193 1905//2225
f 1871//2191 1905//2225 1903//2223
f 1872//2192 1906//2226 1874//2194
f 1872//2192 1904//2224 1906//2226
f 1873//2193 1875//2195 1907//2227
f 1873//2193 1907//2227 1905//2225
f 1874//2194 1908//2228 1876//2196
f 1874//2194 1906//2226 1908//2228
f 1875//2195 1877//2197 1909//2229
f 1875//2195 1909//2229 1907//2227
f 1876//2196 1910//2230 1878//2198
f 1876//2196 1908//2228 1910//2230
f 1877//2197 1879//2199 1911//2231
f 1877//2197 1911//2231 1909//2229
f 1878//2198 1912//2232 1880//2200
f 1878//2198 1910//2230 1912//2232
f 1879//2199 1881//2201 1913//2233
f 1879//2199 1913//2233 1911//2231
f 1880//2200 1914//2234 1882//2202
f 1880//2200 1912//2232 1914//2234
f 1881//2201 1883//2203 1915//2235
f 1881//2201 1915//2235 1913//2233
f 1882//2202 1916//2236 1884//2204
f 1882//2202 1914//2234 1916//2236
f 1883//2203 1885//2205 1917//2237
f 1883//2203 1917//2237 1915//2235
f 1884//2204 1918//2238 1886//2206
f 1884//2204 1916//2236 1918//2238
f 1885//2205 1887//2207 1919//2239
f 1885//2205 1919//2239 1917//2237
f 1886//2206 1920//2240 1888//2208
f 1886//2206 1918//2238 1920//2240
f 1887//2207 1857//2177 1889//2209
f 1887//2207 1889//2209 1919//2239
f 1888//2208 1890//2210 1858//2178
f 1888//2208 1920//2240 1890//2210
f 1889//2209 1891//2211 1923//2243
f 1889//2209 1923//2243 1921//2241
f 1890//2210 1924//2244 1892//2212
f 1890//2210 1922//2242 1924//2244
f 1891//2211 1893//2213 1925//2245
f 1891//2211 1925//2245 1923//2243
f 1892//2212 1926//2246 1894//2214
f 1892//2212 1924//2244 1926//2246
f 1893//2213 1895//2215 1927//2247
f 1893//2213 1927//2247 1925//2245
f 1894//2214 1928//2248 1896//2216
f 1894//2214 1926//2246 1928//2248
f 1895//2215 1897//2217 1929//2249
f 1895//2215 1929//2249 1927//2247
f 1896//2216 1930//2250 1898//2218
f 1896//2216 1928//2248 1930//2250
f 1897//2217 1899//2219 1931//2251
f 1897//2217 1931//2251 1929//2249
f 1898//2218 1932//2252 1900//2220
f 1898//2218 1930//2250 1932//2252
f 1899//2219 1901//2221 1933//2253
f 1899//2219 1933//2253 1931//2251
f 1900//2220 1934//2254 1902//2222
f 1900//2220 1932//2252 1934//2254
f 1901//2221 1903//2223 1935//2255
f 1901//2221 1935//2255 1933//2253
f 1902//2222 1936//2256 1904//2224
f 1902//2222 1934//2254 1936//2256
f 1903//2223 1905//2225 1937//2257
f 1903//2223 1937//2257 1935//2255
f 1904//2224 1938//2258 1906//2226
f 1904//2224 1936//2256 1938//2258
f 1905//2225 1907//2227 1939//2259
f 1905//2225 1939//2259 1937//2257
f 1906//2226 1940//2260 1908//2228
f 1906//2226 1938//2258 1940//2260
f 1907//2227 1909//2229 1941//2261
f 1907//2227 1941//2261 1939//2259
f 1908//2228 1942//2262 1910//2230
f 1908//2228 1940//2260 1942//2262
f 1909//2229 1911//2231 1943//2263
f 1909//2229 1943//2263 1941//2261
f 1910//2230 1944//2264 1912//2232
f 1910//2230 1942//2262 1944//2264
f 1911//2231 1913//2233 1945//2265
f 1911//2231 1945//2265 1943//2263
f 1912//2232 1946//2266 1914//2234
f 1912//2232 1944//2264 1946//2266
f 1913//2233 1915//2235 1947//2267
f 1913//2233 1947//2267 1945//2265
f 1914//2234 1948//2268 1916//2236
f 1914//2234 1946//2266 1948//2268
f 1915//2235 1917//2237 1949//2269
f 1915//2235 1949//2269 1947//2267
f 1916//2236 1950//2270 1918//2238
f 1916//2236 1948//2268 1950//2270
f 1917//2237 1919//2239 1951//2271
f 1917//2237 1951//2271 1949//2269
f 1918//2238 1952//2272 1920//2240
f 1918//2238 1950//2270 1952//2272
f 1919//2239 1889//2209 1921//2241
f 1919//2239 1921//2241 1951//2271
f 1920//2240 1922//2242 1890//2210
f 1920//2240 1952//2272 1922//2242
f 1921//2241 1923//2243 1955//2275
f 1921//2241 1955//2275 1953//2273
f 1922//2242 1956//2276 1924//2244
f 1922//2242 1954//2274 1956//2276
f 1923//2243 1925//2245 1957//2277
f 1923//2243 1957//2277 1955//2275
f 1924//2244 1958//2278 1926//2246
f 1924//2244 1956//2276 1958//2278
f 1925//2245 1927//2247 1959//2279
f 1925//2245 1959//2279 1957//2277
f 1926//2246 1960//2280 1928//2248
f 1926//2246 1958//2278 1960//2280
f 1927//2247 1929//2249 1961//2281
f 1927//2247 1961//2281 1959//2279
f 1928//2248 1962//2282 1930//2250
f 1928//2248 1960//2280 1962//2282
f 1929//2249 1931//2251 1963//2283
f 1929//2249 1963//2283 1961//2281
f 1930//2250 1964//2284 1932//2252
f 1930//2250 1962//2282 1964//2284
f 1931//2251 1933//2253 1965//2285
f 1931//2251 1965//2285 1963//2283
f 1932//2252 1966//2286 1934//2254
f 1932//2252 1964//2284 1966//2286
f 1933//2253 1935//2255 1967//2287
f 1933//2253 1967//2287 1965//2285
f 1934//2254 1968//2288 1936//2256
f 1934//2254 1966//2286 1968//2288
f 1935//2255 1937//2257 1969//2289
f 1935//2255 1969//2289 1967//2287
f 1936//2256 1970//2290 1938//2258
f 1936//2256 1968//2288 1970//2290
f 1937//2257 1939//2259 1971//2291
f 1937//2257 1971//2291 1969//2289
f 1938//2258 1972//2292 1940//2260
f 1938//2258 1970//2290 1972//2292
f 1939//2259 1941//2261 1973//2293
f 1939//2259 1973//2293 1971//2291
f 1940//2260 1974//2294 1942//2262
f 1940//2260 1972//2292 1974//2294
f 1941//2261 1943//2263 1975//2295
f 1941//2261 1975//2295 1973//2293
f 1942//2262 1976//2296 1944//2264
f 1942//2262 1974//2294 1976//2296
f 1943//2263 1945//2265 1977//2297
f 1943//2263 1977//2297 1975//2295
f 1944//2264 1978//2298 1946//2266
f 1944//2264 1976//2296 1978//2298
f 1945//2265 1947//2267 1979//2299
f 1945//2265 1979//2299 1977//2297
f 1946//2266 1980//2300 1948//2268
f 1946//2266 1978//2298 1980//2300
f 1947//2267 1949//2269 1981//2301
f 1947//2267 1981//2301 1979//2299
f 1948//2268 1982//2302 1950//2270
f 1948//2268 1980//2300 1982//2302
f 1949//2269 1951//2271 1983//2303
f 1949//2269 1983//2303 1981//2301
f 1950//2270 1984//2304 1952//2272
f 1950//2270 1982//2302 1984//2304
f 1951//2271 1921//2241 1953//2273
f 1951//2271 1953//2273 1983//2303
f 1952//2272 1954//2274 1922//2242
f 1952//2272 1984//2304 1954//2274
f 1953//2273 1955//2275 1987//2307
f 1953//2273 1987//2307 1985//2305
f 1954//2274 1988//2308 1956//2276
f 1954//2274 1986//2306 1988//2308
f 1955//2275 1957//2277 1989//2309
f 1955//2275 1989//2309 1987//2307
f 1956//2276 1990//2310 1958//2278
f 1956//2276 1988//2308 1990//2310
f 1957//2277 1959//2279 1991//2311
f 1957//2277 1991//2311 1989//2309
f 1958//2278 1992//2312 1960//2280
f 1958//2278 1990//2310 1992//2312
f 1959//2279 1961//2281 1993//2313
f 1959//2279 1993//2313 1991//2311
f 1960//2280 1994//2314 1962//2282
f 1960//2280 1992//2312 1994//2314
f 1961//2281 1963//2283 1995//2315
f 1961//2281 1995//2315 1993//2313
f 1962//2282 1996//2316 1964//2284
f 1962//2282 1994//2314 1996//2316
f 1963//2283 1965//2285 1997//2317
f 1963//2283 1997//2317 1995//2315
f 1964//2284 1998//2318 1966//2286
f 1964//2284 1996//2316 1998//2318
f 1965//2285 1967//2287 1999//2319
f 1965//2285 1999//2319 1997//2317
f 1966//2286 2000//2320 1968//2288
f 1966//2286 1998//2318 2000//2320
f 1967//2287 1969//2289 2001//2321
f 1967//2287 2001//2321 1999//2319
f 1968//2288 2002//2322 1970//2290
f 1968//2288 2000//2320 2002//2322
f 1969//2289 1971//2291 2003//2323
f 1969//2289 2003//2323 2001//2321
f 1970//2290 2004//2324 1972//2292
f 1970//2290 2002//2322 2004//2324
f 1971//2291 1973//2293 2005//2325
f 1971//2291 2005//2325 2003//2323
f 1972//2292 2006//2326 1974//2294
f 1972//2292 2004//2324 2006//2326
f 1973//2293 1975//2295 2007//2327
f 1973//2293 2007//2327 2005//2325
f 1974//2294 2008//2328 1976//2296
f 1974//2294 2006//2326 2008//2328
f 1975//2295 1977//2297 2009//2329
f 1975//2295 2009//2329 2007//2327
f 1976//2296 2010//2330 1978//2298
f 1976//2296 2008//2328 2010//2330
f 1977//2297 1979//2299 2011//2331
f 1977//2297 2011//2331 2009//2329
f 1978//2298 2012//2332 1980//2300
f 1978//2298 2010//2330 2012//2332
f 1979//2299 1981//2301 2013//2333
f 1979//2299 2013//2333 2011//2331
f 1980//2300 2014//2334 1982//2302
f 1980//2300 2012//2332 2014//2334
f 1981//2301 1983//2303 2015//2335
f 1981//2301 2015//2335 2013//2333
f 1982//2302 2016//2336 1984//2304
f 1982//2302 2014//2334 2016//2336
f 1983//2303 1953//2273 1985//2305
f 1983//2303 1985//2305 2015//2335
f 1984//2304 1986//2306 1954//2274
f 1984//2304 2016//2336 1986//2306
f 1985//2305 1987//2307 2019//2339
f 1985//2305 2019//2339 2017//2337
f 1986//2306 2020//2340 1988//2308
f 1986//2306 2018//2338 2020//2340
f 1987//2307 1989//2309 2021//2341
f 1987//2307 2021//2341 2019//2339
f 1988//2308 2022//2342 1990//2310
f 1988//2308 2020//2340 2022//2342
f 1989//2309 1991//2311 2023//2343
f 1989//2309 2023//2343 2021//2341
f 1990//2310 2024//2344 1992//2312
f 1990//2310 2022//2342 2024//2344
f 1991//2311 1993//2313 2025//2345
f 1991//2311 2025//2345 2023//2343
f 1992//2312 2026//2346 1994//2314
f 1992//2312 2024//2344 2026//2346
f 1993//2313 1995//2315 2027//2347
f 1993//2313 2027//2347 2025//2345
f 1994//2314 2028//2348 1996//2316
f 1994//2314 2026//2346 2028//2348
f 1995//2315 1997//2317 2029//2349
f 1995//2315 2029//2349 2027//2347
f 1996//2316 2030//2350 1998//2318
f 1996//2316 2028//2348 2030//2350
f 1997//2317 1999//2319 2031//2351
f 1997//2317 2031//2351 2029//2349
f 1998//2318 2032//2352 2000//2320
f 1998//2318 2030//2350 2032//2352
f 1999//2319 2001//2321 2033//2353
f 1999//2319 2033//2353 2031//2351
f 2000//2320 2034//2354 2002//2322
f 2000//2320 2032//2352 2034//2354
f 2001//2321 2003//2323 2035//2355
f 2001//2321 2035//2355 2033//2353
f 2002//2322 2036//2356 2004//2324
f 2002//2322 2034//2354 2036//2356
f 2003//2323 2005//2325 2037//2357
f 2003//2323 2037//2357 2035//2355
f 2004//2324 2038//2358 2006//2326
f 2004//2324 2036//2356 2038//2358
f 2005//2325 2007//2327 2039//2359
f 2005//2325 2039//2359 2037//2357
f 2006//2326 2040//2360 2008//2328
f 2006//2326 2038//2358 2040//2360
f 2007//2327 2009//2329 2041//2361
f 2007//2327 2041//2361 2039//2359
f 2008//2328 2042//2362 2010//2330
f 2008//2328 2040//2360 2042//2362
f 2009//2329 2011//2331 2043//2363
f 2009//2329 2043//2363 2041//2361
f 2010//2330 2044//2364 2012//2332
f 2010//2330 2042//2362 2044//2364
f 2011//2331 2013//2333 2045//2365
f 2011//2331 2045//2365 2043//2363
f 2012//2332 2046//2366 2014//2334
f 2012//2332 2044//2364 2046//2366
f 2013//2333 2015//2335 2047//2367
f 2013//2333 2047//2367 2045//2365
f 2014//2334 2048//2368 2016//2336
f 2014//2334 2046//2366 2048//2368
f 2015//2335 1985//2305 2017//2337
f 2015//2335 2017//2337 2047//2367
f 2016//2336 2018//2338 1986//2306
f 2016//2336 2048//2368 2018//2338
f 2017//2337 2019//2339 2051//2371
f 2017//2337 2051//2371 2049//2369
f 2018//2338 2052//2372 2020//2340
f 2018//2338 2050//2370 2052//2372
f 2019//2339 2021//2341 2053//2373
f 2019//2339 2053//2373 2051//2371
f 2020//2340 2054//2374 2022//2342
f 2020//2340 2052//2372 2054//2374
f 2021//2341 2023//2343 2055//2375
f 2021//2341 2055//2375 2053//2373
f 2022//2342 2056//2376 2024//2344
f 2022//2342 2054//2374 2056//2376
f 2023//2343 2025//2345 2057//2377
f 2023//2343 2057//2377 2055//2375
f 2024//2344 2058//2378 2026//2346
f 2024//2344 2056//2376 2058//2378
f 2025//2345 2027//2347 2059//2379
f 2025//2345 2059//2379 2057//2377
f 2026//2346 2060//2380 2028//2348
f 2026//2346 2058//2378 2060//2380
f 2027//2347 2029//2349 2061//2381
f 2027//2347 2061//2381 2059//2379
f 2028//2348 2062//2382 2030//2350
f 2028//2348 2060//2380 2062//2382
f 2029//2349 2031//2351 2063//2383
f 2029//2349 2063//2383 2061//2381
f 2030//2350 2064//2384 2032//2352
f 2030//2350 2062//2382 2064//2384
f 2031//2351 2033//2353 2065//2385
f 2031//2351 2065//2385 2063//2383
f 2032//2352 2066//2386 2034//2354
f 2032//2352 2064//2384 2066//2386
f 2033//2353 2035//2355 2067//2387
f 2033//2353 2067//2387 2065//2385
f 2034//2354 2068//2388 2036//2356
f 2034//2354 2066//2386 2068//2388
f 2035//2355 2037//2357 2069//2389
f 2035//2355 2069//2389 2067//2387
f 2036//2356 2070//2390 2038//2358
f 2036//2356 2068//2388 2070//2390
f 2037//2357 2039//2359 2071//2391
f 2037//2357 2071//2391 2069//2389
f 2038//2358 2072//2392 2040//2360
f 2038//2358 2070//2390 2072//2392
f 2039//2359 2041//2361 2073//2393
f 2039//2359 2073//2393 2071//2391
f 2040//2360 2074//2394 2042//2362
f 2040//2360 2072//2392 2074//2394
f 2041//2361 2043//2363 2075//2395
f 2041//2361 2075//2395 2073//2393
f 2042//2362 2076//2396 2044//2364
f 2042//2362 2074//2394 2076//2396
f 2043//2363 2045//2365 2077//2397
f 2043//2363 2077//2397 2075//2395
f 2044//2364 2078//2398 2046//2366
f 2044//2364 2076//2396 2078//2398
f 2045//2365 2047//2367 2079//2399
f 2045//2365 2079//2399 2077//2397
f 2046//2366 2080//2400 2048//2368
f 2046//2366 2078//2398 2080//2400
f 2047//2367 2017//2337 2049//2369
f 2047//2367 2049//2369 2079//2399
f 2048//2368 2050//2370 2018//2338
f 2048//2368 2080//2400 2050//2370
f 2049//2369 2051//2371 2083//2403
f 2049//2369 2083//2403 2081//2401
f 2050//2370 2084//2404 2052//2372
f 2050//2370 2082//2402 2084//2404
f 2051//2371 2053//2373 2085//2405
f 2051//2371 2085//2405 2083//2403
f 2052//2372 2086//2406 2054//2374
f 2052//2372 2084//2404 2086//2406
f 2053//2373 2055//2375 2087//2407
f 2053//2373 2087//2407 2085//2405
f 2054//2374 2088//2408 2056//2376
f 2054//2374 2086//2406 2088//2408
f 2055//2375 2057//2377 2089//2409
f 2055//2375 2089//2409 2087//2407
f 2056//2376 2090//2410 2058//2378
f 2056//2376 2088//2408 2090//2410
f 2057//2377 2059//2379 2091//2411
f 2057//2377 2091//2411 2089//2409
f 2058//2378 2092//2412 2060//2380
f 2058//2378 2090//2410 2092//2412
f 2059//2379 2061//2381 2093//2413
f 2059//2379 2093//2413 2091//2411
f 2060//2380 2094//2414 2062//2382
f 2060//2380 2092//2412 2094//2414
f 2061//2381 2063//2383 2095//2415
f 2061//2381 2095//2415 2093//2413
f 2062//2382 2096//2416 2064//2384
f 2062//2382 2094//2414 2096//2416
f 2063//2383 2065//2385 2097//2417
f 2063//2383 2097//2417 2095//2415
f 2064//2384 2098//2418 2066//2386
f 2064//2384 2096//2416 2098//2418
f 2065//2385 2067//2387 2099//2419
f 2065//2385 2099//2419 2097//2417
f 2066//2386 2100//2420 2068//2388
f 2066//2386 2098//2418 2100//2420
f 2067//2387 2069//2389 2101//2421
f 2067//2387 2101//2421 2099//2419
f 2068//2388 2102//2422 2070//2390
f 2068//2388 2100//2420 2102//2422
f 2069//2389 2071//2391 2103//2423
f 2069//2389 2103//2423 2101//2421
f 2070//2390 2104//2424 2072//2392
f 2070//2390 2102//2422 2104//2424
f 2071//2391 2073//2393 2105//2425
f 2071//2391 2105//2425 2103//2423
f 2072//2392 2106//2426 2074//2394
f 2072//2392 2104//2424 2106//2426
f 2073//2393 2075//2395 2107//2427
f 2073//2393 2107//2427 2105//2425
f 2074//2394 2108//2428 2076//2396
f 2074//2394 2106//2426 2108//2428
f 2075//2395 2077//2397 2109//2429
f 2075//2395 2109//2429 2107//2427
f 2076//2396 2110//2430 2078//2398
f 2076//2396 2108//2428 2110//2430
f 2077//2397 2079//2399 2111//2431
f 2077//2397 2111//2431 2109//2429
f 2078//2398 2112//2432 2080//2400
f 2078//2398 2110//2430 2112//2432
f 2079//2399 2049//2369 2081//2401
f 2079//2399 2081//2401 2111//2431
f 2080//2400 2082//2402 2050//2370
f 2080//2400 2112//2432 2082//2402
f 1761//2433 1764//2433 1763//2433
f 1761//2434 1762//2434 1764//2434
f 2081//2435 2083//2435 2084//2435
f 2081//2436 2084//2436 2082//2436
f 1763//2437 1766//2437 1765//2437
f 1763//2438 1764//2438 1766//2438
f 2083//2439 2085//2439 2086//2439
f 2083//2440 2086//2440 2084//2440
f 1765//2441 1768//2441 1767//2441
f 1765//2442 1766//2442 1768//2442
f 2085//2443 2087//2443 2088//2443
f 2085//2444 2088//2444 2086//2444
f 1767//2445 1770//2445 1769//2445
f 1767//2446 1768//2446 1770//2446
f 2087//2447 2089//2447 2090//2447
f 2087//2448 2090//2448 2088//2448
f 1769//2449 1772//2449 1771//2449
f 1769//2450 1770//2450 1772//2450
f 2089//2451 2091//2451 2092//2451
f 2089//2452 2092//2452 2090//2452
f 1771//2453 1774//2453 1773//2453
f 1771//2454 1772//2454 1774//2454
f 2091//2455 2093//2455 2094//2455
f 2091//2456 2094//2456 2092//2456
f 1773//2457 1776//2457 1775//2457
f 1773//2458 1774//2458 1776//2458
f 2093//2459 2095//2459 2096//2459
f 2093//2460 2096//2460 2094//2460
f 1775//2461 1778//2461 1777//2461
f 1775//2462 1776//2462 1778//2462
f 2095//2463 2097//2463 2098//2463
f 2095//2464 2098//2464 2096//2464
f 1777//2465 1780//2465 1779//2465
f 1777//2466 1778//2466 1780//2466
f 2097//2467 2099//2467 2100//2467
f 2097//2468 2100//2468 2098//2468
f 1779//2469 1782//2469 1781//2469
f 1779//2470 1780//2470 1782//2470
f 2099//2471 2101//2471 2102//2471
f 2099//2472 2102//2472 2100//2472
f 1781//2473 1784//2473 1783//2473
f 1781//2474 1782//2474 1784//2474
f 2101//2475 2103//2475 2104//2475
f 2101//2476 2104//2476 2102//2476
f 1783//2477 1786//2477 1785//2477
f 1783//2478 1784//2478 1786//2478
f 2103//2479 2105//2479 2106//2479
f 2103//2480 2106//2480 2104//2480
f 1785//2481 1788//2481 1787//2481
f 1785//2482 1786//2482 1788//2482
f 2105//2483 2107//2483 2108//2483
f 2105//2484 2108//2484 2106//2484
f 1787//2485 1790//2485 1789//2485
f 1787//2486 1788//2486 1790//2486
f 2107//2487 2109//2487 2110//2487
f 2107//2488 2110//2488 2108//2488
f 1789//2489 1792//2489 1791//2489
f 1789//2490 1790//2490 1792//2490
f 2109//2491 2111//2491 2112//2491
f 2109//2492 2112//2492 2110//2492
f 1791//2493 1762//2493 1761//2493
f 1791//2494 1792//2494 1762//2494
f 2111//2495 2081//2495 2082//2495
f 2111//2496 2082//2496 2112//2496
f 2113//2497 2115//2499 2147//2531
f 2113//2497 2147//2531 2145//2529
f 2114//2498 2148//2532 2116//2500
f 2114//2498 2146//2530 2148//2532
f 2115//2499 2117//2501 2149//2533
f 2115//2499 2149//2533 2147//2531
f 2116//2500 2150//2534 2118//2502
f 2116//2500 2148//2532 2150//2534
f 2117//2501 2119//2503 2151//2535
f 2117//2501 2151//2535 2149//2533
f 2118//2502 2152//2536 2120//2504
f 2118//2502 2150//2534 2152//2536
f 2119//2503 2121//2505 2153//2537
f 2119//2503 2153//2537 2151//2535
f 2120//2504 2154//2538 2122//2506
f 2120//2504 2152//2536 2154//2538
f 2121//2505 2123//2507 2155//2539
f 2121//2505 2155//2539 2153//2537
f 2122//2506 2156//2540 2124//2508
f 2122//2506 2154//2538 2156//2540
f 2123//2507 2125//2509 2157//2541
f 2123//2507 2157//2541 2155//2539
f 2124//2508 2158//2542 2126//2510
f 2124//2508 2156//2540 2158//2542
f 2125//2509 2127//2511 2159//2543
f 2125//2509 2159//2543 2157//2541
f 2126//2510 2160//2544 2128//2512
f 2126//2510 2158//2542 2160//2544
f 2127//2511 2129//2513 2161//2545
f 2127//2511 2161//2545 2159//2543
f 2128//2512 2162//2546 2130//2514
f 2128//2512 2160//2544 2162//2546
f 2129//2513 2131//2515 2163//2547
f 2129//2513 2163//2547 2161//2545
f 2130//2514 2164//2548 2132//2516
f 2130//2514 2162//2546 2164//2548
f 2131//2515 2133//2517 2165//2549
f 2131//2515 2165//2549 2163//2547
f 2132//2516 2166//2550 2134//2518
f 2132//2516 2164//2548 2166//2550
f 2133//2517 2135//2519 2167//2551
f 2133//2517 2167//2551 2165//2549
f 2134//2518 2168//2552 2136//2520
f 2134//2518 2166//2550 2168//2552
f 2135//2519 2137//2521 2169//2553
f 2135//2519 2169//2553 2167//2551
f 2136//2520 2170//2554 2138//2522
f 2136//2520 2168//2552 2170//2554
f 2137//2521 2139//2523 2171//2555
f 2137//2521 2171//2555 2169//2553
f 2138//2522 2172//2556 2140//2524
f 2138//2522 2170//2554 2172//2556
f 2139//2523 2141//2525 2173//2557
f 2139//2523 2173//2557 2171//2555
f 2140//2524 2174//2558 2142//2526
f 2140//2524 2172//2556 2174//2558
f 2141//2525 2143//2527 2175//2559
f 2141//2525 2175//2559 2173//2557
f 2142//2526 2176//2560 2144//2528
f 2142//2526 2174//2558 2176//2560
f 2143//2527 2113//2497 2145//2529
f 2143//2527 2145//2529 2175//2559
f 2144//2528 2146//2530 2114//2498
f 2144//2528 2176//2560 2146//2530
f 2145//2529 2147//2531 2179//2563
f 2145//2529 2179//2563 2177//2561
f 2146//2530 2180//2564 2148//2532
f 2146//2530 2178//2562 2180//2564
f 2147//2531 2149//2533 2181//2565
f 2147//2531 2181//2565 2179//2563
f 2148//2532 2182//2566 2150//2534
f 2148//2532 2180//2564 2182//2566
f 2149//2533 2151//2535 2183//2567
f 2149//2533 2183//2567 2181//2565
f 2150//2534 2184//2568 2152//2536
f 2150//2534 2182//2566 2184//2568
f 2151//2535 2153//2537 2185//2569
f 2151//2535 2185//2569 2183//2567
f 2152//2536 2186//2570 2154//2538
f 2152//2536 2184//2568 2186//2570
f 2153//2537 2155//2539 2187//2571
f 2153//2537 2187//2571 2185//2569
f 2154//2538 2188//2572 2156//2540
f 2154//2538 2186//2570 2188//2572
f 2155//2539 2157//2541 2189//2573
f 2155//2539 2189//2573 2187//2571
f 2156//2540 2190//2574 2158//2542
f 2156//2540 2188//2572 2190//2574
f 2157//2541 2159//2543 2191//2575
f 2157//2541 2191//2575 2189//2573
f 2158//2542 2192//2576 2160//2544
f 2158//2542 2190//2574 2192//2576
f 2159//2543 2161//2545 2193//2577
f 2159//2543 2193//2577 2191//2575
f 2160//2544 2194//2578 2162//2546
f 2160//2544 2192//2576 2194//2578
f 2161//2545 2163//2547 2195//2579
f 2161//2545 2195//2579 2193//2577
f 2162//2546 2196//2580 2164//2548
f 2162//2546 2194//2578 2196//2580
f 2163//2547 2165//2549 2197//2581
f 2163//2547 2197//2581 2195//2579
f 2164//2548 2198//2582 2166//2550
f 2164//2548 2196//2580 2198//2582
f 2165//2549 2167//2551 2199//2583
f 2165//2549 2199//2583 2197//2581
f 2166//2550 2200//2584 2168//2552
f 2166//2550 2198//2582 2200//2584
f 2167//2551 2169//2553 2201//2585
f 2167//2551 2201//2585 2199//2583
f 2168//2552 2202//2586 2170//2554
f 2168//2552 2200//2584 2202//2586
f 2169//2553 2171//2555 2203//2587
f 2169//2553 2203//2587 2201//2585
f 2170//2554 2204//2588 2172//2556
f 2170//2554 2202//2586 2204//2588
f 2171//2555 2173//2557 2205//2589
f 2171//2555 2205//2589 2203//2587
f 2172//2556 2206//2590 2174//2558
f 2172//2556 2204//2588 2206//2590
f 2173//2557 2175//2559 2207//2591
f 2173//2557 2207//2591 2205//2589
f 2174//2558 2208//2592 2176//2560
f 2174//2558 2206//2590 2208//2592
f 2175//2559 2145//2529 2177//2561
f 2175//2559 2177//2561 2207//2591
f 2176//2560 2178//2562 2146//2530
f 2176//2560 2208//2592 2178//2562
f 2177//2561 2179//2563 2211//2595
f 2177//2561 2211//2595 2209//2593
f 2178//2562 2212//2596 2180//2564
f 2178//2562 2210//2594 2212//2596
f 2179//2563 2181//2565 2213//2597
f 2179//2563 2213//2597 2211//2595
f 2180//2564 2214//2598 2182//2566
f 2180//2564 2212//2596 2214//2598
f 2181//2565 2183//2567 2215//2599
f 2181//2565 2215//2599 2213//2597
f 2182//2566 2216//2600 2184//2568
f 2182//2566 2214//2598 2216//2600
f 2183//2567 2185//2569 2217//2601
f 2183//2567 2217//2601 2215//2599
f 2184//2568 2218//2602 2186//2570
f 2184//2568 2216//2600 2218//2602
f 2185//2569 2187//2571 2219//2603
f 2185//2569 2219//2603 2217//2601
f 2186//2570 2220//2604 2188//2572
f 2186//2570 2218//2602 2220//2604
f 2187//2571 2189//2573 2221//2605
f 2187//2571 2221//2605 2219//2603
f 2188//2572 2222//2606 2190//2574
f 2188//2572 2220//2604 2222//2606
f 2189//2573 2191//2575 2223//2607
f 2189//2573 2223//2607 2221//2605
f 2190//2574 2224//2608 2192//2576
f 2190//2574 2222//2606 2224//2608
f 2191//2575 2193//2577 2225//2609
f 2191//2575 2225//2609 2223//2607
f 2192//2576 2226//2610 2194//2578
f 2192//2576 2224//2608 2226//2610
f 2193//2577 2195//2579 2227//2611
f 2193//2577 2227//2611 2225//2609
f 2194//2578 2228//2612 2196//2580
f 2194//2578 2226//2610 2228//2612
f 2195//2579 2197//2581 2229//2613
f 2195//2579 2229//2613 2227//2611
f 2196//2580 2230//2614 2198//2582
f 2196//2580 2228//2612 2230//2614
f 2197//2581 2199//2583 2231//2615
f 2197//2581 2231//2615 2229//2613
f 2198//2582 2232//2616 2200//2584
f 2198//2582 2230//2614 2232//2616
f 2199//2583 2201//2585 2233//2617
f 2199//2583 2233//2617 2231//2615
f 2200//2584 2234//2618 2202//2586
f 2200//2584 2232//2616 2234//2618
f 2201//2585 2203//2587 2235//2619
f 2201//2585 2235//2619 2233//2617
f 2202//2586 2236//2620 2204//2588
f 2202//2586 2234//2618 2236//2620
f 2203//2587 2205//2589 2237//2621
f 2203//2587 2237//2621 2235//2619
f 2204//2588 2238//2622 2206//2590
f 2204//2588 2236//2620 2238//2622
f 2205//2589 2207//2591 2239//2623
f 2205//2589 2239//2623 2237//2621
f 2206//2590 2240//2624 2208//2592
f 2206//2590 2238//2622 2240//2624
f 2207//2591 2177//2561 2209//2593
f 2207//2591 2209//2593 2239//2623
f 2208//2592 2210//2594 2178//2562
f 2208//2592 2240//2624 2210//2594
f 2209//2593 2211//2595 2243//2627
f 2209//2593 2243//2627 2241//2625
f 2210//2594 2244//2628 2212//2596
f 2210//2594 2242//2626 2244//2628
f 2211//2595 2213//2597 2245//2629
f 2211//2595 2245//2629 2243//2627
f 2212//2596 2246//2630 2214//2598
f 2212//2596 2244//2628 2246//2630
f 2213//2597 2215//2599 2247//2631
f 2213//2597 2247//2631 2245//2629
f 2214//2598 2248//2632 2216//2600
f 2214//2598 2246//2630 2248//2632
f 2215//2599 2217//2601 2249//2633
f 2215//2599 2249//2633 2247//2631
f 2216//2600 2250//2634 2218//2602
f 2216//2600 2248//2632 2250//2634
f 2217//2601 2219//2603 2251//2635
f 2217//2601 2251//2635 2249//2633
f 2218//2602 2252//2636 2220//2604
f 2218//2602 2250//2634 2252//2636
f 2219//2603 2221//2605 2253//2637
f 2219//2603 2253//2637 2251//2635
f 2220//2604 2254//2638 2222//2606
f 2220//2604 2252//2636 2254//2638
f 2221//2605 2223//2607 2255//2639
f 2221//2605 2255//2639 2253//2637
f 2222//2606 2256//2640 2224//2608
f 2222//2606 2254//2638 2256//2640
f 2223//2607 2225//2609 2257//2641
f 2223//2607 2257//2641 2255//2639
f 2224//2608 2258//2642 2226//2610
f 2224//2608 2256//2640 2258//2642
f 2225//2609 2227//2611 2259//2643
f 2225//2609 2259//2643 2257//2641
f 2226//2610 2260//2644 2228//2612
f 2226//2610 2258//2642 2260//2644
f 2227//2611 2229//2613 2261//2645
f 2227//2611 2261//2645 2259//2643
f 2228//2612 2262//2646 2230//2614
f 2228//2612 2260//2644 2262//2646
f 2229//2613 2231//2615 2263//2647
f 2229//2613 2263//2647 2261//2645
f 2230//2614 2264//2648 2232//2616
f 2230//2614 2262//2646 2264//2648
f 2231//2615 2233//2617 2265//2649
f 2231//2615 2265//2649 2263//2647
f 2232//2616 2266//2650 2234//2618
f 2232//2616 2264//2648 2266//2650
f 2233//2617 2235//2619 2267//2651
f 2233//2617 2267//2651 2265//2649
f 2234//2618 2268//2652 2236//2620
f 2234//2618 2266//2650 2268//2652
f 2235//2619 2237//2621 2269//2653
f 2235//2619 2269//2653 2267//2651
f 2236//2620 2270//2654 2238//2622
f 2236//2620 2268//2652 2270//2654
f 2237//2621 2239//2623 2271//2655
f 2237//2621 2271//2655 2269//2653
f 2238//2622 2272//2656 2240//2624
f 2238//2622 2270//2654 2272//2656
f 2239//2623 2209//2593 2241//2625
f 2239//2623 2241//2625 2271//2655
f 2240//2624 2242//2626 2210//2594
f 2240//2624 2272//2656 2242//2626
f 2241//2625 2243//2627 2275//2659
f 2241//2625 2275//2659 2273//2657
f 2242//2626 2276//2660 2244//2628
f 2242//2626 2274//2658 2276//2660
f 2243//2627 2245//2629 2277//2661
f 2243//2627 2277//2661 2275//2659
f 2244//2628 2278//2662 2246//2630
f 2244//2628 2276//2660 2278//2662
f 2245//2629 2247//2631 2279//2663
f 2245//2629 2279//2663 2277//2661
f 2246//2630 2280//2664 2248//2632
f 2246//2630 2278//2662 2280//2664
f 2247//2631 2249//2633 2281//2665
f 2247//2631 2281//2665 2279//2663
f 2248//2632 2282//2666 2250//2634
f 2248//2632 2280//2664 2282//2666
f 2249//2633 2251//2635 2283//2667
f 2249//2633 2283//2667 2281//2665
f 2250//2634 2284//2668 2252//2636
f 2250//2634 2282//2666 2284//2668
f 2251//2635 2253//2637 2285//2669
f 2251//2635 2285//2669 2283//2667
f 2252//2636 2286//2670 2254//2638
f 2252//2636 2284//2668 2286//2670
f 2253//2637 2255//2639 2287//2671
f 2253//2637 2287//2671 2285//2669
f 2254//2638 2288//2672 2256//2640
f 2254//2638 2286//2670 2288//2672
f 2255//2639 2257//2641 2289//2673
f 2255//2639 2289//2673 2287//2671
f 2256//2640 2290//2674 2258//2642
f 2256//2640 2288//2672 2290//2674
f 2257//2641 2259//2643 2291//2675
f 2257//2641 2291//2675 2289//2673
f 2258//2642 2292//2676 2260//2644
f 2258//2642 2290//2674 2292//2676
f 2259//2643 2261//2645 2293//2677
f 2259//2643 2293//2677 2291//2675
f 2260//2644 2294//2678 2262//2646
f 2260//2644 2292//2676 2294//2678
f 2261//2645 2263//2647 2295//2679
f 2261//2645 2295//2679 2293//2677
f 2262//2646 2296//2680 2264//2648
f 2262//2646 2294//2678 2296//2680
f 2263//2647 2265//2649 2297//2681
f 2263//2647 2297//2681 2295//2679
f 2264//2648 2298//2682 2266//2650
f 2264//2648 2296//2680 2298//2682
f 2265//2649 2267//2651 2299//2683
f 2265//2649 2299//2683 2297//2681
f 2266//2650 2300//2684 2268//2652
f 2266//2650 2298//2682 2300//2684
f 2267//2651 2269//2653 2301//2685
f 2267//2651 2301//2685 2299//2683
f 2268//2652 2302//2686 2270//2654
f 2268//2652 2300//2684 2302//2686
f 2269//2653 2271//2655 2303//2687
f 2269//2653 2303//2687 2301//2685
f 2270//2654 2304//2688 2272//2656
f 2270//2654 2302//2686 2304//2688
f 2271//2655 2241//2625 2273//2657
f 2271//2655 2273//2657 2303//2687
f 2272//2656 2274//2658 2242//2626
f 2272//2656 2304//2688 2274//2658
f 2273//2657 2275//2659 2307//2691
f 2273//2657 2307//2691 2305//2689
f 2274//2658 2308//2692 2276//2660
f 2274//2658 2306//2690 2308//2692
f 2275//2659 2277//2661 2309//2693
f 2275//2659 2309//2693 2307//2691
f 2276//2660 2310//2694 2278//2662
f 2276//2660 2308//2692 2310//2694
f 2277//2661 2279//2663 2311//2695
f 2277//2661 2311//2695 2309//2693
f 2278//2662 2312//2696 2280//2664
f 2278//2662 2310//2694 2312//2696
f 2279//2663 2281//2665 2313//2697
f 2279//2663 2313//2697 2311//2695
f 2280//2664 2314//2698 2282//2666
f 2280//2664 2312//2696 2314//2698
f 2281//2665 2283//2667 2315//2699
f 2281//2665 2315//2699 2313//2697
f 2282//2666 2316//2700 2284//2668
f 2282//2666 2314//2698 2316//2700
f 2283//2667 2285//2669 2317//2701
f 2283//2667 2317//2701 2315//2699
f 2284//2668 2318//2702 2286//2670
f 2284//2668 2316//2700 2318//2702
f 2285//2669 2287//2671 2319//2703
f 2285//2669 2319//2703 2317//2701
f 2286//2670 2320//2704 2288//2672
f 2286//2670 2318//2702 2320//2704
f 2287//2671 2289//2673 2321//2705
f 2287//2671 2321//2705 2319//2703
f 2288//2672 2322//2706 2290//2674
f 2288//2672 2320//2704 2322//2706
f 2289//2673 2291//2675 2323//2707
f 2289//2673 2323//2707 2321//2705
f 2290//2674 2324//2708 2292//2676
f 2290//2674 2322//2706 2324//2708
f 2291//2675 2293//2677 2325//2709
f 2291//2675 2325//2709 2323//2707
f 2292//2676 2326//2710 2294//2678
f 2292//2676 2324//2708 2326//2710
f 2293//2677 2295//2679 2327//2711
f 2293//2677 2327//2711 2325//2709
f 2294//2678 2328//2712 2296//2680
f 2294//2678 2326//2710 2328//2712
f 2295//2679 2297//2681 2329//2713
f 2295//2679 2329//2713 2327//2711
f 2296//2680 2330//2714 2298//2682
f 2296//2680 2328//2712 2330//2714
f 2297//2681 2299//2683 2331//2715
f 2297//2681 2331//2715 2329//2713
f 2298//2682 2332//2716 2300//2684
f 2298//2682 2330//2714 2332//2716
f 2299//2683 2301//2685 2333//2717
f 2299//2683 2333//2717 2331//2715
f 2300//2684 2334//2718 2302//2686
f 2300//2684 2332//2716 2334//2718
f 2301//2685 2303//2687 2335//2719
f 2301//2685 2335//2719 2333//2717
f 2302//2686 2336//2720 2304//2688
f 2302//2686 2334//2718 2336//2720
f 2303//2687 2273//2657 2305//2689
f 2303//2687 2305//2689 2335//2719
f 2304//2688 2306//2690 2274//2658
f 2304//2688 2336//2720 2306//2690
f 2305//2689 2307//2691 2339//2723
f 2305//2689 2339//2723 2337//2721
f 2306//2690 2340//2724 2308//2692
f 2306//2690 2338//2722 2340//2724
f 2307//2691 2309//2693 2341//2725
f 2307//2691 2341//2725 2339//2723
f 2308//2692 2342//2726 2310//2694
f 2308//2692 2340//2724 2342//2726
f 2309//2693 2311//2695 2343//2727
f 2309//2693 2343//2727 2341//2725
f 2310//2694 2344//2728 2312//2696
f 2310//2694 2342//2726 2344//2728
f 2311//2695 2313//2697 2345//2729
f 2311//2695 2345//2729 2343//2727
f 2312//2696 2346//2730 2314//2698
f 2312//2696 2344//2728 2346//2730
f 2313//2697 2315//2699 2347//2731
f 2313//2697 2347//2731 2345//2729
f 2314//2698 2348//2732 2316//2700
f 2314//2698 2346//2730 2348//2732
f 2315//2699 2317//2701 2349//2733
f 2315//2699 2349//2733 2347//2731
f 2316//2700 2350//2734 2318//2702
f 2316//2700 2348//2732 2350//2734
f 2317//2701 2319//2703 2351//2735
f 2317//2701 2351//2735 2349//2733
f 2318//2702 2352//2736 2320//2704
f 2318//2702 2350//2734 2352//2736
f 2319//2703 2321//2705 2353//2737
f 2319//2703 2353//2737 2351//2735
f 2320//2704 2354//2738 2322//2706
f 2320//2704 2352//2736 2354//2738
f 2321//2705 2323//2707 2355//2739
f 2321//2705 2355//2739 2353//2737
f 2322//2706 2356//2740 2324//2708
f 2322//2706 2354//2738 2356//2740
f 2323//2707 2325//2709 2357//2741
f 2323//2707 2357//2741 2355//2739
f 2324//2708 2358//2742 2326//2710
f 2324//2708 2356//2740 2358//2742
f 2325//2709 2327//2711 2359//2743
f 2325//2709 2359//2743 2357//2741
f 2326//2710 2360//2744 2328//2712
f 2326//2710 2358//2742 2360//2744
f 2327//2711 2329//2713 2361//2745
f 2327//2711 2361//2745 2359//2743
f 2328//2712 2362//2746 2330//2714
f 2328//2712 2360//2744 2362//2746
f 2329//2713 2331//2715 2363//2747
f 2329//2713 2363//2747 2361//2745
f 2330//2714 2364//2748 2332//2716
f 2330//2714 2362//2746 2364//2748
f 2331//2715 2333//2717 2365//2749
f 2331//2715 2365//2749 2363//2747
f 2332//2716 2366//2750 2334//2718
f 2332//2716 2364//2748 2366//2750
f 2333//2717 2335//2719 2367//2751
f 2333//2717 2367//2751 2365//2749
f 2334//2718 2368//2752 2336//2720
f 2334//2718 2366//2750 2368//2752
f 2335//2719 2305//2689 2337//2721
f 2335//2719 2337//2721 2367//2751
f 2336//2720 2338//2722 2306//2690
f 2336//2720 2368//2752 2338//2722
f 2337//2721 2339//2723 2371//2755
f 2337//2721 2371//2755 2369//2753
f 2338//2722 2372//2756 2340//2724
f 2338//2722 2370//2754 2372//2756
f 2339//2723 2341//2725 2373//2757
f 2339//2723 2373//2757 2371//2755
f 2340//2724 2374//2758 2342//2726
f 2340//2724 2372//2756 2374//2758
f 2341//2725 2343//2727 2375//2759
f 2341//2725 2375//2759 2373//2757
f 2342//2726 2376//2760 2344//2728
f 2342//2726 2374//2758 2376//2760
f 2343//2727 2345//2729 2377//2761
f 2343//2727 2377//2761 2375//2759
f 2344//2728 2378//2762 2346//2730
f 2344//2728 2376//2760 2378//2762
f 2345//2729 2347//2731 2379//2763
f 2345//2729 2379//2763 2377//2761
f 2346//2730 2380//2764 2348//2732
f 2346//2730 2378//2762 2380//2764
f 2347//2731 2349//2733 2381//2765
f 2347//2731 2381//2765 2379//2763
f 2348//2732 2382//2766 2350//2734
f 2348//2732 2380//2764 2382//2766
f 2349//2733 2351//2735 2383//2767
f 2349//2733 2383//2767 2381//2765
f 2350//2734 2384//2768 2352//2736
f 2350//2734 2382//2766 2384//2768
f 2351//2735 2353//2737 2385//2769
f 2351//2735 2385//2769 2383//2767
f 2352//2736 2386//2770 2354//2738
f 2352//2736 2384//2768 2386//2770
f 2353//2737 2355//2739 2387//2771
f 2353//2737 2387//2771 2385//2769
f 2354//2738 2388//2772 2356//2740
f 2354//2738 2386//2770 2388//2772
f 2355//2739 2357//2741 2389//2773
f 2355//2739 2389//2773 2387//2771
f 2356//2740 2390//2774 2358//2742
f 2356//2740 2388//2772 2390//2774
f 2357//2741 2359//2743 2391//2775
f 2357//2741 2391//2775 2389//2773
f 2358//2742 2392//2776 2360//2744
f 2358//2742 2390//2774 2392//2776
f 2359//2743 2361//2745 2393//2777
f 2359//2743 2393//2777 2391//2775
f 2360//2744 2394//2778 2362//2746
f 2360//2744 2392//2776 2394//2778
f 2361//2745 2363//2747 2395//2779
f 2361//2745 2395//2779 2393//2777
f 2362//2746 2396//2780 2364//2748
f 2362//2746 2394//2778 2396//2780
f 2363//2747 2365//2749 2397//2781
f 2363//2747 2397//2781 2395//2779
f 2364//2748 2398//2782 2366//2750
f 2364//2748 2396//2780 2398//2782
f 2365//2749 2367//2751 2399//2783
f 2365//2749 2399//2783 2397//2781
f 2366//2750 2400//2784 2368//2752
f 2366//2750 2398//2782 2400//2784
f 2367//2751 2337//2721 2369//2753
f 2367//2751 2369//2753 2399//2783
f 2368//2752 2370//2754 2338//2722
f 2368//2752 2400//2784 2370//2754
f 2369//2753 2371//2755 2403//2787
f 2369//2753 2403//2787 2401//2785
f 2370//2754 2404//2788 2372//2756
f 2370//2754 2402//2786 2404//2788
f 2371//2755 2373//2757 2405//2789
f 2371//2755 2405//2789 2403//2787
f 2372//2756 2406//2790 2374//2758
f 2372//2756 2404//2788 2406//2790
f 2373//2757 2375//2759 2407//2791
f 2373//2757 2407//2791 2405//2789
f 2374//2758 2408//2792 2376//2760
f 2374//2758 2406//2790 2408//2792
f 2375//2759 2377//2761 2409//2793
f 2375//2759 2409//2793 2407//2791
f 2376//2760 2410//2794 2378//2762
f 2376//2760 2408//2792 2410//2794
f 2377//2761 2379//2763 2411//2795
f 2377//2761 2411//2795 2409//2793
f 2378//2762 2412//2796 2380//2764
f 2378//2762 2410//2794 2412//2796
f 2379//2763 2381//2765 2413//2797
f 2379//2763 2413//2797 2411//2795
f 2380//2764 2414//2798 2382//2766
f 2380//2764 2412//2796 2414//2798
f 2381//2765 2383//2767 2415//2799
f 2381//2765 2415//2799 2413//2797
f 2382//2766 2416//2800 2384//2768
f 2382//2766 2414//2798 2416//2800
f 2383//2767 2385//2769 2417//2801
f 2383//2767 2417//2801 2415//2799
f 2384//2768 2418//2802 2386//2770
f 2384//2768 2416//2800 2418//2802
f 2385//2769 2387//2771 2419//2803
f 2385//2769 2419//2803 2417//2801
f 2386//2770 2420//2804 2388//2772
f 2386//2770 2418//2802 2420//2804
f 2387//2771 2389//2773 2421//2805
f 2387//2771 2421//2805 2419//2803
f 2388//2772 2422//2806 2390//2774
f 2388//2772 2420//2804 2422//2806
f 2389//2773 2391//2775 2423//2807
f 2389//2773 2423//2807 2421//2805
f 2390//2774 2424//2808 2392//2776
f 2390//2774 2422//2806 2424//2808
f 2391//2775 2393//2777 2425//2809
f 2391//2775 2425//2809 2423//2807
f 2392//2776 2426//2810 2394//2778
f 2392//2776 2424//2808 2426//2810
f 2393//2777 2395//2779 2427//2811
f 2393//2777 2427//2811 2425//2809
f 2394//2778 2428//2812 2396//2780
f 2394//2778 2426//2810 2428//2812
f 2395//2779 2397//2781 2429//2813
f 2395//2779 2429//2813 2427//2811
f 2396//2780 2430//2814 2398//2782
f 2396//2780 2428//2812 2430//2814
f 2397//2781 2399//2783 2431//2815
f 2397//2781 2431//2815 2429//2813
f 2398//2782 2432//2816 2400//2784
f 2398//2782 2430//2814 2432//2816
f 2399//2783 2369//2753 2401//2785
f 2399//2783 2401//2785 2431//2815
f 2400//2784 2402//2786 2370//2754
f 2400//2784 2432//2816 2402//2786
f 2401//2785 2403//2787 2435//2819
f 2401//2785 2435//2819 2433//2817
f 2402//2786 2436//2820 2404//2788
f 2402//2786 2434//2818 2436//2820
f 2403//2787 2405//2789 2437//2821
f 2403//2787 2437//2821 2435//2819
f 2404//2788 2438//2822 2406//2790
f 2404//2788 2436//2820 2438//2822
f 2405//2789 2407//2791 2439//2823
f 2405//2789 2439//2823 2437//2821
f 2406//2790 2440//2824 2408//2792
f 2406//2790 2438//2822 2440//2824
f 2407//2791 2409//2793 2441//2825
f 2407//2791 2441//2825 2439//2823
f 2408//2792 2442//2826 2410//2794
f 2408//2792 2440//2824 2442//2826
f 2409//2793 2411//2795 2443//2827
f 2409//2793 2443//2827 2441//2825
f 2410//2794 2444//2828 2412//2796
f 2410//2794 2442//2826 2444//2828
f 2411//2795 2413//2797 2445//2829
f 2411//2795 2445//2829 2443//2827
f 2412//2796 2446//2830 2414//2798
f 2412//2796 2444//2828 2446//2830
f 2413//2797 2415//2799 2447//2831
f 2413//2797 2447//2831 2445//2829
f 2414//2798 2448//2832 2416//2800
f 2414//2798 2446//2830 2448//2832
f 2415//2799 2417//2801 2449//2833
f 2415//2799 2449//2833 2447//2831
f 2416//2800 2450//2834 2418//2802
f 2416//2800 2448//2832 2450//2834
f 2417//2801 2419//2803 2451//2835
f 2417//2801 2451//2835 2449//2833
f 2418//2802 2452//2836 2420//2804
f 2418//2802 2450//2834 2452//2836
f 2419//2803 2421//2805 2453//2837
f 2419//2803 2453//2837 2451//2835
f 2420//2804 2454//2838 2422//2806
f 2420//2804 2452//2836 2454//2838
f 2421//2805 2423//2807 2455//2839
f 2421//2805 2455//2839 2453//2837
f 2422//2806 2456//2840 2424//2808
f 2422//2806 2454//2838 2456//2840
f 2423//2807 2425//2809 2457//2841
f 2423//2807 2457//2841 2455//2839
f 2424//2808 2458//2842 2426//2810
f 2424//2808 2456//2840 2458//2842
f 2425//2809 2427//2811 2459//2843
f 2425//2809 2459//2843 2457//2841
f 2426//2810 2460//2844 2428//2812
f 2426//2810 2458//2842 2460//2844
f 2427//2811 2429//2813 2461//2845
f 2427//2811 2461//2845 2459//2843
f 2428//2812 2462//2846 2430//2814
f 2428//2812 2460//2844 2462//2846
f 2429//2813 2431//2815 2463//2847
f 2429//2813 2463//2847 2461//2845
f 2430//2814 2464//2848 2432//2816
f 2430//2814 2462//2846 2464//2848
f 2431//2815 2401//2785 2433//2817
f 2431//2815 2433//2817 2463//2847
f 2432//2816 2434//2818 2402//2786
f 2432//2816 2464//2848 2434//2818
f 2113//2849 2116//2849 2115//2849
f 2113//2850 2114//2850 2116//2850
f 2433//2851 2435//2851 2436//2851
f 2433//2852 2436//2852 2434//2852
f 2115//2853 2118//2853 2117//2853
f 2115//2854 2116//2854 2118//2854
f 2435//2855 2437//2855 2438//2855
f 2435//2856 2438//2856 2436//2856
f 2117//2857 2120//2857 2119//2857
f 2117//2858 2118//2858 2120//2858
f 2437//2859 2439//2859 2440//2859
f 2437//2860 2440//2860 2438//2860
f 2119//2861 2122//2861 2121//2861
f 2119//2862 2120//2862 2122//2862
f 2439//2863 2441//2863 2442//2863
f 2439//2864 2442//2864 2440//2864
f 2121//2865 2124//2865 2123//2865
f 2121//2866 2122//2866 2124//2866
f 2441//2867 2443//2867 2444//2867
f 2441//2868 2444//2868 2442//2868
f 2123//2869 2126//2869 2125//2869
f 2123//2870 2124//2870 2126//2870
f 2443//2871 2445//2871 2446//2871
f 2443//2872 2446//2872 2444//2872
f 2125//2873 2128//2873 2127//2873
f 2125//2874 2126//2874 2128//2874
f 2445//2875 2447//2875 2448//2875
f 2445//2876 2448//2876 2446//2876
f 2127//2877 2130//2877 2129//2877
f 2127//2878 2128//2878 2130//2878
f 2447//2879 2449//2879 2450//2879
f 2447//2880 2450//2880 2448//2880
f 2129//2881 2132//2881 2131//2881
f 2129//2882 2130//2882 2132//2882
f 2449//2883 2451//2883 2452//2883
f 2449//2884 2452//2884 2450//2884
f 2131//2885 2134//2885 2133//2885
f 2131//2886 2132//2886 2134//2886
f 2451//2887 2453//2887 2454//2887
f 2451//2888 2454//2888 2452//2888
f 2133//2889 2136//2889 2135//2889
f 2133//2890 2134//2890 2136//2890
f 2453//2891 2455//2891 2456//2891
f 2453//2892 2456//2892 2454//2892
f 2135//2893 2138//2893 2137//2893
f 2135//2894 2136//2894 2138//2894
f 2455//2895 2457//2895 2458//2895
f 2455//2896 2458//2896 2456//2896
f 2137//2897 2140//2897 2139//2897
f 2137//2898 2138//2898 2140//2898
f 2457//2899 2459//2899 2460//2899
f 2457//2900 2460//2900 2458//2900
f 2139//2901 2142//2901 2141//2901
f 2139//2902 2140//2902 2142//2902
f 2459//2903 2461//2903 2462//2903
f 2459//2904 2462//2904 2460//2904
f 2141//2905 2144//2905 2143//2905
f 2141//2906 2142//2906 2144//2906
f 2461//2907 2463//2907 2464//2907
f 2461//2908 2464//2908 2462//2908
f 2143//2909 2114//2909 2113//2909
f 2143//2910 2144//2910 2114//2910
f 2463//2911 2433//2911 2434//2911
f 2463//2912 2434//2912 2464//2912
f 2465//2913 2467//2915 2499//2947
f 2465//2913 2499//2947 2497//2945
f 2466//2914 2500//2948 2468//2916
f 2466//2914 2498//2946 2500//2948
f 2467//2915 2469//2917 2501//2949
f 2467//2915 2501//2949 2499//2947
f 2468//2916 2502//2950 2470//2918
f 2468//2916 2500//2948 2502//2950
f 2469//2917 2471//2919 2503//2951
f 2469//2917 2503//2951 2501//2949
f 2470//2918 2504//2952 2472//2920
f 2470//2918 2502//2950 2504//2952
f 2471//2919 2473//2921 2505//2953
f 2471//2919 2505//2953 2503//2951
f 2472//2920 2506//2954 2474//2922
f 2472//2920 2504//2952 2506//2954
f 2473//2921 2475//2923 2507//2955
f 2473//2921 2507//2955 2505//2953
f 2474//2922 2508//2956 2476//2924
f 2474//2922 2506//2954 2508//2956
f 2475//2923 2477//2925 2509//2957
f 2475//2923 2509//2957 2507//2955
f 2476//2924 2510//2958 2478//2926
f 2476//2924 2508//2956 2510//2958
f 2477//2925 2479//2927 2511//2959
f 2477//2925 2511//2959 2509//2957
f 2478//2926 2512//2960 2480//2928
f 2478//2926 2510//2958 2512//2960
f 2479//2927 2481//2929 2513//2961
f 2479//2927 2513//2961 2511//2959
f 2480//2928 2514//2962 2482//2930
f 2480//2928 2512//2960 2514//2962
f 2481//2929 2483//2931 2515//2963
f 2481//2929 2515//2963 2513//2961
f 2482//2930 2516//2964 2484//2932
f 2482//2930 2514//2962 2516//2964
f 2483//2931 2485//2933 2517//2965
f 2483//2931 2517//2965 2515//2963
f 2484//2932 2518//2966 2486//2934
f 2484//2932 2516//2964 2518//2966
f 2485//2933 2487//2935 2519//2967
f 2485//2933 2519//2967 2517//2965
f 2486//2934 2520//2968 2488//2936
f 2486//2934 2518//2966 2520//2968
f 2487//2935 2489//2937 2521//2969
f 2487//2935 2521//2969 2519//2967
f 2488//2936 2522//2970 2490//2938
f 2488//2936 2520//2968 2522//2970
f 2489//2937 2491//2939 2523//2971
f 2489//2937 2523//2971 2521//2969
f 2490//2938 2524//2972 2492//2940
f 2490//2938 2522//2970 2524//2972
f 2491//2939 2493//2941 2525//2973
f 2491//2939 2525//2973 2523//2971
f 2492//2940 2526//2974 2494//2942
f 2492//2940 2524//2972 2526//2974
f 2493//2941 2495//2943 2527//2975
f 2493//2941 2527//2975 2525//2973
f 2494//2942 2528//2976 2496//2944
f 2494//2942 2526//2974 2528//2976
f 2495//2943 2465//2913 2497//2945
f 2495//2943 2497//2945 2527//2975
f 2496//2944 2498//2946 2466//2914
f 2496//2944 2528//2976 2498//2946
f 2497//2945 2499//2947 2531//2979
f 2497//2945 2531//2979 2529//2977
f 2498//2946 2532//2980 2500//2948
f 2498//2946 2530//2978 2532//2980
f 2499//2947 2501//2949 2533//2981
f 2499//2947 2533//2981 2531//2979
f 2500//2948 2534//2982 2502//2950
f 2500//2948 2532//2980 2534//2982
f 2501//2949 2503//2951 2535//2983
f 2501//2949 2535//2983 2533//2981
f 2502//2950 2536//2984 2504//2952
f 2502//2950 2534//2982 2536//2984
f 2503//2951 2505//2953 2537//2985
f 2503//2951 2537//2985 2535//2983
f 2504//2952 2538//2986 2506//2954
f 2504//2952 2536//2984 2538//2986
f 2505//2953 2507//2955 2539//2987
f 2505//2953 2539//2987 2537//2985
f 2506//2954 2540//2988 2508//2956
f 2506//2954 2538//2986 2540//2988
f 2507//2955 2509//2957 2541//2989
f 2507//2955 2541//2989 2539//2987
f 2508//2956 2542//2990 2510//2958
f 2508//2956 2540//2988 2542//2990
f 2509//2957 2511//2959 2543//2991
f 2509//2957 2543//2991 2541//2989
f 2510//2958 2544//2992 2512//2960
f 2510//2958 2542//2990 2544//2992
f 2511//2959 2513//2961 2545//2993
f 2511//2959 2545//2993 2543//2991
f 2512//2960 2546//2994 2514//2962
f 2512//2960 2544//2992 2546//2994
f 2513//2961 2515//2963 2547//2995
f 2513//2961 2547//2995 2545//2993
f 2514//2962 2548//2996 2516//2964
f 2514//2962 2546//2994 2548//2996
f 2515//2963 2517//2965 2549//2997
f 2515//2963 2549//2997 2547//2995
f 2516//2964 2550//2998 2518//2966
f 2516//2964 2548//2996 2550//2998
f 2517//2965 2519//2967 2551//2999
f 2517//2965 2551//2999 2549//2997
f 2518//2966 2552//3000 2520//2968
f 2518//2966 2550//2998 2552//3000
f 2519//2967 2521//2969 2553//3001
f 2519//2967 2553//3001 2551//2999
f 2520//2968 2554//3002 2522//2970
f 2520//2968 2552//3000 2554//3002
f 2521//2969 2523//2971 2555//3003
f 2521//2969 2555//3003 2553//3001
f 2522//2970 2556//3004 2524//2972
f 2522//2970 2554//3002 2556//3004
f 2523//2971 2525//2973 2557//3005
f 2523//2971 2557//3005 2555//3003
f 2524//2972 2558//3006 2526//2974
f 2524//2972 2556//3004 2558//3006
f 2525//2973 2527//2975 2559//3007
f 2525//2973 2559//3007 2557//3005
f 2526//2974 2560//3008 2528//2976
f 2526//2974 2558//3006 2560//3008
f 2527//2975 2497//2945 2529//2977
f 2527//2975 2529//2977 2559//3007
f 2528//2976 2530//2978 2498//2946
f 2528//2976 2560//3008 2530//2978
f 2529//2977 2531//2979 2563//3011
f 2529//2977 2563//3011 2561//3009
f 2530//2978 2564//3012 2532//2980
f 2530//2978 2562//3010 2564//3012
f 2531//2979 2533//2981 2565//3013
f 2531//2979 2565//3013 2563//3011
f 2532//2980 2566//3014 2534//2982
f 2532//2980 2564//3012 2566//3014
f 2533//2981 2535//2983 2567//3015
f 2533//2981 2567//3015 2565//3013
f 2534//2982 2568//3016 2536//2984
f 2534//2982 2566//3014 2568//3016
f 2535//2983 2537//2985 2569//3017
f 2535//2983 2569//3017 2567//3015
f 2536//2984 2570//3018 2538//2986
f 2536//2984 2568//3016 2570//3018
f 2537//2985 2539//2987 2571//3019
f 2537//2985 2571//3019 2569//3017
f 2538//2986 2572//3020 2540//2988
f 2538//2986 2570//3018 2572//3020
f 2539//2987 2541//2989 2573//3021
f 2539//2987 2573//3021 2571//3019
f 2540//2988 2574//3022 2542//2990
f 2540//2988 2572//3020 2574//3022
f 2541//2989 2543//2991 2575//3023
f 2541//2989 2575//3023 2573//3021
f 2542//2990 2576//3024 2544//2992
f 2542//2990 2574//3022 2576//3024
f 2543//2991 2545//2993 2577//3025
f 2543//2991 2577//3025 2575//3023
f 2544//2992 2578//3026 2546//2994
f 2544//2992 2576//3024 2578//3026
f 2545//2993 2547//2995 2579//3027
f 2545//2993 2579//3027 2577//3025
f 2546//2994 2580//3028 2548//2996
f 2546//2994 2578//3026 2580//3028
f 2547//2995 2549//2997 2581//3029
f 2547//2995 2581//3029 2579//3027
f 2548//2996 2582//3030 2550//2998
f 2548//2996 2580//3028 2582//3030
f 2549//2997 2551//2999 2583//3031
f 2549//2997 2583//3031 2581//3029
f 2550//2998 2584//3032 2552//3000
f 2550//2998 2582//3030 2584//3032
f 2551//2999 2553//3001 2585//3033
f 2551//2999 2585//3033 2583//3031
f 2552//3000 2586//3034 2554//3002
f 2552//3000 2584//3032 2586//3034
f 2553//3001 2555//3003 2587//3035
f 2553//3001 2587//3035 2585//3033
f 2554//3002 2588//3036 2556//3004
f 2554//3002 2586//3034 2588//3036
f 2555//3003 2557//3005 2589//3037
f 2555//3003 2589//3037 2587//3035
f 2556//3004 2590//3038 2558//3006
f 2556//3004 2588//3036 2590//3038
f 2557//3005 2559//3007 2591//3039
f 2557//3005 2591//3039 2589//3037
f 2558//3006 2592//3040 2560//3008
f 2558//3006 2590//3038 2592//3040
f 2559//3007 2529//2977 2561//3009
f 2559//3007 2561//3009 2591//3039
f 2560//3008 2562//3010 2530//2978
f 2560//3008 2592//3040 2562//3010
f 2561//3009 2563//3011 2595//3043
f 2561//3009 2595//3043 2593//3041
f 2562//3010 2596//3044 2564//3012
f 2562//3010 2594//3042 2596//3044
f 2563//3011 2565//3013 2597//3045
f 2563//3011 2597//3045 2595//3043
f 2564//3012 2598//3046 2566//3014
f 2564//3012 2596//3044 2598//3046
f 2565//3013 2567//3015 2599//3047
f 2565//3013 2599//3047 2597//3045
f 2566//3014 2600//3048 2568//3016
f 2566//3014 2598//3046 2600//3048
f 2567//3015 2569//3017 2601//3049
f 2567//3015 2601//3049 2599//3047
f 2568//3016 2602//3050 2570//3018
f 2568//3016 2600//3048 2602//3050
f 2569//3017 2571//3019 2603//3051
f 2569//3017 2603//3051 2601//3049
f 2570//3018 2604//3052 2572//3020
f 2570//3018 2602//3050 2604//3052
f 2571//3019 2573//3021 2605//3053
f 2571//3019 2605//3053 2603//3051
f 2572//3020 2606//3054 2574//3022
f 2572//3020 2604//3052 2606//3054
f 2573//3021 2575//3023 2607//3055
f 2573//3021 2607//3055 2605//3053
f 2574//3022 2608//3056 2576//3024
f 2574//3022 2606//3054 2608//3056
f 2575//3023 2577//3025 2609//3057
f 2575//3023 2609//3057 2607//3055
f 2576//3024 2610//3058 2578//3026
f 2576//3024 2608//3056 2610//3058
f 2577//3025 2579//3027 2611//3059
f 2577//3025 2611//3059 2609//3057
f 2578//3026 2612//3060 2580//3028
f 2578//3026 2610//3058 2612//3060
f 2579//3027 2581//3029 2613//3061
f 2579//3027 2613//3061 2611//3059
f 2580//3028 2614//3062 2582//3030
f 2580//3028 2612//3060 2614//3062
f 2581//3029 2583//3031 2615//3063
f 2581//3029 2615//3063 2613//3061
f 2582//3030 2616//3064 2584//3032
f 2582//3030 2614//3062 2616//3064
f 2583//3031 2585//3033 2617//3065
f 2583//3031 2617//3065 2615//3063
f 2584//3032 2618//3066 2586//3034
f 2584//3032 2616//3064 2618//3066
f 2585//3033 2587//3035 2619//3067
f 2585//3033 2619//3067 2617//3065
f 2586//3034 2620//3068 2588//3036
f 2586//3034 2618//3066 2620//3068
f 2587//3035 2589//3037 2621//3069
f 2587//3035 2621//3069 2619//3067
f 2588//3036 2622//3070 2590//3038
f 2588//3036 2620//3068 2622//3070
f 2589//3037 2591//3039 2623//3071
f 2589//3037 2623//3071 2621//3069
f 2590//3038 2624//3072 2592//3040
f 2590//3038 2622//3070 2624//3072
f 2591//3039 2561//3009 2593//3041
f 2591//3039 2593//3041 2623//3071
f 2592//3040 2594//3042 2562//3010
f 2592//3040 2624//3072 2594//3042
f 2593//3041 2595//3043 2627//3075
f 2593//3041 2627//3075 2625//3073
f 2594//3042 2628//3076 2596//3044
f 2594//3042 2626//3074 2628//3076
f 2595//3043 2597//3045 2629//3077
f 2595//3043 2629//3077 2627//3075
f 2596//3044 2630//3078 2598//3046
f 2596//3044 2628//3076 2630//3078
f 2597//3045 2599//3047 2631//3079
f 2597//3045 2631//3079 2629//3077
f 2598//3046 2632//3080 2600//3048
f 2598//3046 2630//3078 2632//3080
f 2599//3047 2601//3049 2633//3081
f 2599//3047 2633//3081 2631//3079
f 2600//3048 2634//3082 2602//3050
f 2600//3048 2632//3080 2634//3082
f 2601//3049 2603//3051 2635//3083
f 2601//3049 2635//3083 2633//3081
f 2602//3050 2636//3084 2604//3052
f 2602//3050 2634//3082 2636//3084
f 2603//3051 2605//3053 2637//3085
f 2603//3051 2637//3085 2635//3083
f 2604//3052 2638//3086 2606//3054
f 2604//3052 2636//3084 2638//3086
f 2605//3053 2607//3055 2639//3087
f 2605//3053 2639//3087 2637//3085
f 2606//3054 2640//3088 2608//3056
f 2606//3054 2638//3086 2640//3088
f 2607//3055 2609//3057 2641//3089
f 2607//3055 2641//3089 2639//3087
f 2608//3056 2642//3090 2610//3058
f 2608//3056 2640//3088 2642//3090
f 2609//3057 2611//3059 2643//3091
f 2609//3057 2643//3091 2641//3089
f 2610//3058 2644//3092 2612//3060
f 2610//3058 2642//3090 2644//3092
f 2611//3059 2613//3061 2645//3093
f 2611//3059 2645//3093 2643//3091
f 2612//3060 2646//3094 2614//3062
f 2612//3060 2644//3092 2646//3094
f 2613//3061 2615//3063 2647//3095
f 2613//3061 2647//3095 2645//3093
f 2614//3062 2648//3096 2616//3064
f 2614//3062 2646//3094 2648//3096
f 2615//3063 2617//3065 2649//3097
f 2615//3063 2649//3097 2647//3095
f 2616//3064 2650//3098 2618//3066
f 2616//3064 2648//3096 2650//3098
f 2617//3065 2619//3067 2651//3099
f 2617//3065 2651//3099 2649//3097
f 2618//3066 2652//3100 2620//3068
f 2618//3066 2650//3098 2652//3100
f 2619//3067 2621//3069 2653//3101
f 2619//3067 2653//3101 2651//3099
f 2620//3068 2654//3102 2622//3070
f 2620//3068 2652//3100 2654//3102
f 2621//3069 2623//3071 2655//3103
f 2621//3069 2655//3103 2653//3101
f 2622//3070 2656//3104 2624//3072
f 2622//3070 2654//3102 2656//3104
f 2623//3071 2593//3041 2625//3073
f 2623//3071 2625//3073 2655//3103
f 2624//3072 2626//3074 2594//3042
f 2624//3072 2656//3104 2626//3074
f 2625//3073 2627//3075 2659//3107
f 2625//3073 2659//3107 2657//3105
f 2626//3074 2660//3108 2628//3076
f 2626//3074 2658//3106 2660//3108
f 2627//3075 2629//3077 2661//3109
f 2627//3075 2661//3109 2659//3107
f 2628//3076 2662//3110 2630//3078
f 2628//3076 2660//3108 2662//3110
f 2629//3077 2631//3079 2663//3111
f 2629//3077 2663//3111 2661//3109
f 2630//3078 2664//3112 2632//3080
f 2630//3078 2662//3110 2664//3112
f 2631//3079 2633//3081 2665//3113
f 2631//3079 2665//3113 2663//3111
f 2632//3080 2666//3114 2634//3082
f 2632//3080 2664//3112 2666//3114
f 2633//3081 2635//3083 2667//3115
f 2633//3081 2667//3115 2665//3113
f 2634//3082 2668//3116 2636//3084
f 2634//3082 2666//3114 2668//3116
f 2635//3083 2637//3085 2669//3117
f 2635//3083 2669//3117 2667//3115
f 2636//3084 2670//3118 2638//3086
f 2636//3084 2668//3116 2670//3118
f 2637//3085 2639//3087 2671//3119
f 2637//3085 2671//3119 2669//3117
f 2638//3086 2672//3120 2640//3088
f 2638//3086 2670//3118 2672//3120
f 2639//3087 2641//3089 2673//3121
f 2639//3087 2673//3121 2671//3119
f 2640//3088 2674//3122 2642//3090
f 2640//3088 2672//3120 2674//3122
f 2641//3089 2643//3091 2675//3123
f 2641//3089 2675//3123 2673//3121
f 2642//3090 2676//3124 2644//3092
f 2642//3090 2674//3122 2676//3124
f 2643//3091 2645//3093 2677//3125
f 2643//3091 2677//3125 2675//3123
f 2644//3092 2678//3126 2646//3094
f 2644//3092 2676//3124 2678//3126
f 2645//3093 2647//3095 2679//3127
f 2645//3093 2679//3127 2677//3125
f 2646//3094 2680//3128 2648//3096
f 2646//3094 2678//3126 2680//3128
f 2647//3095 2649//3097 2681//3129
f 2647//3095 2681//3129 2679//3127
f 2648//3096 2682//3130 2650//3098
f 2648//3096 2680//3128 2682//3130
f 2649//3097 2651//3099 2683//3131
f 2649//3097 2683//3131 2681//3129
f 2650//3098 2684//3132 2652//3100
f 2650//3098 2682//3130 2684//3132
f 2651//3099 2653//3101 2685//3133
f 2651//3099 2685//3133 2683//3131
f 2652//3100 2686//3134 2654//3102
f 2652//3100 2684//3132 2686//3134
f 2653//3101 2655//3103 2687//3135
f 2653//3101 2687//3135 2685//3133
f 2654//3102 2688//3136 2656//3104
f 2654//3102 2686//3134 2688//3136
f 2655//3103 2625//3073 2657//3105
f 2655//3103 2657//3105 2687//3135
f 2656//3104 2658//3106 2626//3074
f 2656//3104 2688//3136 2658//3106
f 2657//3105 2659//3107 2691//3139
f 2657//3105 2691//3139 2689//3137
f 2658//3106 2692//3140 2660//3108
f 2658//3106 2690//3138 2692//3140
f 2659//3107 2661//3109 2693//3141
f 2659//3107 2693//3141 2691//3139
f 2660//3108 2694//3142 2662//3110
f 2660//3108 2692//3140 2694//3142
f 2661//3109 2663//3111 2695//3143
f 2661//3109 2695//3143 2693//3141
f 2662//3110 2696//3144 2664//3112
f 2662//3110 2694//3142 2696//3144
f 2663//3111 2665//3113 2697//3145
f 2663//3111 2697//3145 2695//3143
f 2664//3112 2698//3146 2666//3114
f 2664//3112 2696//3144 2698//3146
f 2665//3113 2667//3115 2699//3147
f 2665//3113 2699//3147 2697//3145
f 2666//3114 2700//3148 2668//3116
f 2666//3114 2698//3146 2700//3148
f 2667//3115 2669//3117 2701//3149
f 2667//3115 2701//3149 2699//3147
f 2668//3116 2702//3150 2670//3118
f 2668//3116 2700//3148 2702//3150
f 2669//3117 2671//3119 2703//3151
f 2669//3117 2703//3151 2701//3149
f 2670//3118 2704//3152 2672//3120
f 2670//3118 2702//3150 2704//3152
f 2671//3119 2673//3121 2705//3153
f 2671//3119 2705//3153 2703//3151
f 2672//3120 2706//3154 2674//3122
f 2672//3120 2704//3152 2706//3154
f 2673//3121 2675//3123 2707//3155
f 2673//3121 2707//3155 2705//3153
f 2674//3122 2708//3156 2676//3124
f 2674//3122 2706//3154 2708//3156
f 2675//3123 2677//3125 2709//3157
f 2675//3123 2709//3157 2707//3155
f 2676//3124 2710//3158 2678//3126
f 2676//3124 2708//3156 2710//3158
f 2677//3125 2679//3127 2711//3159
f 2677//3125 2711//3159 2709//3157
f 2678//3126 2712//3160 2680//3128
f 2678//3126 2710//3158 2712//3160
f 2679//3127 2681//3129 2713//3161
f 2679//3127 2713//3161 2711//3159
f 2680//3128 2714//3162 2682//3130
f 2680//3128 2712//3160 2714//3162
f 2681//3129 2683//3131 2715//3163
f 2681//3129 2715//3163 2713//3161
f 2682//3130 2716//3164 2684//3132
f 2682//3130 2714//3162 2716//3164
f 2683//3131 2685//3133 2717//3165
f 2683//3131 2717//3165 2715//3163
f 2684//3132 2718//3166 2686//3134
f 2684//3132 2716//3164 2718//3166
f 2685//3133 2687//3135 2719//3167
f 2685//3133 2719//3167 2717//3165
f 2686//3134 2720//3168 2688//3136
f 2686//3134 2718//3166 2720//3168
f 2687//3135 2657//3105 2689//3137
f 2687//3135 2689//3137 2719//3167
f 2688//3136 2690//3138 2658//3106
f 2688//3136 2720//3168 2690//3138
f 2689//3137 2691//3139 2723//3171
f 2689//3137 2723//3171 2721//3169
f 2690//3138 2724//3172 2692//3140
f 2690//3138 2722//3170 2724//3172
f 2691//3139 2693//3141 2725//3173
f 2691//3139 2725//3173 2723//3171
f 2692//3140 2726//3174 2694//3142
f 2692//3140 2724//3172 2726//3174
f 2693//3141 2695//3143 2727//3175
f 2693//3141 2727//3175 2725//3173
f 2694//3142 2728//3176 2696//3144
f 2694//3142 2726//3174 2728//3176
f 2695//3143 2697//3145 2729//3177
f 2695//3143 2729//3177 2727//3175
f 2696//3144 2730//3178 2698//3146
f 2696//3144 2728//3176 2730//3178
f 2697//3145 2699//3147 2731//3179
f 2697//3145 2731//3179 2729//3177
f 2698//3146 2732//3180 2700//3148
f 2698//3146 2730//3178 2732//3180
f 2699//3147 2701//3149 2733//3181
f 2699//3147 2733//3181 2731//3179
f 2700//3148 2734//3182 2702//3150
f 2700//3148 2732//3180 2734//3182
f 2701//3149 2703//3151 2735//3183
f 2701//3149 2735//3183 2733//3181
f 2702//3150 2736//3184 2704//3152
f 2702//3150 2734//3182 2736//3184
f 2703//3151 2705//3153 2737//3185
f 2703//3151 2737//3185 2735//3183
f 2704//3152 2738//3186 2706//3154
f 2704//3152 2736//3184 2738//3186
f 2705//3153 2707//3155 2739//3187
f 2705//3153 2739//3187 2737//3185
f 2706//3154 2740//3188 2708//3156
f 2706//3154 2738//3186 2740//3188
f 2707//3155 2709//3157 2741//3189
f 2707//3155 2741//3189 2739//3187
f 2708//3156 2742//3190 2710//3158
f 2708//3156 2740//3188 2742//3190
f 2709//3157 2711//3159 2743//3191
f 2709//3157 2743//3191 2741//3189
f 2710//3158 2744//3192 2712//3160
f 2710//3158 2742//3190 2744//3192
f 2711//3159 2713//3161 2745//3193
f 2711//3159 2745//3193 2743//3191
f 2712//3160 2746//3194 2714//3162
f 2712//3160 2744//3192 2746//3194
f 2713//3161 2715//3163 2747//3195
f 2713//3161 2747//3195 2745//3193
f 2714//3162 2748//3196 2716//3164
f 2714//3162 2746//3194 2748//3196
f 2715//3163 2717//3165 2749//3197
f 2715//3163 2749//3197 2747//3195
f 2716//3164 2750//3198 2718//3166
f 2716//3164 2748//3196 2750//3198
f 2717//3165 2719//3167 2751//3199
f 2717//3165 2751//3199 2749//3197
f 2718//3166 2752//3200 2720//3168
f 2718//3166 2750//3198 2752//3200
f 2719//3167 2689//3137 2721//3169
f 2719//3167 2721//3169 2751//3199
f 2720//3168 2722//3170 2690//3138
f 2720//3168 2752//3200 2722//3170
f 2721//3169 2723//3171 2755//3203
f 2721//3169 2755//3203 2753//3201
f 2722//3170 2756//3204 2724//3172
f 2722//3170 2754//3202 2756//3204
f 2723//3171 2725//3173 2757//3205
f 2723//3171 2757//3205 2755//3203
f 2724//3172 2758//3206 2726//3174
f 2724//3172 2756//3204 2758//3206
f 2725//3173 2727//3175 2759//3207
f 2725//3173 2759//3207 2757//3205
f 2726//3174 2760//3208 2728//3176
f 2726//3174 2758//3206 2760//3208
f 2727//3175 2729//3177 2761//3209
f 2727//3175 2761//3209 2759//3207
f 2728//3176 2762//3210 2730//3178
f 2728//3176 2760//3208 2762//3210
f 2729//3177 2731//3179 2763//3211
f 2729//3177 2763//3211 2761//3209
f 2730//3178 2764//3212 2732//3180
f 2730//3178 2762//3210 2764//3212
f 2731//3179 2733//3181 2765//3213
f 2731//3179 2765//3213 2763//3211
f 2732//3180 2766//3214 2734//3182
f 2732//3180 2764//3212 2766//3214
f 2733//3181 2735//3183 2767//3215
f 2733//3181 2767//3215 2765//3213
f 2734//3182 2768//3216 2736//3184
f 2734//3182 2766//3214 2768//3216
f 2735//3183 2737//3185 2769//3217
f 2735//3183 2769//3217 2767//3215
f 2736//3184 2770//3218 2738//3186
f 2736//3184 2768//3216 2770//3218
f 2737//3185 2739//3187 2771//3219
f 2737//3185 2771//3219 2769//3217
f 2738//3186 2772//3220 2740//3188
f 2738//3186 2770//3218 2772//3220
f 2739//3187 2741//3189 2773//3221
f 2739//3187 2773//3221 2771//3219
f 2740//3188 2774//3222 2742//3190
f 2740//3188 2772//3220 2774//3222
f 2741//3189 2743//3191 2775//3223
f 2741//3189 2775//3223 2773//3221
f 2742//3190 2776//3224 2744//3192
f 2742//3190 2774//3222 2776//3224
f 2743//3191 2745//3193 2777//3225
f 2743//3191 2777//3225 2775//3223
f 2744//3192 2778//3226 2746//3194
f 2744//3192 2776//3224 2778//3226
f 2745//3193 2747//3195 2779//3227
f 2745//3193 2779//3227 2777//3225
f 2746//3194 2780//3228 2748//3196
f 2746//3194 2778//3226 2780//3228
f 2747//3195 2749//3197 2781//3229
f 2747//3195 2781//3229 2779//3227
f 2748//3196 2782//3230 2750//3198
f 2748//3196 2780//3228 2782//3230
f 2749//3197 2751//3199 2783//3231
f 2749//3197 2783//3231 2781//3229
f 2750//3198 2784//3232 2752//3200
f 2750//3198 2782//3230 2784//3232
f 2751//3199 2721//3169 2753//3201
f 2751//3199 2753//3201 2783//3231
f 2752//3200 2754//3202 2722//3170
f 2752//3200 2784//3232 2754//3202
f 2753//3201 2755//3203 2787//3235
f 2753//3201 2787//3235 2785//3233
f 2754//3202 2788//3236 2756//3204
f 2754//3202 2786//3234 2788//3236
f 2755//3203 2757//3205 2789//3237
f 2755//3203 2789//3237 2787//3235
f 2756//3204 2790//3238 2758//3206
f 2756//3204 2788//3236 2790//3238
f 2757//3205 2759//3207 2791//3239
f 2757//3205 2791//3239 2789//3237
f 2758//3206 2792//3240 2760//3208
f 2758//3206 2790//3238 2792//3240
f 2759//3207 2761//3209 2793//3241
f 2759//3207 2793//3241 2791//3239
f 2760//3208 2794//3242 2762//3210
f 2760//3208 2792//3240 2794//3242
f 2761//3209 2763//3211 2795//3243
f 2761//3209 2795//3243 2793//3241
f 2762//3210 2796//3244 2764//3212
f 2762//3210 2794//3242 2796//3244
f 2763//3211 2765//3213 2797//3245
f 2763//3211 2797//3245 2795//3243
f 2764//3212 2798//3246 2766//3214
f 2764//3212 2796//3244 2798//3246
f 2765//3213 2767//3215 2799//3247
f 2765//3213 2799//3247 2797//3245
f 2766//3214 2800//3248 2768//3216
f 2766//3214 2798//3246 2800//3248
f 2767//3215 2769//3217 2801//3249
f 2767//3215 2801//3249 2799//3247
f 2768//3216 2802//3250 2770//3218
f 2768//3216 2800//3248 2802//3250
f 2769//3217 2771//3219 2803//3251
f 2769//3217 2803//3251 2801//3249
f 2770//3218 2804//3252 2772//3220
f 2770//3218 2802//3250 2804//3252
f 2771//3219 2773//3221 2805//3253
f 2771//3219 2805//3253 2803//3251
f 2772//3220 2806//3254 2774//3222
f 2772//3220 2804//3252 2806//3254
f 2773//3221 2775//3223 2807//3255
f 2773//3221 2807//3255 2805//3253
f 2774//3222 2808//3256 2776//3224
f 2774//3222 2806//3254 2808//3256
f 2775//3223 2777//3225 2809//3257
f 2775//3223 2809//3257 2807//3255
f 2776//3224 2810//3258 2778//3226
f 2776//3224 2808//3256 2810//3258
f 2777//3225 2779//3227 2811//3259
f 2777//3225 2811//3259 2809//3257
f 2778//3226 2812//3260 2780//3228
f 2778//3226 2810//3258 2812//3260
f 2779//3227 2781//3229 2813//3261
f 2779//3227 2813//3261 2811//3259
f 2780//3228 2814//3262 2782//3230
f 2780//3228 2812//3260 2814//3262
f 2781//3229 2783//3231 2815//3263
f 2781//3229 2815//3263 2813//3261
f 2782//3230 2816//3264 2784//3232
f 2782//3230 2814//3262 2816//3264
f 2783//3231 2753//3201 2785//3233
f 2783//3231 2785//3233 2815//3263
f 2784//3232 2786//3234 2754//3202
f 2784//3232 2816//3264 2786//3234
f 2465//3265 2468//3265 2467//3265
f 2465//3266 2466//3266 2468//3266
f 2785//3267 2787//3267 2788//3267
f 2785//3268 2788//3268 2786//3268
f 2467//3269 2470//3269 2469//3269
f 2467//3270 2468//3270 2470//3270
f 2787//3271 2789//3271 2790//3271
f 2787//3272 2790//3272 2788//3272
f 2469//3273 2472//3273 2471//3273
f 2469//3274 2470//3274 2472//3274
f 2789//3275 2791//3275 2792//3275
f 2789//3276 2792//3276 2790//3276
f 2471//3277 2474//3277 2473//3277
f 2471//3278 2472//3278 2474//3278
f 2791//3279 2793//3279 2794//3279
f 2791//3280 2794//3280 2792//3280
f 2473//3281 2476//3281 2475//3281
f 2473//3282 2474//3282 2476//3282
f 2793//3283 2795//3283 2796//3283
f 2793//3284 2796//3284 2794//3284
f 2475//3285 2478//3285 2477//3285
f 2475//3286 2476//3286 2478//3286
f 2795//3287 2797//3287 2798//3287
f 2795//3288 2798//3288 2796//3288
f 2477//3289 2480//3289 2479//3289
f 2477//3290 2478//3290 2480//3290
f 2797//3291 2799//3291 2800//3291
f 2797//3292 2800//3292 2798//3292
f 2479//3293 2482//3293 2481//3293
f 2479//3294 2480//3294 2482//3294
f 2799//3295 2801//3295 2802//3295
f 2799//3296 2802//3296 2800//3296
f 2481//3297 2484//3297 2483//3297
f 2481//3298 2482//3298 2484//3298
f 2801//3299 2803//3299 2804//3299
f 2801//3300 2804//3300 2802//3300
f 2483//3301 2486//3301 2485//3301
f 2483//3302 2484//3302 2486//3302
f 2803//3303 2805//3303 2806//3303
f 2803//3304 2806//3304 2804//3304
f 2485//3305 2488//3305 2487//3305
f 2485//3306 2486//3306 2488//3306
f 2805//3307 2807//3307 2808//3307
f 2805//3308 2808//3308 2806//3308
f 2487//3309 2490//3309 2489//3309
f 2487//3310 2488//3310 2490//3310
f 2807//3311 2809//3311 2810//3311
f 2807//3312 2810//3312 2808//3312
f 2489//3313 2492//3313 2491//3313
f 2489//3314 2490//3314 2492//3314
f 2809//3315 2811//3315 2812//3315
f 2809//3316 2812//3316 2810//3316
f 2491//3317 2494//3317 2493//3317
f 2491//3318 2492//3318 2494//3318
f 2811//3319 2813//3319 2814//3319
f 2811//3320 2814//3320 2812//3320
f 2493//3321 2496//3321 2495//3321
f 2493//3322 2494//3322 2496//3322
f 2813//3323 2815//3323 2816//3323
f 2813//3324 2816//3324 2814//3324
f 2495//3325 2466//3325 2465//3325
f 2495//3326 2496//3326 2466//3326
f 2815//3327 2785//3327 2786//3327
f 2815//3328 2786//3328 2816//3328
# counts: vertices=2816, normals=3328, faces=5632
